CUSIP,Ticker,Company,Shares,Delta_Shares,Value,Delta_Value,Delta,Portfolio%
008474108,AEM,Agnico Eagle Mines Ltd,20726131,7644320,1.27B,468.13M,+58.4%,2.6%
67066G104,NVDA,NVIDIA Corp,4346265,1021840,1.19B,278.82M,+30.7%,2.4%
874039100,TSM,Taiwan Semiconductor Manufacturing Co L,8906999,2362646,928.64M,246.33M,+36.1%,1.9%
609839105,MPWR,Monolithic Power Systems Inc,334041,310099,162.24M,150.61M,+1295.2%,0.33%
N07059210,ASML,ASML Holding NV,783608,224316,523.39M,149.83M,+40.1%,1.1%
806857108,SLB,Schlumberger NV,18096866,3538191,747.58M,146.16M,+24.3%,1.5%
007903107,AMD,Advanced Micro Devices Inc,5169427,1315486,565.23M,143.84M,+34.1%,1.2%
406216101,HAL,Halliburton Co,14448376,3747392,547.16M,141.91M,+35%,1.1%
512807108,LRCX.MX,Lam Research Corp,953874,263364,512.81M,141.59M,+38.1%,1.1%
880770102,TER,Teradyne Inc,1951771,1133930,230.76M,134.06M,+138.6%,0.48%
573874104,MRVL,Marvell Technology Group Ltd,4836766,1467555,346.85M,105.24M,+43.6%,0.72%
482480100,KLAC,KLA Corp,1230607,282550,450.48M,103.43M,+29.8%,0.93%
N6596X109,NXPI,NXP Semiconductors NV,1846915,546882,341.83M,101.22M,+42.1%,0.71%
22160N109,CSGP,CoStar Group Inc,1513860,1513860,100.84M,100.84M,NEW,0.21%
032654105,ADI,Analog Devices Inc,2531528,609378,418.16M,100.66M,+31.7%,0.86%
871607107,SNPS,SYNOPSYS INC,983954,300365,327.92M,100.1M,+43.9%,0.68%
038222105,AMAT,Applied Materials Inc,3343026,751750,440.61M,99.08M,+29%,0.91%
882508104,TXN,Texas Instruments Inc,2860451,527037,524.84M,96.7M,+22.6%,1.1%
58733R102,MELI,MercadoLibre Inc,220373,80954,262.13M,96.29M,+58.1%,0.54%
09247X101,,BlackRock Inc,162374,125907,124.08M,96.21M,+345.3%,0.26%
74144T108,TROW,T Rowe Price Group Inc,704200,630275,106.47M,95.29M,+852.6%,0.22%
458140100,INTC,Intel Corp,14358000,1902275,711.58M,94.28M,+15.3%,1.5%
747525103,QCOM,QUALCOMM Inc,3115047,616320,476.04M,94.19M,+24.7%,0.98%
278865100,ECL,Ecolab Inc,596717,529831,105.36M,93.55M,+792.1%,0.22%
00724F101,ADBE,Adobe Inc,289261,199288,131.79M,90.8M,+221.5%,0.27%
88579Y101,MMM,3M Co,675577,599174,100.58M,89.21M,+784.2%,0.21%
81762P102,NOW,ServiceNow Inc,321405,156987,178.99M,87.42M,+95.5%,0.37%
595017104,MCHP,Microchip Technology Inc,4612513,1138670,346.58M,85.56M,+32.8%,0.72%
127387108,CDNS,Cadence Design Systems Inc,1720943,518657,283.03M,85.3M,+43.1%,0.58%
574599106,MAS,MASCO CORP,1730576,1610368,88.26M,82.13M,+1339.7%,0.18%
496902404,KGC,Kinross Gold Corp,85604507,12805313,503.35M,75.29M,+17.6%,1%
29786A106,ETSY,Etsy Inc,614092,598550,76.32M,74.39M,+3851.2%,0.16%
035128206,,AngloGold Ashanti Ltd,22619173,2917542,535.85M,69.12M,+14.8%,1.1%
05722G100,BKR,Baker Hughes Co,10211797,1816059,371.81M,66.12M,+21.6%,0.77%
780287108,RGLD,Royal Gold Inc,3570680,464697,504.47M,65.65M,+15%,1%
682189105,ON,ON Semiconductor Corp,2709560,963924,169.65M,60.35M,+55.2%,0.35%
G87110105,FTI,TechnipFMC PLC,23010341,7779683,178.33M,60.29M,+51.1%,0.37%
595112103,MU,Micron Technology Inc,5006111,770797,389.93M,60.04M,+18.2%,0.8%
98978V103,ZTS,Zoetis Inc,824578,282579,155.51M,53.29M,+52.1%,0.32%
861012102,STM,STMicroelectronics NV,4824022,1197001,208.49M,51.73M,+33%,0.43%
15872M104,CHX,ChampionX Corp,7873500,2065566,192.74M,50.56M,+35.6%,0.4%
30303M102,META,Meta Platforms Inc,1033980,223958,229.92M,49.8M,+27.6%,0.47%
83088M102,SWKS,Skyworks Solutions Inc,1171723,353682,156.17M,47.14M,+43.2%,0.32%
88031M109,TS,Tenaris SA,7152313,1555180,215.07M,46.76M,+27.8%,0.44%
11135F101,AVGO,Broadcom Inc,794389,73326,500.21M,46.17M,+10.2%,1%
38059T106,GFI,Gold Fields Ltd,47427865,2879433,733.24M,44.52M,+6.5%,1.5%
98462Y100,,Yamana Gold Inc,109403695,7658865,610.47M,42.74M,+7.5%,1.3%
244199105,DE,Deere & Co,382362,99058,158.86M,41.15M,+35%,0.33%
697900108,PAAS,Pan American Silver Corp,22401326,1475300,611.56M,40.28M,+7.1%,1.3%
922475108,VEEV,Veeva Systems Inc,865259,180581,183.83M,38.37M,+26.4%,0.38%
284902509,EGO,Eldorado Gold Corp,20016110,3364476,224.38M,37.72M,+20.2%,0.46%
65290C105,,NexTier Oilfield Solutions Inc,8019096,3735488,74.1M,34.52M,+87.2%,0.15%
235851300,,Danaher Corp,16850,16850,34.12M,34.12M,NEW,0.07%
784730103,SSRM,SSR Mining Inc,22323546,1550609,485.54M,33.73M,+7.5%,1%
45168D104,IDXX,IDEXX Laboratories Inc,192066,59810,105.07M,32.72M,+45.2%,0.22%
G5960L103,MDT,Medtronic PLC,1850355,280980,205.3M,31.17M,+17.9%,0.42%
235851409,,Danaher Corp,19516,19516,30.82M,30.82M,NEW,0.06%
32076V103,AG,First Majestic Silver Corp,26164514,2293995,344.32M,30.19M,+9.6%,0.71%
09062X103,BIIB,Biogen Inc,937878,138949,197.52M,29.26M,+17.4%,0.41%
62955J103,NOV,NOV Inc,9026723,1487726,177.01M,29.17M,+19.7%,0.37%
165167735,EXE,Chesapeake Energy Corp,327110,327110,28.46M,28.46M,NEW,0.06%
29355A107,ENPH,Enphase Energy Inc,293606,138967,59.24M,28.04M,+89.9%,0.12%
771049103,RBLX,ROBLOX Corp,1198372,598772,55.41M,27.69M,+99.9%,0.11%
68827L101,OR,Osisko Gold Royalties Ltd,15914698,1991245,209.91M,26.26M,+14.3%,0.43%
011532108,AGI,Alamos Gold Inc,41519766,2979481,349.59M,25.09M,+7.7%,0.72%
023135106,AMZN,Amazon.com Inc,73722,7662,240.33M,24.98M,+11.6%,0.5%
98956P102,ZBH,Zimmer Biomet Holdings Inc,1479031,189108,189.17M,24.19M,+14.7%,0.39%
40171V100,GWRE,Guidewire Software Inc,1737384,253401,164.39M,23.98M,+17.1%,0.34%
039483102,ADM,Archer-Daniels-Midland Co,1146863,258422,103.52M,23.33M,+29.1%,0.21%
422704106,HL,Hecla Mining Co,50451450,3534118,331.47M,23.22M,+7.5%,0.68%
83417M104,SEDG,SolarEdge Technologies Inc,372024,70946,119.93M,22.87M,+23.6%,0.25%
74736K101,QRVO,Qorvo Inc,713881,180452,88.59M,22.39M,+33.8%,0.18%
79466L302,CRM,Salesforce.com Inc,847066,99742,179.85M,21.18M,+13.3%,0.37%
29446Y502,EQX,Equinox Gold Corp,33303089,2526327,275.42M,20.89M,+8.2%,0.57%
127203107,WHD,Cactus Inc,2986223,365851,169.44M,20.76M,+14%,0.35%
097023105,BA,Boeing Co/The,964798,106451,184.76M,20.39M,+12.4%,0.38%
91912E105,VALE,Vale SA,4811706,1014012,96.19M,20.27M,+26.7%,0.2%
166764100,CVX,Chevron Corp,554186,117128,90.24M,19.07M,+26.8%,0.19%
61945C103,MOS,Mosaic Co/The,1581345,277659,105.16M,18.46M,+21.3%,0.22%
91347P105,OLED,Universal Display Corp,329691,106879,55.04M,17.84M,+48%,0.11%
294429105,EFX,Equifax Inc,731162,74706,173.36M,17.71M,+11.4%,0.36%
892356106,TSCO,Tractor Supply Co,315483,73794,73.62M,17.22M,+30.5%,0.15%
959802109,WU,Western Union Co/The,10386720,898992,194.65M,16.85M,+9.5%,0.4%
204448104,BVN,Cia de Minas Buenaventura SAA,24450523,1648500,246.22M,16.6M,+7.2%,0.51%
413216300,HMY,Harmony Gold Mining Co Ltd,55098526,3235196,277.15M,16.27M,+6.2%,0.57%
53115L104,LBRT,Liberty Oilfield Services Inc,9474369,1025776,140.41M,15.2M,+12.1%,0.29%
902494103,TSN,Tyson Foods Inc,1328736,168389,119.09M,15.09M,+14.5%,0.25%
375558103,GILD,Gilead Sciences Inc,3557914,236611,211.52M,14.07M,+7.1%,0.44%
29446M102,EQNR,Equinor ASA,2406470,368230,90.27M,13.81M,+18.1%,0.19%
262037104,DRQ,Dril-Quip Inc,1699245,350315,63.47M,13.08M,+26%,0.13%
53680Q207,,Lithium Americas Corp,1705779,338580,65.66M,13.03M,+24.8%,0.14%
G9087Q102,TROX,Tronox Holdings PLC,2643071,634666,52.31M,12.56M,+31.6%,0.11%
853606101,SLI,Standard Lithium Ltd,6518975,1423942,57.37M,12.53M,+27.9%,0.12%
N20944109,CNH,CNH Industrial NV,2920174,783521,46.31M,12.43M,+36.7%,0.1%
902252105,TYL,Tyler Technologies Inc,397553,26862,176.87M,11.95M,+7.2%,0.37%
30231G102,XOM,Exxon Mobil Corp,236885,143975,19.56M,11.89M,+155%,0.04%
125269100,CF,CF Industries Holdings Inc,488317,114061,50.33M,11.76M,+30.5%,0.1%
N22717107,,Core Laboratories NV,2098713,370891,66.38M,11.73M,+21.5%,0.14%
11777Q209,BTG,B2Gold Corp,112291382,2482483,515.42M,11.39M,+2.3%,1.1%
497266106,KEX,KIRBY CORP,506280,157020,36.55M,11.34M,+45%,0.08%
72016P105,PLL,Piedmont Lithium Inc,389680,153276,28.44M,11.19M,+64.8%,0.06%
152006102,CGAU,Centerra Gold Inc,24386276,1127064,239.67M,11.08M,+4.8%,0.49%
594918104,MSFT,Microsoft Corp,966170,35886,297.88M,11.06M,+3.9%,0.61%
H8817H100,RIG,Transocean Ltd,34889662,2413968,159.45M,11.03M,+7.4%,0.33%
91332U101,U,Unity Software Inc,573279,105711,56.88M,10.49M,+22.6%,0.12%
037833100,AAPL,Apple Inc,749292,59426,130.83M,10.38M,+8.6%,0.27%
833635105,SQM,Sociedad Quimica y Minera de Chile SA,474470,118908,40.62M,10.18M,+33.4%,0.08%
80013R206,SAND,Sandstorm Gold Ltd,20290035,1246469,163.94M,10.07M,+6.5%,0.34%
02079K305,GOOGL,Alphabet Inc,88659,3564,246.59M,9.91M,+4.2%,0.51%
718172109,PM,Philip Morris International Inc,2037568,105437,191.41M,9.9M,+5.5%,0.4%
53814L108,NUGN,Livent Corp,2042056,377913,53.24M,9.85M,+22.7%,0.11%
237266101,DAR,Darling Ingredients Inc,746554,119872,60.01M,9.64M,+19.1%,0.12%
749660106,RES,RPC Inc,9633501,895959,102.79M,9.56M,+10.3%,0.21%
46090F100,PDBC,Invesco Optimum Yield Diversified Commo,966145,538613,17.04M,9.5M,+126%,0.04%
67401P108,OCSL,Oaktree Specialty Lending Corp,3868924,1261296,28.51M,9.3M,+48.4%,0.06%
553368101,MP,MP Materials Corp,1993147,160885,114.29M,9.23M,+8.8%,0.24%
55903Q104,MAG,MAG Silver Corp,4751144,566717,76.83M,9.16M,+13.5%,0.16%
647551100,NMFC,New Mountain Finance Corp,2087012,654394,28.91M,9.06M,+45.7%,0.06%
20451N101,CMP,Compass Minerals International Inc,3234297,140850,203.08M,8.84M,+4.6%,0.42%
09075V102,BNTX,BioNTech SE,143127,51437,24.41M,8.77M,+56.1%,0.05%
09227Q100,BLKB,Blackbaud Inc,2648161,144729,158.55M,8.66M,+5.8%,0.33%
731068102,PII,POLARIS INC,1752699,81159,184.59M,8.55M,+4.9%,0.38%
302491303,FMC,FMC Corp,699875,62669,92.08M,8.25M,+9.8%,0.19%
26152H301,DRD,DRDGOLD Ltd,7169891,867963,67.18M,8.13M,+13.8%,0.14%
07725L102,ONC,BeiGene Ltd,93329,42417,17.6M,8M,+83.3%,0.04%
76954A103,RIVN,Rivian Automotive Inc,159135,159135,8M,8M,NEW,0.02%
644535106,NGD,New Gold Inc,69315986,4385529,124.77M,7.89M,+6.8%,0.26%
38173M102,GBDC,Golub Capital BDC Inc,2110906,512741,32.11M,7.8M,+32.1%,0.07%
92343V104,VZ,Verizon Communications Inc,301210,149781,15.34M,7.63M,+98.9%,0.03%
28414H103,ELAN,Elanco Animal Health Inc,1374165,292157,35.85M,7.62M,+27%,0.07%
192108504,CDE,Coeur Mining Inc,23912151,1657343,106.41M,7.38M,+7.4%,0.22%
427096508,HTGC,Hercules Capital Inc,1871922,396491,33.83M,7.16M,+26.9%,0.07%
09259E108,TCPC,BlackRock TCP Capital Corp,1431954,493479,20.48M,7.06M,+52.6%,0.04%
00206R102,T,AT&T Inc,749966,286734,17.72M,6.78M,+61.9%,0.04%
05684B107,BCSF,Bain Capital Specialty Finance Inc,1216485,429639,18.96M,6.7M,+54.6%,0.04%
03761U502,MFIC,Apollo Investment Corp,1483336,500339,19.61M,6.61M,+50.9%,0.04%
83413U100,SLRC,SLR Investment Corp,932476,355581,16.91M,6.45M,+61.6%,0.03%
90346E103,SLCA,US Silica Holdings Inc,4253233,344527,79.36M,6.43M,+8.8%,0.16%
20825C104,COP,ConocoPhillips,860276,63313,86.03M,6.33M,+7.9%,0.18%
38071H106,GROY,Gold Royalty Corp,5731122,1525474,23.61M,6.28M,+36.3%,0.05%
931142103,WMT,Walmart Inc,283606,41997,42.23M,6.25M,+17.4%,0.09%
G7500M104,RNW,ReNew Energy Global PLC,751250,751250,6.17M,6.17M,NEW,0.01%
74348T102,PSEC,Prospect Capital Corp,3933957,741781,32.57M,6.14M,+23.2%,0.07%
001084102,AGCO,AGCO Corp,172580,41751,25.2M,6.1M,+31.9%,0.05%
921078101,OUNZ,VanEck Merk Gold Shares,494998,315328,9.32M,5.94M,+175.5%,0.02%
450913108,IAG,IAMGOLD Corp,46986189,1664055,163.51M,5.79M,+3.7%,0.34%
872280102,CGBD,TCG BDC Inc,1192023,400084,17.15M,5.76M,+50.5%,0.04%
67077M108,NTR,Nutrien Ltd,2230989,55285,232M,5.75M,+2.5%,0.48%
852234103,XYZ,Block Inc,103282,41190,14.01M,5.59M,+66.3%,0.03%
922908553,VNQ,Vanguard Real Estate ETF,91898,51233,9.96M,5.55M,+126%,0.02%
675232102,OII,Oceaneering International Inc,5040606,364390,76.42M,5.52M,+7.8%,0.16%
29362U104,ENTG,Entegris Inc,41295,41295,5.42M,5.42M,NEW,0.01%
891092108,TTC,Toro Co/The,267011,62481,22.83M,5.34M,+30.5%,0.05%
652526203,NEWT,Newtek Business Services Corp,567602,197093,15.15M,5.26M,+53.2%,0.03%
478160104,JNJ,Johnson & Johnson,500869,28786,88.77M,5.1M,+6.1%,0.18%
349915108,,Fortuna Silver Mines Inc,30690608,1336597,116.93M,5.09M,+4.6%,0.24%
140501107,CSWC,Capital Southwest Corp,592968,213942,14.07M,5.08M,+56.4%,0.03%
29258Y103,EXK,Endeavour Silver Corp,17949105,1085122,83.46M,5.05M,+6.4%,0.17%
02079K107,GOOG,Alphabet Inc,18404,1803,51.4M,5.04M,+10.9%,0.11%
291011104,EMR,Emerson Electric Co,2031599,50555,199.2M,4.96M,+2.6%,0.41%
83012A109,TSLX,Sixth Street Specialty Lending Inc,1234247,212401,28.75M,4.95M,+20.8%,0.06%
459200101,IBM,International Business Machines Corp,65129,37439,8.47M,4.87M,+135.2%,0.02%
21873J108,,Core Scientific Inc,573647,573647,4.72M,4.72M,NEW,<.01%
376546107,GAIN,Gladstone Investment Corp,821203,283224,13.25M,4.57M,+52.6%,0.03%
26441C204,DUK,Duke Energy Corp,223796,39485,24.99M,4.41M,+21.4%,0.05%
91822M106,,VEON Ltd,13619567,6442890,9.3M,4.4M,+89.8%,0.02%
17275R102,CSCO,Cisco Systems Inc/Delaware,669588,78295,37.34M,4.37M,+13.2%,0.08%
89677Y100,TPVG,TriplePoint Venture Growth BDC Corp,722692,249437,12.62M,4.36M,+52.7%,0.03%
70806A106,PFLT,PennantPark Floating Rate Capital Ltd,912403,318567,12.33M,4.3M,+53.6%,0.03%
148806102,CTLT,Catalent Inc,163304,38263,18.11M,4.24M,+30.6%,0.04%
22160K105,COST,Costco Wholesale Corp,104305,7352,60.06M,4.23M,+7.6%,0.12%
06759L103,BBDC,Barings BDC Inc,1179206,406693,12.19M,4.21M,+52.6%,0.03%
91324P102,UNH,UnitedHealth Group Inc,104810,8202,53.45M,4.18M,+8.5%,0.11%
38147U107,GSBD,Goldman Sachs BDC Inc,1488771,213162,29.2M,4.18M,+16.7%,0.06%
708062104,PNNT,PennantPark Investment Corp,1545825,511044,12.03M,3.98M,+49.4%,0.02%
316500107,FDUS,Fidus Investment Corp,568106,195933,11.46M,3.95M,+52.6%,0.02%
878742204,TECK,Teck Resources Ltd,220868,96777,8.92M,3.91M,+78%,0.02%
42330P107,HLX,Helix Energy Solutions Group Inc,7405849,815060,35.4M,3.9M,+12.4%,0.07%
58463J304,MPT,Medical Properties Trust Inc,229279,182979,4.85M,3.87M,+395.2%,0.01%
842587107,SO,Southern Co/The,274186,50233,19.88M,3.64M,+22.4%,0.04%
36467J108,GLPI,Gaming and Leisure Properties Inc,156193,76445,7.33M,3.59M,+95.9%,0.02%
53223X107,,Life Storage Inc,31825,25443,4.47M,3.57M,+398.7%,<.01%
G16962105,,Bunge Ltd,1014423,32039,112.41M,3.55M,+3.3%,0.23%
376535100,,Gladstone Capital Corp,848391,292598,10M,3.45M,+52.6%,0.02%
57636Q104,MA,Mastercard Inc,131248,9519,46.91M,3.4M,+7.8%,0.1%
229663109,CUBE,CubeSmart,81904,65123,4.26M,3.39M,+388.1%,<.01%
90384S303,ULTA,Ulta Beauty Inc,14254,8373,5.68M,3.33M,+142.4%,0.01%
45337C102,INCY,Incyte Corp,191561,40360,15.21M,3.21M,+26.7%,0.03%
013872106,AA,Alcoa Corp,73637,35228,6.63M,3.17M,+91.7%,0.01%
92556V106,VTRS,Viatris Inc,1577997,282666,17.17M,3.08M,+21.8%,0.04%
20030N101,CMCSA,Comcast Corp,2245624,64981,105.14M,3.04M,+3%,0.22%
70450Y103,PYPL,PayPal Holdings Inc,164725,26294,19.05M,3.04M,+19%,0.04%
92826C839,V,Visa Inc,203219,13663,45.07M,3.03M,+7.2%,0.09%
82509L107,SHOP,Shopify Inc,7312,4429,4.94M,2.99M,+153.6%,0.01%
518439104,EL,Estee Lauder Cos Inc/The,40724,10920,11.09M,2.97M,+36.6%,0.02%
833445109,SNOW,Snowflake Inc,18183,12684,4.17M,2.91M,+230.7%,<.01%
670928100,NUV,Nuveen Municipal Value Fund Inc,1084174,296795,10.39M,2.84M,+37.7%,0.02%
19260Q107,COIN,Coinbase Global Inc,58085,14809,11.03M,2.81M,+34.2%,0.02%
83406F102,SOFI,SoFi Technologies Inc,295126,295126,2.79M,2.79M,NEW,<.01%
21037T109,CEG,Constellation Energy Corp,48471,48471,2.73M,2.73M,NEW,<.01%
565788106,MARA,Marathon Digital Holdings Inc,244804,96487,6.84M,2.7M,+65.1%,0.01%
201723103,CMC,Commercial Metals Co,168887,63236,7.03M,2.63M,+59.9%,0.01%
09260D107,BX,Blackstone Inc,117285,19798,14.89M,2.51M,+20.3%,0.03%
767292105,RIOT,Riot Blockchain Inc,317810,118306,6.73M,2.5M,+59.3%,0.01%
92189H870,EINC,VanEck Energy Income ETF,69598,38746,4.5M,2.5M,+125.6%,<.01%
064149107,BNS,Bank of Nova Scotia/The,51795,34467,3.71M,2.47M,+198.9%,<.01%
780087102,RY,Royal Bank of Canada,77546,21814,8.54M,2.4M,+39.1%,0.02%
G1151C101,ACN,Accenture PLC,92451,7047,31.18M,2.38M,+8.3%,0.06%
800013104,,Sanderson Farms Inc,48201,12267,9.04M,2.3M,+34.1%,0.02%
92189F106,GDX,VanEck Gold Miners ETF/USA,104461,59410,4.01M,2.28M,+131.9%,<.01%
92189Y303,,Vaneck Bitcoin Strategy ETF,50227,50227,2.25M,2.25M,NEW,<.01%
464288372,IGF,iShares Global Infrastructure ETF,79341,44221,4.04M,2.25M,+125.9%,<.01%
72919P202,PLUG,Plug Power Inc,775993,77599,22.2M,2.22M,+11.1%,0.05%
81369Y506,XLE,Energy Select Sector SPDR Fund,51793,28869,3.96M,2.21M,+125.9%,<.01%
76883Y107,RFMZ,RiverNorth Flexible Municipal Income Fu,133992,133992,2.2M,2.2M,NEW,<.01%
37954Y673,PAVE,Global X US Infrastructure Development,139114,77553,3.93M,2.19M,+126%,<.01%
88080T104,WULF,Terawulf Inc,259250,259250,2.18M,2.18M,NEW,<.01%
654106103,NKE,NIKE Inc,230992,16124,31.08M,2.17M,+7.5%,0.06%
83422N105,SLDP,Solid Power Inc,253540,250050,2.2M,2.17M,+7164.8%,<.01%
56035L104,MAIN,Main Street Capital Corp,778892,50377,33.21M,2.15M,+6.9%,0.07%
254687106,DIS,Walt Disney Co/The,674236,15176,92.48M,2.08M,+2.3%,0.19%
28176E108,EW,Edwards Lifesciences Corp,112852,17512,13.29M,2.06M,+18.4%,0.03%
093712107,BE,Bloom Energy Corp,532917,84901,12.87M,2.05M,+19%,0.03%
891160509,TD,Toronto-Dominion Bank/The,100819,25667,8M,2.04M,+34.2%,0.02%
62914V106,NIO,NIO Inc,630335,96651,13.27M,2.03M,+18.1%,0.03%
00287Y109,ABBV,AbbVie Inc,230229,12513,37.32M,2.03M,+5.7%,0.08%
78468R556,XOP,SPDR S&P Oil & Gas Exploration & Produc,26878,14973,3.62M,2.01M,+125.8%,<.01%
69331C108,PCG,PG&E Corp,640921,167330,7.65M,2M,+35.3%,0.02%
13321L108,CCJ,Cameco Corp,178091,66565,5.18M,1.94M,+59.7%,0.01%
92189F700,MOO,VanEck Agribusiness ETF,33128,18472,3.46M,1.93M,+126%,<.01%
03027X100,AMT,American Tower Corp,77835,7588,19.55M,1.91M,+10.8%,0.04%
880890108,TX,Ternium SA,162024,40835,7.4M,1.86M,+33.7%,0.02%
678026105,OIS,Oil States International Inc,2997682,268059,20.83M,1.86M,+9.8%,0.04%
43366H100,,Hive Blockchain Technologies Ltd,2312857,865991,4.93M,1.84M,+59.9%,0.01%
136385101,CNQ,Canadian Natural Resources Ltd,51556,29650,3.2M,1.84M,+135.4%,<.01%
00827B106,AFRM,Affirm Holdings Inc,56949,39787,2.64M,1.84M,+231.8%,<.01%
438516106,HON,Honeywell International Inc,512162,9355,99.66M,1.82M,+1.9%,0.21%
693483109,PKX,POSCO Holdings Inc,125170,30311,7.42M,1.8M,+32%,0.02%
640491106,NEOG,Neogen Corp,217898,58154,6.72M,1.79M,+36.4%,0.01%
29250N105,ENB,Enbridge Inc,380840,38820,17.54M,1.79M,+11.4%,0.04%
744573106,PEG,Public Service Enterprise Group Inc,151246,25535,10.59M,1.79M,+20.3%,0.02%
08862E109,BYND,Beyond Meat Inc,150705,36709,7.28M,1.77M,+32.2%,0.02%
040126104,,Argo Blockchain PLC,365324,176951,3.6M,1.74M,+93.9%,<.01%
345370860,F,Ford Motor Co,271702,101541,4.59M,1.72M,+59.7%,<.01%
92189H763,,Vaneck Digital Asset Mining ETF,40000,40000,1.67M,1.67M,NEW,<.01%
670100205,NVO,Novo Nordisk A/S,170987,14839,18.99M,1.65M,+9.5%,0.04%
09173B107,KEEL,Bitfarms Ltd/Canada,1180192,435383,4.43M,1.63M,+58.5%,<.01%
44812T102,,Hut 8 Mining Corp,776043,294723,4.28M,1.63M,+61.2%,<.01%
49456B101,KMI,Kinder Morgan Inc,465021,84734,8.79M,1.6M,+22.3%,0.02%
012653101,ALB,Albemarle Corp,7209,7209,1.59M,1.59M,NEW,<.01%
38068T105,GORO,Gold Resource Corp,4799640,692245,10.75M,1.55M,+16.9%,0.02%
G6359F137,NBR,Nabors Industries Ltd,448519,10011,68.5M,1.53M,+2.3%,0.14%
136069101,CM,Canadian Imperial Bank of Commerce,17745,12447,2.15M,1.51M,+234.9%,<.01%
92189H607,OIH,VanEck Oil Services ETF,9465,5287,2.67M,1.49M,+126.5%,<.01%
744320102,PRU,Prudential Financial Inc,19606,12485,2.32M,1.48M,+175.3%,<.01%
58039P107,MUX.MX,McEwen Mining Inc,22461756,1730803,18.91M,1.46M,+8.3%,0.04%
674599105,OXY,Occidental Petroleum Corp,33909,25619,1.92M,1.45M,+309%,<.01%
185899101,CLF,Cleveland-Cliffs Inc,424117,44524,13.66M,1.43M,+11.7%,0.03%
56501R106,MFC,Manulife Financial Corp,105170,66757,2.24M,1.42M,+173.8%,<.01%
756109104,O,Realty Income Corp,279535,20260,19.37M,1.4M,+7.8%,0.04%
29364G103,ETR,Entergy Corp,65933,11896,7.7M,1.39M,+22%,0.02%
92189F205,SLX,VanEck Steel ETF,36483,20336,2.48M,1.38M,+125.9%,<.01%
40637H109,HALO,Halozyme Therapeutics Inc,34441,34441,1.37M,1.37M,NEW,<.01%
872540109,TJX,TJX Cos Inc/The,316188,22022,19.16M,1.33M,+7.5%,0.04%
84265V105,SCCO,Southern Copper Corp,62187,17558,4.72M,1.33M,+39.3%,<.01%
16359R103,CHE,Chemed Corp,3005,2609,1.52M,1.32M,+658.8%,<.01%
30161Q104,EXEL,Exelixis Inc,58248,58248,1.32M,1.32M,NEW,<.01%
18452B209,CLSK,Cleanspark Inc,306762,105812,3.79M,1.31M,+52.7%,<.01%
594972408,MSTR,MicroStrategy Inc,12853,2657,6.25M,1.29M,+26.1%,0.01%
057665200,BCPC,Balchem Corp,63165,9436,8.63M,1.29M,+17.6%,0.02%
452308109,ITW,Illinois Tool Works Inc,40556,6116,8.49M,1.28M,+17.8%,0.02%
01741R102,ATI,Allegheny Technologies Inc,157578,47029,4.23M,1.26M,+42.5%,<.01%
65339F101,NEE,NextEra Energy Inc,558265,14875,47.29M,1.26M,+2.7%,0.1%
88025U109,TXG,10X Genomics Inc,79055,16364,6.01M,1.24M,+26.1%,0.01%
92189Y105,MOTE,Vaneck Morningstar ESG Moat ETF,50000,50000,1.24M,1.24M,NEW,<.01%
46434G848,PICK,iShares MSCI Global Metals & Mining Pro,43214,24088,2.21M,1.23M,+125.9%,<.01%
053015103,ADP,Automatic Data Processing Inc,83526,5341,19.01M,1.22M,+6.8%,0.04%
67421J108,,Oatly Group AB,922347,239248,4.62M,1.2M,+35%,<.01%
423452101,HP,Helmerich & Payne Inc,4135321,27828,176.91M,1.19M,+0.7%,0.37%
64110L106,NFLX,Netflix Inc,9547,3139,3.58M,1.18M,+49%,<.01%
22822V101,CCI,Crown Castle International Corp,75739,6227,13.98M,1.15M,+9%,0.03%
82837P408,SICP,Silvergate Capital Corp,51688,7360,7.78M,1.11M,+16.6%,0.02%
654110105,NKLA,Nikola Corp,876954,100732,9.39M,1.08M,+13%,0.02%
77543R102,ROKU,Roku Inc,22200,8605,2.78M,1.08M,+63.3%,<.01%
09073M104,TECH,Bio-Techne Corp,50141,2458,21.71M,1.06M,+5.2%,0.04%
46132C107,VMO,Invesco Municipal Opportunity Trust,369201,92646,4.23M,1.06M,+33.5%,<.01%
715684106,TLK,Telkom Indonesia Persero Tbk PT,165424,33052,5.29M,1.06M,+25%,0.01%
136375102,CNI,Canadian National Railway Co,129042,7855,17.3M,1.05M,+6.5%,0.04%
72147K108,PPC,Pilgrim's Pride Corp,163273,41942,4.1M,1.05M,+34.6%,<.01%
670346105,NUE,Nucor Corp,118678,6945,17.64M,1.03M,+6.2%,0.04%
93627C101,HCC,Warrior Met Coal Inc,81897,27688,3.04M,1.03M,+51.1%,<.01%
31620M106,FIS,Fidelity National Information Services,30523,10179,3.06M,1.02M,+50%,<.01%
05577W200,DOO,BRP Inc,12443,12443,1.02M,1.02M,NEW,<.01%
87807B107,TRP,TC Energy Corp,198708,17977,11.21M,1.01M,+9.9%,0.02%
09061G101,BMRN,BioMarin Pharmaceutical Inc,155937,13129,12.02M,1.01M,+9.2%,0.02%
01535P106,,Alexco Resource Corp,7990279,643413,12.38M,997.3K,+8.8%,0.03%
20440W105,SID,Cia Siderurgica Nacional SA,1322085,183274,7.17M,993.39K,+16.1%,0.01%
403949100,DINO,HF Sinclair Corp,24879,24879,991K,991K,NEW,<.01%
704326107,PAYX,Paychex Inc,50259,7216,6.86M,984.79K,+16.8%,0.01%
981811102,WOR,Worthington Industries Inc,62976,19070,3.24M,980.51K,+43.4%,<.01%
26142R104,DKNG,DraftKings Inc,318276,49228,6.2M,958.49K,+18.3%,0.01%
02319V103,ABEV,AMBEV SA,495601,291426,1.6M,941.43K,+142.7%,<.01%
824348106,SHW,Sherwin-Williams Co/The,30077,3738,7.51M,933.1K,+14.2%,0.02%
373737105,GGB,Gerdau SA,1151695,144499,7.41M,929.08K,+14.3%,0.02%
03062D100,USAS,Americas Gold & Silver Corp,9550410,838844,10.31M,905.91K,+9.6%,0.02%
349553107,FTS,Fortis Inc/Canada,106800,17941,5.28M,887.14K,+20.2%,0.01%
806882106,RDUS,Schnitzer Steel Industries Inc,87657,16544,4.55M,859.31K,+23.3%,<.01%
743315103,PGR,Progressive Corp/The,75762,7428,8.64M,846.71K,+10.9%,0.02%
016255101,ALGN,Align Technology Inc,12958,1932,5.65M,842.4K,+17.5%,0.01%
92189F502,SMOG,VanEck Low Carbon Energy ETF,10343,5729,1.5M,831.41K,+124.2%,<.01%
92189F791,GDXJ,VanEck Junior Gold Miners ETF,30984,17615,1.45M,825.49K,+131.8%,<.01%
670002401,NVAX,Novavax Inc,129006,10980,9.5M,808.65K,+9.3%,0.02%
020764106,AMR,Alpha Metallurgical Resources Inc,6112,6112,807K,807K,NEW,<.01%
517834107,LVS,Las Vegas Sands Corp,161623,20655,6.28M,802.82K,+14.7%,0.01%
G0403H108,AON,Aon PLC,25045,2457,8.15M,800.03K,+10.9%,0.02%
025537101,AEP,American Electric Power Co Inc,102625,7993,10.24M,797.47K,+8.4%,0.02%
759509102,RS,Reliance Steel & Aluminum Co,38047,4337,6.98M,795.2K,+12.9%,0.01%
125491100,,CI Financial Corp,48508,48508,770K,770K,NEW,<.01%
37733W105,GSK,GlaxoSmithKline PLC,391090,17666,17.04M,769.54K,+4.7%,0.04%
682680103,OKE,Oneok Inc,95020,10760,6.71M,759.95K,+12.8%,0.01%
144285103,CRS,Carpenter Technology Corp,59681,17815,2.5M,747.75K,+42.6%,<.01%
459506101,IFF,International Flavors & Fragrances Inc,57108,5638,7.5M,740.44K,+11%,0.02%
03769M106,APO,Apollo Global Management Inc,11795,11795,731K,731K,NEW,<.01%
29444U700,EQIX,Equinix Inc,11182,968,8.29M,717.91K,+9.5%,0.02%
46431W614,,iShares Gold Strategy ETF,12081,12081,713K,713K,NEW,<.01%
91680M107,UPST,Upstart Holdings Inc,17406,6531,1.9M,712.53K,+60.1%,<.01%
13645T100,CP.TO,Canadian Pacific Railway Ltd,132872,8582,10.96M,708.08K,+6.9%,0.02%
925652109,VICI,VICI Properties Inc,208857,24854,5.94M,707.34K,+13.5%,0.01%
337738108,FISV,Fiserv Inc,28440,6934,2.88M,703.15K,+32.2%,<.01%
461202103,INTU,Intuit Inc,50019,1447,24.05M,695.77K,+3%,0.05%
11284V105,BEPC.TO,Brookfield Renewable Corp,161764,15839,7.07M,692.25K,+10.9%,0.01%
969457100,WMB,Williams Cos Inc/The,274724,20625,9.18M,689.04K,+8.1%,0.02%
615111101,ONT,Montrose Environmental Group Inc,48511,12779,2.57M,676.47K,+35.8%,<.01%
192446102,CTSH,Cognizant Technology Solutions Corp,61818,7447,5.54M,667.75K,+13.7%,0.01%
231021106,CMI,Cummins Inc,18189,3136,3.73M,643.27K,+20.8%,<.01%
89400J107,TRU,TransUnion,68735,6155,7.1M,636.05K,+9.8%,0.01%
87612E106,TGT,Target Corp,109288,2981,23.19M,632.65K,+2.8%,0.05%
H17182108,CRSP,CRISPR Therapeutics AG,114061,10015,7.16M,628.68K,+9.6%,0.01%
134748102,CAN,Canaan Inc,795305,115691,4.32M,628.27K,+17%,<.01%
46625H100,JPM,JPMorgan Chase & Co,27826,4598,3.79M,626.76K,+19.8%,<.01%
34959E109,FTNT,Fortinet Inc,18648,1829,6.37M,625.07K,+10.9%,0.01%
67062F100,NXP,Nuveen Select Tax-Free Income Portfolio,244359,43296,3.53M,624.74K,+21.5%,<.01%
00165C104,,AMC Entertainment Holdings Inc,181276,24949,4.47M,614.79K,+16%,<.01%
G1144A105,BTBT,Bit Digital Inc,431075,170144,1.55M,612.57K,+65.2%,<.01%
811916105,SA,Seabridge Gold Inc,3750178,32671,69.38M,604.41K,+0.9%,0.14%
058586108,BLDP,Ballard Power Systems Inc,1114179,51699,12.97M,601.73K,+4.9%,0.03%
02665T306,AMH,American Homes 4 Rent,141922,14842,5.68M,594.11K,+11.7%,0.01%
66987E206,NG,Novagold Resources Inc,11558615,75909,89.35M,586.78K,+0.7%,0.18%
773903109,ROK,Rockwell Automation Inc,15021,2089,4.21M,585.08K,+16.2%,<.01%
910047109,UAL,United Airlines Holdings Inc,12595,12595,584K,584K,NEW,<.01%
020002101,ALL,Allstate Corp/The,38198,4211,5.29M,583.18K,+12.4%,0.01%
565849106,MRO,Marathon Oil Corp,29969,23060,753K,579.4K,+333.8%,<.01%
G1757E113,CMCL,Caledonia Mining Corp PLC,549164,37954,8.35M,577.3K,+7.4%,0.02%
74834L100,DGX,QUEST DIAGNOSTICS INC,29590,4185,4.05M,572.66K,+16.5%,<.01%
23291C103,BOOM,DMC Global Inc,658027,18583,20.07M,566.79K,+2.9%,0.04%
494368103,KMB,Kimberly-Clark Corp,4537,4537,559K,559K,NEW,<.01%
955306105,WST,West Pharmaceutical Services Inc,12240,1360,5.03M,558.56K,+12.5%,0.01%
78410G104,SBAC,SBA Communications Corp,16137,1622,5.55M,558.16K,+11.2%,0.01%
030420103,AWK,American Water Works Co Inc,36956,3348,6.12M,554.26K,+10%,0.01%
98389B100,XEL,Xcel Energy Inc,103990,7661,7.5M,552.9K,+8%,0.02%
172967424,C,Citigroup Inc,68258,10341,3.65M,552.21K,+17.9%,<.01%
693506107,PPG,PPG Industries Inc,27356,4164,3.58M,545.69K,+18%,<.01%
532457108,LLY,Eli Lilly & Co,168699,1871,48.31M,535.79K,+1.1%,0.1%
47215P106,JD,JD.com Inc,163505,9090,9.46M,526.04K,+5.9%,0.02%
92939U106,WEC,WEC Energy Group Inc,64413,5247,6.43M,523.7K,+8.9%,0.01%
374689107,ROCK,Gibraltar Industries Inc,40430,12037,1.74M,516.85K,+42.4%,<.01%
916896103,UEC,Uranium Energy Corp,195702,112394,898K,515.73K,+134.9%,<.01%
36168Q104,GFL,GFL Environmental Inc,81961,15839,2.67M,515.4K,+24%,<.01%
670657105,NEA,Nuveen AMT-Free Quality Municipal Incom,1187690,39091,15.61M,513.65K,+3.4%,0.03%
73278L105,POOL,Pool Corp,7733,1198,3.27M,506.59K,+18.3%,<.01%
580135101,MCD,McDonald's Corp,52640,2017,13.02M,498.77K,+4%,0.03%
783754104,RYZ,Ryerson Holding Corp,47471,14115,1.66M,494.18K,+42.3%,<.01%
032095101,APH,Amphenol Corp,66314,6501,5M,489.87K,+10.9%,0.01%
900435207,,Turquoise Hill Resources Ltd,34712,16192,1.04M,486.06K,+87.4%,<.01%
67092P706,NURE,Nuveen Short-Term REIT ETF,22294,12422,872K,485.87K,+125.8%,<.01%
370334104,GIS,General Mills Inc,7055,7055,478K,478K,NEW,<.01%
172908105,CTAS,Cintas Corp,11432,1122,4.86M,477.28K,+10.9%,0.01%
50540R409,,Laboratory Corp of America Holdings,15467,1769,4.08M,466.41K,+12.9%,<.01%
001055102,AFL,Aflac Inc,73817,7237,4.75M,465.98K,+10.9%,<.01%
931427108,WBA,Walgreens Boots Alliance Inc,151119,10300,6.77M,461.16K,+7.3%,0.01%
060505104,BAC,Bank of America Corp,68154,11065,2.81M,456.21K,+19.4%,<.01%
759916109,RGEN,Repligen Corp,6495,2422,1.22M,455.69K,+59.5%,<.01%
98986T108,,Zynga Inc,5511382,49288,50.93M,455.43K,+0.9%,0.11%
704551100,BTU,Peabody Energy Corp,37380,18420,917K,451.88K,+97.2%,<.01%
G29183103,ETN,Eaton Corp PLC,2970,2970,451K,451K,NEW,<.01%
03938L203,MT,ArcelorMittal SA,281221,14062,9M,450.13K,+5.3%,0.02%
257651109,DCI,Donaldson Co Inc,52421,8658,2.72M,449.57K,+19.8%,<.01%
20854L108,CEIX,CONSOL Energy Inc,11893,11893,448K,448K,NEW,<.01%
09253W104,MYD,BlackRock MuniYield Fund Inc,281354,35392,3.55M,447.06K,+14.4%,<.01%
071734107,BHC,Bausch Health Cos Inc,444317,19551,10.15M,446.76K,+4.6%,0.02%
67071L106,NVG,Nuveen AMT-Free Municipal Credit Income,906956,30159,13.41M,446.06K,+3.4%,0.03%
723484101,PNW,Pinnacle West Capital Corp,49397,5692,3.86M,444.56K,+13%,<.01%
311900104,FAST,Fastenal Co,74871,7340,4.45M,435.96K,+10.9%,<.01%
33733E500,QCLN,First Trust NASDAQ Clean Edge Green Ene,12024,6694,777K,432.57K,+125.6%,<.01%
30040W108,ES,Eversource Energy,66294,4885,5.85M,430.77K,+8%,0.01%
543518104,LOOP,Loop Industries Inc,177253,48199,1.58M,428.82K,+37.3%,<.01%
69351T106,PPL,PPL Corp,162388,14846,4.64M,424.02K,+10.1%,<.01%
G5494J103,,Linde PLC,27688,1312,8.84M,419.07K,+5%,0.02%
336433107,FSLR,First Solar Inc,78104,4898,6.54M,410.13K,+6.7%,0.01%
204409601,CIG,Cia Energetica de Minas Gerais,1571557,127024,5.06M,408.98K,+8.8%,0.01%
92189F528,SMB,VanEck Short Muni ETF,23549,23549,403K,403K,NEW,<.01%
61174X109,MNST,Monster Beverage Corp,51021,5002,4.08M,399.7K,+10.9%,<.01%
216648402,COO.MX,Cooper Cos Inc/The,9893,947,4.13M,395.44K,+10.6%,<.01%
46138G706,TAN,Invesco Solar ETF,9361,5224,706K,393.99K,+126.3%,<.01%
427866108,HSY,Hershey Co/The,18508,1816,4.01M,393.36K,+10.9%,<.01%
706327103,PBA,Pembina Pipeline Corp,128271,10410,4.82M,391.09K,+8.8%,<.01%
04342Y104,ASAN,Asana Inc,9696,9696,388K,388K,NEW,<.01%
G8994E103,TT,Trane Technologies plc,25613,2512,3.91M,383.57K,+10.9%,<.01%
436440101,HOLX,HOLOGIC INC,44929,4989,3.45M,383.21K,+12.5%,<.01%
23331A109,DHI,DR Horton Inc,44111,5126,3.29M,381.97K,+13.1%,<.01%
69349H107,TXNM,PNM Resources Inc,45194,7960,2.15M,379.56K,+21.4%,<.01%
855244109,SBUX,Starbucks Corp,156884,4170,14.27M,379.35K,+2.7%,0.03%
169656105,CMG,Chipotle Mexican Grill Inc,238,238,377K,377K,NEW,<.01%
887399103,MTUS,TimkenSteel Corp,57268,17124,1.25M,374.67K,+42.7%,<.01%
281020107,EIX,Edison International,72017,5307,5.05M,371.99K,+8%,0.01%
500631106,KEP,Korea Electric Power Corp,206168,39508,1.92M,367.74K,+23.7%,<.01%
H2906T109,GRMN,Garmin Ltd,19484,3095,2.31M,367.1K,+18.9%,<.01%
761152107,RMD,ResMed Inc,15329,1502,3.72M,364.21K,+10.9%,<.01%
92189F452,MORT,VanEck Mortgage REIT Income ETF,38366,21229,655K,362.43K,+123.9%,<.01%
57778N208,,Mawson Infrastructure Group Inc,406548,70851,2.08M,361.97K,+21.1%,<.01%
78486Q101,SVBT,SVB Financial Group,6463,635,3.62M,355.28K,+10.9%,<.01%
337932107,FE,FirstEnergy Corp,105055,7740,4.82M,354.97K,+8%,<.01%
09662W109,DMB,BNY Mellon Municipal Bond Infrastructur,97547,28559,1.21M,354.55K,+41.4%,<.01%
679580100,ODFL,Old Dominion Freight Line Inc,12004,1178,3.58M,351.81K,+10.9%,<.01%
248356107,DNN,Denison Mines Corp,654289,216232,1.06M,348.99K,+49.4%,<.01%
N53745100,LYB,LyondellBasell Industries NV,31033,3389,3.19M,348.48K,+12.3%,<.01%
39115V101,GPLDF,Great Panther Mining Ltd,25893246,1362160,6.5M,341.89K,+5.6%,0.01%
03940R107,ARCH,Arch Resources Inc,5278,2474,725K,339.84K,+88.2%,<.01%
703395103,PDCO,Patterson Cos Inc,88997,10495,2.88M,339.74K,+13.4%,<.01%
77311W101,RKT,Rocket Cos Inc,70453,29868,783K,331.95K,+73.6%,<.01%
617446448,MS,Morgan Stanley,29824,3774,2.61M,329.9K,+14.5%,<.01%
040413106,,Arista Networks Inc,24165,2370,3.36M,329.34K,+10.9%,<.01%
384802104,GWW,WW Grainger Inc,7032,637,3.63M,328.56K,+10%,<.01%
217204106,CPRT,Copart Inc,26663,2615,3.35M,328.06K,+10.9%,<.01%
67066V101,NAD,Nuveen Quality Municipal Income Fund,1145313,24532,15.3M,327.74K,+2.2%,0.03%
292671708,UUUU,Energy Fuels Inc/Canada,119689,35502,1.1M,325.69K,+42.2%,<.01%
205887102,CAG,Conagra Brands Inc,16902,9680,568K,325.3K,+134%,<.01%
09254G108,MQT,BlackRock MuniYield Quality Fund II Inc,120606,26401,1.47M,320.69K,+28%,<.01%
09254J102,MUA,BlackRock MuniAssets Fund Inc,161387,24942,2.07M,319.3K,+18.3%,<.01%
928563402,,VMware Inc,23435,2716,2.67M,309.32K,+13.1%,<.01%
86745K104,NOVAQ,Sunnova Energy International Inc,126113,13405,2.91M,309.1K,+11.9%,<.01%
380738104,,Gold Standard Ventures Corp,17973743,701225,7.91M,308.52K,+4.1%,0.02%
12504L109,CBRE,CBRE Group Inc,17830,3358,1.63M,307.36K,+23.2%,<.01%
40434L105,HPQ,HP Inc,27515,8464,999K,307.31K,+44.4%,<.01%
45378A106,IRT,Independence Realty Trust Inc,19790,11607,523K,306.74K,+141.8%,<.01%
941848103,WAT,Waters Corp,5367,977,1.67M,303.28K,+22.3%,<.01%
858119100,STLD,Steel Dynamics Inc,107195,3635,8.94M,303.26K,+3.5%,0.02%
746823103,PMM,Putnam Managed Municipal Income Trust,209364,42085,1.48M,297.5K,+25.2%,<.01%
090572207,BIO,Bio-Rad Laboratories Inc,2014,525,1.13M,295.61K,+35.3%,<.01%
369604301,GE,General Electric Co,5443,3217,498K,294.34K,+144.5%,<.01%
09253N104,MHD,BlackRock MuniHoldings Fund Inc,291152,20668,4.14M,294.1K,+7.6%,<.01%
443628102,HBM,HudBay Minerals Inc,89760,37119,705K,291.54K,+70.5%,<.01%
125896100,CMS,CMS Energy Corp,55815,4111,3.9M,287.55K,+8%,<.01%
09254F100,MQY,BlackRock MuniYield Quality Fund Inc,393031,20741,5.42M,286.02K,+5.6%,0.01%
500754106,KHC,Kraft Heinz Co/The,23181,7131,913K,280.86K,+44.4%,<.01%
125523100,CI,Cigna Corp,12411,1167,2.97M,279.64K,+10.4%,<.01%
G97822103,PRGO,Perrigo Co PLC,142996,7271,5.5M,279.41K,+5.4%,0.01%
75972A301,,Renewable Energy Group Inc,63657,4593,3.86M,278.58K,+7.8%,<.01%
714046109,RVTY,PerkinElmer Inc,18843,1581,3.29M,275.79K,+9.2%,<.01%
86722A103,SXC,SunCoke Energy Inc,102737,30557,915K,272.15K,+42.3%,<.01%
G0250X107,AMCR,Amcor PLC,23977,23977,272K,272K,NEW,<.01%
858912108,SRCL,Stericycle Inc,44818,4607,2.64M,271.48K,+11.5%,<.01%
962166104,WY,Weyerhaeuser Co,20671,7144,783K,270.61K,+52.8%,<.01%
10552T107,BRFS,BRF SA,67475,67475,268K,268K,NEW,<.01%
832696405,SJM,J M Smucker Co/The,3756,1975,508K,267.12K,+110.9%,<.01%
65340P106,NXE,NexGen Energy Ltd,206897,47179,1.17M,267.02K,+29.5%,<.01%
103304101,BYD,Boyd Gaming Corp,28120,4056,1.85M,266.84K,+16.9%,<.01%
12514G108,CDW,CDW Corp/DE,15189,1489,2.72M,266.35K,+10.9%,<.01%
171340102,CHD,Church & Dwight Co Inc,27287,2676,2.71M,265.96K,+10.9%,<.01%
82489W107,SHLS,Shoals Technologies Group Inc,106224,15569,1.81M,265.29K,+17.2%,<.01%
15189T107,CNP,CenterPoint Energy Inc,114601,8444,3.51M,258.7K,+8%,<.01%
302130109,EXPD,Expeditors International of Washington,27205,2494,2.81M,257.24K,+10.1%,<.01%
37045V100,GM,General Motors Co,19030,5854,832K,255.94K,+44.4%,<.01%
M22465104,CHKP,Check Point Software Technologies Ltd,48091,1844,6.65M,254.95K,+4%,0.01%
428103105,HESM,Hess Midstream LP,8453,8453,254K,254K,NEW,<.01%
27829L105,EOT,Eaton Vance National Municipal Opportun,67478,13210,1.28M,251.56K,+24.3%,<.01%
055474100,,BIT Mining Ltd,385754,89191,1.08M,248.78K,+30.1%,<.01%
09857L108,BKNG,Booking Holdings Inc,1017,105,2.39M,246.55K,+11.5%,<.01%
049560105,ATO,Atmos Energy Corp,27395,2048,3.27M,244.68K,+8.1%,<.01%
826599102,SGML,Sigma Lithium Corp,17987,17987,244K,244K,NEW,<.01%
03957W106,AROC,Archrock Inc,26346,26346,243K,243K,NEW,<.01%
23703Q203,DQ,Daqo New Energy Corp,87974,5864,3.64M,242.36K,+7.1%,<.01%
867652406,,SunPower Corp,85500,11211,1.84M,240.87K,+15.1%,<.01%
854502101,SWK,Stanley Black & Decker Inc,17441,1711,2.44M,239.17K,+10.9%,<.01%
816851109,SRE,Sempra Energy,61780,1422,10.39M,239.06K,+2.4%,0.02%
983134107,WYNN,Wynn Resorts Ltd,31159,2986,2.48M,238.14K,+10.6%,<.01%
42824C109,HPE,Hewlett Packard Enterprise Co,45475,13988,760K,233.77K,+44.4%,<.01%
74623V103,PCT,PureCycle Technologies Inc,268480,28965,2.15M,231.74K,+12.1%,<.01%
260003108,DOV,Dover Corp,15030,1474,2.36M,231.25K,+10.9%,<.01%
98149E307,,SPDR Gold MiniShares Trust,5993,5993,231K,231K,NEW,<.01%
09254E103,MYI,BlackRock MuniYield Quality Fund III In,410180,18398,5.15M,230.91K,+4.7%,0.01%
09249N101,BLE,BlackRock Municipal Income Trust II,217223,18726,2.68M,230.69K,+9.4%,<.01%
46131M106,VGM,Invesco Trust for Investment Grade Muni,297264,19667,3.45M,228.52K,+7.1%,<.01%
457187102,INGR,Ingredion Inc,10854,2621,946K,228.44K,+31.8%,<.01%
02043Q107,ALNY,Alnylam Pharmaceuticals Inc,100006,1392,16.33M,227.3K,+1.4%,0.03%
368736104,GNRC,Generac Holdings Inc,8034,756,2.39M,224.71K,+10.4%,<.01%
30034W106,EVRG,Evergy Inc,44158,3252,3.02M,222.26K,+7.9%,<.01%
502160104,LXU,LSB Industries Inc,10181,10181,222K,222K,NEW,<.01%
87612G101,TRGP,Targa Resources Corp,55155,2903,4.16M,219.11K,+5.6%,<.01%
303075105,FDS,Factset Research Systems Inc,5089,499,2.21M,216.6K,+10.9%,<.01%
115637209,BF.B,Brown-Forman Corp,32945,3229,2.21M,216.41K,+10.9%,<.01%
87918A105,TDOC,Teladoc Health Inc,17302,2999,1.25M,216.32K,+21%,<.01%
393222104,GPRE,Green Plains Inc,54648,6936,1.7M,215.13K,+14.5%,<.01%
46131J103,VKQ,Invesco Municipal Trust,304305,18594,3.5M,214.04K,+6.5%,<.01%
723760104,MIO,Pioneer Municipal High Income Opportuni,106586,14377,1.59M,213.93K,+15.6%,<.01%
559080106,,Magellan Midstream Partners LP,24064,4350,1.18M,213.49K,+22.1%,<.01%
29670G102,WTRG,Essential Utilities Inc,46743,4085,2.39M,208.87K,+9.6%,<.01%
65473P105,NI,NiSource Inc,84327,6566,2.68M,208.83K,+8.4%,<.01%
912909108,X,United States Steel Corp,226002,5330,8.53M,201.15K,+2.4%,0.02%
62944T105,NVR,NVR Inc,450,44,2.01M,196.53K,+10.8%,<.01%
70432V102,PAYC,Paycom Software Inc,5668,555,1.96M,192.21K,+10.9%,<.01%
72200W106,PML,PIMCO Municipal Income Fund II,189002,16609,2.17M,191.05K,+9.6%,<.01%
150870103,CE,Celanese Corp,13429,1318,1.92M,188.34K,+10.9%,<.01%
12532H104,GIB,CGI Inc,23833,2336,1.9M,186.03K,+10.9%,<.01%
695156109,PKG,Packaging Corp of America,2879,1164,449K,181.53K,+67.9%,<.01%
315616102,FFIV,F5 Inc,7287,859,1.52M,179.53K,+13.4%,<.01%
445658107,JBHT,JB Hunt Transport Services Inc,9067,889,1.82M,178.55K,+10.9%,<.01%
003654100,,ABIOMED Inc,5464,537,1.81M,177.89K,+10.9%,<.01%
G8473T100,STE,STERIS PLC,10787,724,2.61M,175.04K,+7.2%,<.01%
810186106,SMG,Scotts Miracle-Gro Co/The,4992,1423,614K,175.02K,+39.9%,<.01%
04271T100,ARRY,Array Technologies Inc,121684,15525,1.37M,174.92K,+14.6%,<.01%
426281101,JKHY,Jack Henry & Associates Inc,8994,883,1.77M,173.97K,+10.9%,<.01%
745867101,PHM,PulteGroup Inc,33027,4119,1.38M,172.61K,+14.2%,<.01%
460690100,IPG,Interpublic Group of Cos Inc/The,53415,4867,1.89M,172.58K,+10%,<.01%
053611109,AVY,Avery Dennison Corp,9996,981,1.74M,170.66K,+10.9%,<.01%
723762100,XPMAX,Pioneer Municipal High Income Advantage,143998,17314,1.42M,170.26K,+13.7%,<.01%
770323103,RHI,Robert Half International Inc,16289,1477,1.86M,168.65K,+10%,<.01%
746922103,PMO,Putnam Municipal Opportunities Trust,146859,14360,1.71M,167.3K,+10.8%,<.01%
66987V109,NVS,Novartis AG,219555,1900,19.27M,166.73K,+0.9%,0.04%
G8232Y101,PENG,SMART Global Holdings Inc,20836,6457,538K,166.72K,+44.9%,<.01%
60770K107,MRNA,Moderna Inc,298661,965,51.45M,166.23K,+0.3%,0.11%
57060D108,MKTX,MarketAxess Holdings Inc,4928,484,1.68M,164.71K,+10.9%,<.01%
96145D105,,Westrock Co,8245,3460,388K,162.82K,+72.3%,<.01%
44107P104,HST,HOST HOTELS & RESORTS INC,63742,8347,1.24M,162.25K,+15.1%,<.01%
09248F109,BFK,BlackRock Municipal Income Trust,169827,13295,2.07M,161.89K,+8.5%,<.01%
023608102,AEE,Ameren Corp,49156,1726,4.61M,161.83K,+3.6%,<.01%
G9470A102,VTEX,VTEX,26148,26148,161K,161K,NEW,<.01%
68162K106,ZEUS,Olympic Steel Inc,13754,4129,529K,158.81K,+42.9%,<.01%
57667L107,MTCH,Match Group Inc,2719,1438,296K,156.55K,+112.3%,<.01%
460146103,IP,International Paper Co,10350,3359,478K,155.13K,+48%,<.01%
Q4982L109,IREN,Iris Energy Ltd,262996,9852,4.12M,154.38K,+3.9%,<.01%
303250104,FICO,Fair Isaac Corp,3350,330,1.56M,153.97K,+10.9%,<.01%
30057T105,,Evoqua Water Technologies Corp,56787,3277,2.67M,153.96K,+6.1%,<.01%
31620R303,FNF,Fidelity National Financial Inc,31875,3124,1.56M,152.6K,+10.9%,<.01%
88162G103,TTEK,Tetra Tech Inc,16455,902,2.71M,148.77K,+5.8%,<.01%
82835P103,SVM,Silvercorp Metals Inc,18741602,40991,67.85M,148.39K,+0.2%,0.14%
45167R104,IEX,IDEX Corp,7754,759,1.49M,145.55K,+10.9%,<.01%
099502106,BAH,Booz Allen Hamilton Holding Corp,16882,1654,1.48M,145.3K,+10.9%,<.01%
958102105,WDC,Western Digital Corp,9324,2868,463K,142.42K,+44.4%,<.01%
74967X103,RH,RH,431,431,141K,141K,NEW,<.01%
831865209,AOS,A O Smith Corp,18019,2171,1.15M,138.68K,+13.7%,<.01%
G46188101,,Horizon Therapeutics Plc,12520,1308,1.32M,137.59K,+11.7%,<.01%
963320106,WHR,WHIRLPOOL CORP,7274,791,1.26M,136.69K,+12.2%,<.01%
15135B101,CNC,Centene Corp,5195,1598,437K,134.42K,+44.4%,<.01%
60871R209,TAP,Molson Coors Beverage Co,8025,2469,428K,131.68K,+44.4%,<.01%
05759B107,BKKT,Bakkt Holdings Inc,300603,21188,1.85M,130.54K,+7.6%,<.01%
G0176J109,ALLE,Allegion PLC,12043,1181,1.32M,129.64K,+10.9%,<.01%
226344208,,Crestwood Equity Partners LP,9169,4263,274K,127.39K,+86.9%,<.01%
91688F104,UPWK,Upwork Inc,5458,5458,127K,127K,NEW,<.01%
026874784,AIG,American International Group Inc,6563,2019,412K,126.75K,+44.4%,<.01%
59156R108,MET,MetLife Inc,5735,1764,403K,123.96K,+44.4%,<.01%
G33856108,GSM,Ferroglobe PLC,34058,16093,262K,123.8K,+89.6%,<.01%
655663102,NDSN,Nordson Corp,5508,540,1.25M,122.65K,+10.9%,<.01%
867224107,SU,Suncor Energy Inc,16620,3710,542K,120.99K,+28.7%,<.01%
833034101,SNA,Snap-On Inc,5925,582,1.22M,119.54K,+10.9%,<.01%
95766M105,MMU,Western Asset Managed Municipals Fund I,264023,10020,3.07M,116.43K,+3.9%,<.01%
48251W104,KKR,KKR & Co Inc,11870,1984,694K,116K,+20.1%,<.01%
025932104,AFG,American Financial Group Inc/OH,8014,786,1.17M,114.46K,+10.9%,<.01%
G4645E105,HUDI,Huadi International Group Co Ltd,16369,4846,371K,109.83K,+42.1%,<.01%
11133T103,BR,Broadridge Financial Solutions Inc,703,703,109K,109K,NEW,<.01%
092479104,BYM,BlackRock Municipal Income Quality Trus,141832,8207,1.88M,108.55K,+6.1%,<.01%
05589T104,DMF,BNY Mellon Municipal Income Inc,131323,14253,997K,108.21K,+12.2%,<.01%
526057104,LEN,LENNAR CORP,4191,1289,340K,104.57K,+44.4%,<.01%
34964C106,FBIN,Fortune Brands Home & Security Inc,14286,1400,1.06M,103.98K,+10.9%,<.01%
296006109,ERO,ERO Copper Corp,65742,7029,962K,102.86K,+12%,<.01%
171484108,CHDN,Churchill Downs Inc,10744,463,2.38M,102.69K,+4.5%,<.01%
09662E109,DSM,BNY Mellon Strategic Municipal Bond Fun,264180,14514,1.87M,102.63K,+5.8%,<.01%
G7997R103,STX,Seagate Technology Holdings PLC,3694,1137,332K,102.19K,+44.5%,<.01%
03750L109,AIRC,Apartment Income REIT Corp,14086,1845,753K,98.63K,+15.1%,<.01%
11275Q107,BIPC.TO,Brookfield Infrastructure Corp,12466,1302,940K,98.18K,+11.7%,<.01%
97651M109,WIT,Wipro Ltd,12759,12759,98K,98K,NEW,<.01%
14316J108,CG,Carlyle Group Inc/The,9579,1988,469K,97.34K,+26.2%,<.01%
01864U106,AFB,AllianceBernstein National Municipal In,156248,7721,1.97M,97.2K,+5.2%,<.01%
G491BT108,IVZ,Invesco Ltd,4225,4225,97K,97K,NEW,<.01%
55336V100,MPLX,MPLX LP,34317,2918,1.14M,96.85K,+9.3%,<.01%
277276101,EGP,EastGroup Properties Inc,3620,474,736K,96.37K,+15.1%,<.01%
018802108,LNT,Alliant Energy Corp,48311,1541,3.02M,96.27K,+3.3%,<.01%
03674X106,AR,Antero Resources Corp,3156,3156,96K,96K,NEW,<.01%
85254J102,STAG,STAG Industrial Inc,16045,2317,663K,95.74K,+16.9%,<.01%
37959E102,GL,Globe Life Inc,9706,951,976K,95.63K,+10.9%,<.01%
05588W108,LEO,BNY Mellon Strategic Municipals Inc,340171,13131,2.45M,94.42K,+4%,<.01%
74762E102,PWR,Quanta Services Inc,4759,713,626K,93.79K,+17.6%,<.01%
775711104,ROL,Rollins Inc,27283,2675,956K,93.73K,+10.9%,<.01%
446413106,HII,Huntington Ingalls Industries Inc,4731,463,944K,92.38K,+10.8%,<.01%
784117103,SEIC,SEI Investments Co,15420,1514,928K,91.11K,+10.9%,<.01%
08265T208,BSY,Bentley Systems Inc,21001,2061,928K,91.07K,+10.9%,<.01%
024835100,,American Campus Communities Inc,12341,1616,691K,90.48K,+15.1%,<.01%
09254C107,MUE,BlackRock MuniHoldings Quality Fund II,122107,7476,1.48M,90.37K,+6.5%,<.01%
11120U105,BRX,Brixmor Property Group Inc,26682,3494,689K,90.22K,+15.1%,<.01%
98419M100,XYL,Xylem Inc/NY,7460,1041,636K,88.75K,+16.2%,<.01%
46132E103,VKI,Invesco Advantage Municipal Income Trus,188490,8450,1.97M,88.4K,+4.7%,<.01%
55303A105,,MGM Growth Properties LLC,47668,2269,1.84M,87.82K,+5%,<.01%
03064D108,COLD,Americold Realty Trust,24043,3149,670K,87.75K,+15.1%,<.01%
952845105,WFG,West Fraser Timber Co Ltd,3651,1049,300K,86.2K,+40.3%,<.01%
84860W300,UNITDSPR,Spirit Realty Capital Inc,11476,1845,528K,84.89K,+19.2%,<.01%
75281A109,RRC,Range Resources Corp,2764,2764,84K,84K,NEW,<.01%
042735100,ARW,Arrow Electronics Inc,2301,707,273K,83.88K,+44.4%,<.01%
147448104,CWST,Casella Waste Systems Inc,29077,948,2.55M,83.11K,+3.4%,<.01%
451107106,IDA,IDACORP Inc,9715,715,1.12M,82.5K,+7.9%,<.01%
192422103,CGNX,Cognex Corp,20032,1065,1.54M,82.14K,+5.6%,<.01%
42809H107,HES,Hess Corp,3214,767,344K,82.09K,+31.3%,<.01%
46121Y201,IPI,Intrepid Potash Inc,1002,1002,82K,82K,NEW,<.01%
388689101,GPK,Graphic Packaging Holding Co,9556,4011,192K,80.59K,+72.3%,<.01%
435763107,,Holly Energy Partners LP,4517,4517,80K,80K,NEW,<.01%
754907103,RYN,RAYONIER INC,4523,1938,186K,79.7K,+75%,<.01%
550241103,LUMN,Lumen Technologies Inc,22852,7029,258K,79.36K,+44.4%,<.01%
V5633W109,MMYT,MakeMyTrip Ltd,22498,2953,604K,79.28K,+15.1%,<.01%
371927104,GEL,Genesis Energy LP,6769,6769,79K,79K,NEW,<.01%
69327R101,,PDC Energy Inc,1089,1089,79K,79K,NEW,<.01%
03676B102,AM,Antero Midstream Corp,89521,7218,973K,78.45K,+8.8%,<.01%
27826U108,EVN,Eaton Vance Municipal Income Trust,209907,6603,2.48M,78.17K,+3.2%,<.01%
128030202,CALM,Cal-Maine Foods Inc,4672,1390,258K,76.76K,+42.4%,<.01%
48203R104,JNPR,Juniper Networks Inc,6503,2000,242K,74.43K,+44.4%,<.01%
191216100,KO,Coca-Cola Co/The,2226015,1193,138.01M,73.97K,+0.1%,0.28%
443201108,HWM,Howmet Aerospace Inc,9469,2057,340K,73.86K,+27.8%,<.01%
15135U109,CVE,Cenovus Energy Inc,15693,4411,262K,73.64K,+39.1%,<.01%
78467J100,SSNC,SS&C Technologies Holdings Inc,3149,969,236K,72.62K,+44.4%,<.01%
159864107,CRL,Charles River Laboratories Internationa,56779,253,16.12M,71.85K,+0.4%,0.03%
209115104,ED,Consolidated Edison Inc,68375,756,6.47M,71.58K,+1.1%,0.01%
636180101,NFG,National Fuel Gas Co,1030,1030,71K,71K,NEW,<.01%
46269C102,IRDM,Iridium Communications Inc,17477,1758,705K,70.92K,+11.2%,<.01%
L67359106,NEXA,Nexa Resources SA,15771,7583,147K,70.68K,+92.6%,<.01%
222795502,CUZ,Cousins Properties Inc,13361,1750,538K,70.47K,+15.1%,<.01%
736508847,POR,Portland General Electric Co,17264,1273,952K,70.2K,+8%,<.01%
70614W100,PTON,Peloton Interactive Inc,54334,2652,1.44M,70.09K,+5.1%,<.01%
092113109,BKH,Black Hills Corp,12276,905,945K,69.67K,+8%,<.01%
09254P108,,BlackRock MuniHoldings Investment Quali,226447,5631,2.78M,69.03K,+2.6%,<.01%
92932M101,,WNS Holdings Ltd,803,803,69K,69K,NEW,<.01%
559222401,MGA,Magna International Inc,3480,1071,223K,68.63K,+44.5%,<.01%
67074M101,,Nuveen Enhanced Municipal Value Fund,134863,5261,1.76M,68.5K,+4.1%,<.01%
576485205,MTDR,Matador Resources Co,1263,1263,67K,67K,NEW,<.01%
71654V408,PBR,Petroleo Brasileiro SA,21026,4510,311K,66.71K,+27.3%,<.01%
G5480U120,,Liberty Global PLC,16069,2544,416K,65.86K,+18.8%,<.01%
68235P108,OGS,ONE Gas Inc,10116,746,893K,65.85K,+8%,<.01%
25960P109,DEI,Douglas Emmett Inc,14994,1963,501K,65.59K,+15.1%,<.01%
64110D104,NTAP,NETAPP INC,2539,781,211K,64.9K,+44.4%,<.01%
G2519Y108,BAP,Credicorp Ltd,14053,375,2.42M,64.44K,+2.7%,<.01%
872590104,TMUS,T-Mobile US Inc,15663,498,2.01M,63.91K,+3.3%,<.01%
419870100,HE,Hawaiian Electric Industries Inc,20348,1499,861K,63.43K,+8%,<.01%
034164103,ANDE,Andersons Inc/The,3968,1255,199K,62.94K,+46.3%,<.01%
05605H100,BWXT,BWX Technologies Inc,20920,1168,1.13M,62.92K,+5.9%,<.01%
008492100,ADC,Agree Realty Corp,6301,941,418K,62.42K,+17.6%,<.01%
668074305,NWE,NorthWestern Corp,10408,1022,630K,61.86K,+10.9%,<.01%
535555106,LNN,Lindsay Corp,1830,392,287K,61.48K,+27.3%,<.01%
029899101,AWR,American States Water Co,7461,679,664K,60.43K,+10%,<.01%
09253X102,MUI,BlackRock Municipal Income Fund Inc,207400,4589,2.72M,60.25K,+2.3%,<.01%
637870106,NSA,National Storage Affiliates Trust,7276,953,457K,59.86K,+15.1%,<.01%
929740108,WAB,Westinghouse Air Brake Technologies Cor,2013,619,194K,59.66K,+44.4%,<.01%
78377T107,RHP,Ryman Hospitality Properties Inc,4817,631,447K,58.55K,+15.1%,<.01%
G4474Y214,JHG,Janus Henderson Group PLC,6920,1660,242K,58.05K,+31.6%,<.01%
49803T300,KRG,Kite Realty Group Trust,19440,2546,443K,58.02K,+15.1%,<.01%
130788102,CWT,California Water Service Group,10643,976,631K,57.86K,+10.1%,<.01%
233368109,KTF,DWS Municipal Income Trust,242278,5558,2.52M,57.86K,+2.3%,<.01%
19239V302,CCOI,Cogent Communications Holdings Inc,7078,862,470K,57.24K,+13.9%,<.01%
25470F302,,Warner Bros Discovery Inc,7449,2291,186K,57.21K,+44.4%,<.01%
03990B101,ARES,Ares Management Corp,6618,703,538K,57.15K,+11.9%,<.01%
45781V101,IIPR,Innovative Industrial Properties Inc,2123,278,436K,57.09K,+15.1%,<.01%
387437114,,Granite Real Estate Investment Trust,5555,728,428K,56.09K,+15.1%,<.01%
431284108,HIW,Highwoods Properties Inc,9263,1213,424K,55.52K,+15.1%,<.01%
G3R33A106,EBON.MX,Ebang International Holdings Inc,47660,47660,55K,55K,NEW,<.01%
683715106,OTEX,Open Text Corp,4199,1292,178K,54.77K,+44.4%,<.01%
72651A207,PAGP,Plains GP Holdings LP,54933,4739,634K,54.69K,+9.4%,<.01%
002824100,ABT,Abbott Laboratories,28238,462,3.34M,54.68K,+1.7%,<.01%
534187109,LNC,Lincoln National Corp,2707,832,177K,54.4K,+44.4%,<.01%
700517105,PK,Park Hotels & Resorts Inc,21162,2771,413K,54.08K,+15.1%,<.01%
636518102,,National Instruments Corp,1334,1334,54K,54K,NEW,<.01%
443510607,HUBB,Hubbell Inc,1715,289,316K,53.25K,+20.3%,<.01%
053774105,CAR,Avis Budget Group Inc,1462,201,385K,52.93K,+15.9%,<.01%
09250B103,BTA,Blackrock Long-Term Municipal Advantage,49900,4497,585K,52.72K,+9.9%,<.01%
29530P102,ERIE,Erie Indemnity Co,3052,299,538K,52.71K,+10.9%,<.01%
440452100,HRL,Hormel Foods Corp,30548,1009,1.57M,51.99K,+3.4%,<.01%
05351W103,AGR,Avangrid Inc,12974,1107,606K,51.71K,+9.3%,<.01%
86730L109,,Sundial Growers Inc,253874,73552,178K,51.57K,+40.8%,<.01%
529043101,LXP,LXP Industrial Trust,25032,3278,393K,51.46K,+15.1%,<.01%
84857L101,SR,Spire Inc,9723,715,698K,51.33K,+7.9%,<.01%
320517105,FHN,First Horizon National Corp,15818,2172,372K,51.08K,+15.9%,<.01%
866796105,SLF,Sun Life Financial Inc,14893,908,831K,50.66K,+6.5%,<.01%
G6095L109,,Aptiv PLC,6877,417,823K,49.9K,+6.5%,<.01%
018522300,ALE,ALLETE Inc,10070,743,674K,49.73K,+8%,<.01%
44951Y102,,Hyzon Motors Inc,250268,7765,1.6M,49.61K,+3.2%,<.01%
64124P101,NBH,Neuberger Berman Municipal Fund Inc,68109,3722,904K,49.4K,+5.8%,<.01%
444097109,HPP,Hudson Pacific Properties Inc,13360,1750,371K,48.6K,+15.1%,<.01%
26884U109,EPR,EPR Properties,6670,873,365K,47.77K,+15.1%,<.01%
421946104,HR,Healthcare Realty Trust Inc,13214,1730,363K,47.52K,+15.1%,<.01%
737630103,PCH,PotlatchDeltic Corp,2106,894,111K,47.12K,+73.8%,<.01%
29452E101,EQH,Equitable Holdings Inc,4804,1484,148K,45.72K,+44.7%,<.01%
89612W102,,Tricon Residential Inc,21818,2857,347K,45.44K,+15.1%,<.01%
35137L105,FOXA,Fox Corp,3723,1150,147K,45.41K,+44.7%,<.01%
88146M101,TRNO,Terreno Realty Corp,9600,613,711K,45.4K,+6.8%,<.01%
71943U104,,Physicians Realty Trust,19746,2586,346K,45.31K,+15.1%,<.01%
05379B107,AVA,Avista Corp,13579,1001,613K,45.19K,+8%,<.01%
03784Y200,APLE,Apple Hospitality REIT Inc,19201,2514,345K,45.17K,+15.1%,<.01%
G4863A108,BRSL,International Game Technology PLC,44912,1824,1.11M,45K,+4.2%,<.01%
015857105,AQN,Algonquin Power & Utilities Corp,7056,2885,109K,44.57K,+69.2%,<.01%
969904101,WSM,Williams-Sonoma Inc,2177,299,316K,43.4K,+15.9%,<.01%
02005N100,ALLY,Ally Financial Inc,3182,983,138K,42.63K,+44.7%,<.01%
533900106,LECO,Lincoln Electric Holdings Inc,2015,310,277K,42.62K,+18.2%,<.01%
20441B605,ELP,Cia Paranaense de Energia,76590,5445,599K,42.58K,+7.7%,<.01%
811543107,SEB,Seaboard Corp,32,10,135K,42.19K,+45.5%,<.01%
46590V100,JBGS,JBG SMITH Properties,11014,1442,322K,42.16K,+15.1%,<.01%
958669103,WES,Western Midstream Partners LP,18199,1666,459K,42.02K,+10.1%,<.01%
726503105,PAA,Plains All American Pipeline LP,46897,3839,505K,41.34K,+8.9%,<.01%
55277P104,MGEE,MGE Energy Inc,6986,515,557K,41.06K,+8%,<.01%
25401T108,,DigitalBridge Group Inc,43457,5691,313K,40.99K,+15.1%,<.01%
26875P101,EOG,EOG Resources Inc,5534,340,660K,40.55K,+6.5%,<.01%
68389X105,ORCL,Oracle Corp,32478,490,2.69M,40.54K,+1.5%,<.01%
562750109,MANH,Manhattan Associates Inc,2116,290,294K,40.29K,+15.9%,<.01%
91325V108,UNIT,Uniti Group Inc,29090,2926,400K,40.23K,+11.2%,<.01%
11135E203,BNL,Broadstone Net Lease Inc,14096,1846,307K,40.2K,+15.1%,<.01%
23345M107,DTM,DT Midstream Inc,23192,741,1.26M,40.19K,+3.3%,<.01%
78573L106,SBRA,Sabra Health Care REIT Inc,20455,2679,305K,39.95K,+15.1%,<.01%
V7780T103,RCL,Royal Caribbean Cruises Ltd,3454,474,289K,39.66K,+15.9%,<.01%
156782104,,Cerner Corp,7480,422,700K,39.49K,+6%,<.01%
69360J107,,PS Business Parks Inc,1799,235,302K,39.45K,+15%,<.01%
942622200,WSO,watsco inc,930,128,283K,38.95K,+16%,<.01%
72201A103,XPMQX,PIMCO Municipal Income Fund III,100892,3688,1.05M,38.24K,+3.8%,<.01%
22002T108,CDP,Corporate Office Properties Trust,10117,1325,289K,37.85K,+15.1%,<.01%
70509V100,PEB,Pebblebrook Hotel Trust,11643,1525,285K,37.33K,+15.1%,<.01%
27579R104,EWBC,East West Bancorp Inc,3433,471,271K,37.18K,+15.9%,<.01%
371901109,GNTX,Gentex Corp,8411,1254,246K,36.68K,+17.5%,<.01%
29670E107,EPRT,Essential Properties Realty Trust Inc,10848,1420,274K,35.87K,+15.1%,<.01%
00790R104,WMS,Advanced Drainage Systems Inc,670,298,80K,35.58K,+80.1%,<.01%
88262P102,TPL,Texas Pacific Land Corp,192,26,260K,35.21K,+15.7%,<.01%
G36738105,DMC,Fresh Del Monte Produce Inc,4271,1354,111K,35.19K,+46.4%,<.01%
989701107,ZION,Zions Bancorporation,3887,534,255K,35.03K,+15.9%,<.01%
607409109,,Mobile TeleSystems PJSC,7426619,3513191,74K,35.01K,+89.8%,<.01%
784305104,HTO,SJW Group,5585,499,388K,34.67K,+9.8%,<.01%
09739D100,BCC,Boise Cascade Co,1223,496,85K,34.47K,+68.2%,<.01%
489398107,KW,Kennedy-Wilson Holdings Inc,10641,1393,260K,34.04K,+15.1%,<.01%
82981J109,,SITE Centers Corp,15519,2032,259K,33.91K,+15.1%,<.01%
665859104,NTRS,Northern Trust Corp,5015,287,584K,33.42K,+6.1%,<.01%
171779309,CIEN,Ciena Corp,3890,534,236K,32.4K,+15.9%,<.01%
957638109,WAL,Western Alliance Bancorp,2823,388,234K,32.16K,+15.9%,<.01%
7591EP100,RF,Regions Financial Corp,24234,1440,539K,32.03K,+6.3%,<.01%
12653C108,CNX,CNX Resources Corp,37948,1545,786K,32K,+4.2%,<.01%
75321W103,PACK,Ranpak Holdings Corp,2294,1555,47K,31.86K,+210.4%,<.01%
89531P105,TREX,Trex Co Inc,3543,486,231K,31.69K,+15.9%,<.01%
775109200,RCI,Rogers Communications Inc,9009,546,510K,30.91K,+6.5%,<.01%
354613101,BEN,Franklin Resources Inc,4094,1097,114K,30.55K,+36.6%,<.01%
63633D104,NHI,National Health Investors Inc,3919,514,231K,30.3K,+15.1%,<.01%
099724106,BWA,BorgWarner Inc,2532,782,98K,30.27K,+44.7%,<.01%
29977A105,EVR,Evercore Inc,1536,271,171K,30.17K,+21.4%,<.01%
867892101,SHO,Sunstone Hotel Investors Inc,19500,2554,230K,30.12K,+15.1%,<.01%
942749102,WTS,WATTS WATER TECHNOLOGIES INC,973,211,136K,29.49K,+27.7%,<.01%
453038408,IMO,Imperial Oil Ltd,2268,608,110K,29.49K,+36.6%,<.01%
243537107,DECK,DECKERS OUTDOOR CORP,766,105,210K,28.79K,+15.9%,<.01%
45784P101,PODD,Insulet Corp,1753,108,467K,28.77K,+6.6%,<.01%
89417E109,TRV,Travelers Cos Inc/The,1843,154,337K,28.16K,+9.1%,<.01%
105368203,BDN,Brandywine Realty Trust,15198,1990,215K,28.15K,+15.1%,<.01%
95058W100,WEN,Wendy's/Arby's Group Inc,1297,1297,28K,28K,NEW,<.01%
29273V100,ET,Energy Transfer LP,127623,2481,1.43M,27.76K,+2%,<.01%
293792107,EPD,Enterprise Products Partners LP,51597,1066,1.33M,27.52K,+2.1%,<.01%
74965L101,RLJ,RLJ Lodging Trust,14813,1939,209K,27.36K,+15.1%,<.01%
680223104,ORI,Old Republic International Corp,7658,1051,198K,27.17K,+15.9%,<.01%
81725T100,SXT,Sensient Technologies Corp,317,317,27K,27K,NEW,<.01%
59318D104,CXE,MFS High Income Municipal Trust,189900,6147,834K,27K,+3.3%,<.01%
76131N101,ROIC,Retail Opportunity Investments Corp,10647,1395,206K,26.99K,+15.1%,<.01%
23311P100,,DCP Midstream LP,8928,802,300K,26.95K,+9.9%,<.01%
880345103,TNC,Tennant Co,29698,337,2.34M,26.55K,+1.1%,<.01%
91307C102,UTHR,United Therapeutics Corp,1076,148,193K,26.55K,+15.9%,<.01%
83067L109,,Skillz Inc,114258,8797,343K,26.41K,+8.3%,<.01%
136635109,CSIQ,Canadian Solar Inc,19471,741,688K,26.18K,+4%,<.01%
117043109,BC,Brunswick Corp/DE,2344,322,190K,26.1K,+15.9%,<.01%
200525103,CBSH,Commerce Bancshares Inc/MO,2639,363,189K,26K,+15.9%,<.01%
91704F104,UE,Urban Edge Properties,10370,1358,198K,25.93K,+15.1%,<.01%
984017103,XHR,Xenia Hotels & Resorts Inc,10205,1336,197K,25.79K,+15.1%,<.01%
192479103,,Coherent Inc,681,94,186K,25.67K,+16%,<.01%
650111107,NYT,New York Times Co/The,4050,556,186K,25.53K,+15.9%,<.01%
31847R102,FAF,First American Financial Corp,2846,391,184K,25.28K,+15.9%,<.01%
939653101,ELME,Washington Real Estate Investment Trust,7583,993,193K,25.27K,+15.1%,<.01%
644393100,NFE,New Fortress Energy Inc,955,588,41K,25.24K,+160.2%,<.01%
720190206,PDM,Piedmont Office Realty Trust Inc,11107,1454,191K,25K,+15.1%,<.01%
515098101,LSTR,Landstar System Inc,1202,165,181K,24.85K,+15.9%,<.01%
169905106,CHH,Choice Hotels International Inc,1272,175,180K,24.76K,+16%,<.01%
252784301,DRH,DiamondRock Hospitality Co,18733,2453,189K,24.75K,+15.1%,<.01%
35086T109,FCPT,Four Corners Property Trust Inc,6920,906,187K,24.48K,+15.1%,<.01%
82982L103,SITE,SiteOne Landscape Supply Inc,1092,150,177K,24.31K,+15.9%,<.01%
69047Q102,OVV,Ovintiv Inc,2766,448,150K,24.3K,+19.3%,<.01%
44888K209,,Hydrofarm Holdings Group Inc,5089,1600,77K,24.21K,+45.9%,<.01%
87161C501,SNV,Synovus Financial Corp,3546,487,174K,23.9K,+15.9%,<.01%
69924R108,PGRE,Paramount Group Inc,16720,2189,182K,23.83K,+15.1%,<.01%
617700109,MORN,Morningstar Inc,635,87,173K,23.7K,+15.9%,<.01%
688239201,OSK,Oshkosh Corp,1706,234,172K,23.59K,+15.9%,<.01%
980745103,WWD,Woodward Inc,1378,189,172K,23.59K,+15.9%,<.01%
65341D102,NXRT,NexPoint Residential Trust Inc,1993,261,180K,23.57K,+15.1%,<.01%
608190104,MHK,Mohawk Industries Inc,611,189,76K,23.51K,+44.8%,<.01%
29336T100,ENLC,EnLink Midstream LLC,61611,2426,595K,23.43K,+4.1%,<.01%
00508Y102,AYI,Acuity Brands Inc,897,123,170K,23.31K,+15.9%,<.01%
253393102,DKS,Dick's Sporting Goods Inc,1688,232,169K,23.23K,+15.9%,<.01%
50202P105,,Li-Cycle Holdings Corp,2760,2760,23K,23K,NEW,<.01%
74167P108,PRMW,Cott Corp,1639,1639,23K,23K,NEW,<.01%
78709Y105,SAIA,Saia Inc,682,94,166K,22.88K,+16%,<.01%
30214U102,EXPO,Exponent Inc,1523,209,165K,22.64K,+15.9%,<.01%
66765N105,NWN,Northwest Natural Holding Co,5856,433,303K,22.4K,+8%,<.01%
004239109,AKR,Acadia Realty Trust,7778,1019,169K,22.14K,+15.1%,<.01%
024013104,AAT,American Assets Trust Inc,4473,586,169K,22.14K,+15.1%,<.01%
446150104,HBAN,Huntington Bancshares Inc/OH,36772,1513,538K,22.14K,+4.3%,<.01%
14174T107,CTRE,CareTrust REIT Inc,8643,1131,167K,21.85K,+15.1%,<.01%
G7S00T104,PNR,Pentair PLC,2412,396,131K,21.51K,+19.6%,<.01%
27616P103,DEA,Easterly Government Properties Inc,7756,1016,164K,21.48K,+15.1%,<.01%
023436108,AMED,Amedisys Inc,898,123,155K,21.23K,+15.9%,<.01%
29084Q100,EME,EMCOR GROUP INC,1375,188,155K,21.19K,+15.8%,<.01%
052800109,ALV,Autoliv Inc,1997,274,153K,20.99K,+15.9%,<.01%
89055F103,BLD,TopBuild Corp,840,116,152K,20.99K,+16%,<.01%
743606105,PB,Prosperity Bancshares Inc,2187,301,152K,20.92K,+16%,<.01%
249906108,DSGX,Descartes Systems Group Inc/The,2068,284,151K,20.74K,+15.9%,<.01%
87971M103,TU,TELUS Corp,11468,790,300K,20.67K,+7.4%,<.01%
35909D109,FYBR,Frontier Communications Parent Inc,5416,743,150K,20.58K,+15.9%,<.01%
875465106,SKT,Tanger Factory Outlet Centers Inc,9162,1200,157K,20.56K,+15.1%,<.01%
60510V108,AVO,Mission Produce Inc,5108,1609,65K,20.47K,+46%,<.01%
32020R109,FFIN,First Financial Bankshares Inc,3378,464,149K,20.47K,+15.9%,<.01%
537008104,LFUS,Littelfuse Inc,598,82,149K,20.43K,+15.9%,<.01%
739276103,POWI,Power Integrations Inc,1586,218,147K,20.21K,+15.9%,<.01%
030371108,AVD,American Vanguard Corp,3353,994,68K,20.16K,+42.1%,<.01%
014491104,ALEX,Alexander & Baldwin Inc,6490,850,151K,19.78K,+15.1%,<.01%
231561101,CW,Curtiss-Wright Corp,955,131,143K,19.62K,+15.9%,<.01%
98585X104,YETI,YETI Holdings Inc,2362,324,142K,19.48K,+15.9%,<.01%
72200R107,PMF,PIMCO Municipal Income Fund,77739,1618,932K,19.4K,+2.1%,<.01%
54975P102,,Lufax Holding Ltd,14864,3465,83K,19.35K,+30.4%,<.01%
379378201,GNL,Global Net Lease Inc,9342,1224,147K,19.26K,+15.1%,<.01%
695263103,,PacWest Bancorp,3216,442,139K,19.1K,+15.9%,<.01%
902681105,UGI,UGI Corp,2386,530,86K,19.1K,+28.6%,<.01%
653656108,NICE,Nice Ltd,15623,87,3.42M,19.05K,+0.6%,<.01%
816300107,SIGI,Selective Insurance Group Inc,1527,210,136K,18.7K,+15.9%,<.01%
04208T108,AHRT,Armada Hoffler Properties Inc,5970,1270,87K,18.51K,+27%,<.01%
410867105,THG,Hanover Insurance Group Inc/The,895,123,134K,18.42K,+15.9%,<.01%
90278Q108,UFPI,UFP Industries Inc,1740,239,134K,18.41K,+15.9%,<.01%
49714P108,KNSL,Kinsale Capital Group Inc,587,80,134K,18.26K,+15.8%,<.01%
829073105,SSD,Simpson Manufacturing Co Inc,1206,166,132K,18.17K,+16%,<.01%
552738106,MFM,MFS Municipal Income Trust,254046,2956,1.55M,18.09K,+1.2%,<.01%
74164M108,PRI,Primerica Inc,956,132,131K,18.09K,+16%,<.01%
554489104,VRE,VERIS RESIDENTIAL INC,7866,1030,137K,17.94K,+15.1%,<.01%
441593100,HLI,Houlihan Lokey Inc,1481,203,130K,17.82K,+15.9%,<.01%
75524B104,RBC,RBC Bearings Inc,672,92,130K,17.8K,+15.9%,<.01%
302941109,FCN,FTI CONSULTING INC,822,113,129K,17.73K,+15.9%,<.01%
502175102,LTC,LTC Properties Inc,3487,457,134K,17.56K,+15.1%,<.01%
822634101,,Shell Midstream Partners LP,13745,1233,195K,17.49K,+9.9%,<.01%
577933104,MMS,MAXIMUS Inc,1698,233,127K,17.43K,+15.9%,<.01%
25659T107,DLB,Dolby Laboratories Inc,1618,222,127K,17.43K,+15.9%,<.01%
294628102,EQC,Equity Commonwealth,9744,615,275K,17.36K,+6.7%,<.01%
37637Q105,GBCI,Glacier Bancorp Inc,2508,345,126K,17.33K,+16%,<.01%
58506Q109,MEDP,Medpace Holdings Inc,772,106,126K,17.3K,+15.9%,<.01%
499049104,KNX,Swift Transportation Co,1104,341,56K,17.3K,+44.7%,<.01%
904214103,,Umpqua Holdings Corp,6681,917,126K,17.29K,+15.9%,<.01%
456237106,ILPT,Industrial Logistics Properties Trust,5819,762,132K,17.29K,+15.1%,<.01%
05329W102,AN,AutoNation Inc,1262,173,126K,17.27K,+15.9%,<.01%
418056107,HAS,Hasbro Inc,3332,209,273K,17.12K,+6.7%,<.01%
81761L102,SVC,Service Properties Trust,14699,1925,130K,17.02K,+15.1%,<.01%
626755102,MUSA,Murphy USA Inc,620,85,124K,17K,+15.9%,<.01%
06417N103,OZK,Bank OZK,2889,397,123K,16.9K,+15.9%,<.01%
172755100,CRUS,CIRRUS LOGIC INC,1450,199,123K,16.88K,+15.9%,<.01%
G4388N106,HELE,Helen of Troy Ltd,624,85,122K,16.62K,+15.8%,<.01%
15202L107,CSR,Centerspace,1280,168,126K,16.54K,+15.1%,<.01%
74758T303,QLYS,Qualys Inc,843,116,120K,16.51K,+16%,<.01%
775133101,ROG,Rogers Corp,447,61,121K,16.51K,+15.8%,<.01%
292104106,ESRT,Empire State Realty Trust Inc,12807,1677,126K,16.5K,+15.1%,<.01%
59151K108,MEOH,Methanex Corp,779,306,42K,16.5K,+64.7%,<.01%
302081104,EXLS,ExlService Holdings Inc,826,113,118K,16.14K,+15.8%,<.01%
87663X102,TTCFQ,Tattooed Chef Inc,6752,1270,85K,15.99K,+23.2%,<.01%
G3198U102,ESNT,Essent Group Ltd,2822,388,116K,15.95K,+15.9%,<.01%
749607107,RLI,RLI Corp,1052,144,116K,15.88K,+15.9%,<.01%
G02602103,DOX,Amdocs Ltd,34360,192,2.83M,15.79K,+0.6%,<.01%
553498106,MSA,MSA Safety Inc,858,118,114K,15.68K,+15.9%,<.01%
552848103,MTG,MGIC Investment Corp,8097,1112,110K,15.11K,+15.9%,<.01%
31154R109,FPI,Farmland Partners Inc,4934,1094,68K,15.08K,+28.5%,<.01%
46124J201,IVT,InvenTrust Properties Corp,6062,487,187K,15.02K,+8.7%,<.01%
885160101,THO,Thor Industries Inc,1338,184,105K,14.44K,+15.9%,<.01%
44930G107,ICUI,ICU Medical Inc,469,65,104K,14.41K,+16.1%,<.01%
896288107,TNET,TriNet Group Inc,1071,147,105K,14.41K,+15.9%,<.01%
67623C109,OPI,Office Properties Income Trust,4288,561,110K,14.39K,+15.1%,<.01%
20441A102,SBS,Cia de Saneamento Basico do Estado de S,3590,1472,35K,14.35K,+69.5%,<.01%
03743Q108,APA,APA Corp,3560,338,147K,13.96K,+10.5%,<.01%
353514102,FELE,Franklin Electric Co Inc,405,164,34K,13.77K,+68%,<.01%
35138V102,FOXF,Fox Factory Holding Corp,1016,139,100K,13.68K,+15.8%,<.01%
G3323L100,FN,Fabrinet,943,130,99K,13.65K,+16%,<.01%
374297109,GTY,Getty Realty Corp,3648,478,104K,13.63K,+15.1%,<.01%
09627Y109,BPMC,Blueprint Medicines Corp,1548,213,99K,13.62K,+16%,<.01%
G81276100,SIG,Signet Jewelers Ltd,1363,187,99K,13.58K,+15.9%,<.01%
146229109,CRI,Carter's Inc,1080,148,99K,13.57K,+15.9%,<.01%
100557107,SAM,Boston Beer Co Inc/The,256,35,99K,13.54K,+15.8%,<.01%
78645L100,,Safehold Inc,1861,244,103K,13.5K,+15.1%,<.01%
74971D101,,RPT Realty,7499,982,103K,13.49K,+15.1%,<.01%
670671106,,Nuveen Intermediate Duration Municipal,195473,973,2.71M,13.47K,+0.5%,<.01%
278768106,ECHO,EchoStar Corp,5521,554,134K,13.45K,+11.2%,<.01%
03748R747,AIV,Apartment Investment and Management Co,15875,1772,116K,12.95K,+12.6%,<.01%
35905A109,FTDR,Frontdoor Inc,3091,425,92K,12.65K,+15.9%,<.01%
18539C204,CWEN,Clearway Energy Inc,851,344,31K,12.53K,+67.9%,<.01%
477839104,JBTM,John Bean Technologies Corp,1122,103,133K,12.21K,+10.1%,<.01%
866082100,INN,Summit Hotel Properties Inc,9291,1217,93K,12.18K,+15.1%,<.01%
500643200,KFY,Korn/Ferry International,1359,187,88K,12.11K,+16%,<.01%
67058H102,,NuStar Energy LP,7572,825,109K,11.88K,+12.2%,<.01%
20369C106,CHCT,Community Healthcare Trust Inc,2139,280,90K,11.78K,+15.1%,<.01%
12685J105,CABO,Cable One Inc,138,8,202K,11.71K,+6.2%,<.01%
02607T109,,Necessity Retail REIT Inc/The,11119,1456,88K,11.52K,+15.1%,<.01%
59001A102,MTH,Meritage Homes Corp,991,136,79K,10.84K,+15.9%,<.01%
60786M105,MC,Moelis & Co,1691,232,79K,10.84K,+15.9%,<.01%
02361E108,AMRC,Ameresco Inc,327,136,26K,10.81K,+71.2%,<.01%
M3760D101,ESLT,Elbit Systems Ltd,8659,49,1.91M,10.8K,+0.6%,<.01%
68629Y103,ONL,Orion Office REIT Inc,26571,762,372K,10.67K,+3%,<.01%
553530106,MSM,MSC Industrial Direct Co Inc,657,122,56K,10.4K,+22.8%,<.01%
465741106,ITRI,Itron Inc,469,189,25K,10.07K,+67.5%,<.01%
344849104,FL,Foot Locker Inc,2447,336,73K,10.02K,+15.9%,<.01%
00788A105,,Advent Technologies Holdings Inc,88372,4231,205K,9.81K,+5%,<.01%
M98068105,WIX,Wix.com Ltd,15523,86,1.62M,8.99K,+0.6%,<.01%
69269L104,OZON,Ozon Holdings PLC,1881257,889499,19K,8.98K,+89.7%,<.01%
25525P107,DHC,Diversified Healthcare Trust,21255,2784,68K,8.91K,+15.1%,<.01%
N97284108,NBIS,Yandex NV,2266593,874663,23K,8.88K,+62.8%,<.01%
91359E105,UHT,Universal Health Realty Income Trust,1149,150,67K,8.75K,+15%,<.01%
314211103,FHI,Federated Hermes Inc,1246,254,42K,8.56K,+25.6%,<.01%
G6674U108,NVCR,Novocure Ltd,18147,101,1.5M,8.37K,+0.6%,<.01%
086516101,BBY,Best Buy Co Inc,69263,90,6.3M,8.18K,+0.1%,0.01%
30063P105,EXAS,EXACT SCIENCES CORP,182408,116,12.75M,8.11K,+0.1%,0.03%
M87915274,TSEM,Tower Semiconductor Ltd,29469,165,1.43M,7.98K,+0.6%,<.01%
92847W103,VITL,Vital Farms Inc,2865,587,35K,7.17K,+25.8%,<.01%
922280102,VRNS,Varonis Systems Inc,26274,146,1.25M,6.94K,+0.6%,<.01%
92189F536,MLN,VanEck Long Muni ETF,20339,326,394K,6.32K,+1.6%,<.01%
19247A100,CNS,Cohen & Steers Inc,212,67,18K,5.69K,+46.2%,<.01%
585464100,MLCO,Melco Resorts & Entertainment Ltd,64823,689,495K,5.26K,+1.1%,<.01%
294600101,,Equitrans Midstream Corp,87538,567,739K,4.79K,+0.7%,<.01%
92343X100,VRNT,Verint Systems Inc,16039,89,829K,4.6K,+0.6%,<.01%
M4R82T106,FVRR,Fiverr International Ltd,10734,60,817K,4.57K,+0.6%,<.01%
M2682V108,CYBR,CyberArk Software Ltd,12505,26,2.11M,4.39K,+0.2%,<.01%
M5425M103,INMD,Inmode Ltd,17631,98,651K,3.62K,+0.6%,<.01%
72815L107,PLTK,Playtika Holding Corp,33045,184,639K,3.56K,+0.6%,<.01%
09247D105,BKN,BlackRock Investment Quality Municipal,52817,230,760K,3.31K,+0.4%,<.01%
05968L102,CIB,BanColombia SA,70,70,3K,3K,NEW,<.01%
80874P109,LNWO,Scientific Games Corp,25991,49,1.53M,2.88K,+0.2%,<.01%
M9T951109,ZIM,ZIM Integrated Shipping Services Ltd,16606,34,1.21M,2.47K,+0.2%,<.01%
M6372Q113,KRNT,Kornit Digital Ltd,13553,28,1.12M,2.32K,+0.2%,<.01%
30052F100,EVGO,EVgo Inc,20850,170,268K,2.19K,+0.8%,<.01%
714266103,PPTA,Perpetua Resources Corp,284670,500,1.16M,2.04K,+0.2%,<.01%
M81873107,RDWR,RADWARE Ltd,10692,60,342K,1.92K,+0.6%,<.01%
M7516K103,NVMI,Nova Ltd,8110,17,883K,1.85K,+0.2%,<.01%
00776D103,,Aenza SAA,74880,1080,123K,1.77K,+1.5%,<.01%
63008G203,NNDM,Nano Dimension Ltd,82214,458,293K,1.63K,+0.6%,<.01%
M5216V106,GLBE,Global-e Online Ltd,22916,48,774K,1.62K,+0.2%,<.01%
M7S64H106,MNDY,Monday.com Ltd,4936,10,780K,1.58K,+0.2%,<.01%
670837103,OGE,OGE Energy Corp,38537,37,1.57M,1.51K,+0.1%,<.01%
M5R75Y101,,ironSource Ltd,132480,276,636K,1.32K,+0.2%,<.01%
M15342104,AUDC,AudioCodes Ltd,7522,42,192K,1.07K,+0.6%,<.01%
M25133105,CGNT,Cognyte Software Ltd,16687,93,189K,1.05K,+0.6%,<.01%
M6191J100,FROG,JFrog Ltd,18590,38,501K,1.02K,+0.2%,<.01%
98980A105,ZTO,ZTO Express Cayman Inc,40,40,1K,1K,NEW,<.01%
M85548101,SSYS,Stratasys Ltd,15412,32,391K,811.83,+0.2%,<.01%
52567D107,LMND,Lemonade Inc,14467,30,381K,790.07,+0.2%,<.01%
538146101,LPSN,LivePerson Inc,15385,32,376K,782.06,+0.2%,<.01%
M8744T106,TBLA,Taboola.com Ltd,69956,146,361K,753.42,+0.2%,<.01%
26916J106,GWH,ESS Tech Inc,7930,130,44K,721.31,+1.7%,<.01%
M8737E108,,Taro Pharmaceutical Industries Ltd,2938,16,127K,691.63,+0.5%,<.01%
70451X104,PAYO,Payoneer Global Inc,63069,131,281K,583.66,+0.2%,<.01%
559166103,MGIC,Magic Software Enterprises Ltd,5606,31,97K,536.39,+0.6%,<.01%
157210105,CEVA,Ceva Inc,5997,13,244K,528.93,+0.2%,<.01%
92189F411,BIZD,VanEck BDC Income ETF,628,30,11K,525.48,+5%,<.01%
M20791105,CAMT,Camtek Ltd/Israel,8323,17,254K,518.8,+0.2%,<.01%
G7T16G103,SPNS,Sapiens International Corp NV,9644,20,245K,508.09,+0.2%,<.01%
M81863124,,RADA Electronic Industries Ltd,16664,34,232K,473.36,+0.2%,<.01%
M78673114,PERI,Perion Network Ltd,9874,20,222K,449.67,+0.2%,<.01%
M25722105,CGEN,Compugen Ltd,21426,120,69K,386.45,+0.6%,<.01%
92189H102,DURA,VanEck Morningstar Durable Dividend ETF,150338,9,4.9M,293.28,+0%,0.01%
M70700105,NNOX,Nano-X Imaging Ltd,12101,25,131K,270.64,+0.2%,<.01%
M51474118,GILT,Gilat Satellite Networks Ltd,13608,28,120K,246.91,+0.2%,<.01%
G50871105,JAZZ,Jazz Pharmaceuticals PLC,74676,1,11.62M,155.67,+0%,0.02%
92189F486,FLTR,VanEck Investment Grade Floating Rate E,495100,0,12.43M,0,NO CHANGE,0.03%
92189H821,DAPP,VanEck Digital Transformation ETF,375190,0,5.67M,0,NO CHANGE,0.01%
92189H813,SMI,VanEck HIP Sustainable Muni ETF,50000,0,2.35M,0,NO CHANGE,<.01%
36118L106,FUTU,Futu Holdings Ltd,54500,0,1.77M,0,NO CHANGE,<.01%
088606108,BHP,BHP Group Ltd,9000,0,695K,0,NO CHANGE,<.01%
26874R108,E,ENI SpA,19000,0,556K,0,NO CHANGE,<.01%
91531W106,TIGR,Up Fintech Holding Ltd,74181,0,363K,0,NO CHANGE,<.01%
92189F387,SHYD,VanEck Short High Yield MuniETF,8801,0,205K,0,NO CHANGE,<.01%
896239100,TRMB,Trimble Inc,2666,0,192K,0,NO CHANGE,<.01%
058498106,BALL,Ball Corp,2022,0,182K,0,NO CHANGE,<.01%
082490111,BHLWQ,Benson Hill Inc,241400,0,109K,0,NO CHANGE,<.01%
65341B106,XIFR,NextEra Energy Partners LP,730,0,61K,0,NO CHANGE,<.01%
920253101,VMI,Valmont Industries Inc,204,0,49K,0,NO CHANGE,<.01%
G16258108,BEP,Brookfield Renewable Partners LP,1200,0,49K,0,NO CHANGE,<.01%
24610T108,VFL,Delaware Investments National Municipal,3052,0,39K,0,NO CHANGE,<.01%
59318B108,CXH,MFS Investment Grade Municipal Trust,4336,0,37K,0,NO CHANGE,<.01%
64123C101,,Neuberger Berman California Municipal F,3013,0,37K,0,NO CHANGE,<.01%
670972108,NQP,Nuveen Pennsylvania Quality Municipal I,2748,0,37K,0,NO CHANGE,<.01%
27827Y109,,Eaton Vance New York Municipal Bond Fun,3456,0,36K,0,NO CHANGE,<.01%
59318E102,CMU,MFS High Yield Municipal Trust,9323,0,36K,0,NO CHANGE,<.01%
67069Y102,NXJ,Nuveen New Jersey Quality Municipal Inc,2687,0,36K,0,NO CHANGE,<.01%
670980101,,Nuveen Ohio Quality Municipal Income Fu,2631,0,36K,0,NO CHANGE,<.01%
87266J104,TPICQ,TPI Composites Inc,2500,0,35K,0,NO CHANGE,<.01%
88830M102,TWI,Titan International Inc,1690,0,25K,0,NO CHANGE,<.01%
53960E106,LOCL,Local Bounti Corp,2776,0,24K,0,NO CHANGE,<.01%
92189F460,XMPT,VanEck CEF Muni Income ETF,918,0,23K,0,NO CHANGE,<.01%
03236M200,AAPL,Amyris Inc,4732,0,21K,0,NO CHANGE,<.01%
08579W103,BERY,Berry Plastics Group Inc,348,0,20K,0,NO CHANGE,<.01%
92189F437,ANGL,VanEck Fallen Angel High Yield Bond ETF,609,0,19K,0,NO CHANGE,<.01%
37611X100,DNA.MX,Ginkgo Bioworks Holdings Inc,4152,0,17K,0,NO CHANGE,<.01%
92189H805,REMX,VanEck Rare Earth and Strategic Metals,101,0,12K,0,NO CHANGE,<.01%
92189F429,PFXF,VanEck Preferred Securities ex Financia,475,0,10K,0,NO CHANGE,<.01%
92189F445,IHY,VanEck International High Yield Bond ET,405,0,9K,0,NO CHANGE,<.01%
26922A420,QTUM,Defiance Quantum ETF,151,0,8K,0,NO CHANGE,<.01%
127537207,CDZI,Cadiz Inc,2886,0,6K,0,NO CHANGE,<.01%
26922A289,UFOX,Defiance Next Gen Connectivity ETF,157,0,6K,0,NO CHANGE,<.01%
92189Y204,EMET,VanEck Green Metals ETF,150,0,6K,0,NO CHANGE,<.01%
37954Y780,SNSR,Global X Internet of Things ETF,136,0,5K,0,NO CHANGE,<.01%
92189F114,ESPO,VanEck Video Gaming and eSports ETF,84,0,5K,0,NO CHANGE,<.01%
37954Y442,CLOU,Global X Cloud Computing ETF,163,0,4K,0,NO CHANGE,<.01%
37954Y624,DRIV,Global X Autonomous & Electric Vehicles,144,0,4K,0,NO CHANGE,<.01%
92189F353,HYEM,VanEck Emerging Markets High Yield Bond,215,0,4K,0,NO CHANGE,<.01%
92189F692,PPH,VanEck Pharmaceutical ETF,51,0,4K,0,NO CHANGE,<.01%
92189H300,EMLC,VanEck J.P. Morgan EM Local Currency,166,0,4K,0,NO CHANGE,<.01%
120831102,BU.TO,Burcon NutraScience Corp,3000,0,3K,0,NO CHANGE,<.01%
256135203,RDY,Dr Reddy's Laboratories Ltd,52,0,3K,0,NO CHANGE,<.01%
37950E416,SOCL,Global X Social Media ETF,66,0,3K,0,NO CHANGE,<.01%
37954Y285,,Global X Telemedicine & Digital Health,177,0,3K,0,NO CHANGE,<.01%
37954Y715,BOTZ,Global X Robotics & Artificial Intellig,120,0,3K,0,NO CHANGE,<.01%
400506101,PAC,Grupo Aeroportuario del Pacifico SAB de,17,0,3K,0,NO CHANGE,<.01%
46137V100,PPA,Invesco Aerospace & Defense ETF,39,0,3K,0,NO CHANGE,<.01%
50155Q100,KD,Kyndryl Holdings Inc,224,0,3K,0,NO CHANGE,<.01%
92189F726,BBH,VanEck Biotech ETF,19,0,3K,0,NO CHANGE,<.01%
92189H797,,VanEck Future of Food ETF,110,0,3K,0,NO CHANGE,<.01%
L44385109,GLOB,Globant SA,11,0,3K,0,NO CHANGE,<.01%
00214Q203,ARKQ,ARK Autonomous Technology & Robotics ET,26,0,2K,0,NO CHANGE,<.01%
00848K101,UAVS,AgEagle Aerial Systems Inc,1688,0,2K,0,NO CHANGE,<.01%
056752108,BIDU,Baidu Inc,13,0,2K,0,NO CHANGE,<.01%
22266T109,CPNG,Coupang Inc,90,0,2K,0,NO CHANGE,<.01%
25243Q205,DEO,Diageo PLC,8,0,2K,0,NO CHANGE,<.01%
344419106,FMX,Fomento Economico Mexicano SAB de CV,30,0,2K,0,NO CHANGE,<.01%
36165L108,GDS,GDS Holdings Ltd,57,0,2K,0,NO CHANGE,<.01%
44842L103,HCM,Hutchmed China Ltd,81,0,2K,0,NO CHANGE,<.01%
92189F676,SMH,VanEck Semiconductor ETF,8,0,2K,0,NO CHANGE,<.01%
465562106,ITUB,Itau Unibanco Holding SA,212,0,1K,0,NO CHANGE,<.01%
518613203,LAUR,Laureate Education Inc,100,0,1K,0,NO CHANGE,<.01%
66981J102,MNSO,MINISO Group Holding Ltd,75,0,1K,0,NO CHANGE,<.01%
98887Q104,ZLAB,Zai Lab Ltd,30,0,1K,0,NO CHANGE,<.01%
G9889V101,ZENV,Zenvia Inc,130,0,1K,0,NO CHANGE,<.01%
92047W101,VVV,Valvoline Inc,6388,-26,202K,-822.17,-0.4%,<.01%
37186H100,,Genetron Holdings Ltd,0,-210,0,-1K,CLOSE,0%
423403104,MOMO,Hello Group Inc,0,-72,0,-1K,CLOSE,0%
68248T105,,OneConnect Financial Technology Co Ltd,0,-210,0,-1K,CLOSE,0%
27829U105,ETX,Eaton Vance Municipal Income 2028 Term,39537,-81,808K,-1.66K,-0.2%,<.01%
65487X102,NOAH,Noah Holdings Ltd,1642,-127,39K,-3.02K,-7.2%,<.01%
464285204,IAU,iShares Gold Trust,6254,-167,230K,-6.14K,-2.6%,<.01%
46132X101,OIA,Invesco Municipal Income Opportunities,191106,-978,1.36M,-6.94K,-0.5%,<.01%
92343E102,VRSN,VERISIGN INC,1024,-34,228K,-7.57K,-3.2%,<.01%
88557W101,QFIN,360 DigiTech Inc,7023,-897,108K,-13.79K,-11.3%,<.01%
M6158M104,ITRN,Ituran Location and Control Ltd,9944,-664,229K,-15.29K,-6.3%,<.01%
226406106,CRESY,Cresud SACIF y A,0,-3577,0,-17K,CLOSE,0%
212015101,,Continental Resources Inc/OK,211,-305,13K,-18.79K,-59.1%,<.01%
L00849106,AGRO,adecoagro sa,57056,-1634,689K,-19.73K,-2.8%,<.01%
02376R102,AAL,American Airlines Group Inc,47999,-1217,876K,-22.21K,-2.5%,<.01%
39986L109,GRWG,GrowGeneration Corp,7159,-2414,66K,-22.26K,-25.2%,<.01%
12769G100,CZR,Caesars Entertainment Inc,48478,-288,3.75M,-22.28K,-0.6%,<.01%
G0751N103,,Atlantica Sustainable Infrastructure PL,25725,-677,902K,-23.74K,-2.6%,<.01%
009158106,APD,Air Products and Chemicals Inc,37191,-99,9.29M,-24.74K,-0.3%,0.02%
90353T100,UBER,Uber Technologies Inc,25216,-738,900K,-26.34K,-2.8%,<.01%
35952H601,FCEL,FuelCell Energy Inc,137730,-4730,793K,-27.23K,-3.3%,<.01%
G9440A109,VSTA,Vasta Platform Ltd,1226705,-5357,7.02M,-30.64K,-0.4%,0.01%
24703L202,DELL,Dell Technologies Inc,8230,-653,413K,-32.77K,-7.4%,<.01%
023111206,AMRN,Amarin Corp PLC,582294,-10239,1.92M,-33.69K,-1.7%,<.01%
16119P108,CHTR,Charter Communications Inc,4191,-69,2.29M,-37.64K,-1.6%,<.01%
57776F405,,Maverix Metals Inc,2997156,-8198,14.39M,-39.35K,-0.3%,0.03%
056525108,BMI,Badger Meter Inc,8605,-406,858K,-40.48K,-4.5%,<.01%
03783T103,,AppHarvest Inc,19762,-7957,106K,-42.68K,-28.7%,<.01%
38045R206,GOQN,Gol Linhas Aereas Inteligentes SA,61665,-6033,444K,-43.44K,-8.9%,<.01%
693475105,PNC,PNC Financial Services Group Inc/The,11511,-238,2.12M,-43.89K,-2%,<.01%
14040H105,COF,Capital One Financial Corp,14731,-350,1.93M,-45.95K,-2.3%,<.01%
G01125106,AFYA,Afya Ltd,19368,-3219,279K,-46.37K,-14.3%,<.01%
89832Q109,TFC,Truist Financial Corp,34091,-842,1.93M,-47.74K,-2.4%,<.01%
29274F104,,Enel Americas SA,172158,-8115,1.03M,-48.46K,-4.5%,<.01%
75574U101,RC,Ready Capital Corp,396481,-3237,5.97M,-48.75K,-0.8%,0.01%
464286772,EWY,iShares MSCI South Korea ETF,0,-671,0,-52K,CLOSE,0%
009066101,ABNB,Airbnb Inc,7207,-310,1.24M,-53.25K,-4.1%,<.01%
15234Q207,AXIAY,Centrais Eletricas Brasileiras SA,149373,-7041,1.18M,-55.72K,-4.5%,<.01%
902973304,USB,US Bancorp,39260,-1072,2.09M,-56.99K,-2.7%,<.01%
36352H100,GAU,Galiano Gold Inc,7154420,-104632,3.96M,-57.84K,-1.4%,<.01%
20440T300,LND,Cia Brasileira de Distribuicao,119645,-11682,603K,-58.88K,-8.9%,<.01%
69318G106,PBF,PBF Energy Inc,12786,-2416,312K,-58.95K,-15.9%,<.01%
000957100,ABM,ABM Industries Inc,56804,-1320,2.62M,-60.77K,-2.3%,<.01%
632307104,NTRA,Natera Inc,113254,-1532,4.61M,-62.32K,-1.3%,<.01%
29275Y102,ENS,EnerSys,13607,-863,1.01M,-64.37K,-6%,<.01%
25470F104,,Warner Bros Discovery Inc,8061,-2606,201K,-64.98K,-24.4%,<.01%
55608B105,,Macquarie Infrastructure Holdings LLC,0,-18017,0,-66K,CLOSE,0%
126408103,CSX,CSX Corp,202359,-1766,7.58M,-66.13K,-0.9%,0.02%
46133G107,IQI,Invesco Quality Municipal Income Trust,289096,-5875,3.27M,-66.55K,-2%,<.01%
34379V103,FLNC,Fluence Energy Inc,95500,-5200,1.25M,-68.17K,-5.2%,<.01%
G9451V109,VINP,Vinci Partners Investments Ltd,20878,-4993,289K,-69.11K,-19.3%,<.01%
803866300,SSL,Sasol Ltd,41119,-2946,994K,-71.22K,-6.7%,<.01%
184496107,CLH,Clean Harbors Inc,23520,-639,2.63M,-71.34K,-2.6%,<.01%
88339J105,TTD,Trade Desk Inc/The,6184,-1111,428K,-76.89K,-15.2%,<.01%
69608A108,PLTR,Palantir Technologies Inc,233963,-5785,3.21M,-79.42K,-2.4%,<.01%
723763108,MHI,Pioneer Municipal High Income Fund Trus,142720,-7826,1.5M,-82.2K,-5.2%,<.01%
45780R101,IBP,Installed Building Products Inc,6224,-987,526K,-83.41K,-13.7%,<.01%
L8681T102,SPOT,Spotify Technology SA,0,-361,0,-84K,CLOSE,0%
94106L109,WM,Waste Management Inc,48791,-531,7.73M,-84.16K,-1.1%,0.02%
76169C100,REXR,Rexford Industrial Realty Inc,61242,-1163,4.57M,-86.75K,-1.9%,<.01%
219350105,GLW,Corning Inc,11129,-2377,411K,-87.78K,-17.6%,<.01%
90138F102,TWLO,Twilio Inc,433,-541,71K,-88.71K,-55.5%,<.01%
G0457F107,ARCO,Arcos Dorados Holdings Inc,57442,-11201,467K,-91.06K,-16.3%,<.01%
149123101,CAT,Caterpillar Inc,530,-414,118K,-92.17K,-43.9%,<.01%
31946M103,FCNCA,First Citizens BancShares Inc/NC,0,-113,0,-94K,CLOSE,0%
075887109,BDX,Becton Dickinson and Co,8173,-357,2.17M,-94.96K,-4.2%,<.01%
33813J106,FSRNQ,Fisker Inc,51310,-7576,662K,-97.75K,-12.9%,<.01%
59124U605,MTA,Metalla Royalty & Streaming Ltd,2280849,-14627,16.13M,-103.42K,-0.6%,0.03%
549498103,LCID,Lucid Group Inc,280042,-4293,7.11M,-109.04K,-1.5%,0.01%
50187A107,,LHC Group Inc,2087,-651,352K,-109.8K,-23.8%,<.01%
907818108,UNP,Union Pacific Corp,221419,-408,60.49M,-111.47K,-0.2%,0.12%
49271V100,KDP,Keurig Dr Pepper Inc,0,-3265,0,-120K,CLOSE,0%
45826J105,NTLA,Intellia Therapeutics Inc,78228,-1656,5.68M,-120.35K,-2.1%,0.01%
G4705A100,ICLR,ICON PLC,64079,-503,15.59M,-122.34K,-0.8%,0.03%
670695105,NUW,Nuveen AMT-Free Municipal Value Fund,94586,-8520,1.4M,-125.75K,-8.3%,<.01%
86337R103,,Stronghold Digital Mining Inc,142762,-23087,836K,-135.2K,-13.9%,<.01%
76680R206,RNG,RingCentral Inc,0,-742,0,-139K,CLOSE,0%
46817M107,JXN,Jackson Financial Inc,102,-2870,5K,-140.69K,-96.6%,<.01%
517097101,LGO,Largo Inc,24440,-11302,310K,-143.36K,-31.6%,<.01%
101137107,BSX,BOSTON SCIENTIFIC CORP,46619,-3247,2.06M,-143.83K,-6.5%,<.01%
83570H108,SONO,Sonos Inc,9027,-5252,255K,-148.36K,-36.8%,<.01%
163092109,CHGG,Chegg Inc,0,-4888,0,-150K,CLOSE,0%
690742101,OC,Owens Corning,35899,-1682,3.29M,-153.91K,-4.5%,<.01%
609720107,,Monmouth Real Estate Investment Corp,0,-7414,0,-156K,CLOSE,0%
760759100,RSG,Republic Services Inc,58453,-1180,7.75M,-156.35K,-2%,0.02%
670677103,NIQ,Nuveen Intermediate Duration Quality Mu,54267,-11596,736K,-157.27K,-17.6%,<.01%
27827X101,EIM,Eaton Vance Municipal Bond Fund,397668,-13695,4.57M,-157.49K,-3.3%,<.01%
G04553106,,Arco Platform Ltd,5141,-7615,108K,-159.97K,-59.7%,<.01%
12047B105,BMBL,Bumble Inc,0,-4721,0,-160K,CLOSE,0%
38149E101,GLDG,GoldMining Inc,8177379,-96126,13.9M,-163.42K,-1.2%,0.03%
252131107,DXCM,DexCom Inc,0,-308,0,-165K,CLOSE,0%
082490103,,Benson Hill Inc,816262,-52000,2.64M,-167.99K,-6%,<.01%
16411Q101,CQP,Cheniere Energy Partners LP,0,-3974,0,-168K,CLOSE,0%
48138M105,JMIA,Jumia Technologies AG,86652,-18837,830K,-180.43K,-17.9%,<.01%
09253R105,MVF,BlackRock MuniVest Fund Inc,354028,-22897,2.89M,-186.85K,-6.1%,<.01%
92763W103,VIPS,Vipshop Holdings Ltd,21641,-21264,195K,-191.6K,-49.6%,<.01%
92189H201,ITM,VanEck Intermediate Muni ETF,29208,-4080,1.38M,-193.05K,-12.3%,<.01%
56064K100,MMD,MainStay MacKay DefinedTerm Municipal O,100677,-10425,1.89M,-195.5K,-9.4%,<.01%
64782A107,NEWP,New Pacific Metals Corp,4863784,-61482,15.48M,-195.68K,-1.2%,0.03%
78440X887,SLG,SL Green Realty Corp,32320,-2451,2.62M,-199K,-7%,<.01%
92189H409,HYD,VanEck High Yield Muni ETF,17723,-3468,1.02M,-199K,-16.4%,<.01%
177376100,CTXS,Citrix Systems Inc,0,-2130,0,-201K,CLOSE,0%
67079X102,NDMO,Nuveen Dynamic Municipal Opportunities,224740,-15888,2.95M,-208.27K,-6.6%,<.01%
133131102,CPT,Camden Property Trust,43296,-1254,7.2M,-208.42K,-2.8%,0.01%
66979W842,NMG,Nouveau Monde Graphite Inc,481573,-31290,3.34M,-216.82K,-6.1%,<.01%
83066P200,,Skillsoft Corp,0,-23680,0,-217K,CLOSE,0%
502431109,LHX,L3Harris Technologies Inc,0,-1034,0,-220K,CLOSE,0%
718549207,,Phillips 66 Partners LP,0,-6093,0,-220K,CLOSE,0%
90089L108,TSPH,TuSimple Holdings Inc,273270,-18040,3.33M,-220.09K,-6.2%,<.01%
09253T101,MVT,BlackRock MuniVest Fund II Inc,93306,-17102,1.21M,-220.86K,-15.5%,<.01%
881624209,TEVA,Teva Pharmaceutical Industries Ltd,1888783,-23543,17.74M,-221.07K,-1.2%,0.04%
74965L200,RLJPA,RLJ Lodging Trust,146144,-8192,4.03M,-225.67K,-5.3%,<.01%
92189H854,MBBB,Vaneck Moody's Analytics BBB Corporate,327000,-10000,7.43M,-227.22K,-3%,0.02%
G66721104,NCLH,Norwegian Cruise Line Holdings Ltd,22009,-10433,482K,-228.48K,-32.2%,<.01%
134429109,CPB,Campbell Soup Co,4133816,-5210,184.24M,-232.21K,-0.1%,0.38%
98149E204,GLDM,SPDR Gold MiniShares Trust,0,-12886,0,-234K,CLOSE,0%
778296103,ROST,Ross Stores Inc,82968,-2698,7.5M,-244.05K,-3.1%,0.02%
46435G334,EWU,iShares MSCI United Kingdom ETF,0,-7397,0,-245K,CLOSE,0%
46120E602,ISRG,Intuitive Surgical Inc,43941,-838,13.26M,-252.81K,-1.9%,0.03%
233331107,DTE,DTE Energy Co,0,-2118,0,-253K,CLOSE,0%
94419L101,W,Wayfair Inc,6723,-2295,745K,-254.32K,-25.4%,<.01%
98980G102,ZS,Zscaler Inc,0,-868,0,-279K,CLOSE,0%
28414H202,,Elanco Animal Health Inc,124813,-6997,5.08M,-285.06K,-5.3%,0.01%
042315507,ARR.MX,ARMOUR Residential REIT Inc,528176,-34153,4.44M,-286.91K,-6.1%,<.01%
75524B203,,RBC Bearings Inc,52194,-2925,5.21M,-291.69K,-5.3%,0.01%
46187W107,INVH,Invitation Homes Inc,288053,-7290,11.57M,-292.91K,-2.5%,0.02%
29670G201,,Essential Utilities Inc,86280,-4837,5.28M,-295.95K,-5.3%,0.01%
838518306,,South Jersey Industries Inc,76022,-4261,5.29M,-296.28K,-5.3%,0.01%
98422D105,XPEV,XPeng Inc,229198,-10789,6.32M,-297.69K,-4.5%,0.01%
666807102,NOC,Northrop Grumman Corp,0,-778,0,-301K,CLOSE,0%
550021109,LULU,Lululemon Athletica Inc,28754,-875,10.5M,-319.58K,-3%,0.02%
68622V106,OGN,Organon & Co,328232,-9306,11.46M,-325.05K,-2.8%,0.02%
313745101,FRT,Federal Realty Investment Trust,37653,-2665,4.6M,-325.3K,-6.6%,<.01%
36467W109,GME,GameStop Corp,27616,-1954,4.6M,-325.48K,-6.6%,<.01%
194162103,CL,Colgate-Palmolive Co,112315,-4326,8.52M,-328.05K,-3.7%,0.02%
50202M102,LI,Li Auto Inc,278205,-13112,7.18M,-338.4K,-4.5%,0.01%
718546104,PSX,Phillips 66,19136,-3919,1.65M,-338.53K,-17%,<.01%
655844108,NSC,Norfolk Southern Corp,23056,-1226,6.58M,-349.68K,-5%,0.01%
92556H305,,Paramount Global,113466,-6360,6.3M,-353.3K,-5.3%,0.01%
235851102,DHR,Danaher Corp,12434,-1270,3.65M,-372.5K,-9.3%,<.01%
574795100,MASI,Masimo Corp,0,-1278,0,-374K,CLOSE,0%
742718109,PG,Procter & Gamble Co/The,14319,-2482,2.19M,-379.26K,-14.8%,<.01%
874060205,TAK,Takeda Pharmaceutical Co Ltd,1127270,-26806,16.14M,-383.87K,-2.3%,0.03%
22788C105,CRWD,Crowdstrike Holdings Inc,3896,-1720,885K,-390.71K,-30.6%,<.01%
78573M203,,Sabre Corp,37330,-2694,5.42M,-391.22K,-6.7%,0.01%
68634K106,ORLA,Orla Mining Ltd,8074238,-85305,38.61M,-407.94K,-1%,0.08%
278642103,EBAY,eBay Inc,0,-6148,0,-409K,CLOSE,0%
42225P501,,Healthcare Trust of America Inc,96856,-13095,3.04M,-410.33K,-11.9%,<.01%
39531G100,,Greenidge Generation Holdings Inc,4817,-48381,41K,-411.8K,-90.9%,<.01%
922042858,VWO,Vanguard FTSE Emerging Markets ETF,0,-8335,0,-412K,CLOSE,0%
55616P104,M,Macy's Inc,21517,-17085,524K,-416.07K,-44.3%,<.01%
854502846,,Stanley Black & Decker Inc,85100,-4771,7.48M,-419.41K,-5.3%,0.02%
29278D105,ENIC,Enel Chile SA,0,-232450,0,-421K,CLOSE,0%
00846U101,A,Agilent Technologies Inc,40078,-3235,5.3M,-428.13K,-7.5%,0.01%
74767V109,QS,QuantumScape Corp,22515,-21649,450K,-432.69K,-49%,<.01%
14149Y108,CAH,Cardinal Health Inc,35213,-8122,2M,-460.61K,-18.7%,<.01%
070830104,BBWI,Bath & Body Works Inc,30463,-9681,1.46M,-462.71K,-24.1%,<.01%
571748102,MRSH,Marsh & McLennan Cos Inc,25641,-2771,4.37M,-472.26K,-9.8%,<.01%
681936100,OHI,Omega Healthcare Investors Inc,93208,-15324,2.9M,-477.44K,-14.1%,<.01%
46132P108,IIM,Invesco Value Municipal Income Trust,204532,-34380,2.85M,-479.23K,-14.4%,<.01%
56585A102,MPC,Marathon Petroleum Corp,24416,-5610,2.09M,-479.75K,-18.7%,<.01%
98138H101,WDAY,Workday Inc,26755,-2167,6.41M,-518.93K,-7.5%,0.01%
828363101,SILV,SilverCrest Metals Inc,7544498,-58711,67.22M,-523.11K,-0.8%,0.14%
18915M107,NET,Cloudflare Inc,3817,-4380,457K,-524.41K,-53.4%,<.01%
46131B100,IVR,Invesco Mortgage Capital Inc,1716695,-234024,3.91M,-533.57K,-12%,<.01%
670682103,NMZ,Nuveen Municipal High Income Opportunit,358868,-41506,4.67M,-540.01K,-10.4%,<.01%
32054K103,FR,First Industrial Realty Trust Inc,55649,-8794,3.44M,-544.4K,-13.6%,<.01%
670663103,NMCO,Nuveen Municipal Credit Opportunities F,226243,-40348,3.05M,-544.65K,-15.1%,<.01%
036752103,ELV,Anthem Inc,6264,-1131,3.08M,-555.57K,-15.3%,<.01%
552953101,MGM,MGM Resorts International,124509,-13323,5.22M,-558.78K,-9.7%,0.01%
256677105,DG,Dollar General Corp,53040,-2535,11.81M,-564.35K,-4.6%,0.02%
501044101,KR,Kroger Co/The,104020,-10066,5.97M,-577.52K,-8.8%,0.01%
871829107,SYY,Sysco Corp,75997,-7108,6.21M,-580.35K,-8.6%,0.01%
857477103,STT,State Street Corp,82565,-6687,7.19M,-582.57K,-7.5%,0.01%
063671101,BMO,Bank of Montreal,17056,-4956,2.01M,-582.89K,-22.5%,<.01%
98980L101,ZM,Zoom Video Communications Inc,8122,-4991,952K,-585.01K,-38.1%,<.01%
68571X103,ORC,Orchid Island Capital Inc,1210561,-180659,3.93M,-587.09K,-13%,<.01%
713448108,PEP,PepsiCo Inc,69127,-3516,11.57M,-588.53K,-4.8%,0.02%
011642105,ALRM,Alarm.com Holdings Inc,0,-6952,0,-590K,CLOSE,0%
808513105,SCHW,Charles Schwab Corp/The,23912,-7018,2.02M,-591.68K,-22.7%,<.01%
911312106,UPS,United Parcel Service Inc,9877,-2808,2.12M,-602.14K,-22.1%,<.01%
02557T307,,American Electric Power Co Inc,192892,-10814,10.78M,-604.19K,-5.3%,0.02%
03768E105,,Apollo Asset Management Inc,0,-8362,0,-606K,CLOSE,0%
707569109,PENN,Penn National Gaming Inc,42285,-14863,1.79M,-630.58K,-26%,<.01%
65473P121,,NiSource Inc,97864,-5487,11.64M,-652.85K,-5.3%,0.02%
00130H204,,AES Corp/The,118345,-6634,11.71M,-656.31K,-5.3%,0.02%
15961R105,CHPT,ChargePoint Holdings Inc,21970,-33900,437K,-674.3K,-60.7%,<.01%
36168Q120,,GFL Environmental Inc,163618,-9174,12.11M,-679.23K,-5.3%,0.03%
929042109,VNO,Vornado Realty Trust,83363,-15038,3.78M,-681.52K,-15.3%,<.01%
015857873,,Algonquin Power & Utilities Corp,260972,-14630,12.93M,-725.08K,-5.3%,0.03%
42726M106,,Heritage-Crystal Clean Inc,51634,-24602,1.53M,-728.52K,-32.3%,<.01%
464286509,EWC,iShares MSCI Canada ETF,0,-19327,0,-743K,CLOSE,0%
38141G104,GS,Goldman Sachs Group Inc/The,370,-2255,122K,-743.54K,-85.9%,<.01%
101137206,,BOSTON SCIENTIFIC CORP,114170,-6400,13.29M,-745.22K,-5.3%,0.03%
683712103,OPEN,Opendoor Technologies Inc,0,-51640,0,-754K,CLOSE,0%
12572Q105,CME,CME Group Inc,41366,-3179,9.84M,-756.21K,-7.1%,0.02%
464286749,EWL,iShares MSCI Switzerland ETF,0,-14434,0,-761K,CLOSE,0%
29270J100,ERII,Energy Recovery Inc,76220,-38152,1.53M,-768.35K,-33.4%,<.01%
143658300,CCL,Carnival Corp,34895,-38338,706K,-775.66K,-52.4%,<.01%
64440N103,NFGC,New Found Gold Corp,3058901,-128467,18.57M,-779.73K,-4%,0.04%
78409V104,SPGI,S&P Global Inc,21756,-1990,8.92M,-816.27K,-8.4%,0.02%
81181C104,,SeaGen Inc,132961,-5710,19.15M,-822.52K,-4.1%,0.04%
247361702,DAL,Delta Air Lines Inc,0,-21219,0,-829K,CLOSE,0%
456788108,INFY,Infosys Ltd,137239,-33915,3.42M,-844.17K,-19.8%,<.01%
758075402,RWT,Redwood Trust Inc,562831,-80437,5.93M,-847.06K,-12.5%,0.01%
H1467J104,CB,Chubb Ltd,10317,-3971,2.21M,-849.47K,-27.8%,<.01%
94106B101,WCN,Waste Connections Inc,54999,-6085,7.68M,-850.03K,-10%,0.02%
116794108,BRKR,Bruker Corp,2561,-13355,165K,-860.44K,-83.9%,<.01%
26817Q886,DX,Dynex Capital Inc,248067,-53478,4.02M,-866.41K,-17.7%,<.01%
883556102,TMO,THERMO FISHER SCIENTIFIC INC,15547,-1470,9.18M,-868.27K,-8.6%,0.02%
233331842,,DTE Energy Co,295012,-16540,15.72M,-881.41K,-5.3%,0.03%
23283R100,,CyrusOne Inc,0,-9937,0,-892K,CLOSE,0%
72352L106,PINS,Pinterest Inc,0,-24654,0,-896K,CLOSE,0%
364760108,GAP,Gap Inc/The,0,-52103,0,-920K,CLOSE,0%
436106108,,HollyFrontier Corp,0,-28333,0,-929K,CLOSE,0%
988498101,YUM,Yum! Brands Inc,108713,-8119,12.89M,-962.36K,-6.9%,0.03%
17253J106,CIFR,Cipher Mining Inc,16240,-264932,59K,-962.5K,-94.2%,<.01%
064058100,BNY,Bank of New York Mellon Corp/The,271603,-19417,13.48M,-963.62K,-6.7%,0.03%
053332102,AZO,AutoZone Inc,3021,-472,6.18M,-965.09K,-13.5%,0.01%
04013V108,ACRE,Ares Commercial Real Estate Corp,326480,-62727,5.07M,-973.53K,-16.1%,0.01%
91734M103,,US Ecology Inc,53334,-20625,2.55M,-987.67K,-27.9%,<.01%
369550108,GD,General Dynamics Corp,24050,-4119,5.8M,-993.36K,-14.6%,0.01%
29261A100,EHC,Encompass Health Corp,0,-15233,0,-994K,CLOSE,0%
968223206,WLY,John Wiley & Sons Inc,231553,-18753,12.28M,-994.45K,-7.5%,0.03%
075887406,,Becton Dickinson and Co,340398,-19084,17.98M,-1.01M,-5.3%,0.04%
59522J103,MAA,Mid-America Apartment Communities Inc,59241,-4856,12.41M,-1.02M,-7.6%,0.03%
25746U133,,Dominion Energy Inc,182680,-10243,18.55M,-1.04M,-5.3%,0.04%
758849103,REG,Regency Centers Corp,83660,-14715,5.97M,-1.05M,-15%,0.01%
379577208,GMED,Globus Medical Inc,1993,-14363,147K,-1.06M,-87.8%,<.01%
29472R108,ELS,Equity LifeStyle Properties Inc,84111,-14061,6.43M,-1.08M,-14.3%,0.01%
902653104,UDR,UDR INC,163471,-18814,9.38M,-1.08M,-10.3%,0.02%
256746108,DLTR,Dollar Tree Inc,30162,-6766,4.83M,-1.08M,-18.3%,<.01%
609207105,MDLZ,Mondelez International Inc,260158,-17550,16.33M,-1.1M,-6.3%,0.03%
16679L109,CHWY,Chewy Inc,0,-18789,0,-1.11M,CLOSE,0%
913903100,UHS,Universal Health Services Inc,730,-7647,106K,-1.11M,-91.3%,<.01%
80105N105,SNY,Sanofi,347351,-21657,17.83M,-1.11M,-5.9%,0.04%
37940X102,GPN,Global Payments Inc,2652,-8179,363K,-1.12M,-75.5%,<.01%
46434G103,IEMG,iShares Core MSCI Emerging Markets ETF,0,-18765,0,-1.12M,CLOSE,0%
025816109,AXP,American Express Co,52291,-6061,9.78M,-1.13M,-10.4%,0.02%
69331C140,,PG&E Corp,181546,-10177,20.41M,-1.14M,-5.3%,0.04%
G0684D107,,Athene Holding Ltd,0,-14049,0,-1.17M,CLOSE,0%
65339F796,,NextEra Energy Inc,340398,-19084,21.03M,-1.18M,-5.3%,0.04%
46266C105,IQV,IQVIA Holdings Inc,103278,-5136,23.88M,-1.19M,-4.7%,0.05%
806407102,HSIC,Henry Schein Inc,15317,-13676,1.33M,-1.19M,-47.2%,<.01%
842587602,,Southern Co/The,391458,-21946,21.38M,-1.2M,-5.3%,0.04%
45866F104,ICE,Intercontinental Exchange Inc,129223,-9134,17.07M,-1.21M,-6.6%,0.04%
67103H107,ORLY,O'Reilly Automotive Inc,9987,-1765,6.84M,-1.21M,-15%,0.01%
N72482123,1QGEN.MI,QIAGEN NV,266179,-24704,13.04M,-1.21M,-8.5%,0.03%
83304A106,SNAP,Snap Inc,25286,-33685,910K,-1.21M,-57.1%,<.01%
04041L106,WES,Aris Water Solution Inc,83100,-66734,1.51M,-1.21M,-44.5%,<.01%
464287648,IWO,iShares Russell 2000 Growth ETF,0,-4170,0,-1.22M,CLOSE,0%
10949T109,BRSP,BrightSpire Capital Inc,501668,-136335,4.64M,-1.26M,-21.4%,<.01%
592688105,MTD,Mettler-Toledo International Inc,0,-758,0,-1.29M,CLOSE,0%
29476L107,EQR,Equity Residential,182577,-14451,16.42M,-1.3M,-7.3%,0.03%
16934Q208,,Chimera Investment Corp,856543,-108855,10.31M,-1.31M,-11.3%,0.02%
25400W102,APPS,Digital Turbine Inc,0,-21615,0,-1.32M,CLOSE,0%
65339F739,,NextEra Energy Inc,453864,-25447,23.85M,-1.34M,-5.3%,0.05%
863667101,SYK,Stryker Corp,8355,-5059,2.23M,-1.35M,-37.7%,<.01%
487836108,K,Kellogg Co,2961895,-21132,191.01M,-1.36M,-0.7%,0.39%
05352A209,,Avantor Inc,234875,-13168,24.32M,-1.36M,-5.3%,0.05%
49446R109,KIM,Kimco Realty Corp,306712,-55654,7.58M,-1.37M,-15.4%,0.02%
548661107,LOW,Lowe's Cos Inc,88418,-6832,17.88M,-1.38M,-7.2%,0.04%
28852N109,EFC,Ellington Financial Inc,324761,-79192,5.76M,-1.41M,-19.6%,0.01%
88160R101,TSLA,Tesla Inc,30036,-1306,32.37M,-1.41M,-4.2%,0.07%
090040106,BILI,Bilibili Inc,1115311,-55040,28.53M,-1.41M,-4.7%,0.06%
11135B100,,Broadmark Realty Capital Inc,809494,-163166,7M,-1.41M,-16.8%,0.01%
368036109,GATO,Gatos Silver Inc,1559184,-334524,6.74M,-1.45M,-17.7%,0.01%
83056P715,SKE,Skeena Resources Ltd,2909098,-133709,32.36M,-1.49M,-4.4%,0.07%
649604501,,New York Mortgage Trust Inc,2154264,-412370,7.86M,-1.51M,-16.1%,0.02%
046353108,AZN,AstraZeneca PLC,298473,-22742,19.8M,-1.51M,-7.1%,0.04%
505743104,LADR,Ladder Capital Corp,742365,-128973,8.81M,-1.53M,-14.8%,0.02%
42207L106,HHRUDR,HeadHunter Group PLC,0,-30199,0,-1.54M,CLOSE,0%
92936U109,WPC,WP Carey Inc,73927,-19226,5.98M,-1.55M,-20.6%,0.01%
75886F107,REGN,Regeneron Pharmaceuticals Inc,63056,-2242,44.04M,-1.57M,-3.4%,0.09%
264411505,,Duke Realty Corp,166165,-27111,9.65M,-1.57M,-14%,0.02%
820017101,,Sharps Compliance Corp,0,-221313,0,-1.58M,CLOSE,0%
464287630,IWN,iShares Russell 2000 Value ETF,0,-9551,0,-1.59M,CLOSE,0%
46641Q217,BBJP,JPMorgan BetaBuilders Japan ETF,0,-28943,0,-1.59M,CLOSE,0%
85859N102,,Stem Inc,1376766,-145060,15.16M,-1.6M,-9.5%,0.03%
L4135L100,,FREYR Battery SA,1042102,-132760,12.78M,-1.63M,-11.3%,0.03%
00770C101,ARQ,Advanced Emissions Solutions Inc,0,-245941,0,-1.63M,CLOSE,0%
717081103,PFE,Pfizer Inc,455618,-31474,23.59M,-1.63M,-6.5%,0.05%
65339F770,,NextEra Energy Inc,567330,-31808,29.59M,-1.66M,-5.3%,0.06%
01609W102,BABA,Alibaba Group Holding Ltd,5,-8298,1K,-1.66M,-99.9%,<.01%
70931T103,PMT,PennyMac Mortgage Investment Trust,513992,-99266,8.68M,-1.68M,-16.2%,0.02%
92276F100,VTR,Ventas Inc,198493,-27206,12.26M,-1.68M,-12.1%,0.03%
038923108,ABR,Arbor Realty Trust Inc,666960,-100420,11.38M,-1.71M,-13.1%,0.02%
67070X101,NZF,Nuveen Municipal Credit Income Fund,613130,-117820,8.96M,-1.72M,-16.1%,0.02%
554382101,MAC,Macerich Co/The,19154,-110279,300K,-1.73M,-85.2%,<.01%
101121101,BXP,BOSTON PROPERTIES INC,75901,-13750,9.78M,-1.77M,-15.3%,0.02%
42250P103,DOC,Healthpeak Properties Inc,279886,-52398,9.61M,-1.8M,-15.8%,0.02%
03762U105,ARI,Apollo Commercial Real Estate Finance I,679148,-130499,9.46M,-1.82M,-16.1%,0.02%
91823B109,UWMC,UWM Holdings Corp,0,-310982,0,-1.84M,CLOSE,0%
90184L102,TWTR,Twitter Inc,28280,-47811,1.09M,-1.85M,-62.8%,<.01%
90187B408,TWO,Two Harbors Investment Corp,1943208,-334572,10.75M,-1.85M,-14.7%,0.02%
015271109,ARE,Alexandria Real Estate Equities Inc,76940,-9284,15.48M,-1.87M,-10.8%,0.03%
828806109,SPG,Simon Property Group Inc,169121,-14659,22.25M,-1.93M,-8%,0.05%
40131M109,GH,Guardant Health Inc,97300,-29217,6.45M,-1.94M,-23.1%,0.01%
74460D109,PSA,Public Storage,97259,-5000,37.96M,-1.95M,-4.9%,0.08%
92534K107,VRTX,Vertex Energy Inc,175817,-203954,1.75M,-2.03M,-53.7%,<.01%
922908363,VOO,Vanguard S&P 500 ETF,103658,-5061,43.04M,-2.1M,-4.7%,0.09%
297178105,ESS,Essex Property Trust Inc,33711,-6214,11.65M,-2.15M,-15.6%,0.02%
686688102,ORA,Ormat Technologies Inc,397091,-26575,32.49M,-2.17M,-6.3%,0.07%
866674104,SUI,Sun Communities Inc,44465,-13377,7.79M,-2.34M,-23.1%,0.02%
452327109,ILMN,Illumina Inc,72087,-6757,25.19M,-2.36M,-8.6%,0.05%
256163106,DOCU,DocuSign Inc,815,-22767,87K,-2.43M,-96.5%,<.01%
48251K100,KREF,KKR Real Estate Finance Trust Inc,164268,-118465,3.39M,-2.44M,-41.9%,<.01%
81617J301,WTTR,Select Energy Services Inc,5027437,-288023,43.09M,-2.47M,-5.4%,0.09%
35671D857,FCX,Freeport-McMoRan Inc,2628006,-51491,130.72M,-2.56M,-1.9%,0.27%
862121100,,STORE Capital Corp,23574,-87697,689K,-2.56M,-78.8%,<.01%
30225T102,EXR,Extra Space Storage Inc,67944,-12588,13.97M,-2.59M,-15.6%,0.03%
30161N101,EXC,Exelon Corp,0,-45707,0,-2.64M,CLOSE,0%
64828T201,RITM,New Residential Investment Corp,1130779,-244842,12.42M,-2.69M,-17.8%,0.03%
09257P105,BTT,BlackRock Municipal 2030 Target Term Tr,292931,-114666,6.92M,-2.71M,-28.1%,0.01%
16115Q308,GTLS,Chart Industries Inc,246304,-15850,42.31M,-2.72M,-6%,0.09%
92556H206,PSKY,Paramount Global,11693,-72510,442K,-2.74M,-86.1%,<.01%
637417106,NNN,National Retail Properties Inc,16786,-62840,754K,-2.82M,-78.9%,<.01%
464286608,EZU,iShares MSCI Eurozone ETF,0,-59273,0,-2.9M,CLOSE,0%
95040Q104,WELL,Welltower Inc,230305,-30501,22.14M,-2.93M,-11.7%,0.05%
82575P107,SBSW,Sibanye Stillwater Ltd,3496875,-181922,56.75M,-2.95M,-4.9%,0.12%
09257W100,BXMT,Blackstone Mortgage Trust Inc,464467,-93155,14.77M,-2.96M,-16.7%,0.03%
21036P108,STZ,Constellation Brands Inc,846688,-13169,195.01M,-3.03M,-1.5%,0.4%
126650100,CVS,CVS Health Corp,121573,-30451,12.3M,-3.08M,-20%,0.03%
09228F103,BB,BlackBerry Ltd,0,-343068,0,-3.21M,CLOSE,0%
55272X607,MFA,MFA Financial Inc,2085615,-801988,8.4M,-3.23M,-27.8%,0.02%
03073E105,COR,AmerisourceBergen Corp,162469,-20943,25.14M,-3.24M,-11.4%,0.05%
053484101,AVB,AvalonBay Communities Inc,72414,-13498,17.98M,-3.35M,-15.7%,0.04%
85571B105,STWD,Starwood Property Trust Inc,823791,-145345,19.91M,-3.51M,-15%,0.04%
00123Q104,AGNC,AGNC INVESTMENT CORP,1444238,-280784,18.92M,-3.68M,-16.3%,0.04%
74347M108,PUMP,ProPetro Holding Corp,4160497,-272644,57.96M,-3.8M,-6.2%,0.12%
92532F100,VRTX,Vertex Pharmaceuticals Inc,144730,-14792,37.77M,-3.86M,-9.3%,0.08%
921937835,BND,Vanguard Total Bond Market ETF,0,-48777,0,-4.13M,CLOSE,0%
464287226,AGG,iShares Core U.S. Aggregate Bond ETF,0,-36293,0,-4.14M,CLOSE,0%
253868103,DLR,Digital Realty Trust Inc,147295,-29201,20.89M,-4.14M,-16.5%,0.04%
49427F108,KRC,Kilroy Realty Corp,10720,-55421,819K,-4.23M,-83.8%,<.01%
26884L109,EQT,EQT Corp,1995760,-130128,68.67M,-4.48M,-6.1%,0.14%
58155Q103,MCK,McKesson Corp,81224,-15240,24.86M,-4.67M,-15.8%,0.05%
92189H862,MIG,VanEck Moody's Analytics IG Corporate B,354000,-210000,8.06M,-4.78M,-37.2%,0.02%
11135F200,,Broadcom Inc,45386,-2544,89.1M,-4.99M,-5.3%,0.18%
127097103,CTRA,Coterra Energy Inc,2948812,-185733,79.53M,-5.01M,-5.9%,0.16%
035710409,,Annaly Capital Management Inc,4083619,-736899,28.75M,-5.19M,-15.3%,0.06%
91913Y100,VLO,Valero Energy Corp,778440,-52820,79.04M,-5.36M,-6.4%,0.16%
98850P109,YUMC,Yum China Holdings Inc,601144,-123530,26.57M,-5.46M,-17%,0.05%
41068X100,HASI,Hannon Armstrong Sustainable Infrastruc,1707610,-119884,80.99M,-5.69M,-6.6%,0.17%
25179M103,DVN,Devon Energy Corp,1634807,-98200,96.67M,-5.81M,-5.7%,0.2%
25278X109,FANG,Diamondback Energy Inc,672261,-43224,92.15M,-5.93M,-6%,0.19%
031162100,AMGN,Amgen Inc,289224,-26971,69.94M,-6.52M,-8.5%,0.14%
464287614,IWF,iShares Russell 1000 Growth ETF,0,-22110,0,-6.76M,CLOSE,0%
69121K104,OBDC,Owl Rock Capital Corp,2931320,-471883,43.33M,-6.97M,-13.9%,0.09%
81141R100,SE,Sea Ltd,508828,-58695,60.95M,-7.03M,-10.3%,0.13%
437076102,HD,Home Depot Inc/The,83940,-23659,25.13M,-7.08M,-22%,0.05%
902104306,,II-VI Inc,0,-27479,0,-7.79M,CLOSE,0%
464287598,IWD,iShares Russell 1000 Value ETF,0,-48965,0,-8.22M,CLOSE,0%
949746101,WFC,Wells Fargo & Co,3606568,-174422,174.77M,-8.45M,-4.6%,0.36%
58933Y105,MRK,Merck & Co Inc,3020893,-107916,247.87M,-8.85M,-3.4%,0.51%
302635206,FSK,FS KKR Capital Corp,2561196,-416167,58.45M,-9.5M,-14%,0.12%
025537127,,American Electric Power Co Inc,0,-192923,0,-9.67M,CLOSE,0%
G47567105,,IHS Markit Ltd,0,-73786,0,-9.81M,CLOSE,0%
64110W102,NTES,NetEase Inc,705069,-113451,63.24M,-10.18M,-13.9%,0.13%
04010L103,ARCC,Ares Capital Corp,4310099,-512183,90.3M,-10.73M,-10.6%,0.19%
38119T807,,Golden Star Resources Ltd,0,-2918816,0,-11.18M,CLOSE,0%
83418M103,SEI,Solaris Oilfield Infrastructure Inc,0,-1728080,0,-11.32M,CLOSE,0%
74340W103,PLD,Prologis Inc,394835,-77355,63.76M,-12.49M,-16.4%,0.13%
703481101,PTEN,Patterson-UTI Energy Inc,10961502,-924529,169.68M,-14.31M,-7.8%,0.35%
285512109,EA,Electronic Arts Inc,454086,-115798,57.45M,-14.65M,-20.3%,0.12%
874054109,TTWO,Take-Two Interactive Software Inc,333838,-97374,51.32M,-14.97M,-22.6%,0.11%
40415F101,HDB,HDFC Bank Ltd,690535,-291000,42.35M,-17.85M,-29.6%,0.09%
546347105,LPX,Louisiana-Pacific Corp,5427,-389440,338K,-24.25M,-98.6%,<.01%
44980X109,IPGP,IPG Photonics Corp,0,-181450,0,-31.23M,CLOSE,0%
723787107,,Pioneer Natural Resources Co,389312,-138851,97.34M,-34.72M,-26.3%,0.2%
00507V109,ATVI,Activision Blizzard Inc,922316,-451655,73.89M,-36.18M,-32.9%,0.15%
86771W105,RUN,Sunrun Inc,182472,-1348508,5.54M,-40.96M,-88.1%,0.01%
78463V107,GLD,SPDR Gold Shares,0,-272000,0,-46.5M,CLOSE,0%
767204100,RIO,Rio Tinto PLC,271860,-579219,21.86M,-46.57M,-68.1%,0.05%
776696106,ROP,Roper Technologies Inc,18996,-190164,8.97M,-89.81M,-90.9%,0.02%
02209S103,MO,Altria Group Inc,2105838,-1836623,110.03M,-95.96M,-46.6%,0.23%
25746U109,D,Dominion Energy Inc,1412160,-1160497,119.99M,-98.61M,-45.1%,0.25%
75513E101,RTX,Raytheon Technologies Corp,12418,-1033044,1.23M,-102.32M,-98.8%,<.01%
22052L104,CTVA,Corteva Inc,4616176,-1844352,265.34M,-106.01M,-28.5%,0.55%
12541W209,CHRW,CH Robinson Worldwide Inc,152098,-1007812,16.38M,-108.55M,-86.9%,0.03%
539830109,LMT,Lockheed Martin Corp,307025,-246088,135.52M,-108.62M,-44.5%,0.28%
110122108,BMY,Bristol-Myers Squibb Co,1837260,-1530832,134.18M,-111.8M,-45.5%,0.28%
045327103,,Aspen Technology Inc,705014,-693219,116.59M,-114.64M,-49.6%,0.24%
084670702,BRK.B,Berkshire Hathaway Inc,309173,-332938,109.11M,-117.5M,-51.9%,0.23%
16411R208,LNG,Cheniere Energy Inc,1027826,-970733,142.51M,-134.59M,-48.6%,0.29%
962879102,WPM,Wheaton Precious Metals Corp,19311841,-3176457,918.85M,-151.13M,-14.1%,1.9%
351858105,FNV,Franco-Nevada Corp,7733593,-1343217,1.23B,-214.26M,-14.8%,2.5%
983919101,,Xilinx Inc,0,-1237747,0,-262.44M,CLOSE,0%
74139C102,,Pretium Resources Inc,0,-19182080,0,-270.28M,CLOSE,0%
067901108,B,Barrick Gold Corp,76839511,-12099495,1.88B,-296.79M,-13.6%,3.9%
651639106,NEM,Newmont Corp,34088744,-5657907,2.71B,-449.52M,-14.2%,5.6%
49741E100,,Kirkland Lake Gold Ltd,0,-13864792,0,-581.61M,CLOSE,0%
Total,,,,,48.45B,2.69B,+6.2%,100%
