CUSIP,Ticker,Company,Shares,Delta_Shares,Value,Delta_Value,Delta,Portfolio%
02079K305,GOOGL,Alphabet Inc,2112695,2014236,202.08M,192.66M,+2045.8%,0.6%
67066G104,NVDA,NVIDIA Corp,5818035,1101058,706.25M,133.66M,+23.3%,2.1%
G9460G101,VAL,Valaris Ltd,1902492,1902492,93.11M,93.11M,NEW,0.28%
038222105,AMAT,Applied Materials Inc,4598930,1099462,376.79M,90.08M,+31.4%,1.1%
34959E109,FTNT,Fortinet Inc,1800495,1718625,88.46M,84.44M,+2099.2%,0.26%
98138H101,WDAY,Workday Inc,1079085,541353,164.26M,82.4M,+100.7%,0.49%
G0176J109,ALLE,Allegion PLC,881906,870361,79.09M,78.05M,+7538.9%,0.24%
57060D108,MKTX,MarketAxess Holdings Inc,348906,344316,77.63M,76.61M,+7501.4%,0.23%
254687106,DIS,Walt Disney Co/The,1628203,800302,153.59M,75.49M,+96.7%,0.46%
20030N101,CMCSA,Comcast Corp,4749185,2483867,139.29M,72.85M,+109.6%,0.41%
459506101,IFF,International Flavors & Fragrances Inc,813170,751284,73.86M,68.24M,+1214%,0.22%
89400J107,TRU,TransUnion,2301642,1119469,136.93M,66.6M,+94.7%,0.41%
80013R206,SAND,Sandstorm Gold Ltd,28742265,8319993,148.6M,43.01M,+40.7%,0.44%
02079K107,GOOG,Alphabet Inc,435919,415507,41.91M,39.95M,+2035.6%,0.12%
91912E105,VALE,Vale SA,4090723,2940900,54.49M,39.17M,+255.8%,0.16%
874039100,TSM,Taiwan Semiconductor Manufacturing Co L,10023610,523674,687.22M,35.9M,+5.5%,2%
826599102,SGML,Sigma Lithium Corp,1124805,1107401,30.58M,30.11M,+6362.9%,0.09%
29786A106,ETSY,Etsy Inc,1889010,272276,189.15M,27.26M,+16.8%,0.56%
58733R102,MELI,MercadoLibre Inc,271631,32266,224.85M,26.71M,+13.5%,0.67%
405552100,HLN,Haleon PLC,4236499,4236499,25.8M,25.8M,NEW,0.08%
79466L302,CRM,Salesforce.com Inc,1090507,171083,156.86M,24.61M,+18.6%,0.47%
512807108,LRCX.MX,Lam Research Corp,1140329,66847,417.36M,24.47M,+6.2%,1.2%
30303M102,META,Meta Platforms Inc,1359629,177905,184.47M,24.14M,+15.1%,0.55%
007903107,AMD,Advanced Micro Devices Inc,5548352,380509,351.54M,24.11M,+7.4%,1%
478160104,JNJ,Johnson & Johnson,708907,130549,115.81M,21.33M,+22.6%,0.34%
565849106,MRO,Marathon Oil Corp,957229,932158,21.61M,21.05M,+3718.1%,0.06%
780259305,SHEL,Shell PLC,418660,418660,20.83M,20.83M,NEW,0.06%
40171V100,GWRE,Guidewire Software Inc,2470897,335358,152.16M,20.65M,+15.7%,0.45%
69327R101,,PDC Energy Inc,357853,356190,20.68M,20.58M,+21418.5%,0.06%
035710839,NLY,Annaly Capital Management Inc,1067349,1067349,18.32M,18.32M,NEW,0.05%
04016X101,ARGX,Argenx SE,49717,49717,17.55M,17.55M,NEW,0.05%
880770102,TER,Teradyne Inc,2898501,233487,217.82M,17.55M,+8.8%,0.65%
595112103,MU,Micron Technology Inc,5627813,335878,281.95M,16.83M,+6.3%,0.84%
067901108,B,Barrick Gold Corp,75561681,995099,1.17B,15.42M,+1.3%,3.5%
81762P102,NOW,ServiceNow Inc,399310,39180,150.78M,14.79M,+10.9%,0.45%
351858105,FNV,Franco-Nevada Corp,8179921,115014,977.33M,13.74M,+1.4%,2.9%
68827L101,OR,Osisko Gold Royalties Ltd,18531550,1299913,188.65M,13.23M,+7.5%,0.56%
G5960L103,MDT,Medtronic PLC,2013125,159915,162.56M,12.91M,+8.6%,0.48%
88160R101,TSLA,Tesla Inc,80947,48637,21.47M,12.9M,+150.5%,0.06%
291011104,EMR,Emerson Electric Co,2257904,176126,165.32M,12.9M,+8.5%,0.49%
959802109,WU,Western Union Co/The,11019410,923793,148.76M,12.47M,+9.2%,0.44%
902252105,TYL,Tyler Technologies Inc,519028,35791,180.36M,12.44M,+7.4%,0.54%
023135106,AMZN,Amazon.com Inc,1686078,108024,190.53M,12.21M,+6.8%,0.57%
294429105,EFX,Equifax Inc,931491,67795,159.69M,11.62M,+7.8%,0.48%
594918104,MSFT,Microsoft Corp,1108654,49296,258.2M,11.48M,+4.7%,0.77%
651639106,NEM,Newmont Corp,33136774,260505,1.39B,10.95M,+0.8%,4.1%
00724F101,ADBE,Adobe Inc,554794,36618,152.68M,10.08M,+7.1%,0.45%
949746101,WFC,Wells Fargo & Co,4058674,249185,163.24M,10.02M,+6.5%,0.49%
008474108,AEM,Agnico Eagle Mines Ltd,20328727,229889,858.48M,9.71M,+1.1%,2.6%
05722G100,BKR,Baker Hughes Co,8659621,446580,181.51M,9.36M,+5.4%,0.54%
717081103,PFE,Pfizer Inc,1516058,207989,66.34M,9.1M,+15.9%,0.2%
962879102,WPM,Wheaton Precious Metals Corp,19080354,273480,617.44M,8.85M,+1.5%,1.8%
88579Y101,MMM,3M Co,1384585,77582,153M,8.57M,+5.9%,0.46%
759916109,RGEN,Repligen Corp,48353,42506,9.05M,7.95M,+727%,0.03%
574599106,MAS,MASCO CORP,3583260,165208,167.3M,7.71M,+4.8%,0.5%
98956P102,ZBH,Zimmer Biomet Holdings Inc,1559380,67448,163.03M,7.05M,+4.5%,0.49%
58039P305,MUX,McEwen Mining Inc,2042421,2042421,6.66M,6.66M,NEW,0.02%
81141R100,SE,Sea Ltd,635335,115265,35.61M,6.46M,+22.2%,0.11%
37733W204,GSK,GSK PLC,818334,207901,24.08M,6.12M,+34.1%,0.07%
031162100,AMGN,Amgen Inc,305137,26346,68.78M,5.94M,+9.5%,0.2%
084670702,BRK.B,Berkshire Hathaway Inc,302691,21588,80.82M,5.76M,+7.7%,0.24%
65339F770,,NextEra Energy Inc,780781,113790,38.87M,5.66M,+17.1%,0.12%
037833100,AAPL,Apple Inc,746348,38877,103.15M,5.37M,+5.5%,0.31%
925652109,VICI,VICI Properties Inc,450219,179975,13.44M,5.37M,+66.6%,0.04%
65339F739,,NextEra Energy Inc,624625,91035,30.33M,4.42M,+17.1%,0.09%
459200101,IBM,International Business Machines Corp,79915,35168,9.49M,4.18M,+78.6%,0.03%
N07059210,ASML,ASML Holding NV,792195,10032,329.04M,4.17M,+1.3%,0.98%
69331C140,,PG&E Corp,249850,36406,28.54M,4.16M,+17.1%,0.08%
92532F100,VRTX,Vertex Pharmaceuticals Inc,175170,14239,50.72M,4.12M,+8.8%,0.15%
68634K106,ORLA,Orla Mining Ltd,8668315,1213737,28.27M,3.96M,+16.3%,0.08%
773903109,ROK,Rockwell Automation Inc,464486,18023,99.92M,3.88M,+4%,0.3%
857477103,STT,State Street Corp,1406274,57544,85.52M,3.5M,+4.3%,0.25%
33830Q109,FEAM,5E Advanced Materials Inc,338660,338660,3.44M,3.44M,NEW,0.01%
640491106,NEOG,Neogen Corp,540488,245622,7.55M,3.43M,+83.3%,0.02%
09247X101,,BlackRock Inc,293728,6190,161.63M,3.41M,+2.2%,0.48%
097023105,BA,Boeing Co/The,1137956,27207,137.78M,3.29M,+2.4%,0.41%
15234Q207,AXIAY,Centrais Eletricas Brasileiras SA,546370,403740,4.39M,3.24M,+283.1%,0.01%
075887406,,Becton Dickinson and Co,468469,68271,22.08M,3.22M,+17.1%,0.07%
45866F104,ICE,Intercontinental Exchange Inc,1020596,35330,92.21M,3.19M,+3.6%,0.27%
G7500M104,RNW,ReNew Energy Global PLC,1285641,515298,7.74M,3.1M,+66.9%,0.02%
91324P102,UNH,UnitedHealth Group Inc,111707,6009,56.42M,3.03M,+5.7%,0.17%
438516106,HON,Honeywell International Inc,530837,17883,88.63M,2.99M,+3.5%,0.26%
922475108,VEEV,Veeva Systems Inc,977252,18103,161.13M,2.98M,+1.9%,0.48%
17275R102,CSCO,Cisco Systems Inc,764819,69952,30.59M,2.8M,+10.1%,0.09%
00287Y109,ABBV,AbbVie Inc,296042,20135,39.73M,2.7M,+7.3%,0.12%
92826C839,V,Visa Inc,238028,15098,42.29M,2.68M,+6.8%,0.13%
101137206,,BOSTON SCIENTIFIC CORP,157124,22897,15.9M,2.32M,+17.1%,0.05%
907818108,UNP,Union Pacific Corp,192687,11867,37.54M,2.31M,+6.6%,0.11%
50202P105,,Li-Cycle Holdings Corp,423846,421086,2.25M,2.24M,+15256.7%,<.01%
75886F107,REGN,Regeneron Pharmaceuticals Inc,66656,3130,45.92M,2.16M,+4.9%,0.14%
233331842,,DTE Energy Co,389750,42918,19.54M,2.15M,+12.4%,0.06%
00130H204,,AES Corp/The,162871,23726,14.39M,2.1M,+17.1%,0.04%
090040106,BILI,Bilibili Inc,1138542,133751,17.44M,2.05M,+13.3%,0.05%
015857873,,Algonquin Power & Utilities Corp,359160,52365,13.6M,1.98M,+17.1%,0.04%
65473P121,,NiSource Inc,134684,19614,13.55M,1.97M,+17%,0.04%
57636Q104,MA,Mastercard Inc,135993,6905,38.67M,1.96M,+5.3%,0.12%
808513105,SCHW,Charles Schwab Corp/The,1468660,26955,105.55M,1.94M,+1.9%,0.31%
02557T307,,American Electric Power Co Inc,265466,38694,13.14M,1.92M,+17.1%,0.04%
532457108,LLY,Eli Lilly & Co,217273,5781,70.26M,1.87M,+2.7%,0.21%
42226K105,HR,Healthcare Realty Trust Inc,106242,88303,2.21M,1.84M,+492.2%,<.01%
80105N105,SNY,Sanofi,612395,45464,23.28M,1.73M,+8%,0.07%
37045V100,GM,General Motors Co,77621,51646,2.49M,1.66M,+198.8%,<.01%
92343V104,VZ,Verizon Communications Inc,297615,43398,11.3M,1.65M,+17.1%,0.03%
60770K107,MRNA,Moderna Inc,209480,13342,24.77M,1.58M,+6.8%,0.07%
36168Q120,,GFL Environmental Inc,182671,26620,10.56M,1.54M,+17.1%,0.03%
828363101,SILV,SilverCrest Metals Inc,6423123,276183,35.52M,1.53M,+4.5%,0.11%
36467W109,GME,GameStop Corp,76199,60253,1.92M,1.51M,+377.9%,<.01%
55903Q104,MAG,MAG Silver Corp,3843440,119494,47.97M,1.49M,+3.2%,0.14%
654110105,NKLA,Nikola Corp,1671191,418787,5.88M,1.47M,+33.4%,0.02%
125141101,CECO,Ceco Environmental Corp,163402,163402,1.45M,1.45M,NEW,<.01%
25746U109,D,Dominion Energy Inc,236425,20559,16.34M,1.42M,+9.5%,0.05%
902973304,USB,US Bancorp,75624,34823,3.05M,1.4M,+85.3%,<.01%
002824100,ABT,Abbott Laboratories,228508,14456,22.11M,1.4M,+6.8%,0.07%
655844108,NSC,Norfolk Southern Corp,29693,6653,6.23M,1.39M,+28.9%,0.02%
058586108,BLDP,Ballard Power Systems Inc,1581597,227268,9.68M,1.39M,+16.8%,0.03%
02209S103,MO,Altria Group Inc,181114,33625,7.31M,1.36M,+22.8%,0.02%
539830109,LMT,Lockheed Martin Corp,42577,3510,16.45M,1.36M,+9%,0.05%
136375102,CNI,Canadian National Railway Co,130390,12380,14.07M,1.34M,+10.5%,0.04%
413216300,HMY,Harmony Gold Mining Co Ltd,57636837,544685,140.06M,1.32M,+1%,0.42%
03027X100,AMT,American Tower Corp,85383,6086,18.33M,1.31M,+7.7%,0.05%
110122108,BMY,Bristol-Myers Squibb Co,512509,18270,36.43M,1.3M,+3.7%,0.11%
09257P105,BTT,BlackRock Municipal 2030 Target Term Tr,316473,62762,6.49M,1.29M,+24.7%,0.02%
464288372,IGF,iShares Global Infrastructure ETF,391392,30737,16.37M,1.29M,+8.5%,0.05%
00846U101,A,Agilent Technologies Inc,50254,9562,6.11M,1.16M,+23.5%,0.02%
038169207,APLD,Applied Blockchain Inc,698253,677709,1.19M,1.15M,+3298.8%,<.01%
744573106,PEG,Public Service Enterprise Group Inc,174459,20435,9.81M,1.15M,+13.3%,0.03%
G1151C101,ACN,Accenture PLC,95746,4388,24.64M,1.13M,+4.8%,0.07%
29364G103,ETR,Entergy Corp,74673,10979,7.51M,1.1M,+17.2%,0.02%
G5494J103,,Linde PLC,30501,4049,8.22M,1.09M,+15.3%,0.02%
75524B203,,RBC Bearings Inc,71832,10481,7.47M,1.09M,+17.1%,0.02%
838518306,,South Jersey Industries Inc,104625,15241,6.97M,1.01M,+17.1%,0.02%
22822V101,CCI,Crown Castle Inc,82709,6988,11.96M,1.01M,+9.2%,0.04%
369550108,GD,General Dynamics Corp,27740,4681,5.88M,993.07K,+20.3%,0.02%
29258Y103,EXK,Endeavour Silver Corp,19556660,324891,59.06M,981.17K,+1.7%,0.18%
053015103,ADP,Automatic Data Processing Inc,92370,4318,20.89M,976.68K,+4.9%,0.06%
05605H100,BWXT,BWX Technologies Inc,44599,18889,2.25M,951.25K,+73.5%,<.01%
82489T104,SWAV,Shockwave Medical Inc,3365,3365,936K,936K,NEW,<.01%
011532108,AGI,Alamos Gold Inc,41811734,124501,309.82M,922.55K,+0.3%,0.92%
00404A109,ACHC,Acadia Healthcare Co Inc,11782,11782,921K,921K,NEW,<.01%
92534K107,VRTX,Vertex Energy Inc,229076,146486,1.43M,912.52K,+177.4%,<.01%
78409V104,SPGI,S&P Global Inc,70281,2958,21.46M,903.25K,+4.4%,0.06%
49456B101,KMI,Kinder Morgan Inc,550098,54017,9.15M,898.88K,+10.9%,0.03%
69349H107,TXNM,PNM Resources Inc,67131,19268,3.07M,881.15K,+40.3%,<.01%
550021109,LULU,Lululemon Athletica Inc,31390,3137,8.78M,877.04K,+11.1%,0.03%
13645T100,CP.TO,Canadian Pacific Railway Ltd,73244,13071,4.88M,871.59K,+21.7%,0.01%
219798105,QDEL,QuidelOrtho Corp,12039,12039,861K,861K,NEW,<.01%
854502846,,Stanley Black & Decker Inc,117117,17068,5.78M,841.76K,+17.1%,0.02%
87807B107,TRP,TC Energy Corp,233352,20791,9.39M,836.8K,+9.8%,0.03%
592688105,MTD,Mettler-Toledo International Inc,768,768,833K,833K,NEW,<.01%
461202103,INTU,Intuit Inc,52001,2141,20.14M,829.25K,+4.3%,0.06%
516544103,LNTH,Lantheus Holdings Inc,11672,11672,821K,821K,NEW,<.01%
126408103,CSX,CSX Corp,230856,29897,6.15M,796.46K,+14.9%,0.02%
674599105,OXY,Occidental Petroleum Corp,41527,12897,2.55M,792.57K,+45%,<.01%
337932107,FE,FirstEnergy Corp,130355,20944,4.82M,774.91K,+19.1%,0.01%
500754106,KHC,Kraft Heinz Co/The,50177,23201,1.67M,773.57K,+86%,<.01%
29250N105,ENB,Enbridge Inc,421463,20623,15.62M,764.12K,+5.1%,0.05%
09248F109,BFK,BlackRock Municipal Income Trust,227754,79190,2.17M,754.51K,+53.3%,<.01%
336433107,FSLR,First Solar Inc,89457,5698,11.83M,753.64K,+6.8%,0.04%
70450Y103,PYPL,PayPal Holdings Inc,154357,8646,13.29M,744.13K,+5.9%,0.04%
654106103,NKE,NIKE Inc,233921,8918,19.44M,741.24K,+4%,0.06%
74965L200,RLJPA,RLJ Lodging Trust,201129,29298,4.94M,720.18K,+17.1%,0.01%
92556H305,,Paramount Global,156156,22768,4.83M,703.5K,+17.1%,0.01%
500631106,KEP,Korea Electric Power Corp,337485,101323,2.29M,689.03K,+42.9%,<.01%
45378A106,IRT,Independence Realty Trust Inc,61176,41069,1.02M,686.77K,+204.3%,<.01%
615111101,ONT,Montrose Environmental Group Inc,58912,20323,1.98M,683.73K,+52.7%,<.01%
452308109,ITW,Illinois Tool Works Inc,46364,3744,8.38M,676.38K,+8.8%,0.02%
015658107,ASTL,Algoma Steel Group Inc,103716,103716,668K,668K,NEW,<.01%
05759B107,BKKT,Bakkt Holdings Inc,715691,287914,1.63M,656.13K,+67.3%,<.01%
76954A103,RIVN,Rivian Automotive Inc,171608,19599,5.65M,645.05K,+12.9%,0.02%
22160K105,COST,Costco Wholesale Corp,95954,1360,45.32M,642.28K,+1.4%,0.13%
48251K100,KREF,KKR Real Estate Finance Trust Inc,213472,38924,3.47M,632.53K,+22.3%,0.01%
518439104,EL,Estee Lauder Cos Inc/The,44011,2913,9.5M,628.92K,+7.1%,0.03%
571748102,MRSH,Marsh & McLennan Cos Inc,69701,4091,10.41M,610.77K,+6.2%,0.03%
760759100,RSG,Republic Services Inc,52043,4448,7.08M,605.11K,+9.3%,0.02%
94106L109,WM,Waste Management Inc,43861,3738,7.03M,598.87K,+9.3%,0.02%
609207105,MDLZ,Mondelez International Inc,261811,10611,14.36M,581.8K,+4.2%,0.04%
65340P106,NXE,NexGen Energy Ltd,388324,157811,1.43M,579.11K,+68.5%,<.01%
69331C108,PCG,PG&E Corp,638726,45471,7.98M,568.38K,+7.7%,0.02%
13321L108,CCJ,Cameco Corp,188515,21063,5M,558.43K,+12.6%,0.01%
816851109,SRE,Sempra Energy,63915,3698,9.58M,554.45K,+6.1%,0.03%
18452B209,CLSK,Cleanspark Inc,520952,172730,1.66M,549.4K,+49.6%,<.01%
891160509,TD,Toronto-Dominion Bank/The,138347,8773,8.47M,537.43K,+6.8%,0.03%
78573M203,,Sabre Corp,51376,7500,3.67M,535.32K,+17.1%,0.01%
553368101,MP,MP Materials Corp,1928997,19393,52.66M,529.43K,+1%,0.16%
852234103,XYZ,Block Inc,93110,9593,5.12M,527.51K,+11.5%,0.02%
872590104,TMUS,T-Mobile US Inc,20337,3924,2.73M,526.56K,+23.9%,<.01%
09173B107,KEEL,Bitfarms Ltd/Canada,1945525,499932,2.04M,524.98K,+34.6%,<.01%
666807102,NOC,Northrop Grumman Corp,19216,1113,9.04M,523.49K,+6.1%,0.03%
28414H202,,Elanco Animal Health Inc,171772,25021,3.59M,523.23K,+17%,0.01%
679295105,OKTA,Okta Inc,9117,9117,518K,518K,NEW,<.01%
916896103,UEC,Uranium Energy Corp,362358,147384,1.27M,515.74K,+68.6%,<.01%
670682103,NMZ,Nuveen Municipal High Income Opportunit,324758,48964,3.34M,503.42K,+17.8%,<.01%
252131107,DXCM,DexCom Inc,6244,6244,503K,503K,NEW,<.01%
28176E108,EW,Edwards Lifesciences Corp,116854,6081,9.66M,502.49K,+5.5%,0.03%
46120E602,ISRG,Intuitive Surgical Inc,46469,2665,8.71M,499.52K,+6.1%,0.03%
040126104,,Argo Blockchain PLC,518774,126130,2.01M,487.96K,+32.1%,<.01%
05501U106,AZULQ,Azul SA,59162,59162,482K,482K,NEW,<.01%
04041L106,WES,Aris Water Solution Inc,98158,36649,1.25M,467.46K,+59.6%,<.01%
15643U104,LEU,USEC INC,11407,11407,467K,467K,NEW,<.01%
00165C104,,AMC Entertainment Holdings Inc,227796,66870,1.59M,466.16K,+41.6%,<.01%
Q4982L109,IREN,Iris Energy Ltd,468834,112298,1.94M,463.72K,+31.5%,<.01%
761152107,RMD,ResMed Inc,17234,2114,3.76M,461.46K,+14%,0.01%
64440N103,NFGC,New Found Gold Corp,3520800,129709,12.45M,458.63K,+3.8%,0.04%
189054109,CLX,Clorox Co/The,48126,3552,6.18M,456.05K,+8%,0.02%
855244109,SBUX,Starbucks Corp,113011,5212,9.52M,439.15K,+4.8%,0.03%
743315103,PGR,Progressive Corp/The,63865,3701,7.42M,430.11K,+6.2%,0.02%
872540109,TJX,TJX Cos Inc/The,277016,6865,17.21M,426.45K,+2.5%,0.05%
682680103,OKE,Oneok Inc,108726,8278,5.57M,424.23K,+8.2%,0.02%
00788A105,,Advent Technologies Holdings Inc,137750,137750,422K,422K,NEW,<.01%
969457100,WMB,Williams Cos Inc/The,314898,14601,9.02M,418K,+4.9%,0.03%
670100205,NVO,Novo Nordisk A/S,262689,4159,26.17M,414.37K,+1.6%,0.08%
90138F102,TWLO,Twilio Inc,5974,5974,413K,413K,NEW,<.01%
615369105,MCO,Moody's Corp,45709,1695,11.11M,412.06K,+3.9%,0.03%
98389B100,XEL,Xcel Energy Inc,110749,6409,7.09M,410.18K,+6.1%,0.02%
78410G104,SBAC,SBA Communications Corp,17134,1397,4.88M,397.64K,+8.9%,0.01%
09253X102,MUI,BlackRock Municipal Income Fund Inc,376755,36356,4.09M,394.87K,+10.7%,0.01%
806882106,RDUS,Schnitzer Steel Industries Inc,74091,13145,2.11M,374.17K,+21.6%,<.01%
12662P108,CVI,CVR ENERGY INC,12626,12626,366K,366K,NEW,<.01%
248356107,DNN,Denison Mines Corp,961666,303664,1.14M,359.34K,+46.1%,<.01%
209115104,ED,Consolidated Edison Inc,72067,4170,6.18M,357.59K,+6.1%,0.02%
020002101,ALL,Allstate Corp/The,35060,2818,4.37M,350.92K,+8.7%,0.01%
38149E101,GLDG,GoldMining Inc,7677316,418460,6.37M,347.31K,+5.8%,0.02%
27827X101,EIM,Eaton Vance Municipal Bond Fund,366369,35743,3.55M,345.95K,+10.8%,0.01%
988498101,YUM,Yum! Brands Inc,106498,3248,11.32M,345.39K,+3.1%,0.03%
780087102,RY,Royal Bank of Canada,66804,3835,6.01M,344.9K,+6.1%,0.02%
697435105,PANW,Palo Alto Networks Inc,2093,2093,343K,343K,NEW,<.01%
134748102,CAN,Canaan Inc,770247,98530,2.53M,323.25K,+14.7%,<.01%
12572Q105,CME,CME Group Inc,44122,1821,7.82M,322.54K,+4.3%,0.02%
292671708,UUUU,Energy Fuels Inc/Canada,183701,52377,1.12M,320.19K,+39.9%,<.01%
009158106,APD,Air Products and Chemicals Inc,37906,1366,8.82M,317.91K,+3.7%,0.03%
G8473T100,STE,STERIS PLC,13170,1909,2.19M,317.44K,+17%,<.01%
30040W108,ES,Eversource Energy,69979,4049,5.46M,315.69K,+6.1%,0.02%
46132C107,VMO,Invesco Municipal Opportunity Trust,341291,34474,3.11M,314.04K,+11.2%,<.01%
20440W105,SID,Cia Siderurgica Nacional SA,1467045,131534,3.49M,313.09K,+9.8%,0.01%
60937P106,MDB,MongoDB Inc,1570,1570,312K,312K,NEW,<.01%
G1144A105,BTBT,Bit Digital Inc,784643,254800,941K,305.57K,+48.1%,<.01%
90364P105,PATH,UiPath Inc,23850,23850,301K,301K,NEW,<.01%
09253T101,MVT,BlackRock MuniVest Fund II Inc,108723,29501,1.1M,297.66K,+37.2%,<.01%
880890108,TX,Ternium SA,136064,10616,3.73M,290.79K,+8.5%,0.01%
G46188101,,Horizon Therapeutics Plc,15904,4636,984K,286.84K,+41.1%,<.01%
16934Q208,,Chimera Investment Corp,1010945,54660,5.28M,285.32K,+5.7%,0.02%
46131M106,VGM,Invesco Trust for Investment Grade Muni,276592,29672,2.59M,277.74K,+12%,<.01%
172908105,CTAS,Cintas Corp,12343,715,4.79M,277.53K,+6.1%,0.01%
16411R208,LNG,Cheniere Energy Inc,129529,1664,21.49M,276.07K,+1.3%,0.06%
064058100,BNY,Bank of New York Mellon Corp/The,284971,7129,10.98M,274.61K,+2.6%,0.03%
21873J108,,Core Scientific Inc,1297136,209719,1.69M,272.59K,+19.3%,<.01%
91332U101,U,Unity Software Inc,955327,8534,30.44M,271.9K,+0.9%,0.09%
256746108,DLTR,Dollar Tree Inc,23580,1970,3.21M,268.1K,+9.1%,<.01%
032095101,APH,Amphenol Corp,68380,3962,4.58M,265.31K,+6.2%,0.01%
115637209,BF.B,Brown-Forman Corp,124728,3963,8.3M,263.81K,+3.3%,0.02%
00206R102,T,AT&T Inc,291714,17165,4.47M,263.32K,+6.3%,0.01%
92189F528,SMB,VanEck Short Muni ETF,31704,15796,527K,262.57K,+99.3%,<.01%
549498103,LCID,Lucid Group Inc,330475,18648,4.62M,260.53K,+6%,0.01%
345370860,F,Ford Motor Co,287442,23250,3.22M,260.37K,+8.8%,<.01%
G29183103,ETN,Eaton Corp PLC,5917,1952,789K,260.29K,+49.2%,<.01%
427866108,HSY,Hershey Co/The,20212,1171,4.46M,258.16K,+6.1%,0.01%
46131J103,VKQ,Invesco Municipal Trust,281704,28167,2.58M,257.47K,+11.1%,<.01%
64124P101,NBH,Neuberger Berman Municipal Fund Inc,95911,24896,971K,252.05K,+35.1%,<.01%
02215L209,KNTK,Kinetik Holdings Inc,7723,7723,252K,252K,NEW,<.01%
192446102,CTSH,Cognizant Technology Solutions Corp,68518,4353,3.94M,250.06K,+6.8%,0.01%
281020107,EIX,Edison International,76347,4418,4.32M,249.99K,+6.1%,0.01%
61174X109,MNST,Monster Beverage Corp,49430,2864,4.3M,249.03K,+6.2%,0.01%
12541W209,CHRW,CH Robinson Worldwide Inc,90231,2539,8.69M,244.53K,+2.9%,0.03%
776696106,ROP,Roper Technologies Inc,34580,679,12.44M,244.19K,+2%,0.04%
023608102,AEE,Ameren Corp,52262,3025,4.21M,243.68K,+6.1%,0.01%
45168D104,IDXX,IDEXX Laboratories Inc,12723,737,4.14M,240.11K,+6.1%,0.01%
46133G107,IQI,Invesco Quality Municipal Income Trust,270144,26300,2.47M,240.08K,+10.8%,<.01%
03076C106,AMP,Ameriprise Financial Inc,16118,934,4.06M,235.33K,+6.2%,0.01%
955306105,WST,West Pharmaceutical Services Inc,13046,950,3.21M,233.75K,+7.9%,<.01%
44812T102,,Hut 8 Mining Corp,1360605,130196,2.42M,231.76K,+10.6%,<.01%
H84989104,TEL,TE Connectivity Ltd,36132,2094,3.99M,231.12K,+6.2%,0.01%
94106B101,WCN,Waste Connections Inc,51345,1683,6.94M,227.42K,+3.4%,0.02%
05577W200,DOO,BRP Inc,22624,3663,1.39M,225.38K,+19.3%,<.01%
989207105,ZBRA,Zebra Technologies Corp,859,859,225K,225K,NEW,<.01%
88080T104,WULF,Terawulf Inc,534822,176680,674K,222.66K,+49.3%,<.01%
001055102,AFL,Aflac Inc,68058,3944,3.83M,221.66K,+6.2%,0.01%
143658300,CCL,Carnival Corp,90508,31445,636K,220.96K,+53.2%,<.01%
494368103,KMB,Kimberly-Clark Corp,8008,1962,901K,220.75K,+32.5%,<.01%
31620M106,FIS,Fidelity National Information Services,38088,2900,2.88M,219.13K,+8.2%,<.01%
337738108,FISV,Fiserv Inc,34109,2331,3.19M,218.14K,+7.3%,<.01%
09253W104,MYD,BlackRock MuniYield Fund Inc,239110,21724,2.38M,215.96K,+10%,<.01%
09249N101,BLE,BlackRock Municipal Income Trust II,246126,21546,2.46M,215.44K,+9.6%,<.01%
384802104,GWW,WW Grainger Inc,8081,439,3.95M,214.75K,+5.7%,0.01%
172967424,C,Citigroup Inc,84540,5135,3.52M,213.99K,+6.5%,0.01%
311900104,FAST,Fastenal Co,80042,4639,3.69M,213.57K,+6.2%,0.01%
349553107,FTS,Fortis Inc/Canada,97004,5613,3.68M,213K,+6.1%,0.01%
95766M105,MMU,Western Asset Managed Municipals Fund I,225377,21935,2.19M,212.75K,+10.8%,<.01%
G8994E103,TT,Trane Technologies plc,25179,1459,3.65M,211.27K,+6.2%,0.01%
368736104,GNRC,Generac Holdings Inc,8832,1172,1.57M,208.74K,+15.3%,<.01%
15189T107,CNP,CenterPoint Energy Inc,127940,7404,3.6M,208.62K,+6.1%,0.01%
23331A109,DHI,DR Horton Inc,48483,3081,3.27M,207.48K,+6.8%,<.01%
369604301,GE,General Electric Co,4674,3331,289K,205.96K,+248%,<.01%
86333M108,LRN,K12 Inc,4877,4877,205K,205K,NEW,<.01%
68404L201,OPCH,OPTION CARE HEALTH INC,6397,6397,201K,201K,NEW,<.01%
00653Q102,AHCO,AdaptHealth Corp,10639,10639,200K,200K,NEW,<.01%
125896100,CMS,CMS Energy Corp,58786,3401,3.42M,198.09K,+6.1%,0.01%
98149E303,GLDM,SPDR Gold MiniShares Trust,5993,5993,198K,198K,NEW,<.01%
968223206,WLY,John Wiley & Sons Inc,246775,5272,9.27M,198K,+2.2%,0.03%
040413106,,Arista Networks Inc,30161,1748,3.4M,197.34K,+6.2%,0.01%
77543R102,ROKU,Roku Inc,10739,3492,606K,197.05K,+48.2%,<.01%
90384S303,ULTA,Ulta Beauty Inc,13304,489,5.34M,196.2K,+3.8%,0.02%
931427108,WBA,Walgreens Boots Alliance Inc,115075,6249,3.61M,196.2K,+5.7%,0.01%
101137107,BSX,BOSTON SCIENTIFIC CORP,53495,4910,2.07M,190.18K,+10.1%,<.01%
87612G101,TRGP,Targa Resources Corp,61874,3142,3.73M,189.56K,+5.3%,0.01%
98980L101,ZM,Zoom Video Communications Inc,10293,2559,757K,188.2K,+33.1%,<.01%
679580100,ODFL,Old Dominion Freight Line Inc,12999,753,3.23M,187.34K,+6.1%,<.01%
125523100,CI,Cigna Corp,13518,668,3.75M,185.36K,+5.2%,0.01%
84265V105,SCCO,Southern Copper Corp,66731,4120,2.99M,184.73K,+6.6%,<.01%
706327103,PBA,Pembina Pipeline Corp,145389,6077,4.41M,184.41K,+4.4%,0.01%
500688106,KOS,Kosmos Energy Ltd,224179,35357,1.16M,182.79K,+18.7%,<.01%
030420103,AWK,American Water Works Co Inc,38613,1404,5.03M,182.75K,+3.8%,0.01%
44951Y102,,Hyzon Motors Inc,444934,106697,756K,181.29K,+31.5%,<.01%
12769G100,CZR,Caesars Entertainment Inc,57229,5600,1.85M,180.64K,+10.8%,<.01%
56501R106,MFC,Manulife Financial Corp,97602,11433,1.53M,179.22K,+13.3%,<.01%
82489W107,SHLS,Shoals Technologies Group Inc,107143,8065,2.31M,173.81K,+8.1%,<.01%
217204106,CPRT,Copart Inc,28076,1627,2.99M,173.1K,+6.2%,<.01%
N53745100,LYB,LyondellBasell Industries NV,37374,2282,2.81M,171.82K,+6.5%,<.01%
456788108,INFY,Infosys Ltd,135748,9980,2.3M,169.39K,+7.9%,<.01%
501044101,KR,Kroger Co/The,88123,3816,3.85M,166.93K,+4.5%,0.01%
22788C105,CRWD,Crowdstrike Holdings Inc,4200,1013,692K,166.9K,+31.8%,<.01%
17253J106,CIFR,Cipher Mining Inc,544129,127088,686K,160.22K,+30.5%,<.01%
45784P101,PODD,Insulet Corp,2433,691,558K,158.48K,+39.7%,<.01%
744320102,PRU,Prudential Financial Inc,15706,1842,1.35M,157.98K,+13.3%,<.01%
018802108,LNT,Alliant Energy Corp,50892,2944,2.7M,156.02K,+6.1%,<.01%
03062D100,USAS,Americas Gold & Silver Corp,9088145,379961,3.73M,155.82K,+4.4%,0.01%
30034W106,EVRG,Evergy Inc,45134,2611,2.68M,155.1K,+6.1%,<.01%
38046C109,GOGO,Gogo Inc,24939,12794,302K,154.93K,+105.3%,<.01%
65473P105,NI,NiSource Inc,96621,6098,2.43M,153.62K,+6.7%,<.01%
46269C102,IRDM,Iridium Communications Inc,33760,3439,1.5M,152.6K,+11.3%,<.01%
89417E109,TRV,Travelers Cos Inc/The,3438,995,527K,152.52K,+40.7%,<.01%
98980G102,ZS,Zscaler Inc,921,921,151K,151K,NEW,<.01%
000957100,ABM,ABM Industries Inc,61160,3912,2.34M,149.55K,+6.8%,<.01%
67066V101,NAD,Nuveen Quality Municipal Income Fund,982943,13564,10.81M,149.2K,+1.4%,0.03%
136069101,CM,Canadian Imperial Bank of Commerce,28180,3406,1.23M,148.91K,+13.7%,<.01%
893662106,,Transglobe Energy Corp,191650,54968,514K,147.42K,+40.2%,<.01%
50540R409,,Laboratory Corp of America Holdings,14875,719,3.05M,147.28K,+5.1%,<.01%
09253R105,MVF,BlackRock MuniVest Fund Inc,430339,21668,2.86M,143.85K,+5.3%,<.01%
49338L103,KEYS,Keysight Technologies Inc,42233,901,6.65M,141.79K,+2.2%,0.02%
89677Y100,TPVG,TriplePoint Venture Growth BDC Corp,432614,12951,4.7M,140.64K,+3.1%,0.01%
302130109,EXPD,Expeditors International of Washington,29840,1580,2.63M,139.52K,+5.6%,<.01%
833445109,SNOW,Snowflake Inc,19144,801,3.25M,136.11K,+4.4%,<.01%
62944T105,NVR,NVR Inc,495,34,1.97M,135.59K,+7.4%,<.01%
049560105,ATO,Atmos Energy Corp,30080,1322,3.06M,134.66K,+4.6%,<.01%
548661107,LOW,Lowe's Cos Inc,82355,708,15.47M,132.97K,+0.9%,0.05%
92189H409,HYD,VanEck High Yield Muni ETF,13684,2653,683K,132.42K,+24.1%,<.01%
419870100,HE,Hawaiian Electric Industries Inc,24612,3808,853K,131.98K,+18.3%,<.01%
29414B104,EPAM,EPAM Systems Inc,6292,364,2.28M,131.84K,+6.1%,<.01%
G4412G101,HLF,Herbalife Nutrition Ltd,6606,6606,131K,131K,NEW,<.01%
73278L105,POOL,Pool Corp,6890,408,2.19M,129.8K,+6.3%,<.01%
803607100,SRPT,Sarepta Therapeutics Inc,1154,1154,128K,128K,NEW,<.01%
92552V100,VSAT,Viasat Inc,12148,4230,367K,127.79K,+53.4%,<.01%
26817Q886,DX,Dynex Capital Inc,238209,10804,2.77M,125.86K,+4.8%,<.01%
064149107,BNS,Bank of Nova Scotia/The,69841,2579,3.32M,122.52K,+3.8%,<.01%
29109X106,AZPN,Aspen Technology Inc,20828,514,4.96M,122.43K,+2.5%,0.01%
278768106,ECHO,EchoStar Corp,23124,7423,381K,122.3K,+47.3%,<.01%
78486Q101,SVBT,SVB Financial Group,6227,361,2.09M,121.22K,+6.2%,<.01%
205887102,CAG,Conagra Brands Inc,25309,3674,826K,119.91K,+17%,<.01%
29362U104,ENTG,Entegris Inc,40415,1426,3.35M,118.38K,+3.7%,<.01%
171340102,CHD,Church & Dwight Co Inc,28562,1655,2.04M,118.21K,+6.2%,<.01%
M22465104,CHKP,Check Point Software Technologies Ltd,47072,1054,5.27M,118.07K,+2.3%,0.02%
303075105,FDS,Factset Research Systems Inc,5054,293,2.02M,117.22K,+6.2%,<.01%
G1757E113,CMCL,Caledonia Mining Corp PLC,479607,11930,4.71M,117.16K,+2.6%,0.01%
70432V102,PAYC,Paycom Software Inc,6103,353,2.01M,116.49K,+6.1%,<.01%
457187102,INGR,Ingredion Inc,12599,1409,1.01M,113.4K,+12.6%,<.01%
57778K105,,Maxar Technologies Inc,17816,6008,334K,112.63K,+50.9%,<.01%
14040H105,COF,Capital One Financial Corp,19320,1198,1.78M,110.44K,+6.6%,<.01%
89832Q109,TFC,Truist Financial Corp,37806,2496,1.65M,108.67K,+7.1%,<.01%
260003108,DOV,Dover Corp,15868,919,1.85M,107.14K,+6.1%,<.01%
237194105,DRI,Darden Restaurants Inc,14516,841,1.83M,106.25K,+6.1%,<.01%
832696405,SJM,J M Smucker Co/The,5279,772,725K,106.02K,+17.1%,<.01%
12532H104,GIB,CGI Inc,24206,1403,1.82M,105.49K,+6.2%,<.01%
426281101,JKHY,Jack Henry & Associates Inc,9686,562,1.76M,102.41K,+6.2%,<.01%
585464100,MLCO,Melco Resorts & Entertainment Ltd,76956,14978,510K,99.26K,+24.2%,<.01%
892672106,TW,Tradeweb Markets Inc,91494,1759,5.16M,99.24K,+2%,0.02%
77634L105,,R1 RCM Inc,5250,5250,97K,97K,NEW,<.01%
52567D107,LMND,Lemonade Inc,17529,4531,371K,95.9K,+34.9%,<.01%
063671101,BMO,Bank of Montreal,18961,1088,1.66M,95.25K,+6.1%,<.01%
45167R104,IEX,IDEX Corp,8163,473,1.63M,94.51K,+6.2%,<.01%
911312106,UPS,United Parcel Service Inc,10743,581,1.74M,93.83K,+5.7%,<.01%
745867101,PHM,PulteGroup Inc,37891,2481,1.42M,93.04K,+7%,<.01%
264147109,DCO,Ducommun Inc,5892,2331,234K,92.58K,+65.5%,<.01%
626755102,MUSA,Murphy USA Inc,334,334,92K,92K,NEW,<.01%
099502106,BAH,Booz Allen Hamilton Holding Corp,17053,988,1.57M,91.25K,+6.2%,<.01%
445658107,JBHT,JB Hunt Transport Services Inc,9900,574,1.55M,89.81K,+6.2%,<.01%
82509L107,SHOP,Shopify Inc,69918,3293,1.88M,88.73K,+4.9%,<.01%
69608A108,PLTR,Palantir Technologies Inc,192933,10831,1.57M,88.08K,+5.9%,<.01%
053611109,AVY,Avery Dennison Corp,9291,539,1.51M,87.72K,+6.2%,<.01%
681919106,OMC,Omnicom Group Inc,23594,1368,1.49M,86.33K,+6.2%,<.01%
670837103,OGE,OGE Energy Corp,40537,2346,1.48M,85.54K,+6.1%,<.01%
92766K106,SPCE.MX,Virgin Galactic Holdings Inc,54027,17792,254K,83.65K,+49.1%,<.01%
12504L109,CBRE,CBRE Group Inc,19388,1230,1.31M,83.04K,+6.8%,<.01%
16955F107,FUTU,Chindata Group Holdings Ltd,10168,10168,82K,82K,NEW,<.01%
003654100,,ABIOMED Inc,6216,332,1.53M,81.56K,+5.6%,<.01%
40434L105,HPQ,HP Inc,31028,3259,773K,81.19K,+11.7%,<.01%
428291108,HXL,Hexcel Corp,5691,1553,294K,80.23K,+37.5%,<.01%
674215207,CHRD,Oasis Petroleum Inc,584,584,80K,80K,NEW,<.01%
770323103,RHI,Robert Half International Inc,18943,1023,1.45M,78.25K,+5.7%,<.01%
19239V302,CCOI,Cogent Communications Holdings Inc,8831,1498,460K,78.03K,+20.4%,<.01%
626717102,MUR,Murphy Oil Corp,2213,2213,78K,78K,NEW,<.01%
150870103,CE,Celanese Corp,14823,859,1.34M,77.6K,+6.2%,<.01%
256677105,DG,Dollar General Corp,22489,323,5.39M,77.47K,+1.5%,0.02%
09254E103,MYI,BlackRock MuniYield Quality Fund III In,318949,7340,3.33M,76.56K,+2.4%,<.01%
15912K100,,Change Healthcare Inc,2760,2760,76K,76K,NEW,<.01%
14149Y108,CAH,Cardinal Health Inc,28853,1127,1.92M,75.15K,+4.1%,<.01%
46132E103,VKI,Invesco Advantage Municipal Income Trus,206928,9209,1.68M,74.77K,+4.7%,<.01%
655663102,NDSN,Nordson Corp,6076,352,1.29M,74.73K,+6.1%,<.01%
42824C109,HPE,Hewlett Packard Enterprise Co,59211,6220,709K,74.48K,+11.7%,<.01%
378973408,GSAT,Globalstar Inc,232224,46595,369K,74.04K,+25.1%,<.01%
854502101,SWK,Stanley Black & Decker Inc,16941,982,1.27M,73.85K,+6.2%,<.01%
09253N104,MHD,BlackRock MuniHoldings Fund Inc,245568,6543,2.76M,73.62K,+2.7%,<.01%
29670G102,WTRG,Essential Utilities Inc,49382,1779,2.04M,73.6K,+3.7%,<.01%
778296103,ROST,Ross Stores Inc,35530,865,2.99M,72.89K,+2.5%,<.01%
866796105,SLF,Sun Life Financial Inc,16877,1836,670K,72.89K,+12.2%,<.01%
G4474Y214,JHG,Janus Henderson Group PLC,11479,3556,233K,72.18K,+44.9%,<.01%
833034101,SNA,Snap-On Inc,6142,356,1.24M,71.7K,+6.2%,<.01%
693475105,PNC,PNC Financial Services Group Inc/The,12429,466,1.86M,69.62K,+3.9%,<.01%
31620R303,FNF,Fidelity National Financial Inc,32360,1875,1.17M,67.85K,+6.2%,<.01%
36262G101,GXO,GXO Logistics Inc,4135,1893,145K,66.38K,+84.4%,<.01%
075887109,BDX,Becton Dickinson and Co,8793,295,1.96M,65.72K,+3.5%,<.01%
130788102,CWT,California Water Service Group,11439,1233,603K,65K,+12.1%,<.01%
05589T104,DMF,BNY Mellon Municipal Income Inc,119317,10746,717K,64.57K,+9.9%,<.01%
693483109,PKX,POSCO Holdings Inc,99861,1754,3.66M,64.22K,+1.8%,0.01%
85571B105,STWD,Starwood Property Trust Inc,773649,3474,14.1M,63.3K,+0.5%,0.04%
462222100,IONS,Ionis Pharmaceuticals Inc,1417,1417,63K,63K,NEW,<.01%
64119V303,NTST,NETSTREIT Corp,3513,3513,63K,63K,NEW,<.01%
88162G103,TTEK,Tetra Tech Inc,20369,486,2.62M,62.46K,+2.4%,<.01%
17888H103,CIVI,Bonanza Creek Energy Inc,1083,1083,62K,62K,NEW,<.01%
460690100,IPG,Interpublic Group of Cos Inc/The,41553,2408,1.06M,61.66K,+6.2%,<.01%
74051N102,PINC,Premier Inc,1779,1779,60K,60K,NEW,<.01%
963320106,WHR,WHIRLPOOL CORP,7085,444,955K,59.85K,+6.7%,<.01%
315616102,FFIV,F5 Inc,7084,410,1.02M,59.32K,+6.1%,<.01%
451107106,IDA,IDACORP Inc,10216,592,1.01M,58.59K,+6.2%,<.01%
775711104,ROL,Rollins Inc,29105,1687,1.01M,58.48K,+6.2%,<.01%
09662E109,DSM,BNY Mellon Strategic Municipal Bond Fun,227698,10329,1.29M,58.47K,+4.8%,<.01%
354613101,BEN,Franklin Resources Inc,8129,2709,175K,58.32K,+50%,<.01%
806407102,HSIC,Henry Schein Inc,15185,880,999K,57.89K,+6.2%,<.01%
025932104,AFG,American Financial Group Inc/OH,8082,468,994K,57.56K,+6.1%,<.01%
M51474118,GILT,Gilat Satellite Networks Ltd,43027,10784,229K,57.4K,+33.4%,<.01%
37940X102,GPN,Global Payments Inc,4967,521,537K,56.33K,+11.7%,<.01%
87918A105,TDOC,Teladoc Health Inc,3805,2226,96K,56.16K,+141%,<.01%
L44385109,GLOB,Globant SA,311,294,58K,54.83K,+1729.4%,<.01%
G491BT108,IVZ,Invesco Ltd,9557,3927,131K,53.83K,+69.8%,<.01%
294600101,,Equitrans Midstream Corp,106979,6958,800K,52.03K,+7%,<.01%
04280A100,ARWR,Arrowhead Pharmaceuticals Inc,1575,1575,52K,52K,NEW,<.01%
233368109,KTF,DWS Municipal Income Trust,210194,6234,1.75M,51.87K,+3.1%,<.01%
171484108,CHDN,Churchill Downs Inc,9904,280,1.82M,51.57K,+2.9%,<.01%
668074305,NWE,NorthWestern Corp,11378,1044,561K,51.48K,+10.1%,<.01%
092113109,BKH,Black Hills Corp,13119,759,889K,51.43K,+6.1%,<.01%
60871R209,TAP,Molson Coors Beverage Co,10078,1059,484K,50.86K,+11.7%,<.01%
70014A104,PKE,Park Aerospace Corp,9985,4519,110K,49.78K,+82.7%,<.01%
443510607,HUBB,Hubbell Inc,2183,222,487K,49.53K,+11.3%,<.01%
192422103,CGNX,Cognex Corp,20611,1195,854K,49.51K,+6.2%,<.01%
574795100,MASI,Masimo Corp,6015,349,849K,49.26K,+6.2%,<.01%
450056106,IRTC,iRhythm Technologies Inc,390,390,49K,49K,NEW,<.01%
68213N109,OMCL,Omnicell Inc,559,559,49K,49K,NEW,<.01%
526057104,LEN,LENNAR CORP,6151,646,459K,48.21K,+11.7%,<.01%
70806A106,PFLT,PennantPark Floating Rate Capital Ltd,563403,4925,5.41M,47.28K,+0.9%,0.02%
15135B101,CNC,Centene Corp,5727,602,446K,46.88K,+11.7%,<.01%
219350105,GLW,Corning Inc,15360,1613,446K,46.84K,+11.7%,<.01%
11275Q107,BIPC.TO,Brookfield Infrastructure Corp,19791,1145,805K,46.57K,+6.1%,<.01%
114340102,AZTA,Azenta Inc,1074,1074,46K,46K,NEW,<.01%
784117103,SEIC,SEI Investments Co,16160,937,793K,45.98K,+6.2%,<.01%
723763108,MHI,Pioneer Municipal High Income Fund Trus,127287,5562,1.04M,45.66K,+4.6%,<.01%
34964C106,FBIN,Fortune Brands Home & Security Inc,14658,850,787K,45.64K,+6.2%,<.01%
736508847,POR,Portland General Electric Co,18057,1045,785K,45.43K,+6.1%,<.01%
00857U107,AGL,agilon health Inc,1935,1935,45K,45K,NEW,<.01%
20441B605,ELP,Cia Paranaense de Energia,80678,7546,478K,44.71K,+10.3%,<.01%
958102105,WDC,Western Digital Corp,13060,1372,425K,44.65K,+11.7%,<.01%
68235P108,OGS,ONE Gas Inc,10852,628,764K,44.21K,+6.1%,<.01%
09627Y109,BPMC,Blueprint Medicines Corp,652,652,43K,43K,NEW,<.01%
92343E102,VRSN,VERISIGN INC,1753,246,304K,42.66K,+16.3%,<.01%
205826209,CMTL,Comtech Telecommunications Corp,11935,4197,119K,41.85K,+54.2%,<.01%
56600D107,MRVI,Maravai LifeSciences Holdings Inc,4480,1621,114K,41.25K,+56.7%,<.01%
59156R108,MET,MetLife Inc,6379,670,388K,40.75K,+11.7%,<.01%
29530P102,ERIE,Erie Indemnity Co,3140,182,698K,40.46K,+6.2%,<.01%
875372203,TNDM,Tandem Diabetes Care Inc,831,831,40K,40K,NEW,<.01%
G4863A108,BRSL,International Game Technology PLC,43025,2426,680K,38.34K,+6%,<.01%
68269G107,,1Life Healthcare Inc,2213,2213,38K,38K,NEW,<.01%
29977A105,EVR,Evercore Inc,2144,458,176K,37.6K,+27.2%,<.01%
84857L101,SR,Spire Inc,10289,595,641K,37.07K,+6.1%,<.01%
000380204,,Abcam PLC,2501,2501,37K,37K,NEW,<.01%
85208M102,SFM,Sprouts Farmers Market Inc,9652,1324,268K,36.76K,+15.9%,<.01%
38045R206,GOQN,Gol Linhas Aereas Inteligentes SA,73794,11034,243K,36.33K,+17.6%,<.01%
12008R107,BLDR,Builders FirstSource Inc,6558,590,386K,34.73K,+9.9%,<.01%
07373V105,BEAM,Beam Therapeutics Inc,716,716,34K,34K,NEW,<.01%
018522300,ALE,ALLETE Inc,11569,670,579K,33.53K,+6.1%,<.01%
983134107,WYNN,Wynn Resorts Ltd,29880,530,1.88M,33.4K,+1.8%,<.01%
36315X101,LKFT,Galapagos NV,768,768,33K,33K,NEW,<.01%
83307B101,SNDL,SNDL Inc,15268,15268,33K,33K,NEW,<.01%
64110L106,NFLX,Netflix Inc,60724,139,14.3M,32.72K,+0.2%,0.04%
436440101,HOLX,HOLOGIC INC,44443,500,2.87M,32.25K,+1.1%,<.01%
14316J108,CG,Carlyle Group Inc/The,10679,1216,276K,31.43K,+12.9%,<.01%
05379B107,AVA,Avista Corp,14619,845,542K,31.33K,+6.1%,<.01%
384109104,GGG,Graco Inc,5769,519,346K,31.13K,+9.9%,<.01%
670657105,NEA,Nuveen AMT-Free Quality Municipal Incom,1018048,2832,10.79M,30.02K,+0.3%,0.03%
482738101,KVHI,KVH Industries Inc,8017,3201,74K,29.55K,+66.5%,<.01%
553530106,MSM,MSC Industrial Direct Co Inc,2592,402,189K,29.31K,+18.4%,<.01%
562750109,MANH,Manhattan Associates Inc,2430,219,323K,29.11K,+9.9%,<.01%
042735100,ARW,Arrow Electronics Inc,2885,303,266K,27.94K,+11.7%,<.01%
55277P104,MGEE,MGE Energy Inc,7346,425,482K,27.89K,+6.1%,<.01%
05588W108,LEO,BNY Mellon Strategic Municipals Inc,286144,4413,1.74M,26.83K,+1.6%,<.01%
969904101,WSM,Williams-Sonoma Inc,2499,224,295K,26.44K,+9.8%,<.01%
09857L108,BKNG,Booking Holdings Inc,1084,16,1.78M,26.29K,+1.5%,<.01%
911163103,UNFI,United Natural Foods Inc,4919,759,169K,26.08K,+18.2%,<.01%
879512309,TSAT,Telesat Corp,4202,3320,33K,26.07K,+376.4%,<.01%
636518102,,National Instruments Corp,2460,689,93K,26.05K,+38.9%,<.01%
G7997R103,STX,Seagate Technology Holdings PLC,4629,487,246K,25.88K,+11.8%,<.01%
27829U105,ETX,Eaton Vance Municipal Income 2028 Term,28315,1382,529K,25.82K,+5.1%,<.01%
47215P106,JD,JD.com Inc,124682,505,6.27M,25.4K,+0.4%,0.02%
27579R104,EWBC,East West Bancorp Inc,4211,378,283K,25.4K,+9.9%,<.01%
942622200,WSO,watsco inc,1086,98,280K,25.27K,+9.9%,<.01%
91307C102,UTHR,United Therapeutics Corp,1332,120,279K,25.14K,+9.9%,<.01%
025816109,AXP,American Express Co,55746,186,7.52M,25.09K,+0.3%,0.02%
863667101,SYK,Stryker Corp,8711,120,1.76M,24.3K,+1.4%,<.01%
92556H206,PSKY,Paramount Global,12092,1270,230K,24.16K,+11.7%,<.01%
G1117K114,BIOX,Bioceres Crop Solutions Corp,1880,1880,24K,24K,NEW,<.01%
243537107,DECK,DECKERS OUTDOOR CORP,849,76,265K,23.72K,+9.8%,<.01%
831865209,AOS,A O Smith Corp,18708,483,909K,23.47K,+2.7%,<.01%
66765N105,NWN,Northwest Natural Holding Co,6997,511,304K,22.2K,+7.9%,<.01%
559222401,MGA,Magna International Inc,4455,468,211K,22.17K,+11.7%,<.01%
029899101,AWR,American States Water Co,7785,283,607K,22.07K,+3.8%,<.01%
78467J100,SSNC,SS&C Technologies Holdings Inc,4402,462,210K,22.04K,+11.7%,<.01%
95058W100,WEN,Wendy's/Arby's Group Inc,2881,1150,54K,21.56K,+66.4%,<.01%
91325V108,UNIT,Uniti Group Inc,37890,3088,263K,21.43K,+8.9%,<.01%
405217100,HAIN,Hain Celestial Group Inc/The,8386,1254,142K,21.23K,+17.6%,<.01%
64110D104,NTAP,NETAPP INC,3250,341,201K,21.09K,+11.7%,<.01%
03152W109,FOLD,Amicus Therapeutics Inc,2007,2007,21K,21K,NEW,<.01%
48203R104,JNPR,Juniper Networks Inc,7373,774,193K,20.26K,+11.7%,<.01%
019770106,ALLO,Allogene Therapeutics Inc,1838,1838,20K,20K,NEW,<.01%
63888U108,NGVC,Natural Grocers by Vitamin Cottage Inc,1884,1884,20K,20K,NEW,<.01%
01864U106,AFB,AllianceBernstein National Municipal In,147050,1925,1.52M,19.94K,+1.3%,<.01%
37611X100,DNA.MX,Ginkgo Bioworks Holdings Inc,12740,6512,39K,19.93K,+104.6%,<.01%
33829M101,FIVE,Five Below Inc,1598,144,220K,19.82K,+9.9%,<.01%
42726M106,,Heritage-Crystal Clean Inc,47788,667,1.41M,19.72K,+1.4%,<.01%
68389X105,ORCL,Oracle Corp,28192,322,1.72M,19.67K,+1.2%,<.01%
343498101,FLO,Flowers Foods Inc,10034,788,248K,19.48K,+8.5%,<.01%
989701107,ZION,Zions Bancorporation,4253,383,216K,19.45K,+9.9%,<.01%
48020Q107,JLL,Jones Lang LaSalle Inc,1406,127,212K,19.15K,+9.9%,<.01%
90184D100,TWST,Twist Bioscience Corp,552,552,19K,19K,NEW,<.01%
92847W103,VITL,Vital Farms Inc,1589,1589,19K,19K,NEW,<.01%
550241103,LUMN,Lumen Technologies Inc,24541,2578,179K,18.8K,+11.7%,<.01%
695156109,PKG,Packaging Corp of America,12696,166,1.43M,18.64K,+1.3%,<.01%
81725T100,SXT,Sensient Technologies Corp,3204,268,222K,18.57K,+9.1%,<.01%
957638109,WAL,Western Alliance Bancorp,3119,281,205K,18.47K,+9.9%,<.01%
670695105,NUW,Nuveen AMT-Free Municipal Value Fund,82146,1406,1.08M,18.47K,+1.7%,<.01%
27826U108,EVN,Eaton Vance Municipal Income Trust,180907,1882,1.77M,18.38K,+1.1%,<.01%
29452E101,EQH,Equitable Holdings Inc,6502,683,171K,17.96K,+11.7%,<.01%
515098101,LSTR,Landstar System Inc,1378,124,199K,17.91K,+9.9%,<.01%
G7S00T104,PNR,Pentair PLC,21496,433,873K,17.59K,+2.1%,<.01%
880345103,TNC,Tennant Co,39979,301,2.26M,17.02K,+0.8%,<.01%
171779309,CIEN,Ciena Corp,4661,419,188K,16.9K,+9.9%,<.01%
446150104,HBAN,Huntington Bancshares Inc/OH,37476,1279,494K,16.86K,+3.5%,<.01%
G5480U120,,Liberty Global PLC,9624,1011,159K,16.7K,+11.7%,<.01%
29084Q100,EME,EMCOR GROUP INC,1598,144,185K,16.67K,+9.9%,<.01%
89531P105,TREX,Trex Co Inc,4220,379,185K,16.61K,+9.9%,<.01%
49714P108,KNSL,Kinsale Capital Group Inc,708,64,181K,16.36K,+9.9%,<.01%
12653C108,CNX,CNX Resources Corp,40689,1049,632K,16.29K,+2.6%,<.01%
680223104,ORI,Old Republic International Corp,8664,779,181K,16.27K,+9.9%,<.01%
534187109,LNC,Lincoln National Corp,3452,362,152K,15.94K,+11.7%,<.01%
683715106,OTEX,Open Text Corp,5660,595,149K,15.66K,+11.7%,<.01%
8676EP108,STKL,SunOpta Inc,10378,1727,94K,15.64K,+20%,<.01%
743606105,PB,Prosperity Bancshares Inc,2610,234,174K,15.6K,+9.8%,<.01%
379577208,GMED,Globus Medical Inc,2899,261,173K,15.58K,+9.9%,<.01%
03676B102,AM,Antero Midstream Corp,100821,1682,926K,15.45K,+1.7%,<.01%
39531G100,,Greenidge Generation Holdings Inc,25826,7527,52K,15.16K,+41.1%,<.01%
71944F106,PHR,Phreesia Inc,576,576,15K,15K,NEW,<.01%
7591EP100,RF,Regions Financial Corp,24334,746,488K,14.96K,+3.2%,<.01%
35952H601,FCEL,FuelCell Energy Inc,135394,4320,462K,14.74K,+3.3%,<.01%
00508Y102,AYI,Acuity Brands Inc,1038,93,163K,14.6K,+9.8%,<.01%
75524B104,RBC,RBC Bearings Inc,773,70,161K,14.58K,+10%,<.01%
860630102,SF,Stifel Financial Corp,3074,277,160K,14.42K,+9.9%,<.01%
32020R109,FFIN,First Financial Bankshares Inc,3824,344,160K,14.39K,+9.9%,<.01%
78709Y105,SAIA,Saia Inc,831,75,158K,14.26K,+9.9%,<.01%
45073V108,ITT,ITT Inc,2418,218,158K,14.24K,+9.9%,<.01%
302941109,FCN,FTI CONSULTING INC,956,86,158K,14.21K,+9.9%,<.01%
35137L105,FOXA,Fox Corp,4368,459,134K,14.08K,+11.7%,<.01%
393222104,GPRE,Green Plains Inc,469,469,14K,14K,NEW,<.01%
249906108,DSGX,Descartes Systems Group Inc/The,2437,220,155K,13.99K,+9.9%,<.01%
31847R102,FAF,First American Financial Corp,3330,300,154K,13.87K,+9.9%,<.01%
87161C501,SNV,Synovus Financial Corp,4113,370,154K,13.85K,+9.9%,<.01%
617700109,MORN,Morningstar Inc,728,65,155K,13.84K,+9.8%,<.01%
117043109,BC,Brunswick Corp/DE,2342,211,153K,13.78K,+9.9%,<.01%
02005N100,ALLY,Ally Financial Inc,4654,489,130K,13.66K,+11.7%,<.01%
74758T303,QLYS,Qualys Inc,1073,97,150K,13.56K,+9.9%,<.01%
116794108,BRKR,Bruker Corp,2827,254,150K,13.48K,+9.9%,<.01%
89055F103,BLD,TopBuild Corp,913,82,150K,13.47K,+9.9%,<.01%
30214U102,EXPO,Exponent Inc,1716,154,150K,13.46K,+9.9%,<.01%
37637Q105,GBCI,Glacier Bancorp Inc,3023,272,149K,13.41K,+9.9%,<.01%
001744101,AMN,AMN Healthcare Services Inc,1383,125,147K,13.29K,+9.9%,<.01%
90278Q108,UFPI,UFP Industries Inc,2034,183,147K,13.23K,+9.9%,<.01%
231561101,CW,Curtiss-Wright Corp,1045,94,145K,13.04K,+9.9%,<.01%
03044L105,AMWL,American Well Corp,3676,3676,13K,13K,NEW,<.01%
816300107,SIGI,Selective Insurance Group Inc,1755,158,143K,12.87K,+9.9%,<.01%
650111107,NYT,New York Times Co/The,4923,442,142K,12.75K,+9.9%,<.01%
302081104,EXLS,ExlService Holdings Inc,957,86,141K,12.67K,+9.9%,<.01%
82982L103,SITE,SiteOne Landscape Supply Inc,1340,121,140K,12.64K,+9.9%,<.01%
537008104,LFUS,Littelfuse Inc,701,63,139K,12.49K,+9.9%,<.01%
099724106,BWA,BorgWarner Inc,3744,393,118K,12.39K,+11.7%,<.01%
58506Q109,MEDP,Medpace Holdings Inc,867,78,136K,12.24K,+9.9%,<.01%
441593100,HLI,Houlihan Lokey Inc,1803,162,136K,12.22K,+9.9%,<.01%
55306N104,MKSI,MKS Instruments Inc,1636,147,135K,12.13K,+9.9%,<.01%
74164M108,PRI,Primerica Inc,1092,98,135K,12.12K,+9.9%,<.01%
19247A100,CNS,Cohen & Steers Inc,481,193,30K,12.04K,+67%,<.01%
62548M100,,Multiplan Corp,4092,4092,12K,12K,NEW,<.01%
64049M209,NEO,NeoGenomics Inc,1449,1449,12K,12K,NEW,<.01%
14167L103,CDNA,CareDx Inc,681,681,12K,12K,NEW,<.01%
784305104,HTO,SJW Group,5695,207,328K,11.92K,+3.8%,<.01%
06417N103,OZK,Bank OZK,3338,300,132K,11.86K,+9.9%,<.01%
G3R33A106,EBON.MX,Ebang International Holdings Inc,123120,28550,51K,11.83K,+30.2%,<.01%
980745103,WWD,Woodward Inc,1604,145,129K,11.66K,+9.9%,<.01%
410867105,THG,Hanover Insurance Group Inc/The,1010,91,129K,11.62K,+9.9%,<.01%
653656108,NICE,Nice Ltd,17939,61,3.38M,11.48K,+0.3%,0.01%
226344208,,Crestwood Equity Partners LP,10140,412,282K,11.46K,+4.2%,<.01%
224441105,CXT,Crane Holdings Co,1446,130,127K,11.42K,+9.9%,<.01%
749607107,RLI,RLI Corp,1239,111,127K,11.38K,+9.8%,<.01%
036752103,ELV,Elevance Health Inc,6360,25,2.89M,11.36K,+0.4%,<.01%
058498106,BALL,Ball Corp,10810,235,522K,11.35K,+2.2%,<.01%
775133101,ROG,Rogers Corp,518,46,125K,11.1K,+9.7%,<.01%
00650F109,ADPT,Adaptive Biotechnologies Corp,1484,1484,11K,11K,NEW,<.01%
83587F202,SRNE,Sorrento Therapeutics Inc,7288,7288,11K,11K,NEW,<.01%
05329W102,AN,AutoNation Inc,1199,108,122K,10.99K,+9.9%,<.01%
25659T107,DLB,Dolby Laboratories Inc,1867,168,122K,10.98K,+9.9%,<.01%
26969P108,EXP,EAGLE MATERIALS INC,1133,101,121K,10.79K,+9.8%,<.01%
72651A207,PAGP,Plains GP Holdings LP,58243,968,635K,10.55K,+1.7%,<.01%
739276103,POWI,Power Integrations Inc,1820,164,117K,10.54K,+9.9%,<.01%
885160101,THO,Thor Industries Inc,1677,151,117K,10.53K,+9.9%,<.01%
172755100,CRUS,CIRRUS LOGIC INC,1704,153,117K,10.51K,+9.9%,<.01%
552848103,MTG,MGIC Investment Corp,8930,804,114K,10.26K,+9.9%,<.01%
G3198U102,ESNT,Essent Group Ltd,3281,295,114K,10.25K,+9.9%,<.01%
03820C105,AIT,Applied Industrial Technologies Inc,1114,100,114K,10.23K,+9.9%,<.01%
829073105,SSD,Simpson Manufacturing Co Inc,1441,130,113K,10.19K,+9.9%,<.01%
04247X102,AWI,Armstrong World Industries Inc,1424,128,113K,10.16K,+9.9%,<.01%
69404D108,PACB,Pacific Biosciences of California Inc,1779,1779,10K,10K,NEW,<.01%
047649108,ATKR,Atkore Inc,1409,126,110K,9.84K,+9.8%,<.01%
624756102,MLI,Mueller Industries Inc,1817,164,108K,9.75K,+9.9%,<.01%
896288107,TNET,TriNet Group Inc,1519,137,108K,9.74K,+9.9%,<.01%
98980F104,GTM,ZoomInfo Technologies Inc,6828,230,284K,9.57K,+3.5%,<.01%
128246105,CVGW,Calavo Growers Inc,1739,289,55K,9.14K,+19.9%,<.01%
G01125106,AFYA,Afya Ltd,20340,665,276K,9.02K,+3.4%,<.01%
N2451R105,CVAC,CureVac NV,1142,1142,9K,9K,NEW,<.01%
09254F100,MQY,BlackRock MuniYield Quality Fund Inc,336483,814,3.72M,8.99K,+0.2%,0.01%
97651M109,WIT,Wipro Ltd,16037,1897,76K,8.99K,+13.4%,<.01%
453836108,INDB,Independent Bank Corp,1296,116,97K,8.68K,+9.8%,<.01%
38526M106,LOPE,Grand Canyon Education Inc,1163,104,96K,8.58K,+9.8%,<.01%
501889208,LKQ,LKQ Corp,6997,182,330K,8.58K,+2.7%,<.01%
G02602103,DOX,Amdocs Ltd,31787,108,2.52M,8.58K,+0.3%,<.01%
418056107,HAS,Hasbro Inc,3450,127,233K,8.58K,+3.8%,<.01%
35138V102,FOXF,Fox Factory Holding Corp,1198,108,95K,8.56K,+9.9%,<.01%
629377508,NRG,NRG ENERGY INC,2080,218,80K,8.38K,+11.7%,<.01%
750236101,RDN,Radian Group Inc,4829,435,93K,8.38K,+9.9%,<.01%
023436108,AMED,Amedisys Inc,938,84,91K,8.15K,+9.8%,<.01%
203607106,CBU,Community Bank System Inc,1501,135,90K,8.09K,+9.9%,<.01%
44980X109,IPGP,IPG Photonics Corp,1055,95,89K,8.01K,+9.9%,<.01%
913903100,UHS,Universal Health Services Inc,857,90,76K,7.98K,+11.7%,<.01%
98585X104,YETI,YETI Holdings Inc,3078,277,88K,7.92K,+9.9%,<.01%
48251W104,KKR,KKR & Co Inc,11862,184,510K,7.91K,+1.6%,<.01%
48123V102,ZD,j2 Global Inc,1264,114,87K,7.85K,+9.9%,<.01%
594972408,MSTR,MicroStrategy Inc,15920,36,3.38M,7.64K,+0.2%,0.01%
80874P109,LNWO,Light & Wonder Inc,23997,176,1.03M,7.55K,+0.7%,<.01%
44930G107,ICUI,ICU Medical Inc,559,50,84K,7.51K,+9.8%,<.01%
45765U103,NSIT,Insight Enterprises Inc,1013,91,83K,7.46K,+9.9%,<.01%
59001A102,MTH,Meritage Homes Corp,1169,105,82K,7.37K,+9.9%,<.01%
314211103,FHI,Federated Hermes Inc,1863,216,62K,7.19K,+13.1%,<.01%
501242101,KLIC,Kulicke & Soffa Industries Inc,1919,172,74K,6.63K,+9.8%,<.01%
695263103,,PacWest Bancorp,3190,287,72K,6.48K,+9.9%,<.01%
M2682V108,CYBR,CyberArk Software Ltd,12616,43,1.89M,6.45K,+0.3%,<.01%
767744105,,Ritchie Bros Auctioneers Inc,2884,99,180K,6.18K,+3.6%,<.01%
G4388N106,HELE,Helen of Troy Ltd,715,64,69K,6.18K,+9.8%,<.01%
46185L103,,Invitae Corp,2618,2618,6K,6K,NEW,<.01%
67058H102,,NuStar Energy LP,9229,436,125K,5.91K,+5%,<.01%
38246G108,GDRX,GoodRx Holdings Inc,1173,1173,5K,5K,NEW,<.01%
M87915274,TSEM,Tower Semiconductor Ltd,30455,104,1.34M,4.57K,+0.3%,<.01%
M3760D101,ESLT,Elbit Systems Ltd,6943,24,1.32M,4.56K,+0.3%,<.01%
81730H109,S,SentinelOne Inc,52229,178,1.33M,4.55K,+0.3%,<.01%
G04553106,,Arco Platform Ltd,5943,419,64K,4.51K,+7.6%,<.01%
24906P109,XRAY,DENTSPLY SIRONA Inc,1274,134,36K,3.79K,+11.8%,<.01%
M98068105,WIX,Wix.com Ltd,13109,45,1.03M,3.52K,+0.3%,<.01%
G6674U108,NVCR,Novocure Ltd,13532,46,1.03M,3.49K,+0.3%,<.01%
482497104,BEKE,KE Holdings Inc,382,177,7K,3.24K,+86.3%,<.01%
92707Y108,VFF,Village Farms International Inc,10028,1669,19K,3.16K,+20%,<.01%
03783T103,,AppHarvest Inc,38915,1542,76K,3.01K,+4.1%,<.01%
371927104,GEL,Genesis Energy LP,10092,324,93K,2.99K,+3.3%,<.01%
59318D104,CXE,MFS High Income Municipal Trust,163105,883,550K,2.98K,+0.5%,<.01%
723760104,MIO,Pioneer Municipal High Income Opportuni,96065,291,974K,2.95K,+0.3%,<.01%
M5425M103,INMD,Inmode Ltd,25459,86,741K,2.5K,+0.3%,<.01%
M7516K103,NVMI,Nova Ltd,8202,28,700K,2.39K,+0.3%,<.01%
922280102,VRNS,Varonis Systems Inc,23877,82,633K,2.17K,+0.3%,<.01%
053332102,AZO,AutoZone Inc,2023,1,4.33M,2.14K,+0%,0.01%
V7780T103,RCL,Royal Caribbean Cruises Ltd,3447,56,131K,2.13K,+1.7%,<.01%
M5R75Y101,,ironSource Ltd,175276,596,603K,2.05K,+0.3%,<.01%
M5216V106,GLBE,Global-e Online Ltd,22376,76,599K,2.03K,+0.3%,<.01%
23918K108,DVA,DaVita Inc,1478,24,122K,1.98K,+1.7%,<.01%
22266T109,CPNG,Coupang Inc,222,104,4K,1.87K,+88.1%,<.01%
98980A105,ZTO,ZTO Express Cayman Inc,171,80,4K,1.87K,+87.9%,<.01%
465562106,ITUB,Itau Unibanco Holding SA,808,376,4K,1.86K,+87%,<.01%
256135203,RDY,Dr Reddy's Laboratories Ltd,76,35,4K,1.84K,+85.4%,<.01%
056752108,BIDU,Baidu Inc,37,17,4K,1.84K,+85%,<.01%
344419106,FMX,Fomento Economico Mexicano SAB de CV,57,26,4K,1.82K,+83.9%,<.01%
M7S64H106,MNDY,Monday.com Ltd,4742,16,537K,1.81K,+0.3%,<.01%
M6191J100,FROG,JFrog Ltd,19511,66,431K,1.46K,+0.3%,<.01%
M6372Q113,KRNT,Kornit Digital Ltd,15733,54,419K,1.44K,+0.3%,<.01%
44842L103,HCM,Hutchmed China Ltd,334,157,3K,1.41K,+88.7%,<.01%
25243Q205,DEO,Diageo PLC,15,7,3K,1.4K,+87.5%,<.01%
36165L108,GDS,GDS Holdings Ltd,172,80,3K,1.4K,+87%,<.01%
92189F460,XMPT,VanEck CEF Muni Income ETF,2353,67,49K,1.4K,+2.9%,<.01%
98887Q104,ZLAB,Zai Lab Ltd,83,38,3K,1.37K,+84.4%,<.01%
400506101,PAC,Grupo Aeroportuario del Pacifico SAB de,20,9,3K,1.35K,+81.8%,<.01%
92343X100,VRNT,Verint Systems Inc,11671,39,392K,1.31K,+0.3%,<.01%
535555106,LNN,Lindsay Corp,2227,9,319K,1.29K,+0.4%,<.01%
M4R82T106,FVRR,Fiverr International Ltd,10764,36,329K,1.1K,+0.3%,<.01%
934423104,WBD,Warner Bros Discovery Inc,72831,88,838K,1.01K,+0.1%,<.01%
70451X104,PAYO,Payoneer Global Inc,49156,167,297K,1.01K,+0.3%,<.01%
M78673114,PERI,Perion Network Ltd,15125,52,292K,1K,+0.3%,<.01%
92189H102,DURA,VanEck Durable High Dividend ETF,150374,36,4.17M,998.55,+0%,0.01%
05968L102,CIB,BanColombia SA,78,36,2K,923.08,+85.7%,<.01%
M85548101,SSYS,Stratasys Ltd,17184,58,248K,837.06,+0.3%,<.01%
M81873107,RDWR,RADWARE Ltd,11093,37,242K,807.18,+0.3%,<.01%
M20791105,CAMT,Camtek Ltd/Israel,9114,31,211K,717.69,+0.3%,<.01%
72815L107,PLTK,Playtika Holding Corp,21062,71,198K,667.46,+0.3%,<.01%
M70700105,NNOX,Nano-X Imaging Ltd,15959,54,183K,619.21,+0.3%,<.01%
63008G203,NNDM,Nano Dimension Ltd,73707,251,176K,599.35,+0.3%,<.01%
M15342104,AUDC,AudioCodes Ltd,7495,25,163K,543.7,+0.3%,<.01%
157210105,CEVA,Ceva Inc,5768,19,151K,497.4,+0.3%,<.01%
G7T16G103,SPNS,Sapiens International Corp NV,7312,25,140K,478.67,+0.3%,<.01%
66981J102,MNSO,MINISO Group Holding Ltd,266,124,1K,466.17,+87.3%,<.01%
518613203,LAUR,Laureate Education Inc,109,50,1K,458.72,+84.7%,<.01%
M81863124,,RADA Electronic Industries Ltd,13710,47,132K,452.52,+0.3%,<.01%
538146101,LPSN,LivePerson Inc,12928,44,122K,415.22,+0.3%,<.01%
M8744T106,TBLA,Taboola.com Ltd,52926,180,96K,326.49,+0.3%,<.01%
559166103,MGIC,Magic Software Enterprises Ltd,6182,21,96K,326.11,+0.3%,<.01%
89484T104,NEXN,Tremor International Ltd,12756,44,88K,303.54,+0.3%,<.01%
M8737E108,,Taro Pharmaceutical Industries Ltd,2815,9,84K,268.56,+0.3%,<.01%
M25133105,CGNT,Cognyte Software Ltd,17002,57,69K,231.33,+0.3%,<.01%
92189F353,HYEM,VanEck Emerging Markets High Yield Bond,225,10,4K,177.78,+4.7%,<.01%
92189H300,EMLC,VanEck J.P. Morgan EM Local Currency,171,5,4K,116.96,+3%,<.01%
92189F486,FLTR,VanEck IG Floating Rate ETF,495100,0,12.3M,0,NO CHANGE,0.04%
92189H748,CLOI,Vaneck CLO ETF,200000,0,10.06M,0,NO CHANGE,0.03%
92189H854,MBBB,Vaneck Moody's Analytics BBB Corporate,327000,0,6.48M,0,NO CHANGE,0.02%
91822M106,,VEON Ltd,12299567,0,3.94M,0,NO CHANGE,0.01%
92189H813,SMI,VanEck HIP Sustainable Muni ETF,50000,0,2.18M,0,NO CHANGE,<.01%
36118L106,FUTU,Futu Holdings Ltd,54500,0,2.03M,0,NO CHANGE,<.01%
92189H821,DAPP,VanEck Digital Transformation ETF,375190,0,1.85M,0,NO CHANGE,<.01%
92189Y105,MOTE,Vaneck Morningstar ESG Moat ETF,50000,0,997K,0,NO CHANGE,<.01%
92189Y303,,Vaneck Bitcoin Strategy ETF,50141,0,956K,0,NO CHANGE,<.01%
92189H763,,Vaneck Digital Asset Mining ETF,40000,0,494K,0,NO CHANGE,<.01%
088606108,BHP,BHP Group Ltd,9000,0,450K,0,NO CHANGE,<.01%
26874R108,E,ENI SpA,19000,0,402K,0,NO CHANGE,<.01%
91531W106,TIGR,Up Fintech Holding Ltd,74181,0,244K,0,NO CHANGE,<.01%
464285204,IAU,iShares Gold Trust,6254,0,197K,0,NO CHANGE,<.01%
74762E102,PWR,Quanta Services Inc,1460,0,186K,0,NO CHANGE,<.01%
896239100,TRMB,Trimble Inc,3099,0,168K,0,NO CHANGE,<.01%
92189F387,SHYD,VanEck Short High Yield MuniETF,6791,0,148K,0,NO CHANGE,<.01%
082490111,BHLWQ,Benson Hill Inc,241400,0,97K,0,NO CHANGE,<.01%
920253101,VMI,Valmont Industries Inc,306,0,82K,0,NO CHANGE,<.01%
L67359106,NEXA,Nexa Resources SA,15112,0,78K,0,NO CHANGE,<.01%
980228308,WDS,Woodside Energy Group Ltd,3252,0,66K,0,NO CHANGE,<.01%
65341B106,XIFR,NextEra Energy Partners LP,730,0,53K,0,NO CHANGE,<.01%
477839104,JBTM,John Bean Technologies Corp,509,0,44K,0,NO CHANGE,<.01%
G16258108,BEP,Brookfield Renewable Partners LP,1200,0,38K,0,NO CHANGE,<.01%
88830M102,TWI,Titan International Inc,2535,0,31K,0,NO CHANGE,<.01%
87266J104,TPICQ,TPI Composites Inc,2500,0,28K,0,NO CHANGE,<.01%
08579W103,BERY,Berry Plastics Group Inc,522,0,24K,0,NO CHANGE,<.01%
64123C101,,Neuberger Berman California Municipal F,2305,0,24K,0,NO CHANGE,<.01%
670980101,,Nuveen Ohio Quality Municipal Income Fu,2011,0,24K,0,NO CHANGE,<.01%
39986L109,GRWG,GrowGeneration Corp,6710,0,23K,0,NO CHANGE,<.01%
67069Y102,NXJ,Nuveen New Jersey Quality Municipal Inc,2055,0,23K,0,NO CHANGE,<.01%
670972108,NQP,Nuveen Pennsylvania Quality Municipal I,2100,0,23K,0,NO CHANGE,<.01%
27827Y109,,Eaton Vance New York Municipal Bond Fun,2644,0,22K,0,NO CHANGE,<.01%
59318B108,CXH,MFS Investment Grade Municipal Trust,3316,0,22K,0,NO CHANGE,<.01%
59318E102,CMU,MFS High Yield Municipal Trust,7131,0,21K,0,NO CHANGE,<.01%
92189F437,ANGL,VanEck Fallen Angel High Yield Bond ETF,621,0,16K,0,NO CHANGE,<.01%
53960E106,LOCL,Local Bounti Corp,4164,0,12K,0,NO CHANGE,<.01%
127537207,CDZI,Cadiz Inc,4329,0,8K,0,NO CHANGE,<.01%
92189F429,PFXF,VanEck Preferred Securities ex Financia,485,0,8K,0,NO CHANGE,<.01%
92189F445,IHY,VanEck International High Yield Bond ET,415,0,7K,0,NO CHANGE,<.01%
92189F502,SMOG,VanEck Low Carbon Energy ETF,62,0,7K,0,NO CHANGE,<.01%
26922A420,QTUM,Defiance Quantum ETF,151,0,5K,0,NO CHANGE,<.01%
26922A289,UFOX,Defiance Next Gen Connectivity ETF,157,0,4K,0,NO CHANGE,<.01%
46137V100,PPA,Invesco Aerospace & Defense ETF,66,0,4K,0,NO CHANGE,<.01%
92189Y204,EMET,VanEck Green Metals ETF,150,0,4K,0,NO CHANGE,<.01%
37954Y442,CLOU,Global X Cloud Computing ETF,163,0,3K,0,NO CHANGE,<.01%
37954Y624,DRIV,Global X Autonomous & Electric Vehicles,144,0,3K,0,NO CHANGE,<.01%
37954Y780,SNSR,Global X Internet of Things ETF,136,0,3K,0,NO CHANGE,<.01%
92189F114,ESPO,VanEck Video Gaming and eSports ETF,84,0,3K,0,NO CHANGE,<.01%
92189F452,MORT,VanEck Mortgage REIT Income ETF,290,0,3K,0,NO CHANGE,<.01%
92189F692,PPH,VanEck Pharmaceutical ETF,51,0,3K,0,NO CHANGE,<.01%
92189F726,BBH,VanEck Biotech ETF,19,0,3K,0,NO CHANGE,<.01%
37950E416,SOCL,Global X Social Media ETF,66,0,2K,0,NO CHANGE,<.01%
37954Y285,,Global X Telemedicine & Digital Health,177,0,2K,0,NO CHANGE,<.01%
37954Y715,BOTZ,Global X Robotics & Artificial Intellig,120,0,2K,0,NO CHANGE,<.01%
92189H797,,VanEck Future of Food ETF,110,0,2K,0,NO CHANGE,<.01%
00214Q203,ARKQ,ARK Autonomous Technology & Robotics ET,26,0,1K,0,NO CHANGE,<.01%
00848K101,UAVS,AgEagle Aerial Systems Inc,2532,0,1K,0,NO CHANGE,<.01%
92189F676,SMH,VanEck Semiconductor ETF,8,0,1K,0,NO CHANGE,<.01%
128030202,CALM,Cal-Maine Foods Inc,5711,-4,318K,-222.73,-0.1%,<.01%
92189F411,BIZD,VanEck BDC Income ETF,586,-42,8K,-573.38,-6.7%,<.01%
92932M101,,WNS Holdings Ltd,767,-8,63K,-657.11,-1%,<.01%
34379V103,FLNC,Fluence Energy Inc,89660,-50,1.31M,-729.42,-0.1%,<.01%
120831102,BU.TO,Burcon NutraScience Corp,0,-3000,0,-1K,CLOSE,0%
G0457F107,ARCO,Arcos Dorados Holdings Inc,53290,-255,388K,-1.86K,-0.5%,<.01%
G8232Y101,PENG,SMART Global Holdings Inc,19480,-124,309K,-1.97K,-0.6%,<.01%
50155Q100,KD,Kyndryl Holdings Inc,0,-224,0,-2K,CLOSE,0%
29082K105,EMBC,Embecta Corp,1537,-96,44K,-2.75K,-5.9%,<.01%
46817M107,JXN,Jackson Financial Inc,0,-102,0,-3K,CLOSE,0%
09739D100,BCC,Boise Cascade Co,2394,-57,142K,-3.38K,-2.3%,<.01%
428103105,HESM,Hess Midstream LP,12303,-146,314K,-3.73K,-1.2%,<.01%
83422N105,SLDP,Solid Power Inc,220510,-730,1.16M,-3.84K,-0.3%,<.01%
517097101,LGO,Largo Inc,18325,-828,97K,-4.38K,-4.3%,<.01%
942749102,WTS,WATTS WATER TECHNOLOGIES INC,1067,-36,134K,-4.52K,-3.3%,<.01%
31154R109,FPI,Farmland Partners Inc,1577,-403,20K,-5.11K,-20.4%,<.01%
871332102,SLVM,Sylvamo Corp,882,-152,30K,-5.17K,-14.7%,<.01%
G0751N103,,Atlantica Sustainable Infrastructure PL,25040,-202,659K,-5.32K,-0.8%,<.01%
72200W106,PML,PIMCO Municipal Income Fund II,150128,-561,1.43M,-5.35K,-0.4%,<.01%
226406106,CRESY,Cresud SACIF y A,3798,-969,21K,-5.36K,-20.3%,<.01%
737630103,PCH,PotlatchDeltic Corp,3818,-132,157K,-5.43K,-3.3%,<.01%
546347105,LPX,Louisiana-Pacific Corp,5074,-112,259K,-5.72K,-2.2%,<.01%
435763107,,Holly Energy Partners LP,5125,-356,84K,-5.83K,-6.5%,<.01%
33813J106,FSRNQ,Fisker Inc,55347,-788,418K,-5.95K,-1.4%,<.01%
46121Y201,IPI,Intrepid Potash Inc,594,-152,24K,-6.14K,-20.4%,<.01%
04013V108,ACRE,Ares Commercial Real Estate Corp,291301,-590,3.04M,-6.17K,-0.2%,<.01%
030371108,AVD,American Vanguard Corp,1858,-354,35K,-6.67K,-16%,<.01%
02376R102,AAL,American Airlines Group Inc,32177,-585,387K,-7.04K,-1.8%,<.01%
465741106,ITRI,Itron Inc,409,-180,17K,-7.48K,-30.6%,<.01%
867652406,,SunPower Corp,782,-344,18K,-7.92K,-30.6%,<.01%
74167P108,PRMW,Primo Water Corp,1434,-631,18K,-7.92K,-30.6%,<.01%
02361E108,AMRC,Ameresco Inc,289,-126,19K,-8.28K,-30.4%,<.01%
644393100,NFE,New Fortress Energy Inc,1120,-192,49K,-8.4K,-14.6%,<.01%
443201108,HWM,Howmet Aerospace Inc,13292,-299,411K,-9.25K,-2.2%,<.01%
18539C204,CWEN,Clearway Energy Inc,737,-302,23K,-9.42K,-29.1%,<.01%
902681105,UGI,UGI Corp,5574,-292,180K,-9.43K,-5%,<.01%
60510V108,AVO,Mission Produce Inc,2629,-670,38K,-9.68K,-20.3%,<.01%
G33856108,GSM,Ferroglobe PLC,29944,-1837,158K,-9.69K,-5.8%,<.01%
59151K108,MEOH,Methanex Corp,658,-305,21K,-9.73K,-31.7%,<.01%
723762100,XPMAX,Pioneer Municipal High Income Advantage,121741,-1318,919K,-9.95K,-1.1%,<.01%
72201A103,XPMQX,PIMCO Municipal Income Fund III,83711,-1298,645K,-10K,-1.5%,<.01%
070830104,BBWI,Bath & Body Works Inc,21375,-313,697K,-10.21K,-1.4%,<.01%
707569109,PENN,Penn National Gaming Inc,37031,-419,1.02M,-11.53K,-1.1%,<.01%
29336T100,ENLC,EnLink Midstream LLC,69868,-1348,621K,-11.98K,-1.9%,<.01%
296006109,ERO,ERO Copper Corp,78317,-1143,865K,-12.62K,-1.4%,<.01%
20441A102,SBS,Cia de Saneamento Basico do Estado de S,3136,-1381,29K,-12.77K,-30.6%,<.01%
353514102,FELE,Franklin Electric Co Inc,353,-156,29K,-12.82K,-30.6%,<.01%
98422D105,XPEV,XPeng Inc,218246,-1082,2.61M,-12.93K,-0.5%,<.01%
00790R104,WMS,Advanced Drainage Systems Inc,693,-105,86K,-13.03K,-13.2%,<.01%
90089L108,TSPH,TuSimple Holdings Inc,257770,-1760,1.96M,-13.38K,-0.7%,<.01%
576485205,MTDR,Matador Resources Co,1629,-284,80K,-13.95K,-14.8%,<.01%
G36738105,DMC,Fresh Del Monte Produce Inc,2393,-603,56K,-14.11K,-20.1%,<.01%
636180101,NFG,National Fuel Gas Co,1316,-230,81K,-14.16K,-14.9%,<.01%
75281A109,RRC,Range Resources Corp,3923,-567,99K,-14.31K,-12.6%,<.01%
68162K106,ZEUS,Olympic Steel Inc,10950,-677,250K,-15.46K,-5.8%,<.01%
034164103,ANDE,Andersons Inc/The,2040,-506,63K,-15.63K,-19.9%,<.01%
66979W842,NMG,Nouveau Monde Graphite Inc,454823,-3080,2.46M,-16.63K,-0.7%,<.01%
811543107,SEB,Seaboard Corp,16,-5,54K,-16.88K,-23.8%,<.01%
67062F100,NXP,Nuveen Select Tax-Free Income Portfolio,168443,-1299,2.2M,-16.94K,-0.8%,<.01%
44888K209,,Hydrofarm Holdings Group Inc,0,-4720,0,-17K,CLOSE,0%
03236M200,AAPL,Amyris Inc,990,-5613,3K,-17.01K,-85%,<.01%
20440T300,LND,Cia Brasileira de Distribuicao,108822,-4908,385K,-17.36K,-4.3%,<.01%
822634101,,Shell Midstream Partners LP,15938,-1112,252K,-17.58K,-6.5%,<.01%
91359E105,UHT,Universal Health Realty Income Trust,739,-423,32K,-18.32K,-36.4%,<.01%
94419L101,W,Wayfair Inc,4718,-574,154K,-18.74K,-10.8%,<.01%
78645L100,,Safehold Inc,1252,-717,33K,-18.9K,-36.4%,<.01%
803866300,SSL,Sasol Ltd,37281,-1232,587K,-19.4K,-3.2%,<.01%
754907103,RYN,RAYONIER INC,3914,-654,117K,-19.55K,-14.3%,<.01%
G4645E105,HUDI,Huadi International Group Co Ltd,13027,-806,319K,-19.74K,-5.8%,<.01%
082490103,,Benson Hill Inc,1296517,-7276,3.55M,-19.94K,-0.6%,0.01%
03769M106,APO,Apollo Global Management Inc,11210,-433,521K,-20.12K,-3.7%,<.01%
46132X101,OIA,Invesco Municipal Income Opportunities,147663,-3489,865K,-20.44K,-2.3%,<.01%
05351W103,AGR,Avangrid Inc,15338,-491,640K,-20.49K,-3.1%,<.01%
74971D101,,RPT Realty,4870,-2702,37K,-20.53K,-35.7%,<.01%
952845105,WFG,West Fraser Timber Co Ltd,3474,-285,251K,-20.59K,-7.6%,<.01%
453038408,IMO,Imperial Oil Ltd,3054,-482,132K,-20.83K,-13.6%,<.01%
552738106,MFM,MFS Municipal Income Trust,217569,-4536,1.05M,-21.95K,-2%,<.01%
67623C109,OPI,Office Properties Income Trust,2763,-1584,39K,-22.36K,-36.4%,<.01%
04208T108,AHRT,Armada Hoffler Properties Inc,3868,-2219,40K,-22.95K,-36.5%,<.01%
866082100,INN,Summit Hotel Properties Inc,6038,-3463,41K,-23.51K,-36.4%,<.01%
03674X106,AR,Antero Resources Corp,4104,-774,125K,-23.57K,-15.9%,<.01%
09257W100,BXMT,Blackstone Mortgage Trust Inc,411207,-1028,9.6M,-23.99K,-0.2%,0.03%
212015101,,Continental Resources Inc/OK,2068,-363,138K,-24.22K,-14.9%,<.01%
M6158M104,ITRN,Ituran Location and Control Ltd,6873,-1049,160K,-24.42K,-13.2%,<.01%
67103H107,ORLY,O'Reilly Automotive Inc,7871,-35,5.54M,-24.62K,-0.4%,0.02%
26916J106,GWH,ESS Tech Inc,490630,-6210,2.01M,-25.4K,-1.2%,<.01%
20369C106,CHCT,Community Healthcare Trust Inc,1367,-784,45K,-25.81K,-36.4%,<.01%
02607T109,,Necessity Retail REIT Inc/The,7703,-4418,45K,-25.81K,-36.4%,<.01%
103304101,BYD,Boyd Gaming Corp,27180,-555,1.29M,-26.44K,-2%,<.01%
67070X101,NZF,Nuveen Municipal Credit Income Fund,759126,-2378,8.63M,-27.04K,-0.3%,0.03%
617446448,MS,Morgan Stanley,30303,-343,2.4M,-27.11K,-1.1%,<.01%
10552T107,BRFS,BRF SA,45834,-11702,107K,-27.32K,-20.3%,<.01%
443628102,HBM,HudBay Minerals Inc,77827,-6845,313K,-27.53K,-8.1%,<.01%
388689101,GPK,Graphic Packaging Holding Co,8249,-1415,163K,-27.96K,-14.6%,<.01%
29275Y102,ENS,EnerSys,13189,-481,767K,-27.97K,-3.5%,<.01%
81761L102,SVC,Service Properties Trust,9468,-5430,49K,-28.1K,-36.4%,<.01%
810186106,SMG,Scotts Miracle-Gro Co/The,2559,-664,109K,-28.28K,-20.6%,<.01%
36168Q104,GFL,GFL Environmental Inc,87624,-1127,2.22M,-28.5K,-1.3%,<.01%
257651109,DCI,Donaldson Co Inc,51586,-584,2.53M,-28.62K,-1.1%,<.01%
056525108,BMI,Badger Meter Inc,7912,-310,731K,-28.64K,-3.8%,<.01%
015857105,AQN,Algonquin Power & Utilities Corp,6198,-2684,68K,-29.45K,-30.2%,<.01%
86722A103,SXC,SunCoke Energy Inc,82056,-5066,477K,-29.45K,-5.8%,<.01%
69047Q102,OVV,Ovintiv Inc,3870,-641,178K,-29.48K,-14.2%,<.01%
83304A106,SNAP,Snap Inc,142830,-3032,1.4M,-29.78K,-2.1%,<.01%
371901109,GNTX,Gentex Corp,7579,-1258,181K,-30.04K,-14.2%,<.01%
87663X102,TTCFQ,Tattooed Chef Inc,12746,-6054,64K,-30.4K,-32.2%,<.01%
30052F100,EVGO,EVgo Inc,52470,-3900,415K,-30.85K,-6.9%,<.01%
293792107,EPD,Enterprise Products Partners LP,57496,-1304,1.37M,-31K,-2.2%,<.01%
09247D105,BKN,BlackRock Investment Quality Municipal,42780,-2488,536K,-31.17K,-5.5%,<.01%
292104106,ESRT,Empire State Realty Trust Inc,7774,-4756,51K,-31.2K,-38%,<.01%
554489104,VRE,VERIS RESIDENTIAL INC,4965,-2848,56K,-32.12K,-36.5%,<.01%
68375N103,OPK,Opko Health Inc,141935,-17744,268K,-33.5K,-11.1%,<.01%
65341D102,NXRT,NexPoint Residential Trust Inc,1305,-748,60K,-34.39K,-36.4%,<.01%
15202L107,CSR,Centerspace,885,-508,60K,-34.44K,-36.5%,<.01%
03743Q108,APA,APA Corp,5070,-1041,173K,-35.52K,-17%,<.01%
502160104,LXU,LSB Industries Inc,4022,-2542,57K,-36.03K,-38.7%,<.01%
69924R108,PGRE,Paramount Group Inc,11067,-5861,69K,-36.54K,-34.6%,<.01%
379378201,GNL,Global Net Lease Inc,6007,-3445,64K,-36.7K,-36.4%,<.01%
92763W103,VIPS,Vipshop Holdings Ltd,18111,-4424,152K,-37.13K,-19.6%,<.01%
374297109,GTY,Getty Realty Corp,2432,-1394,65K,-37.26K,-36.4%,<.01%
23311P100,,DCP Midstream LP,10079,-996,379K,-37.45K,-9%,<.01%
105368203,BDN,Brandywine Realty Trust,9784,-5612,66K,-37.86K,-36.5%,<.01%
670928100,NUV,Nuveen Municipal Value Fund Inc,744023,-4560,6.29M,-38.57K,-0.6%,0.02%
L00849106,AGRO,adecoagro sa,44760,-4688,371K,-38.86K,-9.5%,<.01%
004239109,AKR,Acadia Realty Trust,5370,-3079,68K,-38.99K,-36.4%,<.01%
86745K104,NOVAQ,Sunnova Energy International Inc,116482,-1770,2.57M,-39.08K,-1.5%,<.01%
G9451V109,VINP,Vinci Partners Investments Ltd,15448,-3801,159K,-39.12K,-19.7%,<.01%
014491104,ALEX,Alexander & Baldwin Inc,4175,-2395,69K,-39.58K,-36.5%,<.01%
533900106,LECO,Lincoln Electric Holdings Inc,1876,-315,236K,-39.63K,-14.4%,<.01%
136635109,CSIQ,Canadian Solar Inc,17541,-1088,653K,-40.5K,-5.8%,<.01%
03940R107,ARCH,Arch Resources Inc,5502,-342,653K,-40.59K,-5.9%,<.01%
09250B103,BTA,Blackrock Long-Term Municipal Advantage,34609,-4227,341K,-41.65K,-10.9%,<.01%
G9470A102,VTEX,VTEX,16759,-11263,62K,-41.67K,-40.2%,<.01%
024013104,AAT,American Assets Trust Inc,2846,-1633,73K,-41.89K,-36.5%,<.01%
72200R107,PMF,PIMCO Municipal Income Fund,62803,-4330,609K,-41.99K,-6.4%,<.01%
57776F405,,Maverix Metals Inc,2751230,-12641,9.22M,-42.35K,-0.5%,0.03%
720190206,PDM,Piedmont Office Realty Trust Inc,7086,-4064,75K,-43.01K,-36.4%,<.01%
29273V100,ET,Energy Transfer LP,132137,-3928,1.46M,-43.31K,-2.9%,<.01%
48138M105,JMIA,Jumia Technologies AG,81490,-7485,473K,-43.45K,-8.4%,<.01%
V5633W109,MMYT,MakeMyTrip Ltd,10662,-1423,327K,-43.64K,-11.8%,<.01%
96145D105,,Westrock Co,6819,-1432,211K,-44.31K,-17.4%,<.01%
09254C107,MUE,BlackRock MuniHoldings Quality Fund II,98830,-4687,961K,-45.58K,-4.5%,<.01%
502175102,LTC,LTC Properties Inc,2304,-1228,86K,-45.84K,-34.8%,<.01%
875465106,SKT,Tanger Factory Outlet Centers Inc,5845,-3353,80K,-45.89K,-36.5%,<.01%
36352H100,GAU,Galiano Gold Inc,6532984,-97423,3.17M,-47.24K,-1.5%,<.01%
46124J201,IVT,InvenTrust Properties Corp,3906,-2240,83K,-47.6K,-36.4%,<.01%
27616P103,DEA,Easterly Government Properties Inc,5255,-3015,83K,-47.62K,-36.5%,<.01%
887399103,MTUS,TimkenSteel Corp,45485,-3236,682K,-48.52K,-6.6%,<.01%
88557W101,QFIN,360 DigiTech Inc,3503,-3799,45K,-48.8K,-52%,<.01%
26142V105,DKNG,DraftKings Inc,231010,-3226,3.5M,-48.83K,-1.4%,0.01%
98419M100,XYL,Xylem Inc/NY,7342,-566,642K,-49.49K,-7.2%,<.01%
91704F104,UE,Urban Edge Properties,6596,-3783,88K,-50.47K,-36.4%,<.01%
939653101,ELME,Elme Communities,5039,-2891,88K,-50.49K,-36.5%,<.01%
204409601,CIG,Cia Energetica de Minas Gerais,1892250,-25481,3.82M,-51.47K,-1.3%,0.01%
984017103,XHR,Xenia Hotels & Resorts Inc,6594,-3782,91K,-52.19K,-36.4%,<.01%
252784301,DRH,DiamondRock Hospitality Co,12091,-6935,91K,-52.19K,-36.5%,<.01%
726503105,PAA,Plains All American Pipeline LP,52007,-4990,547K,-52.48K,-8.8%,<.01%
704326107,PAYX,Paychex Inc,50233,-468,5.64M,-52.52K,-0.9%,0.02%
559080106,,Magellan Midstream Partners LP,25521,-1107,1.21M,-52.62K,-4.2%,<.01%
444097109,HPP,Hudson Pacific Properties Inc,7977,-4839,87K,-52.78K,-37.8%,<.01%
03748R747,AIV,Apartment Investment and Management Co,8633,-7290,63K,-53.2K,-45.8%,<.01%
86730L109,,Sundial Growers Inc,0,-165899,0,-54K,CLOSE,0%
76131N101,ROIC,Retail Opportunity Investments Corp,6952,-3987,96K,-55.06K,-36.4%,<.01%
03990B101,ARES,Ares Management Corp,5697,-892,353K,-55.27K,-13.5%,<.01%
H2906T109,GRMN,Garmin Ltd,18273,-689,1.47M,-55.35K,-3.6%,<.01%
554382101,MAC,Macerich Co/The,12416,-7122,99K,-56.79K,-36.5%,<.01%
74965L101,RLJ,RLJ Lodging Trust,9246,-5669,94K,-57.63K,-38%,<.01%
14174T107,CTRE,CareTrust REIT Inc,5566,-3193,101K,-57.94K,-36.5%,<.01%
460146103,IP,International Paper Co,9917,-1835,314K,-58.1K,-15.6%,<.01%
08862E109,BYND,Beyond Meat Inc,207797,-4123,2.94M,-58.41K,-1.9%,<.01%
15135U109,CVE,Cenovus Energy Inc,21284,-3864,327K,-59.37K,-15.4%,<.01%
71654V408,PBR,Petroleo Brasileiro SA,27892,-4883,344K,-60.22K,-14.9%,<.01%
489398107,KW,Kennedy-Wilson Holdings Inc,6807,-3905,105K,-60.24K,-36.5%,<.01%
20854L108,CEIX,CONSOL Energy Inc,10371,-949,667K,-61.03K,-8.4%,<.01%
24610T108,VFL,Delaware Investments National Municipal,92540,-5605,1.01M,-61.05K,-5.7%,<.01%
09254J102,MUA,BlackRock MuniAssets Fund Inc,122089,-6018,1.25M,-61.81K,-4.7%,<.01%
690742101,OC,Owens Corning,33288,-794,2.62M,-62.42K,-2.3%,<.01%
35086T109,FCPT,Four Corners Property Trust Inc,4683,-2588,113K,-62.45K,-35.6%,<.01%
70509V100,PEB,Pebblebrook Hotel Trust,7487,-4295,109K,-62.53K,-36.5%,<.01%
958669103,WES,Western Midstream Partners LP,22228,-2591,559K,-65.16K,-10.4%,<.01%
353469109,FC,Franklin Covey Co,4604,-1484,209K,-67.37K,-24.4%,<.01%
867892101,SHO,Sunstone Hotel Investors Inc,12228,-7276,115K,-68.43K,-37.3%,<.01%
962166104,WY,Weyerhaeuser Co,30856,-2407,882K,-68.8K,-7.2%,<.01%
82981J109,,SITE Centers Corp,11227,-6440,120K,-68.83K,-36.5%,<.01%
140501107,CSWC,Capital Southwest Corp,363768,-4101,6.16M,-69.48K,-1.1%,0.02%
89612W102,,Tricon Residential Inc,14064,-8066,122K,-69.97K,-36.4%,<.01%
16359R103,CHE,Chemed Corp,2614,-161,1.14M,-70.28K,-5.8%,<.01%
09254G108,MQT,BlackRock MuniYield Quality Fund II Inc,70018,-7077,702K,-70.95K,-9.2%,<.01%
45780R101,IBP,Installed Building Products Inc,6097,-886,494K,-71.79K,-12.7%,<.01%
29670E107,EPRT,Essential Properties Realty Trust Inc,8103,-3738,158K,-72.89K,-31.6%,<.01%
72352L106,PINS,Pinterest Inc,15194,-3228,354K,-75.21K,-17.5%,<.01%
24703L202,DELL,Dell Technologies Inc,6889,-2248,235K,-76.68K,-24.6%,<.01%
746823103,PMM,Putnam Managed Municipal Income Trust,153418,-13915,865K,-78.46K,-8.3%,<.01%
92939U106,WEC,WEC Energy Group Inc,64085,-880,5.73M,-78.7K,-1.4%,0.02%
68629Y103,ONL,Orion Office REIT Inc,16239,-9028,142K,-78.94K,-35.7%,<.01%
086516101,BBY,Best Buy Co Inc,63927,-1255,4.05M,-79.49K,-1.9%,0.01%
67079X102,NDMO,Nuveen Dynamic Municipal Opportunities,209964,-7775,2.16M,-79.91K,-3.6%,<.01%
46590V100,JBGS,JBG SMITH Properties,6195,-4333,115K,-80.44K,-41.2%,<.01%
45781V101,IIPR,Innovative Industrial Properties Inc,1601,-918,142K,-81.42K,-36.4%,<.01%
456237106,ILPT,Industrial Logistics Properties Trust,0,-5894,0,-83K,CLOSE,0%
55336V100,MPLX,MPLX LP,39697,-2775,1.19M,-83.26K,-6.5%,<.01%
704551100,BTU,Peabody Energy Corp,35571,-3415,883K,-84.77K,-8.8%,<.01%
900435207,,Turquoise Hill Resources Ltd,33123,-2893,980K,-85.59K,-8%,<.01%
23345M107,DTM,DT Midstream Inc,27230,-1651,1.41M,-85.67K,-5.7%,<.01%
63633D104,NHI,National Health Investors Inc,2478,-1525,140K,-86.16K,-38.1%,<.01%
22002T108,CDP,Corporate Office Properties Trust,6494,-3725,151K,-86.61K,-36.5%,<.01%
26884U109,EPR,EPR Properties,4293,-2462,154K,-88.32K,-36.4%,<.01%
11135E203,BNL,Broadstone Net Lease Inc,9616,-5737,149K,-88.89K,-37.4%,<.01%
294628102,EQC,Equity Commonwealth,6141,-3647,150K,-89.08K,-37.3%,<.01%
529043101,LXP,LXP Industrial Trust,15924,-9738,146K,-89.28K,-37.9%,<.01%
144285103,CRS,Carpenter Technology Corp,47531,-2911,1.48M,-90.64K,-5.8%,<.01%
00776D103,,Aenza SAA,0,-77040,0,-92K,CLOSE,0%
700517105,PK,Park Hotels & Resorts Inc,12924,-8184,146K,-92.45K,-38.8%,<.01%
431284108,HIW,Highwoods Properties Inc,6024,-3455,162K,-92.91K,-36.4%,<.01%
02319V103,ABEV,AMBEV SA,486580,-32964,1.38M,-93.29K,-6.3%,<.01%
74623V103,PCT,PureCycle Technologies Inc,260775,-11755,2.1M,-94.84K,-4.3%,<.01%
149123101,CAT,Caterpillar Inc,0,-530,0,-95K,CLOSE,0%
387437114,,Granite Real Estate Investment Trust,3572,-2050,172K,-98.71K,-36.5%,<.01%
03784Y200,APLE,Apple Hospitality REIT Inc,12402,-7113,174K,-99.8K,-36.4%,<.01%
78573L106,SBRA,Sabra Health Care REIT Inc,13305,-7632,175K,-100.38K,-36.5%,<.01%
25960P109,DEI,Douglas Emmett Inc,9801,-5621,176K,-100.94K,-36.4%,<.01%
71844V201,PECO,Phillips Edison & Co Inc,6753,-3619,189K,-101.29K,-34.9%,<.01%
783754104,RYZ,Ryerson Holding Corp,36462,-3943,939K,-101.54K,-9.8%,<.01%
54975P102,,Lufax Holding Ltd,0,-17005,0,-102K,CLOSE,0%
339750101,FND,FLOOR & DECOR HOLDINGS INC-A,0,-1666,0,-105K,CLOSE,0%
30069T101,EE,Excelerate Energy Inc,538720,-4540,12.61M,-106.24K,-0.8%,0.04%
235851102,DHR,Danaher Corp,11874,-426,3.07M,-110.03K,-3.5%,<.01%
222795502,CUZ,Cousins Properties Inc,8757,-4780,204K,-111.35K,-35.3%,<.01%
71943U104,,Physicians Realty Trust,12969,-7439,195K,-111.85K,-36.5%,<.01%
867224107,SU,Suncor Energy Inc,21188,-4027,596K,-113.28K,-16%,<.01%
64828T201,RITM,Rithm Capital Corp,1059382,-15509,7.75M,-113.53K,-1.4%,0.02%
67092P706,NURE,Nuveen Short-Term REIT ETF,44914,-3900,1.33M,-115.83K,-8%,<.01%
01741R102,ATI,ATI Inc,125289,-4363,3.33M,-116.1K,-3.4%,<.01%
637870106,NSA,National Storage Affiliates Trust,4923,-2823,205K,-117.55K,-36.4%,<.01%
74967X103,RH,RH,0,-554,0,-118K,CLOSE,0%
H1467J104,CB,Chubb Ltd,10047,-674,1.83M,-122.56K,-6.3%,<.01%
64782A107,NEWP,New Pacific Metals Corp,4637017,-59011,9.69M,-123.32K,-1.3%,0.03%
49803T300,KRG,Kite Realty Group Trust,12559,-7204,216K,-123.9K,-36.5%,<.01%
91688F104,UPWK,Upwork Inc,0,-6002,0,-124K,CLOSE,0%
83067L109,,Skillz Inc,0,-100169,0,-124K,CLOSE,0%
020764106,AMR,Alpha Metallurgical Resources Inc,4954,-915,678K,-125.23K,-15.6%,<.01%
374689107,ROCK,Gibraltar Industries Inc,31121,-3144,1.27M,-128.71K,-9.2%,<.01%
93627C101,HCC,Warrior Met Coal Inc,66330,-4569,1.89M,-129.98K,-6.4%,<.01%
11284V105,BEPC.TO,Brookfield Renewable Corp,148259,-3996,4.84M,-130.48K,-2.6%,0.01%
78377T107,RHP,Ryman Hospitality Properties Inc,3102,-1779,228K,-130.76K,-36.4%,<.01%
11133T103,BR,Broadridge Financial Solutions Inc,0,-934,0,-133K,CLOSE,0%
742718109,PG,Procter & Gamble Co/The,13870,-1079,1.75M,-136.22K,-7.2%,<.01%
858912108,SRCL,Stericycle Inc,50012,-3239,2.11M,-136.39K,-6.1%,<.01%
92189H201,ITM,VanEck Intermediate Muni ETF,22549,-3162,982K,-137.7K,-12.3%,<.01%
981811102,WOR,Worthington Industries Inc,48736,-3631,1.86M,-138.5K,-6.9%,<.01%
136385101,CNQ,Canadian Natural Resources Ltd,16958,-3111,790K,-144.93K,-15.5%,<.01%
67071L106,NVG,Nuveen AMT-Free Municipal Credit Income,754323,-12539,8.8M,-146.33K,-1.6%,0.03%
008492100,ADC,Agree Realty Corp,4548,-2191,307K,-147.9K,-32.5%,<.01%
38068T105,GORO,Gold Resource Corp,4356298,-93940,7.19M,-155K,-2.1%,0.02%
025537101,AEP,American Electric Power Co Inc,104462,-1806,9.03M,-156.13K,-1.7%,0.03%
84860W300,UNITDSPR,Spirit Realty Capital Inc,7877,-4334,285K,-156.81K,-35.5%,<.01%
046353108,AZN,AstraZeneca PLC,460336,-2878,25.25M,-157.83K,-0.6%,0.08%
126650100,CVS,CVS Health Corp,108596,-1671,10.36M,-159.37K,-1.5%,0.03%
552953101,MGM,MGM Resorts International,95845,-5492,2.85M,-163.25K,-5.4%,<.01%
30057T105,,Evoqua Water Technologies Corp,68013,-5032,2.25M,-166.39K,-6.9%,<.01%
824348106,SHW,Sherwin-Williams Co/The,0,-752,0,-168K,CLOSE,0%
883556102,TMO,THERMO FISHER SCIENTIFIC INC,12824,-333,6.5M,-168.89K,-2.5%,0.02%
85254J102,STAG,STAG Industrial Inc,10400,-5965,296K,-169.77K,-36.4%,<.01%
00123Q104,AGNC,AGNC INVESTMENT CORP,1262188,-20228,10.63M,-170.33K,-1.6%,0.03%
26875P101,EOG,EOG Resources Inc,8780,-1532,981K,-171.17K,-14.9%,<.01%
892356106,TSCO,Tractor Supply Co,24470,-924,4.55M,-171.77K,-3.6%,0.01%
90353T100,UBER,Uber Technologies Inc,14973,-6496,397K,-172.24K,-30.3%,<.01%
49427F108,KRC,Kilroy Realty Corp,6739,-4121,284K,-173.67K,-37.9%,<.01%
83056P715,SKE,Skeena Resources Ltd,2690998,-37553,12.57M,-175.43K,-1.4%,0.04%
10949T109,BRSP,BrightSpire Capital Inc,202528,-27921,1.28M,-176.19K,-12.1%,<.01%
11120U105,BRX,Brixmor Property Group Inc,17295,-9921,319K,-182.99K,-36.5%,<.01%
57778N208,,Mawson Infrastructure Group Inc,81844,-438660,35K,-187.59K,-84.3%,<.01%
042315507,ARR.MX,ARMOUR Residential REIT Inc,475972,-40248,2.32M,-196.01K,-7.8%,<.01%
277276101,EGP,EastGroup Properties Inc,2385,-1368,344K,-197.31K,-36.5%,<.01%
92189F791,GDXJ,VanEck Junior Gold Miners ETF,78999,-6860,2.33M,-202.07K,-8%,<.01%
00827B106,AFRM,Affirm Holdings Inc,37689,-10827,707K,-203.1K,-22.3%,<.01%
670663103,NMCO,Nuveen Municipal Credit Opportunities F,166118,-18972,1.78M,-203.18K,-10.3%,<.01%
03750L109,AIRC,Apartment Income REIT Corp,8927,-5386,345K,-208.15K,-37.6%,<.01%
231021106,CMI,Cummins Inc,16767,-1037,3.41M,-211.02K,-5.8%,0.01%
422806208,HEIA,HEICO Corp,0,-2035,0,-214K,CLOSE,0%
03957W106,AROC,Archrock Inc,0,-25977,0,-215K,CLOSE,0%
98149E307,,SPDR Gold MiniShares Trust,0,-5993,0,-215K,CLOSE,0%
16679L109,CHWY,Chewy Inc,9154,-7012,281K,-215.25K,-43.4%,<.01%
75574U101,RC,Ready Capital Corp,505705,-21380,5.13M,-216.8K,-4.1%,0.02%
57667L107,MTCH,Match Group Inc,0,-3134,0,-218K,CLOSE,0%
03064D108,COLD,Americold Realty Trust,15586,-8939,383K,-219.66K,-36.4%,<.01%
62914V106,NIO,NIO Inc,595017,-13946,9.38M,-219.92K,-2.3%,0.03%
746922103,PMO,Putnam Municipal Opportunities Trust,90930,-22483,891K,-220.31K,-19.8%,<.01%
092479104,BYM,BlackRock Municipal Income Quality Trus,95346,-20206,1.05M,-221.67K,-17.5%,<.01%
23703Q203,DQ,Daqo New Energy Corp,78874,-4232,4.19M,-224.65K,-5.1%,0.01%
125491100,,CI Financial Corp,69702,-23483,667K,-224.72K,-25.2%,<.01%
256163106,DOCU,DocuSign Inc,0,-3923,0,-225K,CLOSE,0%
66987V109,NVS,Novartis AG,340215,-2989,25.86M,-227.2K,-0.9%,0.08%
90184L102,TWTR,Twitter Inc,46833,-5195,2.05M,-227.73K,-10%,<.01%
27829L105,EOT,Eaton Vance National Municipal Opportun,57857,-13923,952K,-229.09K,-19.4%,<.01%
013872106,AA,Alcoa Corp,59910,-6878,2.02M,-231.56K,-10.3%,<.01%
169656105,CMG,Chipotle Mexican Grill Inc,99,-154,149K,-231.78K,-60.9%,<.01%
845467109,SWN,Southwestern Energy Co,14725,-38716,90K,-236.63K,-72.4%,<.01%
M9T951109,ZIM,ZIM Integrated Shipping Services Ltd,29534,-10113,694K,-237.64K,-25.5%,<.01%
40637H109,HALO,Halozyme Therapeutics Inc,24868,-6124,983K,-242.07K,-19.8%,<.01%
693506107,PPG,PPG Industries Inc,0,-2184,0,-250K,CLOSE,0%
452327109,ILMN,Illumina Inc,100624,-1314,19.2M,-250.7K,-1.3%,0.06%
147448104,CWST,Casella Waste Systems Inc,30117,-3357,2.3M,-256.48K,-10%,<.01%
185899101,CLF,Cleveland-Cliffs Inc,512367,-19234,6.9M,-259.1K,-3.6%,0.02%
055474100,,BIT Mining Ltd,0,-437385,0,-272K,CLOSE,0%
637417106,NNN,National Retail Properties Inc,10173,-6875,405K,-273.7K,-40.3%,<.01%
47759T100,JKS,JinkoSolar Holding Co Ltd,54390,-4967,3.01M,-275.15K,-8.4%,<.01%
093712107,BE,Bloom Energy Corp,632930,-13950,12.65M,-278.85K,-2.2%,0.04%
37954Y673,PAVE,Global X US Infrastructure Development,140074,-12160,3.23M,-280.4K,-8%,<.01%
92189F536,MLN,VanEck Long Muni ETF,0,-15928,0,-281K,CLOSE,0%
88146M101,TRNO,Terreno Realty Corp,4285,-5392,227K,-285.64K,-55.7%,<.01%
G66721104,NCLH,Norwegian Cruise Line Holdings Ltd,0,-25770,0,-287K,CLOSE,0%
69318G106,PBF,PBF Energy Inc,25117,-8190,883K,-287.92K,-24.6%,<.01%
16119P108,CHTR,Charter Communications Inc,3661,-953,1.11M,-289.21K,-20.7%,<.01%
09662W109,DMB,BNY Mellon Municipal Bond Infrastructur,42467,-27219,485K,-310.86K,-39.1%,<.01%
67421J108,,Oatly Group AB,1173147,-118524,3.09M,-311.78K,-9.2%,<.01%
862121100,,STORE Capital Corp,14732,-10003,462K,-313.7K,-40.4%,<.01%
026874784,AIG,American International Group Inc,7528,-6695,357K,-317.5K,-47.1%,<.01%
46131B704,IVR,Invesco Mortgage Capital Inc,136379,-28698,1.51M,-318.59K,-17.4%,<.01%
50202M102,LI,Li Auto Inc,251641,-14005,5.79M,-322.24K,-5.3%,0.02%
38141G104,GS,Goldman Sachs Group Inc/The,1139,-1112,334K,-326.08K,-49.4%,<.01%
88262P102,TPL,Texas Pacific Land Corp,0,-224,0,-333K,CLOSE,0%
43366H704,HIVE,Hive Blockchain Technologies Ltd,574030,-88587,2.16M,-333.03K,-13.4%,<.01%
46655E100,DC,Dakota Gold Corp,2763883,-112571,8.43M,-343.35K,-3.9%,0.03%
86771W105,RUN,Sunrun Inc,219313,-12872,6.05M,-355.15K,-5.5%,0.02%
69351T106,PPL,PPL Corp,149645,-14094,3.79M,-357.33K,-8.6%,0.01%
871829107,SYY,Sysco Corp,57733,-5063,4.08M,-357.98K,-8.1%,0.01%
009066101,ABNB,Airbnb Inc,0,-4023,0,-358K,CLOSE,0%
714266103,PPTA,Perpetua Resources Corp,64095,-177609,131K,-363K,-73.5%,<.01%
24665A103,DK,Delek US Holdings Inc,22352,-13384,607K,-363.46K,-37.5%,<.01%
517834107,LVS,Las Vegas Sands Corp,114980,-9747,4.31M,-365.7K,-7.8%,0.01%
44107P104,HST,HOST HOTELS & RESORTS INC,41053,-23547,652K,-373.97K,-36.5%,<.01%
G2519Y108,BAP,Credicorp Ltd,11808,-3046,1.45M,-374.04K,-20.5%,<.01%
15961R105,CHPT,ChargePoint Holdings Inc,0,-27707,0,-379K,CLOSE,0%
21037T109,CEG,Constellation Energy Corp,44633,-4558,3.71M,-379.18K,-9.3%,0.01%
28852N109,EFC,Ellington Financial Inc,254572,-33692,2.89M,-383.01K,-11.7%,<.01%
G0250X107,AMCR,Amcor PLC,0,-31991,0,-398K,CLOSE,0%
92189H805,REMX,VanEck Rare Earth and Strategic Metals,29985,-4820,2.5M,-401.71K,-13.8%,<.01%
82837P408,SICP,Silvergate Capital Corp,43456,-5353,3.27M,-403.42K,-11%,<.01%
83012A109,TSLX,Sixth Street Specialty Lending Inc,1017218,-25397,16.62M,-414.98K,-2.4%,0.05%
500255104,KSS,Kohl's Corp,0,-11629,0,-415K,CLOSE,0%
652526203,NEWT,Newtek Business Services Corp,320586,-25469,5.23M,-415.66K,-7.4%,0.02%
38071H106,GROY,Gold Royalty Corp,5164869,-165574,13.12M,-420.57K,-3.1%,0.04%
55616P104,M,Macy's Inc,0,-23455,0,-430K,CLOSE,0%
46434G848,PICK,iShares MSCI Global Metals & Mining Pro,81509,-13113,2.77M,-446.28K,-13.9%,<.01%
29270J100,ERII,Energy Recovery Inc,98011,-20916,2.13M,-454.77K,-17.6%,<.01%
46132P108,IIM,Invesco Value Municipal Income Trust,175014,-39714,2.01M,-457.01K,-18.5%,<.01%
316500107,FDUS,Fidus Investment Corp,302363,-26648,5.2M,-457.85K,-8.1%,0.02%
55272X607,MFA,MFA Financial Inc,390748,-59546,3.04M,-463.26K,-13.2%,<.01%
012653101,ALB,Albemarle Corp,4913,-1762,1.3M,-465.87K,-26.4%,<.01%
376546107,GAIN,Gladstone Investment Corp,437067,-38522,5.29M,-466.16K,-8.1%,0.02%
69360J107,,PS Business Parks Inc,0,-2528,0,-473K,CLOSE,0%
878742204,TECK,Teck Resources Ltd,198666,-15735,6.04M,-478.15K,-7.3%,0.02%
437076102,HD,Home Depot Inc/The,77595,-1736,21.41M,-479.02K,-2.2%,0.06%
92189F106,GDX,VanEck Gold Miners ETF/USA,230943,-20060,5.57M,-483.82K,-8%,0.02%
708062104,PNNT,PennantPark Investment Corp,795818,-88904,4.34M,-485.4K,-10%,0.01%
46266C105,IQV,IQVIA Holdings Inc,100996,-2681,18.29M,-485.63K,-2.6%,0.05%
92189F205,SLX,VanEck Steel ETF,69646,-10221,3.33M,-488.11K,-12.8%,<.01%
842587107,SO,Southern Co/The,258835,-7357,17.6M,-500.28K,-2.8%,0.05%
758075402,RWT,Redwood Trust Inc,441448,-87254,2.53M,-500.86K,-16.5%,<.01%
670677103,NIQ,Nuveen Intermediate Duration Quality Mu,0,-39964,0,-508K,CLOSE,0%
92189H607,OIH,VanEck Oil Services ETF,17614,-2453,3.72M,-518.06K,-12.2%,0.01%
858119100,STLD,Steel Dynamics Inc,86213,-7341,6.12M,-520.86K,-7.8%,0.02%
11135B100,,Broadmark Realty Capital Inc,633692,-102626,3.24M,-524.39K,-13.9%,<.01%
016255101,ALGN,Align Technology Inc,0,-2312,0,-547K,CLOSE,0%
19260Q107,COIN,Coinbase Global Inc,103994,-8554,6.71M,-551.6K,-7.6%,0.02%
30231G102,XOM,Exxon Mobil Corp,144805,-6436,12.64M,-561.93K,-4.3%,0.04%
L4135L100,,FREYR Battery SA,892852,-39700,12.71M,-565.32K,-4.3%,0.04%
194162103,CL,Colgate-Palmolive Co,29113,-8138,2.04M,-571.64K,-21.8%,<.01%
929042109,VNO,Vornado Realty Trust,53765,-25015,1.25M,-579.26K,-31.8%,<.01%
44955L106,IAUX,i-80 Gold Corp,6234783,-332256,11M,-586.25K,-5.1%,0.03%
373737105,GGB,Gerdau SA,841109,-129793,3.8M,-586.69K,-13.4%,0.01%
03938L203,MT,ArcelorMittal SA,188141,-29557,3.75M,-588.5K,-13.6%,0.01%
09260D107,BX,Blackstone Inc,101230,-7119,8.47M,-595.86K,-6.6%,0.03%
85859N102,,Stem Inc,1192726,-45460,15.91M,-606.44K,-3.7%,0.05%
184496107,CLH,Clean Harbors Inc,21099,-5661,2.32M,-622.47K,-21.2%,<.01%
872280102,CGBD,TCG BDC Inc,624170,-55261,7.14M,-632.23K,-8.1%,0.02%
92189F700,MOO,VanEck Agribusiness ETF,64526,-8042,5.21M,-648.83K,-11.1%,0.02%
83413U100,SLRC,SLR Investment Corp,608276,-53028,7.49M,-653.31K,-8%,0.02%
59124U605,MTA,Metalla Royalty & Streaming Ltd,1978174,-171105,7.67M,-663.86K,-8%,0.02%
87612E106,TGT,Target Corp,117095,-4537,17.38M,-673.26K,-3.7%,0.05%
92189H870,EINC,VanEck Energy Income ETF,140150,-12136,7.96M,-689.19K,-8%,0.02%
90187B408,TWO,Two Harbors Investment Corp,1442431,-209705,4.79M,-696.24K,-12.7%,0.01%
370334104,GIS,General Mills Inc,0,-9406,0,-710K,CLOSE,0%
32054K103,FR,First Industrial Realty Trust Inc,36974,-15862,1.66M,-710.86K,-30%,<.01%
03762U105,ARI,Apollo Commercial Real Estate Finance I,531536,-86365,4.41M,-716.87K,-14%,0.01%
46431W614,,iShares Gold Strategy ETF,9071,-14346,457K,-722.76K,-61.3%,<.01%
09259E108,TCPC,BlackRock TCP Capital Corp,763633,-67109,8.35M,-733.54K,-8.1%,0.02%
368036109,GATO,Gatos Silver Inc,1576620,-275347,4.22M,-737.87K,-14.9%,0.01%
78468R556,XOP,SPDR S&P Oil & Gas Exploration & Produc,51038,-6017,6.37M,-750.39K,-10.5%,0.02%
03761U502,MFIC,MidCap Financial Investment Corp,839777,-73798,8.58M,-754.26K,-8.1%,0.03%
72147K108,PPC,Pilgrim's Pride Corp,182781,-32977,4.21M,-759.2K,-15.3%,0.01%
718546104,PSX,Phillips 66,37383,-9685,3.02M,-781.89K,-20.6%,<.01%
505743104,LADR,Ladder Capital Corp,582772,-88200,5.22M,-790.33K,-13.1%,0.02%
632307104,NTRA,Natera Inc,96106,-18110,4.21M,-793.51K,-15.9%,0.01%
92189H862,MIG,VanEck Moody's Analytics IG Corporate B,314000,-40000,6.26M,-797.45K,-11.3%,0.02%
58463J304,MPT,Medical Properties Trust Inc,149924,-67339,1.78M,-798.6K,-31%,<.01%
53814L108,NUGN,Livent Corp,1452958,-26541,44.53M,-813.48K,-1.8%,0.13%
76169C100,REXR,Rexford Industrial Realty Inc,43170,-15667,2.25M,-814.74K,-26.6%,<.01%
024835100,,American Campus Communities Inc,0,-12638,0,-815K,CLOSE,0%
81369Y506,XLE,Energy Select Sector SPDR Fund,98555,-11355,7.1M,-817.8K,-10.3%,0.02%
74834L100,DGX,QUEST DIAGNOSTICS INC,20011,-6695,2.46M,-821.36K,-25.1%,<.01%
216648402,COO.MX,Cooper Cos Inc/The,0,-2646,0,-829K,CLOSE,0%
922908553,VNQ,Vanguard Real Estate ETF,120754,-10480,9.68M,-840.19K,-8%,0.03%
681936100,OHI,Omega Healthcare Investors Inc,58840,-29141,1.74M,-859.27K,-33.1%,<.01%
70931T103,PMT,PennyMac Mortgage Investment Trust,337149,-73210,3.97M,-862.5K,-17.8%,0.01%
229663109,CUBE,CubeSmart,56315,-21762,2.26M,-871.79K,-27.9%,<.01%
714046109,RVTY,PerkinElmer Inc,0,-6167,0,-877K,CLOSE,0%
767292105,RIOT,Riot Blockchain Inc,463089,-125265,3.25M,-878.04K,-21.3%,<.01%
403949100,DINO,HF Sinclair Corp,37859,-16448,2.04M,-885.42K,-30.3%,<.01%
090572207,BIO,Bio-Rad Laboratories Inc,0,-1813,0,-897K,CLOSE,0%
715684106,TLK,Telkom Indonesia Persero Tbk PT,88127,-31205,2.54M,-900.1K,-26.1%,<.01%
941848103,WAT,Waters Corp,1569,-3388,423K,-913.4K,-68.3%,<.01%
770700102,HOOD,Robinhood Markets Inc,62662,-90797,633K,-917.21K,-59.2%,<.01%
201723103,CMC,Commercial Metals Co,106146,-26012,3.77M,-922.89K,-19.7%,0.01%
759509102,RS,Reliance Steel & Aluminum Co,24734,-5431,4.31M,-947.25K,-18%,0.01%
313745101,FRT,Federal Realty OP LP,25031,-10564,2.26M,-952.11K,-29.7%,<.01%
647551100,NMFC,New Mountain Finance Corp,1145434,-85859,13.21M,-989.89K,-7%,0.04%
53223X107,,Life Storage Inc,21278,-9081,2.36M,-1.01M,-29.9%,<.01%
565788106,MARA,Marathon Digital Holdings Inc,283054,-95294,3.03M,-1.02M,-25.2%,<.01%
057665200,BCPC,Balchem Corp,79577,-8405,9.68M,-1.02M,-9.6%,0.03%
649604501,,New York Mortgage Trust Inc,1515903,-443262,3.55M,-1.04M,-22.6%,0.01%
912909108,X,United States Steel Corp,201372,-57803,3.65M,-1.05M,-22.3%,0.01%
78440X887,SLG,SL Green Realty Corp,3712,-26346,149K,-1.06M,-87.7%,<.01%
67401P108,OCSL,Oaktree Specialty Lending Corp,2012816,-176407,12.08M,-1.06M,-8.1%,0.04%
05684B107,BCSF,Bain Capital Specialty Finance Inc,606426,-90198,7.28M,-1.08M,-12.9%,0.02%
30161Q104,EXEL,Exelixis Inc,0,-52419,0,-1.09M,CLOSE,0%
767204100,RIO,Rio Tinto PLC,180623,-20189,9.95M,-1.11M,-10.1%,0.03%
06759L103,BBDC,Barings BDC Inc,1265204,-134756,10.46M,-1.11M,-9.6%,0.03%
427096508,HTGC,Hercules Capital Inc,1681943,-98967,19.48M,-1.15M,-5.6%,0.06%
35243J101,FBRT,Franklin BSP Realty Trust Inc,380074,-106587,4.09M,-1.15M,-21.9%,0.01%
038923108,ABR,Arbor Realty Trust Inc,557307,-101764,6.41M,-1.17M,-15.4%,0.02%
26152H301,DRD,DRDGOLD Ltd,7085559,-217132,38.69M,-1.19M,-3%,0.12%
45826J105,NTLA,Intellia Therapeutics Inc,63101,-21855,3.53M,-1.22M,-25.7%,0.01%
191216100,KO,Coca-Cola Co/The,673869,-22267,37.75M,-1.25M,-3.2%,0.11%
36467J108,GLPI,Gaming and Leisure Properties Inc,120211,-28633,5.32M,-1.27M,-19.2%,0.02%
703395103,PDCO,Patterson Cos Inc,111505,-54331,2.68M,-1.3M,-32.8%,<.01%
02665T306,AMH,American Homes 4 Rent,94784,-39926,3.11M,-1.31M,-29.6%,<.01%
92936U109,WPC,WP Carey Inc,50826,-19213,3.55M,-1.34M,-27.4%,0.01%
713448108,PEP,PepsiCo Inc,208388,-8234,34.02M,-1.34M,-3.8%,0.1%
921078101,OUNZ,VanEck Merk Gold Shares,1429472,-84295,23.06M,-1.36M,-5.6%,0.07%
758849103,REG,Regency Centers Corp,53849,-25282,2.9M,-1.36M,-31.9%,<.01%
060505104,BAC,Bank of America Corp,24156,-45651,729K,-1.38M,-65.4%,<.01%
497266106,KEX,KIRBY CORP,454110,-22830,27.6M,-1.39M,-4.8%,0.08%
071734107,BHC,Bausch Health Cos Inc,559796,-202485,3.86M,-1.4M,-26.6%,0.01%
91347P105,OLED,Universal Display Corp,278339,-14963,26.26M,-1.41M,-5.1%,0.08%
133131102,CPT,Camden Property Trust,29437,-11922,3.52M,-1.42M,-28.8%,0.01%
40131M109,GH,Guardant Health Inc,72192,-26851,3.89M,-1.45M,-27.1%,0.01%
686688102,ORA,Ormat Technologies Inc,357148,-16997,30.79M,-1.47M,-4.5%,0.09%
66987E206,NG,Novagold Resources Inc,9519678,-313588,44.65M,-1.47M,-3.2%,0.13%
74348T102,PSEC,Prospect Capital Corp,3192680,-238443,19.8M,-1.48M,-6.9%,0.06%
82575P107,SBSW,Sibanye Stillwater Ltd,3165812,-159130,29.5M,-1.48M,-4.8%,0.09%
29444U700,EQIX,Equinix Inc,8999,-2623,5.12M,-1.49M,-22.6%,0.02%
09075V102,BNTX,BioNTech SE,123961,-11137,16.72M,-1.5M,-8.2%,0.05%
56064K100,MMD,MainStay MacKay DefinedTerm Municipal O,0,-84695,0,-1.54M,CLOSE,0%
30063P105,EXAS,EXACT SCIENCES CORP,129360,-47410,4.2M,-1.54M,-26.8%,0.01%
023111206,AMRN,Amarin Corp PLC,0,-1034866,0,-1.54M,CLOSE,0%
75513E101,RTX,Raytheon Technologies Corp,0,-16203,0,-1.56M,CLOSE,0%
49446R109,KIM,Kimco Realty Corp,206004,-85017,3.79M,-1.57M,-29.2%,0.01%
38147U107,GSBD,Goldman Sachs BDC Inc,1269612,-108601,18.35M,-1.57M,-7.9%,0.05%
29472R108,ELS,Equity LifeStyle Properties Inc,54449,-24982,3.42M,-1.57M,-31.5%,0.01%
866674104,SUI,Sun Communities Inc,30947,-11670,4.19M,-1.58M,-27.4%,0.01%
76883Y107,RFMZ,RiverNorth Flexible Municipal Income Fu,0,-109209,0,-1.59M,CLOSE,0%
931142103,WMT,Walmart Inc,104364,-12274,13.54M,-1.59M,-10.5%,0.04%
670346105,NUE,Nucor Corp,91710,-14882,9.81M,-1.59M,-14%,0.03%
723484101,PNW,Pinnacle West Capital Corp,26212,-24959,1.69M,-1.61M,-48.8%,<.01%
450913108,IAG,IAMGOLD Corp,46106585,-1521775,49.34M,-1.63M,-3.2%,0.15%
874060205,TAK,Takeda Pharmaceutical Co Ltd,1862022,-127750,24.15M,-1.66M,-6.4%,0.07%
09261X102,BXSL,Blackstone Secured Lending Fund,983780,-73457,22.37M,-1.67M,-6.9%,0.07%
68571X301,ORC,Orchid Island Capital Inc,178370,-208606,1.46M,-1.71M,-53.9%,<.01%
83406F102,SOFI,SoFi Technologies Inc,0,-336603,0,-1.77M,CLOSE,0%
56585A102,MPC,Marathon Petroleum Corp,38306,-18031,3.81M,-1.79M,-32%,0.01%
42250P103,DOC,Healthpeak Properties Inc,185190,-78575,4.25M,-1.8M,-29.8%,0.01%
670671106,,Nuveen Intermediate Duration Municipal,0,-143221,0,-1.86M,CLOSE,0%
811916105,SA,Seabridge Gold Inc,3581856,-158212,42.52M,-1.88M,-4.2%,0.13%
N72482123,1QGEN.MI,QIAGEN NV,238642,-45597,9.85M,-1.88M,-16%,0.03%
101121101,BXP,BOSTON PROPERTIES INC,45890,-26119,3.44M,-1.96M,-36.3%,0.01%
92276F100,VTR,Ventas Inc,138129,-49090,5.55M,-1.97M,-26.2%,0.02%
644535106,NGD,New Gold Inc,65774834,-2248469,57.88M,-1.98M,-3.3%,0.17%
902653104,UDR,UDR INC,104952,-49154,4.38M,-2.05M,-31.9%,0.01%
16115Q308,GTLS,Chart Industries Inc,222994,-11260,41.11M,-2.08M,-4.8%,0.12%
03073E105,COR,AmerisourceBergen Corp,185827,-15346,25.15M,-2.08M,-7.6%,0.07%
264411505,,Duke Realty Corp,111499,-45908,5.37M,-2.21M,-29.2%,0.02%
001084102,AGCO,AGCO Corp,206972,-23343,19.91M,-2.24M,-10.1%,0.06%
38173M102,GBDC,Golub Capital BDC Inc,1748088,-182945,21.66M,-2.27M,-9.5%,0.06%
297178105,ESS,Essex Property Trust Inc,22382,-9404,5.42M,-2.28M,-29.6%,0.02%
G4705A100,ICLR,ICON PLC,76597,-12725,14.08M,-2.34M,-14.2%,0.04%
G9440A109,VSTA,Vasta Platform Ltd,748814,-458414,3.93M,-2.41M,-38%,0.01%
32076V103,AG,First Majestic Silver Corp,25980114,-316108,197.97M,-2.41M,-1.2%,0.59%
88025U109,TXG,10X Genomics Inc,1325,-86854,38K,-2.49M,-98.5%,<.01%
891092108,TTC,Toro Co/The,328186,-29314,28.38M,-2.54M,-8.2%,0.08%
165167735,EXE,Chesapeake Energy Corp,541923,-26921,51.05M,-2.54M,-4.7%,0.15%
349915108,,Fortuna Silver Mines Inc,30019709,-1007637,75.65M,-2.54M,-3.2%,0.23%
92556V106,VTRS,Viatris Inc,1997562,-299610,17.02M,-2.55M,-13%,0.05%
42809H107,HES,Hess Corp,451699,-23432,49.23M,-2.55M,-4.9%,0.15%
42225P501,,Healthcare Trust of America Inc,0,-92445,0,-2.58M,CLOSE,0%
59522J103,MAA,Mid-America Apartment Communities Inc,38813,-16971,6.02M,-2.63M,-30.4%,0.02%
148806102,CTLT,Catalent Inc,207015,-36430,14.98M,-2.64M,-15%,0.04%
46187W107,INVH,Invitation Homes Inc,194363,-78594,6.56M,-2.65M,-28.8%,0.02%
192108504,CDE,Coeur Mining Inc,26014573,-806708,88.97M,-2.76M,-3%,0.26%
39115V101,GPLDF,Great Panther Mining Ltd,0,-22615820,0,-2.79M,CLOSE,0%
015271109,ARE,Alexandria Real Estate Equities Inc,52279,-19940,7.33M,-2.8M,-27.6%,0.02%
G97822103,PRGO,Perrigo Co PLC,168269,-80010,6M,-2.85M,-32.2%,0.02%
72919P202,PLUG,Plug Power Inc,831685,-136895,17.47M,-2.88M,-14.1%,0.05%
580135101,MCD,McDonald's Corp,36295,-12995,8.38M,-3M,-26.4%,0.02%
01535P106,,Alexco Resource Corp,0,-7587106,0,-3.03M,CLOSE,0%
H17182108,CRSP,CRISPR Therapeutics AG,79257,-47002,5.18M,-3.07M,-37.2%,0.02%
159864107,CRL,Charles River Laboratories Internationa,45306,-15778,8.92M,-3.11M,-25.8%,0.03%
25278X109,FANG,Diamondback Energy Inc,514135,-26481,61.93M,-3.19M,-4.9%,0.18%
69121K104,OBDC,Owl Rock Capital Corp,4480336,-309607,46.46M,-3.21M,-6.5%,0.14%
30225T102,EXR,Extra Space Storage Inc,45495,-18663,7.86M,-3.22M,-29.1%,0.02%
46625H100,JPM,JPMorgan Chase & Co,5312,-31361,555K,-3.28M,-85.5%,<.01%
83417M104,SEDG,SolarEdge Technologies Inc,343211,-14349,79.44M,-3.32M,-4%,0.24%
65339F101,NEE,NextEra Energy Inc,506966,-43942,39.75M,-3.45M,-8%,0.12%
284902509,EGO,Eldorado Gold Corp,19788170,-579129,119.32M,-3.49M,-2.8%,0.36%
853606101,SLI,Standard Lithium Ltd,3189706,-807023,13.81M,-3.49M,-20.2%,0.04%
25179M103,DVN,Devon Energy Corp,1299805,-58256,78.16M,-3.5M,-4.3%,0.23%
09061G101,BMRN,BioMarin Pharmaceutical Inc,138050,-41721,11.7M,-3.54M,-23.2%,0.03%
20825C104,COP,ConocoPhillips,665621,-34609,68.12M,-3.54M,-4.9%,0.2%
29446M102,EQNR,Equinor ASA,2177460,-108530,72.1M,-3.59M,-4.7%,0.21%
127097103,CTRA,Coterra Energy Inc,2672021,-137953,69.79M,-3.6M,-4.9%,0.21%
29476L107,EQR,Equity Residential,118616,-53742,7.97M,-3.61M,-31.2%,0.02%
56035L104,MAIN,Main Street Capital Corp,591100,-108736,19.89M,-3.66M,-15.5%,0.06%
26441C204,DUK,Duke Energy Corp,176216,-39426,16.39M,-3.67M,-18.3%,0.05%
053484101,AVB,AvalonBay Communities Inc,48221,-20047,8.88M,-3.69M,-29.4%,0.03%
26884L109,EQT,EQT Corp,1807613,-90728,73.66M,-3.7M,-4.8%,0.22%
29355A107,ENPH,Enphase Energy Inc,262042,-13485,72.71M,-3.74M,-4.9%,0.22%
45337C102,INCY,Incyte Corp,171170,-56324,11.41M,-3.75M,-24.8%,0.03%
678026105,OIS,Oil States International Inc,1954825,-980682,7.6M,-3.81M,-33.4%,0.02%
95040Q104,WELL,Welltower Inc,159098,-60229,10.23M,-3.87M,-27.5%,0.03%
380738104,,Gold Standard Ventures Corp,0,-12496585,0,-3.91M,CLOSE,0%
253868103,DLR,Digital Realty Trust Inc,98589,-40490,9.78M,-4.02M,-29.1%,0.03%
98850P109,YUMC,Yum China Holdings Inc,219726,-84280,10.5M,-4.03M,-27.7%,0.03%
46090F100,PDBC,Invesco Optimum Yield Diversified Commo,1817852,-249717,29.41M,-4.04M,-12.1%,0.09%
237266101,DAR,Darling Ingredients Inc,817799,-61234,54.1M,-4.05M,-7%,0.16%
N20944109,CNH,CNH Industrial NV,3686320,-365451,41.18M,-4.08M,-9%,0.12%
40415F101,HDB,HDFC Bank Ltd,613053,-71451,35.81M,-4.17M,-10.4%,0.11%
756109104,O,Realty Income Corp,194913,-71872,11.34M,-4.18M,-26.9%,0.03%
302635206,FSK,FS KKR Capital Corp,3540926,-248304,60.02M,-4.21M,-6.6%,0.18%
828806109,SPG,Simon Property Group Inc,112209,-47327,10.07M,-4.25M,-29.7%,0.03%
285512109,EA,Electronic Arts Inc,341114,-36861,39.47M,-4.27M,-9.8%,0.12%
09073M104,TECH,Bio-Techne Corp,37319,-15713,10.6M,-4.46M,-29.6%,0.03%
874054109,TTWO,Take-Two Interactive Software Inc,328279,-41217,35.78M,-4.49M,-11.2%,0.11%
74736K101,QRVO,Qorvo Inc,516178,-57108,40.99M,-4.53M,-10%,0.12%
68622V106,OGN,Organon & Co,413778,-195486,9.68M,-4.57M,-32.1%,0.03%
83088M102,SWKS,Skyworks Solutions Inc,1001668,-54023,85.41M,-4.61M,-5.1%,0.25%
64110W102,NTES,NetEase Inc,524721,-64063,39.67M,-4.84M,-10.9%,0.12%
91913Y100,VLO,Valero Energy Corp,716812,-45911,76.59M,-4.91M,-6%,0.23%
72016P105,PLL,Piedmont Lithium Inc,719049,-91867,38.46M,-4.91M,-11.3%,0.11%
731068102,PII,POLARIS INC,1717599,-56463,164.29M,-5.4M,-3.2%,0.49%
670002401,NVAX,Novavax Inc,0,-109388,0,-5.63M,CLOSE,0%
G50871105,JAZZ,Jazz Pharmaceuticals PLC,95198,-42293,12.69M,-5.64M,-30.8%,0.04%
74460D109,PSA,Public Storage,72079,-19347,21.11M,-5.66M,-21.2%,0.06%
422704106,HL,Hecla Mining Co,50930908,-1445500,200.67M,-5.7M,-2.8%,0.6%
204448104,BVN,Cia de Minas Buenaventura SAA,23902876,-862572,160.87M,-5.81M,-3.5%,0.48%
28414H103,ELAN,Elanco Animal Health Inc,1440197,-475506,17.87M,-5.9M,-24.8%,0.05%
81181C104,,SeaGen Inc,99020,-43474,13.55M,-5.95M,-30.5%,0.04%
833635105,SQM,Sociedad Quimica y Minera de Chile SA,575100,-65924,52.19M,-5.98M,-10.3%,0.16%
G9087Q102,TROX,Tronox Holdings PLC,1669019,-491229,20.45M,-6.02M,-22.7%,0.06%
07725L102,ONC,BeiGene Ltd,55253,-44713,7.45M,-6.03M,-44.7%,0.02%
609839105,MPWR,Monolithic Power Systems Inc,289941,-16693,105.36M,-6.07M,-5.4%,0.31%
58155Q103,MCK,McKesson Corp,85409,-17853,29.03M,-6.07M,-17.3%,0.09%
595017104,MCHP,Microchip Technology Inc,4479495,-103470,273.38M,-6.31M,-2.3%,0.81%
G16962105,,Bunge Ltd,1036288,-83740,85.57M,-6.91M,-7.5%,0.25%
29446Y502,EQX,Equinox Gold Corp,30692316,-1945836,112.02M,-7.1M,-6%,0.33%
125269100,CF,CF Industries Holdings Inc,510810,-76214,49.16M,-7.34M,-13%,0.15%
881624209,TEVA,Teva Pharmaceutical Industries Ltd,2294442,-919292,18.52M,-7.42M,-28.6%,0.06%
278865100,ECL,Ecolab Inc,1100757,-53104,158.97M,-7.67M,-4.6%,0.47%
02043Q107,ALNY,Alnylam Pharmaceuticals Inc,69896,-39546,13.99M,-7.92M,-36.1%,0.04%
11135F101,AVGO,Broadcom Inc,746445,-18819,331.43M,-8.36M,-2.5%,0.99%
682189105,ON,ON Semiconductor Corp,2349997,-134422,146.47M,-8.38M,-5.4%,0.44%
09062X103,BIIB,Biogen Inc,917986,-31849,245.1M,-8.5M,-3.4%,0.73%
11777Q209,BTG,B2Gold Corp,109450322,-2687257,352.43M,-8.65M,-2.4%,1%
G6359F137,NBR,Nabors Industries Ltd,353100,-86225,35.82M,-8.75M,-19.6%,0.11%
65290C105,,NexTier Oilfield Solutions Inc,5598349,-1199494,41.43M,-8.88M,-17.6%,0.12%
302491303,FMC,FMC Corp,538854,-85224,56.96M,-9.01M,-13.7%,0.17%
N22717107,,Core Laboratories NV,1237229,-680249,16.68M,-9.17M,-35.5%,0.05%
58039P107,MUX.MX,McEwen Mining Inc,0,-21096630,0,-9.27M,CLOSE,0%
04010L103,ARCC,Ares Capital Corp,5431954,-562027,91.69M,-9.49M,-9.4%,0.27%
035128206,,AngloGold Ashanti Ltd,23477432,-693102,324.46M,-9.58M,-2.9%,0.97%
902494103,TSN,Tyson Foods Inc,1453874,-147974,95.85M,-9.76M,-9.2%,0.29%
61945C103,MOS,Mosaic Co/The,1624666,-204639,78.52M,-9.89M,-11.2%,0.23%
573874104,MRVL,Marvell Technology Group Ltd,4546029,-233061,195.07M,-10M,-4.9%,0.58%
23291C103,BOOM,DMC Global Inc,0,-557791,0,-10.06M,CLOSE,0%
780287108,RGLD,Royal Gold Inc,3856755,-113813,361.84M,-10.68M,-2.9%,1.1%
53680Q207,,Lithium Americas Corp,1391978,-414691,36.51M,-10.88M,-23%,0.11%
74340W103,PLD,Prologis Inc,265661,-107902,26.99M,-10.96M,-28.9%,0.08%
262037104,DRQ,Dril-Quip Inc,1018201,-567063,19.88M,-11.07M,-35.8%,0.06%
74347M108,PUMP,ProPetro Holding Corp,2685458,-1473916,21.62M,-11.87M,-35.4%,0.06%
42330P107,HLX,Helix Energy Solutions Group Inc,4789122,-3088785,18.49M,-11.92M,-39.2%,0.06%
00507V109,ATVI,Activision Blizzard Inc,723221,-162212,53.76M,-12.06M,-18.3%,0.16%
38059T106,GFI,Gold Fields Ltd,51095020,-1498601,413.36M,-12.12M,-2.8%,1.2%
697900108,PAAS,Pan American Silver Corp,21582103,-790960,342.72M,-12.56M,-3.5%,1%
375558103,GILD,Gilead Sciences Inc,3663007,-206643,225.97M,-12.75M,-5.3%,0.67%
98462Y100,,Yamana Gold Inc,109844657,-2916009,497.59M,-13.21M,-2.6%,1.5%
458140100,INTC,Intel Corp,14790811,-518667,381.16M,-13.37M,-3.4%,1.1%
784730103,SSRM,SSR Mining Inc,21382947,-942634,314.54M,-13.87M,-4.2%,0.94%
81617J301,WTTR,Select Energy Services Inc,3382702,-2083245,23.58M,-14.52M,-38.1%,0.07%
35671D857,FCX,Freeport-McMoRan Inc,1915402,-545327,52.35M,-14.9M,-22.2%,0.16%
032654105,ADI,Analog Devices Inc,2083790,-108611,290.36M,-15.13M,-5%,0.86%
675232102,OII,Oceaneering International Inc,2872443,-1958090,22.86M,-15.59M,-40.5%,0.07%
861012102,STM,STMicroelectronics NV,4230808,-523650,130.9M,-16.2M,-11%,0.39%
90346E103,SLCA,US Silica Holdings Inc,2238048,-1512337,24.51M,-16.56M,-40.3%,0.07%
771049103,RBLX,ROBLOX Corp,953301,-480042,34.17M,-17.2M,-33.5%,0.1%
039483102,ADM,Archer-Daniels-Midland Co,972785,-222558,78.26M,-17.9M,-18.6%,0.23%
N6596X109,NXPI,NXP Semiconductors NV,1500163,-123899,221.29M,-18.28M,-7.6%,0.66%
749660106,RES,RPC Inc,4839644,-2657292,33.54M,-18.42M,-35.4%,0.1%
98978V103,ZTS,Zoetis Inc,959809,-125871,142.33M,-18.67M,-11.6%,0.42%
H8817H100,RIG,Transocean Ltd,25359006,-7787242,62.64M,-19.23M,-23.5%,0.19%
41068X100,HASI,Hannon Armstrong Sustainable Infrastruc,1009099,-647809,30.2M,-19.39M,-39.1%,0.09%
53115L104,LBRT,Liberty Energy Inc,7765417,-1616968,98.47M,-20.5M,-17.2%,0.29%
747525103,QCOM,QUALCOMM Inc,3022280,-185462,341.46M,-20.95M,-5.8%,1%
127387108,CDNS,Cadence Design Systems Inc,1475210,-131296,241.09M,-21.46M,-8.2%,0.72%
871607107,SNPS,SYNOPSYS INC,838594,-70743,256.2M,-21.61M,-7.8%,0.76%
65339F796,,NextEra Energy Inc,0,-400198,0,-22.54M,CLOSE,0%
035710409,,Annaly Capital Management Inc,0,-3925332,0,-23.2M,CLOSE,0%
22052L104,CTVA,Corteva Inc,2393950,-414951,136.81M,-23.71M,-14.8%,0.41%
842587602,,Southern Co/The,0,-460223,0,-24.38M,CLOSE,0%
82835P103,SVM,Silvercorp Metals Inc,8172672,-10488127,19.04M,-24.44M,-56.2%,0.06%
723787107,,Pioneer Natural Resources Co,217386,-112933,47.07M,-24.45M,-34.2%,0.14%
703481101,PTEN,Patterson-UTI Energy Inc,5896095,-2176485,68.87M,-25.42M,-27%,0.2%
423452101,HP,Helmerich & Payne Inc,2239959,-720186,82.81M,-26.63M,-24.3%,0.25%
496902404,KGC,Kinross Gold Corp,139097377,-7575598,523.01M,-28.48M,-5.2%,1.6%
67077M108,NTR,Nutrien Ltd,1930856,-345991,161M,-28.85M,-15.2%,0.48%
482480100,KLAC,KLA Corp,1153244,-96115,349.01M,-29.09M,-7.7%,1%
800013104,,Sanderson Farms Inc,0,-138969,0,-29.95M,CLOSE,0%
235851409,,Danaher Corp,0,-22943,0,-30.36M,CLOSE,0%
127203107,WHD,Cactus Inc,1972105,-804116,75.79M,-30.9M,-29%,0.23%
152006102,CGAU,Centerra Gold Inc,18392736,-7442122,80.86M,-32.72M,-28.8%,0.24%
244199105,DE,Deere & Co,343737,-98297,114.77M,-32.82M,-22.2%,0.34%
88031M109,TS,Tenaris SA,4082969,-1329994,105.5M,-34.37M,-24.6%,0.31%
62955J103,NOV,NOV Inc,6085344,-2253976,98.46M,-36.47M,-27%,0.29%
15872M104,CHX,ChampionX Corp,5246826,-1896201,102.68M,-37.11M,-26.5%,0.31%
166764100,CVX,Chevron Corp,165934,-297154,23.84M,-42.69M,-64.2%,0.07%
882508104,TXN,Texas Instruments Inc,2410398,-311783,373.08M,-48.26M,-11.5%,1.1%
91912E109,,Vale SA,0,-3304665,0,-48.35M,CLOSE,0%
406216101,HAL,Halliburton Co,9438627,-2120441,232.38M,-52.21M,-18.3%,0.69%
20451N101,CMP,Compass Minerals International Inc,0,-1623940,0,-57.47M,CLOSE,0%
G87110105,FTI,TechnipFMC PLC,11136468,-7980253,94.22M,-67.51M,-41.7%,0.28%
74144T108,TROW,T Rowe Price Group Inc,76249,-648234,8.01M,-68.07M,-89.5%,0.02%
09227Q100,BLKB,Blackbaud Inc,129377,-1558168,5.7M,-68.65M,-92.3%,0.02%
11135F200,,Broadcom Inc,0,-53366,0,-80.22M,CLOSE,0%
718172109,PM,Philip Morris International Inc,51693,-1012958,4.29M,-84.08M,-95.1%,0.01%
22160N109,CSGP,CoStar Group Inc,0,-1434520,0,-86.66M,CLOSE,0%
21036P108,STZ,Constellation Brands Inc,61883,-410467,14.21M,-94.27M,-86.9%,0.04%
134429109,CPB,Campbell Soup Co,3959,-2146185,187K,-101.37M,-99.8%,<.01%
58933Y105,MRK,Merck & Co Inc,848274,-1177605,73.05M,-101.42M,-58.1%,0.22%
806857108,SLB,Schlumberger NV,11390291,-2929402,408.91M,-105.17M,-20.5%,1.2%
487836108,K,Kellogg Co,1449528,-1568080,100.97M,-109.23M,-52%,0.3%
Total,,,,,33.61B,-697.93M,-1.9%,100%
