CUSIP,Ticker,Company,Shares,Delta_Shares,Value,Delta_Value,Delta,Portfolio%
67066G104,NVDA,NVIDIA Corp,40008518,35255679,4.94B,4.36B,+741.8%,7%
007903107,AMD,Advanced Micro Devices Inc,8645658,2979204,1.4B,483.26M,+52.6%,2%
458140100,INTC,Intel Corp,34591800,13035566,1.07B,403.71M,+60.5%,1.5%
00724F101,ADBE,Adobe Inc,875840,427614,486.56M,237.56M,+95.4%,0.69%
98138H101,WDAY,Workday Inc,930701,925366,208.07M,206.88M,+17345.2%,0.3%
052769106,ADSK,Autodesk Inc,1642973,825165,406.55M,204.19M,+100.9%,0.58%
49177J102,KVUE,Kenvue Inc,20510427,10783258,372.88M,196.04M,+110.9%,0.53%
773903109,ROK,Rockwell Automation Inc,763351,700745,210.13M,192.9M,+1119.3%,0.3%
189054109,CLX,Clorox Co/The,1461207,1380724,199.41M,188.43M,+1715.5%,0.28%
097023105,BA,Boeing Co/The,1026092,1015542,186.76M,184.84M,+9626%,0.27%
115637209,BF.B,Brown-Forman Corp,4377386,4230776,189.06M,182.73M,+2885.7%,0.27%
666807102,NOC,Northrop Grumman Corp,438521,416768,191.17M,181.69M,+1915.9%,0.27%
855244109,SBUX,Starbucks Corp,4475156,2324847,348.39M,180.99M,+108.1%,0.5%
090572207,BIO,Bio-Rad Laboratories Inc,659222,659222,180.04M,180.04M,NEW,0.26%
N07059210,ASML,ASML Holding NV,1282396,170992,1.31B,174.88M,+15.4%,1.9%
34959E109,FTNT,Fortinet Inc,5755599,2802446,346.89M,168.9M,+94.9%,0.49%
349942102,FSM,Fortuna Silver Mines Inc,29775130,29775130,145.6M,145.6M,NEW,0.21%
874039100,TSM,Taiwan Semiconductor Manufacturing Co L,18167165,750971,3.16B,130.53M,+4.3%,4.5%
512807108,LRCX.MX,Lam Research Corp,1075893,107778,1.15B,114.77M,+11.1%,1.6%
038222105,AMAT,Applied Materials Inc,5061739,438691,1.19B,103.53M,+9.5%,1.7%
032654105,ADI,Analog Devices Inc,4053897,362874,925.34M,82.83M,+9.8%,1.3%
595112103,MU,Micron Technology Inc,8086213,519641,1.06B,68.35M,+6.9%,1.5%
882508104,TXN,Texas Instruments Inc,5955353,348528,1.16B,67.8M,+6.2%,1.6%
482480100,KLAC,KLA Corp,1113352,81335,917.97M,67.06M,+7.9%,1.3%
127387108,CDNS,Cadence Design Systems Inc,2195714,209301,675.73M,64.41M,+10.5%,0.96%
871607107,SNPS,SYNOPSYS INC,1269008,106901,755.14M,63.61M,+9.2%,1.1%
573874104,MRVL,Marvell Technology Inc,5901773,884380,412.53M,61.82M,+17.6%,0.59%
651639106,NEM,Newmont Corp,50918066,1289084,2.13B,53.97M,+2.6%,3%
375558103,GILD,Gilead Sciences Inc,6319984,747831,433.61M,51.31M,+13.4%,0.62%
09261X102,BXSL,Blackstone Secured Lending Fund,3180714,1640211,97.39M,50.22M,+106.5%,0.14%
110122108,BMY,Bristol-Myers Squibb Co,9152206,1203033,380.09M,49.96M,+15.1%,0.54%
29258Y103,EXK,Endeavour Silver Corp,24467240,13657121,86.12M,48.07M,+126.3%,0.12%
N6596X109,NXPI,NXP Semiconductors NV,1818393,173697,489.31M,46.74M,+10.6%,0.7%
64110L106,NFLX,Netflix Inc,74149,67264,50.04M,45.4M,+977%,0.07%
29786A106,ETSY,Etsy Inc,5764064,721454,339.96M,42.55M,+14.3%,0.48%
166764100,CVX,Chevron Corp,439057,265437,68.68M,41.52M,+152.9%,0.1%
04010L103,ARCC,Ares Capital Corp,11681109,1961166,243.43M,40.87M,+20.2%,0.35%
654106103,NKE,NIKE Inc,4244274,476410,319.89M,35.91M,+12.6%,0.45%
037833100,AAPL,Apple Inc,1014406,166794,213.65M,35.13M,+19.7%,0.3%
35671D857,FCX,Freeport-McMoRan Inc,3249134,722479,157.91M,35.11M,+28.6%,0.22%
57060D108,MKTX,MarketAxess Holdings Inc,1828055,170095,366.58M,34.11M,+10.3%,0.52%
518439104,EL,Estee Lauder Cos Inc/The,2962985,318257,315.26M,33.86M,+12%,0.45%
69608A108,PLTR,Palantir Technologies Inc,2919243,1324853,73.94M,33.56M,+83.1%,0.11%
91912E105,VALE,Vale SA,5459485,2871094,60.98M,32.07M,+110.9%,0.09%
446413106,HII,Huntington Ingalls Industries Inc,914410,126654,225.25M,31.2M,+16.1%,0.32%
099502106,BAH,Booz Allen Hamilton Holding Corp,465363,199871,71.62M,30.76M,+75.3%,0.1%
780259305,SHEL,Shell PLC,1390488,400950,100.36M,28.94M,+40.5%,0.14%
30303M102,META,Meta Platforms Inc,396201,55844,199.77M,28.16M,+16.4%,0.28%
20030N101,CMCSA,Comcast Corp,9886479,713330,387.15M,27.93M,+7.8%,0.55%
609839105,MPWR,Monolithic Power Systems Inc,354461,33287,291.25M,27.35M,+10.4%,0.41%
595017104,MCHP,Microchip Technology Inc,6363937,295626,582.3M,27.05M,+4.9%,0.83%
05605H100,BWXT,BWX Technologies Inc,641671,283472,60.96M,26.93M,+79.1%,0.09%
861012102,STM,STMicroelectronics NV,6476264,675353,254.39M,26.53M,+11.6%,0.36%
369604301,GE,General Electric Co,166616,164972,26.49M,26.23M,+10034.8%,0.04%
79466L302,CRM,Salesforce.com Inc,830014,94487,213.4M,24.29M,+12.8%,0.3%
525327102,LDOS,Leidos Holdings Inc,467596,163107,68.21M,23.79M,+53.6%,0.1%
231561101,CW,Curtiss-Wright Corp,196760,86955,53.32M,23.56M,+79.2%,0.08%
697435105,PANW,Palo Alto Networks Inc,85654,69415,29.04M,23.53M,+427.5%,0.04%
902494103,TSN,Tyson Foods Inc,1274741,398404,72.84M,22.76M,+45.5%,0.1%
878742204,TECK,Teck Resources Ltd,1264941,472294,60.6M,22.63M,+59.6%,0.09%
30231G102,XOM,Exxon Mobil Corp,775307,173385,89.25M,19.96M,+28.8%,0.13%
169656105,CMG,Chipotle Mexican Grill Inc,314349,308571,19.69M,19.33M,+5340.4%,0.03%
461202103,INTU,Intuit Inc,54935,29314,36.1M,19.27M,+114.4%,0.05%
29446Y502,EQX,Equinox Gold Corp,38166859,3628998,199.61M,18.98M,+10.5%,0.28%
98956P102,ZBH,Zimmer Biomet Holdings Inc,3325598,167038,360.93M,18.13M,+5.3%,0.51%
351858105,FNV,Franco-Nevada Corp,8626736,151566,1.02B,17.96M,+1.8%,1.5%
302491303,FMC,FMC Corp,555095,299097,31.95M,17.21M,+116.8%,0.05%
48242W106,KBR,KBR Inc,523020,240677,33.55M,15.44M,+85.2%,0.05%
941848103,WAT,Waters Corp,652892,51853,189.42M,15.04M,+8.6%,0.27%
127190304,CACI,CACI International Inc,81584,33589,35.09M,14.45M,+70%,0.05%
126650100,CVS,CVS Health Corp,440290,241635,26M,14.27M,+121.6%,0.04%
682189105,ON,ON Semiconductor Corp,2765975,201852,189.61M,13.84M,+7.9%,0.27%
13321L108,CCJ,Cameco Corp,1069776,280062,52.66M,13.79M,+35.5%,0.07%
808625107,SAIC,Science Applications International Corp,205599,113260,24.17M,13.31M,+122.7%,0.03%
615369105,MCO,Moody's Corp,29866,29866,12.57M,12.57M,NEW,0.02%
21874A106,CORZ,Core Scientific Inc,1316002,1316002,12.24M,12.24M,NEW,0.02%
70202L102,PSN,Parsons Corp,285800,141673,23.38M,11.59M,+98.3%,0.03%
824348106,SHW,Sherwin-Williams Co/The,46814,37763,13.97M,11.27M,+417.2%,0.02%
87612E106,TGT,Target Corp,130360,74968,19.3M,11.1M,+135.3%,0.03%
52661A108,DRS,Leonardo DRS Inc,434836,434836,11.09M,11.09M,NEW,0.02%
49338L103,KEYS,Keysight Technologies Inc,1378723,79774,188.54M,10.91M,+6.1%,0.27%
833635105,SQM,Sociedad Quimica y Minera de Chile SA,899646,264324,36.66M,10.77M,+41.6%,0.05%
902973304,USB,US Bancorp,9478454,271078,376.3M,10.76M,+2.9%,0.53%
962879102,WPM,Wheaton Precious Metals Corp,19984984,197426,1.05B,10.35M,+1%,1.5%
670346105,NUE,Nucor Corp,200373,63778,31.68M,10.08M,+46.7%,0.05%
38173M102,GBDC,Golub Capital BDC Inc,3513023,640866,55.19M,10.07M,+22.3%,0.08%
22160K105,COST,Costco Wholesale Corp,113845,11446,96.77M,9.73M,+11.2%,0.14%
770700102,HOOD,Robinhood Markets Inc,503333,424988,11.43M,9.65M,+542.5%,0.02%
012653200,ALBPA,Albemarle Corp,1833716,204982,85.56M,9.56M,+12.6%,0.12%
88031M109,TS,Tenaris SA,3183299,313185,97.15M,9.56M,+10.9%,0.14%
008073108,AVAV,AeroVironment Inc,112913,51428,20.57M,9.37M,+83.6%,0.03%
65340P106,NXE,NexGen Energy Ltd,3135565,1283210,21.88M,8.95M,+69.3%,0.03%
16934Q802,CIM,Chimera Investment Corp,684573,684573,8.76M,8.76M,NEW,0.01%
693718108,PCAR,PACCAR Inc,85124,85124,8.76M,8.76M,NEW,0.01%
83088M102,SWKS,Skyworks Solutions Inc,1284973,80862,136.95M,8.62M,+6.7%,0.19%
91332U101,U,Unity Software Inc,1956029,507274,31.8M,8.25M,+35%,0.05%
36352H100,GAU,Galiano Gold Inc,4784000,4784000,8.22M,8.22M,NEW,0.01%
717081103,PFE,Pfizer Inc,16104088,290760,450.59M,8.14M,+1.8%,0.64%
91347P105,OLED,Universal Display Corp,399046,38332,83.9M,8.06M,+10.6%,0.12%
92343V104,VZ,Verizon Communications Inc,1169038,194413,48.21M,8.02M,+19.9%,0.07%
615394202,MOGA,Moog Inc,100140,46410,16.75M,7.76M,+86.4%,0.02%
67079K100,SMR,NuScale Power Corp,650165,650165,7.6M,7.6M,NEW,0.01%
50077B207,KTOS,Kratos Defense & Security Solutions Inc,744100,375608,14.89M,7.52M,+101.9%,0.02%
84265V105,SCCO,Southern Copper Corp,297536,68944,32.06M,7.43M,+30.2%,0.05%
81369Y100,XLB,Materials Select Sector SPDR Fund,83502,83502,7.37M,7.37M,NEW,0.01%
134429109,CPB,Campbell Soup Co,8709949,161392,393.6M,7.29M,+1.9%,0.56%
65339F713,NEEPRR,NextEra Energy Inc,1593869,174059,66.13M,7.22M,+12.3%,0.09%
83012A109,TSLX,Sixth Street Specialty Lending Inc,2147972,336596,45.86M,7.19M,+18.6%,0.07%
852234103,XYZ,Block Inc,387118,111385,24.96M,7.18M,+40.4%,0.04%
03769M106,APO,Apollo Global Management Inc,72615,60665,8.57M,7.16M,+507.7%,0.01%
56035L104,MAIN,Main Street Capital Corp,1150095,141312,58.07M,7.13M,+14%,0.08%
191216100,KO,Coca-Cola Co/The,892724,111482,56.82M,7.1M,+14.3%,0.08%
032095101,APH,Amphenol Corp,196976,103833,13.27M,7M,+111.5%,0.02%
565788106,MARA,Marathon Digital Holdings Inc,980320,346637,19.46M,6.88M,+54.7%,0.03%
916896103,UEC,Uranium Energy Corp,2785503,1095268,16.74M,6.58M,+64.8%,0.02%
713448108,PEP,PepsiCo Inc,1492601,37808,246.18M,6.24M,+2.6%,0.35%
38147U107,GSBD,Goldman Sachs BDC Inc,2451439,413745,36.84M,6.22M,+20.3%,0.05%
67401P405,OCSL,Oaktree Specialty Lending Corp,1885293,327416,35.46M,6.16M,+21%,0.05%
427096508,HTGC,Hercules Capital Inc,2824840,298992,57.77M,6.11M,+11.8%,0.08%
G0450A105,ACGL,Arch Capital Group Ltd,60581,60581,6.11M,6.11M,NEW,<.01%
871829107,SYY,Sysco Corp,151184,83087,10.79M,5.93M,+122%,0.02%
126408103,CSX,CSX Corp,704186,176748,23.55M,5.91M,+33.5%,0.03%
426281101,JKHY,Jack Henry & Associates Inc,47062,34955,7.81M,5.8M,+288.7%,0.01%
744573106,PEG,Public Service Enterprise Group Inc,381297,77884,28.1M,5.74M,+25.7%,0.04%
74736K101,QRVO,Qorvo Inc,671758,49061,77.95M,5.69M,+7.9%,0.11%
74144T108,TROW,T Rowe Price Group Inc,86387,48574,9.96M,5.6M,+128.5%,0.01%
140501107,CSWC,Capital Southwest Corp,1059217,211992,27.64M,5.53M,+25%,0.04%
370334104,GIS,General Mills Inc,94055,87292,5.95M,5.52M,+1290.7%,<.01%
61774A103,MSDL,Morgan Stanley Direct Lending Fund,1780243,250167,38.9M,5.47M,+16.3%,0.06%
71424F105,PR,Permian Resources Corp,1966089,336660,31.75M,5.44M,+20.7%,0.05%
858119100,STLD,Steel Dynamics Inc,174664,40631,22.62M,5.26M,+30.3%,0.03%
36467W109,GME,GameStop Corp,1689052,209861,41.7M,5.18M,+14.2%,0.06%
22160N109,CSGP,CoStar Group Inc,71353,71353,5.14M,5.14M,NEW,<.01%
12514G108,CDW,CDW Corp/DE,22178,22178,4.96M,4.96M,NEW,<.01%
722304102,PDD,PDD Holdings Inc,71178,36885,9.46M,4.9M,+107.6%,0.01%
665859104,NTRS,Northern Trust Corp,129675,56766,10.89M,4.77M,+77.9%,0.02%
81369Y506,XLE,Energy Select Sector SPDR Fund,106574,52173,9.71M,4.76M,+95.9%,0.01%
806857108,SLB,Schlumberger NV,8583818,100477,404.99M,4.74M,+1.2%,0.58%
009158106,APD,Air Products and Chemicals Inc,42818,18095,11.05M,4.67M,+73.2%,0.02%
69331C108,PCG,PG&E Corp,1387786,265694,24.23M,4.64M,+23.7%,0.03%
891160509,TD,Toronto-Dominion Bank/The,371649,84331,20.43M,4.64M,+29.4%,0.03%
92189H870,EINC,VanEck Energy Income ETF,124182,58086,9.88M,4.62M,+87.9%,0.01%
874060205,TAK,Takeda Pharmaceutical Co Ltd,2040829,356069,26.41M,4.61M,+21.1%,0.04%
647551100,NMFC,New Mountain Finance Corp,2080602,369695,25.47M,4.53M,+21.6%,0.04%
907818108,UNP,Union Pacific Corp,164453,19410,37.21M,4.39M,+13.4%,0.05%
53681J103,LAC,Lithium Americas Corp,3953127,1625149,10.59M,4.35M,+69.8%,0.02%
693506107,PPG,PPG Industries Inc,34472,34472,4.34M,4.34M,NEW,<.01%
46131B704,IVR,Invesco Mortgage Capital Inc,459074,459074,4.3M,4.3M,NEW,<.01%
G0508H110,ALTM,Arcadium Lithium PLC,10705700,1268470,35.97M,4.26M,+13.4%,0.05%
248356107,DNN,Denison Mines Corp,7405225,2111912,14.75M,4.21M,+39.9%,0.02%
671044105,OSIS,OSI Systems Inc,65401,30309,8.99M,4.17M,+86.4%,0.01%
969904101,WSM,Williams-Sonoma Inc,14544,14544,4.11M,4.11M,NEW,<.01%
478160104,JNJ,Johnson & Johnson,692079,27692,101.15M,4.05M,+4.2%,0.14%
767292105,RIOT,Riot Platforms Inc,1441395,440677,13.17M,4.03M,+44%,0.02%
46284V101,IRM,Iron Mountain Inc,44887,44887,4.02M,4.02M,NEW,<.01%
91529Y106,UNM,Unum Group,77195,77195,3.94M,3.94M,NEW,<.01%
742718109,PG,Procter & Gamble Co/The,384725,23853,63.45M,3.93M,+6.6%,0.09%
008474108,AEM,Agnico Eagle Mines Ltd,22320085,58681,1.46B,3.84M,+0.3%,2.1%
227046109,CROX,CROCS Inc,26155,26155,3.82M,3.82M,NEW,<.01%
038336103,ATR,Aptargroup Inc,27034,27034,3.81M,3.81M,NEW,<.01%
98978V103,ZTS,Zoetis Inc,611274,21793,105.97M,3.78M,+3.7%,0.15%
11133T103,BR,Broadridge Financial Solutions Inc,18888,18888,3.72M,3.72M,NEW,<.01%
149123101,CAT,Caterpillar Inc,91435,11157,30.46M,3.72M,+13.9%,0.04%
21037T109,CEG,Constellation Energy Corp,82893,18463,16.6M,3.7M,+28.7%,0.02%
90187B804,TWO,Two Harbors Investment Corp,857246,278666,11.32M,3.68M,+48.2%,0.02%
09173B107,KEEL,Bitfarms Ltd/Canada,5163792,1404895,13.27M,3.61M,+37.4%,0.02%
70806A106,PFLT,PennantPark Floating Rate Capital Ltd,1467534,312413,16.94M,3.61M,+27%,0.02%
26817Q886,DX,Dynex Capital Inc,719151,293888,8.59M,3.51M,+69.1%,0.01%
134748102,CAN,Canaan Inc,9762972,3482283,9.76M,3.48M,+55.4%,0.01%
03761U502,MFIC,MidCap Financial Investment Corp,1514663,226313,22.93M,3.43M,+17.6%,0.03%
594918104,MSFT,Microsoft Corp,922140,7521,412.15M,3.36M,+0.8%,0.59%
57636Q104,MA,Mastercard Inc,161340,7444,71.18M,3.28M,+4.8%,0.1%
44332N106,HTHT,Huazhu Group Ltd,97205,97000,3.24M,3.23M,+47317.1%,<.01%
896442308,TRIN,Trinity Capital Inc,1138185,226919,16.09M,3.21M,+24.9%,0.02%
G2519Y108,BAP,Credicorp Ltd,107961,19886,17.42M,3.21M,+22.6%,0.02%
433921103,HIVE,Hive Blockchain Technologies Ltd,3894605,1018231,11.99M,3.14M,+35.4%,0.02%
06759L103,BBDC,Barings BDC Inc,2138487,321638,20.81M,3.13M,+17.7%,0.03%
37733W204,GSK,GSK PLC,679667,81233,26.17M,3.13M,+13.6%,0.04%
872280102,CGBD,TCG BDC Inc,1179099,176185,20.92M,3.13M,+17.6%,0.03%
74623V103,PCT,PureCycle Technologies Inc,527229,527229,3.12M,3.12M,NEW,<.01%
09259E108,TCPC,BlackRock TCP Capital Corp,1963463,284802,21.2M,3.08M,+17%,0.03%
22822V101,CCI,Crown Castle Inc,126576,31290,12.37M,3.06M,+32.8%,0.02%
505743104,LADR,Ladder Capital Corp,1091288,266693,12.32M,3.01M,+32.3%,0.02%
92939U106,WEC,WEC Energy Group Inc,144065,37939,11.3M,2.98M,+35.7%,0.02%
516544103,LNTH,Lantheus Holdings Inc,36868,36868,2.96M,2.96M,NEW,<.01%
46266C105,IQV,IQVIA Holdings Inc,112893,13714,23.87M,2.9M,+13.8%,0.03%
372460105,GPC,Genuine Parts Co,20771,20771,2.87M,2.87M,NEW,<.01%
670100205,NVO,Novo Nordisk A/S,427832,19931,61.07M,2.84M,+4.9%,0.09%
12503M108,CBOE,Cboe Global Markets Inc,16594,16594,2.82M,2.82M,NEW,<.01%
654110303,NKLAQ,Nikola Corp,342332,342332,2.8M,2.8M,NEW,<.01%
91324P102,UNH,UnitedHealth Group Inc,159930,5505,81.45M,2.8M,+3.6%,0.12%
45168D104,IDXX,IDEXX Laboratories Inc,22766,5753,11.09M,2.8M,+33.8%,0.02%
38141G104,GS,Goldman Sachs Group Inc/The,6086,6086,2.75M,2.75M,NEW,<.01%
15101Q207,CLS,Celestica Inc,48045,48045,2.75M,2.75M,NEW,<.01%
18452B209,CLSK,Cleanspark Inc,969896,171627,15.47M,2.74M,+21.5%,0.02%
237194105,DRI,Darden Restaurants Inc,17905,17905,2.71M,2.71M,NEW,<.01%
504922105,LH,Labcorp Holdings Inc,13174,13174,2.68M,2.68M,NEW,<.01%
070830104,BBWI,Bath & Body Works Inc,141461,68266,5.52M,2.67M,+93.3%,<.01%
05684B107,BCSF,Bain Capital Specialty Finance Inc,1049379,162956,17.12M,2.66M,+18.4%,0.02%
44955L106,IAUX,i-80 Gold Corp,12999682,2459920,14.04M,2.66M,+23.3%,0.02%
038169207,APLD,Applied Digital Corp,2869980,443699,17.08M,2.64M,+18.3%,0.02%
19260Q107,COIN,Coinbase Global Inc,94496,11840,21M,2.63M,+14.3%,0.03%
911312106,UPS,United Parcel Service Inc,152674,19068,20.89M,2.61M,+14.3%,0.03%
053611109,AVY,Avery Dennison Corp,11909,11909,2.6M,2.6M,NEW,<.01%
15135B101,CNC,Centene Corp,87901,39067,5.83M,2.59M,+80%,<.01%
204166102,CVLT,CommVault Systems Inc,21293,21293,2.59M,2.59M,NEW,<.01%
75574U101,RC,Ready Capital Corp,1342070,304750,10.98M,2.49M,+29.4%,0.02%
405552100,HLN,Haleon PLC,3272195,301111,27.03M,2.49M,+10.1%,0.04%
315616102,FFIV,F5 Inc,24685,14323,4.25M,2.47M,+138.2%,<.01%
013872106,AA,Alcoa Corp,189203,61985,7.53M,2.47M,+48.7%,0.01%
03762U105,ARI,Apollo Commercial Real Estate Finance I,1034316,251280,10.13M,2.46M,+32.1%,0.01%
75524B203,,RBC Bearings Inc,183295,20019,22.41M,2.45M,+12.3%,0.03%
14316J108,CG,Carlyle Group Inc/The,77739,60772,3.12M,2.44M,+358.2%,<.01%
09257W100,BXMT,Blackstone Mortgage Trust Inc,785499,140102,13.68M,2.44M,+21.7%,0.02%
316500107,FDUS,Fidus Investment Corp,725873,125011,14.14M,2.44M,+20.8%,0.02%
736508847,POR,Portland General Electric Co,80177,56249,3.47M,2.43M,+235.1%,<.01%
200340107,CMA,Comerica Inc,47627,47627,2.43M,2.43M,NEW,<.01%
98311A105,WH,Wyndham Hotels & Resorts Inc,62632,32769,4.63M,2.43M,+109.7%,<.01%
87971M103,TU,TELUS Corp,284219,159831,4.3M,2.42M,+128.5%,<.01%
681116109,OLLI,Ollie's Bargain Outlet Holdings Inc,24415,24415,2.4M,2.4M,NEW,<.01%
553530106,MSM,MSC Industrial Direct Co Inc,49284,30134,3.91M,2.39M,+157.4%,<.01%
143658300,CCL,Carnival Corp,296680,127412,5.55M,2.39M,+75.3%,<.01%
464288562,REZ,iShares Residential and Multisector Rea,64478,30942,4.96M,2.38M,+92.3%,<.01%
292671708,UUUU,Energy Fuels Inc/Canada,1277401,392862,7.74M,2.38M,+44.4%,0.01%
00846U101,A,Agilent Technologies Inc,2793189,18205,362.08M,2.36M,+0.7%,0.51%
418056107,HAS,Hasbro Inc,86453,40318,5.06M,2.36M,+87.4%,<.01%
30161Q104,EXEL,Exelixis Inc,104450,104450,2.35M,2.35M,NEW,<.01%
89832Q109,TFC,Truist Financial Corp,84016,60395,3.26M,2.35M,+255.7%,<.01%
191098102,COKE,Coca-Cola Consolidated Inc,2153,2153,2.34M,2.34M,NEW,<.01%
01973R101,ALSN,Allison Transmission Holdings Inc,65578,30629,4.98M,2.33M,+87.6%,<.01%
934550203,WMG,Warner Music Group Corp,75608,75608,2.32M,2.32M,NEW,<.01%
37959E102,GL,Globe Life Inc,41752,28028,3.44M,2.31M,+204.2%,<.01%
29250N105,ENB,Enbridge Inc,588789,63588,20.95M,2.26M,+12.1%,0.03%
810186106,SMG,Scotts Miracle-Gro Co/The,34262,34262,2.23M,2.23M,NEW,<.01%
407497106,HLNE,Hamilton Lane Inc,18040,18040,2.23M,2.23M,NEW,<.01%
775109200,RCI,Rogers Communications Inc,60245,60245,2.23M,2.23M,NEW,<.01%
761152107,RMD,ResMed Inc,38213,11629,7.31M,2.23M,+43.7%,0.01%
34964C106,FBIN,Fortune Brands Innovations Inc,37367,34184,2.43M,2.22M,+1074%,<.01%
28852N109,EFC,Ellington Financial Inc,751997,183544,9.08M,2.22M,+32.3%,0.01%
70931T103,PMT,PennyMac Mortgage Investment Trust,622133,159131,8.55M,2.19M,+34.4%,0.01%
714046109,RVTY,PerkinElmer Inc,20569,20569,2.16M,2.16M,NEW,<.01%
063671101,BMO,Bank of Montreal,154641,25672,12.98M,2.16M,+19.9%,0.02%
72919P202,PLUG,Plug Power Inc,3422814,923579,7.97M,2.15M,+37%,0.01%
29362U104,ENTG,Entegris Inc,86302,15871,11.69M,2.15M,+22.5%,0.02%
G66721104,NCLH,Norwegian Cruise Line Holdings Ltd,236406,113958,4.44M,2.14M,+93.1%,<.01%
29605J106,ESAB,Esab Corp,22650,22650,2.14M,2.14M,NEW,<.01%
136385101,CNQ,Canadian Natural Resources Ltd,110277,59088,3.93M,2.1M,+115.4%,<.01%
81211K100,SEE,Sealed Air Corp,60305,60305,2.1M,2.1M,NEW,<.01%
35243J101,FBRT,Franklin BSP Realty Trust Inc,659801,166120,8.31M,2.09M,+33.6%,0.01%
80105N105,SNY,Sanofi SA/France,562029,42961,27.27M,2.08M,+8.3%,0.04%
42809H107,HES,Hess Corp,80163,14064,11.83M,2.07M,+21.3%,0.02%
127055101,CBT,Cabot Corp,22535,22535,2.07M,2.07M,NEW,<.01%
86765K109,SUN,Sunoco LP,36313,36313,2.05M,2.05M,NEW,<.01%
89677Q107,TCOM,Trip.com Group Ltd,111757,43400,5.25M,2.04M,+63.5%,<.01%
74348T102,PSEC,Prospect Capital Corp,7248573,368412,40.09M,2.04M,+5.4%,0.06%
17259U204,CION,CION Investment Corp,1237366,167567,15M,2.03M,+15.7%,0.02%
29259W700,EU,Encore Energy Corp,1286286,510176,5.07M,2.01M,+65.7%,<.01%
46120E602,ISRG,Intuitive Surgical Inc,62193,4518,27.67M,2.01M,+7.8%,0.04%
16115Q407,GTLSPB,Chart Industries Inc,320766,35032,18.23M,1.99M,+12.3%,0.03%
29355A107,ENPH,Enphase Energy Inc,84743,19853,8.45M,1.98M,+30.6%,0.01%
46982L108,J,Jacobs Solutions Inc,36348,14116,5.08M,1.97M,+63.5%,<.01%
376546107,GAIN,Gladstone Investment Corp,845074,140723,11.81M,1.97M,+20%,0.02%
607828100,MOD,Modine Manufacturing Co,19553,19553,1.96M,1.96M,NEW,<.01%
92826C839,V,Visa Inc,345201,7428,90.61M,1.95M,+2.2%,0.13%
770323103,RHI,Robert Half Inc,49434,30458,3.16M,1.95M,+160.5%,<.01%
18915M107,NET,Cloudflare Inc,30697,23521,2.54M,1.95M,+327.8%,<.01%
881624209,TEVA,Teva Pharmaceutical Industries Ltd,1666714,119730,27.08M,1.95M,+7.7%,0.04%
03743Q108,APA,APA Corp,64677,64677,1.9M,1.9M,NEW,<.01%
571748102,MRSH,Marsh & McLennan Cos Inc,98838,8994,20.83M,1.9M,+10%,0.03%
G7S00T104,PNR,Pentair PLC,24976,23986,1.92M,1.84M,+2422.8%,<.01%
G01767105,ALKS,Alkermes PLC,74988,74988,1.81M,1.81M,NEW,<.01%
G81276100,SIG,Signet Jewelers Ltd,20057,20057,1.8M,1.8M,NEW,<.01%
G4474Y214,JHG,Janus Henderson Group PLC,54730,52569,1.84M,1.77M,+2432.6%,<.01%
518415104,LSCC,Lattice Semiconductor Corp,31277,30473,1.81M,1.77M,+3790.2%,<.01%
03027X100,AMT,American Tower Corp,115979,9067,22.54M,1.76M,+8.5%,0.03%
842587107,SO,Southern Co/The,295893,22681,22.95M,1.76M,+8.3%,0.03%
826599102,SGML,Sigma Lithium Corp,1201612,143696,14.46M,1.73M,+13.6%,0.02%
66987V109,NVS,Novartis AG,286590,16150,30.51M,1.72M,+6%,0.04%
931427108,WBA,Walgreens Boots Alliance Inc,266259,141544,3.22M,1.71M,+113.5%,<.01%
10950A205,BTSGU,BrightSpring Health Services Inc,318907,35649,15.01M,1.68M,+12.6%,0.02%
92189F601,NLR,VanEck Uranium and Nuclear Energy ETF,20796,20767,1.66M,1.66M,+71610.3%,<.01%
969457100,WMB,Williams Cos Inc/The,382804,38996,16.27M,1.66M,+11.3%,0.02%
15234Q207,AXIAY,Centrais Eletricas Brasileiras SA,494500,257613,3.18M,1.66M,+108.7%,<.01%
714157203,PESI,Perma-Fix Environmental Services,162003,162003,1.64M,1.64M,NEW,<.01%
859241101,STRL,Sterling Infrastructure Inc,13857,13857,1.64M,1.64M,NEW,<.01%
58933Y105,MRK,Merck & Co Inc,321562,13148,39.81M,1.63M,+4.3%,0.06%
053015103,ADP,Automatic Data Processing Inc,120125,6767,28.67M,1.62M,+6%,0.04%
589378108,MRCY,Mercury Systems Inc,171618,58805,4.63M,1.59M,+52.1%,<.01%
10949T109,BRSP,BrightSpire Capital Inc,1067438,275175,6.08M,1.57M,+34.7%,<.01%
04040Y109,ARIS,Aris Mining Corp,6509737,414651,24.6M,1.57M,+6.8%,0.03%
00287Y109,ABBV,AbbVie Inc,226402,9105,38.83M,1.56M,+4.2%,0.06%
G0896C103,TBBB,BBB Foods Inc,182915,64300,4.36M,1.53M,+54.2%,<.01%
26441C204,DUK,Duke Energy Corp,209487,15161,21M,1.52M,+7.8%,0.03%
443628102,HBM,HudBay Minerals Inc,449668,165682,4.07M,1.5M,+58.3%,<.01%
25400Q105,DJT,Trump Media & Technology Group Corp,43623,43623,1.43M,1.43M,NEW,<.01%
74965L200,RLJPA,RLJ Lodging Trust,513281,56032,12.78M,1.39M,+12.3%,0.02%
58506Q109,MEDP,Medpace Holdings Inc,14452,3251,5.95M,1.34M,+29%,<.01%
038923108,ABR,Arbor Realty Trust Inc,990484,91970,14.21M,1.32M,+10.2%,0.02%
55272X607,MFA,MFA Financial Inc,822696,123790,8.75M,1.32M,+17.7%,0.01%
872540109,TJX,TJX Cos Inc/The,306158,11930,33.71M,1.31M,+4.1%,0.05%
37954Y673,PAVE,Global X US Infrastructure Development,102979,35408,3.81M,1.31M,+52.4%,<.01%
49456B101,KMI,Kinder Morgan Inc,630340,65876,12.53M,1.31M,+11.7%,0.02%
64440N103,NFGC,New Found Gold Corp,5337448,462191,15.06M,1.3M,+9.5%,0.02%
08265T208,BSY,Bentley Systems Inc,29206,26110,1.44M,1.29M,+843.3%,<.01%
83444M101,SOLV,Solventum Corp,23847,23847,1.26M,1.26M,NEW,<.01%
064149107,BNS,Bank of Nova Scotia/The,279292,27413,12.78M,1.25M,+10.9%,0.02%
64110W102,NTES,NetEase Inc,593423,12908,56.72M,1.23M,+2.2%,0.08%
20441B605,ELP,Companhia Paranaense de Energia,266788,184167,1.78M,1.23M,+222.9%,<.01%
892356106,TSCO,Tractor Supply Co,35157,4501,9.49M,1.22M,+14.7%,0.01%
649604840,ADAM,New York Mortgage Trust Inc,786273,207344,4.59M,1.21M,+35.8%,<.01%
26856L103,ELF,elf Beauty Inc,26659,5734,5.62M,1.21M,+27.4%,<.01%
199908104,FIX,Comfort Systems USA Inc,17830,3972,5.42M,1.21M,+28.7%,<.01%
90384S303,ULTA,Ulta Beauty Inc,18398,3129,7.1M,1.21M,+20.5%,0.01%
G1151C101,ACN,Accenture PLC,132701,3944,40.26M,1.2M,+3.1%,0.06%
87807B107,TRP,TC Energy Corp,299519,31162,11.36M,1.18M,+11.6%,0.02%
758075402,RWT,Redwood Trust Inc,976283,174317,6.34M,1.13M,+21.7%,<.01%
243537107,DECK,DECKERS OUTDOOR CORP,5974,1160,5.78M,1.12M,+24.1%,<.01%
61945C103,MOS,Mosaic Co/The,1212264,38774,35.03M,1.12M,+3.3%,0.05%
550021109,LULU,Lululemon Athletica Inc,42051,3750,12.56M,1.12M,+9.8%,0.02%
07725L102,ONC,BeiGene Ltd,95577,7816,13.64M,1.12M,+8.9%,0.02%
89531P105,TREX,Trex Co Inc,58375,14933,4.33M,1.11M,+34.4%,<.01%
65473P105,NI,NiSource Inc,287820,37712,8.29M,1.09M,+15.1%,0.01%
H84989104,TEL,TE Connectivity Ltd,52851,7146,7.95M,1.08M,+15.6%,0.01%
615111101,ONT,Montrose Environmental Group Inc,63224,24002,2.82M,1.07M,+61.2%,<.01%
682680103,OKE,Oneok Inc,172261,13032,14.05M,1.06M,+8.2%,0.02%
020764106,AMR,Alpha Metallurgical Resources Inc,12198,3771,3.42M,1.06M,+44.7%,<.01%
M7S64H106,MNDY,Monday.com Ltd,13039,4275,3.14M,1.03M,+48.8%,<.01%
15643U104,LEU,USEC INC,97077,23862,4.15M,1.02M,+32.6%,<.01%
816851109,SRE,Sempra,170054,13304,12.93M,1.01M,+8.5%,0.02%
94106L109,WM,Waste Management Inc,56906,4736,12.14M,1.01M,+9.1%,0.02%
693475105,PNC,PNC Financial Services Group Inc/The,83404,6437,12.97M,1M,+8.4%,0.02%
117043109,BC,Brunswick Corp/DE,87218,13748,6.35M,1M,+18.7%,<.01%
38071H106,GROY,Gold Royalty Corp,6662679,709002,9.39M,999.65K,+11.9%,0.01%
29444U700,EQIX,Equinix Inc,18593,1312,14.07M,992.63K,+7.6%,0.02%
337932107,FE,FirstEnergy Corp,213664,25700,8.18M,983.43K,+13.7%,0.01%
088606108,BHP,BHP Group Ltd,92410,17118,5.28M,977.32K,+22.7%,<.01%
025537101,AEP,American Electric Power Co Inc,136153,11116,11.95M,975.31K,+8.9%,0.02%
53681K100,,Lithium Americas Argentina Corp,2614946,304590,8.37M,974.48K,+13.2%,0.01%
866796105,SLF,Sun Life Financial Inc,100704,19807,4.94M,971.23K,+24.5%,<.01%
285512109,EA,Electronic Arts Inc,411647,6934,57.35M,966.12K,+1.7%,0.08%
040413106,,Arista Networks Inc,62054,2751,21.75M,964.18K,+4.6%,0.03%
G54950103,LIN,Linde PLC,15156,2192,6.65M,961.93K,+16.9%,<.01%
89055F103,BLD,TopBuild Corp,14775,2496,5.69M,961.57K,+20.3%,<.01%
89677Y100,TPVG,TriplePoint Venture Growth BDC Corp,846716,119184,6.8M,957.03K,+16.4%,<.01%
67103H107,ORLY,O'Reilly Automotive Inc,8952,897,9.45M,947.3K,+11.1%,0.01%
533900106,LECO,Lincoln Electric Holdings Inc,28963,5001,5.46M,943.46K,+20.9%,<.01%
042315705,ARR,ARMOUR Residential REIT Inc,349241,47735,6.77M,925.06K,+15.8%,<.01%
78709Y105,SAIA,Saia Inc,12368,1903,5.87M,902.57K,+18.2%,<.01%
172908105,CTAS,Cintas Corp,17716,1285,12.41M,899.85K,+7.8%,0.02%
G6359F137,NBR,Nabors Industries Ltd,197177,12622,14.03M,898.17K,+6.8%,0.02%
M22465104,CHKP,Check Point Software Technologies Ltd,55113,5405,9.09M,891.86K,+10.9%,0.01%
49714P108,KNSL,Kinsale Capital Group Inc,11531,2311,4.44M,890.45K,+25.1%,<.01%
25746U109,D,Dominion Energy Inc,216353,17856,10.6M,874.92K,+9%,0.02%
456788108,INFY,Infosys Ltd,467371,46935,8.7M,873.88K,+11.2%,0.01%
37940X102,GPN,Global Payments Inc,43736,8990,4.23M,869.28K,+25.9%,<.01%
980745103,WWD,Woodward Inc,25194,4978,4.39M,868K,+24.6%,<.01%
281020107,EIX,Edison International,134010,12071,9.62M,866.89K,+9.9%,0.01%
92686J106,VKTX,Viking Therapeutics Inc,16279,16279,863K,863K,NEW,<.01%
192446102,CTSH,Cognizant Technology Solutions Corp,160003,12658,10.88M,860.81K,+8.6%,0.02%
G6700G107,NVT,nVent Electric PLC,68722,10955,5.26M,839.3K,+19%,<.01%
09254E103,MYI,BlackRock MuniYield Quality Fund III In,492047,74557,5.5M,833.53K,+17.9%,<.01%
45073V108,ITT,ITT Inc,37139,6438,4.8M,831.73K,+21%,<.01%
68571X301,ORC,Orchid Island Capital Inc,498079,99713,4.15M,831.61K,+25%,<.01%
302941109,FCN,FTI CONSULTING INC,15892,3786,3.42M,815.95K,+31.3%,<.01%
147528103,CASY,Casey's General Stores Inc,15161,2128,5.79M,811.98K,+16.3%,<.01%
46137V142,PHO,Invesco Water Resources ETF,12458,12458,809K,809K,NEW,<.01%
371901109,GNTX,Gentex Corp,177346,23679,5.98M,798.17K,+15.4%,<.01%
87612G101,TRGP,Targa Resources Corp,66235,6161,8.53M,793.44K,+10.3%,0.01%
053332102,AZO,AutoZone Inc,2568,264,7.61M,782.54K,+11.5%,0.01%
68622V106,OGN,Organon & Co,209281,37371,4.33M,773.56K,+21.7%,<.01%
30161N101,EXC,Exelon Corp,258295,22251,8.94M,770.14K,+9.4%,0.01%
48251K100,KREF,KKR Real Estate Finance Trust Inc,356891,84889,3.23M,768.28K,+31.2%,<.01%
16359R103,CHE,Chemed Corp,8567,1416,4.65M,768.25K,+19.8%,<.01%
384802104,GWW,WW Grainger Inc,11176,847,10.08M,764.16K,+8.2%,0.01%
143130102,KMX,CARMAX INC,66208,10408,4.86M,763.37K,+18.7%,<.01%
29364G103,ETR,Entergy Corp,81660,6975,8.74M,746.36K,+9.3%,0.01%
136375102,CNI,Canadian National Railway Co,160790,6297,19M,744.17K,+4.1%,0.03%
04013V108,ACRE,Ares Commercial Real Estate Corp,524694,111194,3.49M,739.39K,+26.9%,<.01%
670928100,NUV,Nuveen Municipal Value Fund Inc,1218863,85446,10.52M,737.41K,+7.5%,0.01%
02043Q107,ALNY,Alnylam Pharmaceuticals Inc,60938,3015,14.81M,732.65K,+5.2%,0.02%
74164M108,PRI,Primerica Inc,15461,2955,3.66M,699.14K,+23.6%,<.01%
94106B101,WCN,Waste Connections Inc,49824,3865,8.74M,677.76K,+8.4%,0.01%
224408104,CR,Crane Co,21638,4639,3.14M,672.55K,+27.3%,<.01%
681919106,OMC,Omnicom Group Inc,87623,7495,7.86M,672.32K,+9.4%,0.01%
778296103,ROST,Ross Stores Inc,45552,4539,6.62M,659.65K,+11.1%,<.01%
537008104,LFUS,Littelfuse Inc,28282,2544,7.23M,650.26K,+9.9%,0.01%
98389B100,XEL,Xcel Energy Inc,150849,12053,8.06M,643.68K,+8.7%,0.01%
46625H100,JPM,JPMorgan Chase & Co,3201,3201,636K,636K,NEW,<.01%
653656108,NICE,Nice Ltd,21429,3645,3.69M,626.81K,+20.5%,<.01%
M2682V108,CYBR,CyberArk Software Ltd,16574,2289,4.53M,625.9K,+16%,<.01%
20440W105,SID,Cia Siderurgica Nacional SA,1841944,271176,4.24M,623.64K,+17.3%,<.01%
58039P305,MUX,McEwen Mining Inc,2118520,67885,19.45M,623.18K,+3.3%,0.03%
G3323L100,FN,Fabrinet,16823,2527,4.12M,618.57K,+17.7%,<.01%
136069101,CM,Canadian Imperial Bank of Commerce,156281,12998,7.43M,618.12K,+9.1%,0.01%
501044101,KR,Kroger Co/The,161116,12296,8.04M,613.98K,+8.3%,0.01%
311900104,FAST,Fastenal Co,118454,9728,7.44M,611.34K,+8.9%,0.01%
650111107,NYT,New York Times Co/The,67711,11921,3.47M,610.39K,+21.4%,<.01%
000360206,AAON,AAON INC,35078,6975,3.06M,608.46K,+24.8%,<.01%
574599106,MAS,MASCO CORP,2924621,9094,194.99M,606.3K,+0.3%,0.28%
577081102,MAT,Mattel Inc,257680,36835,4.19M,598.95K,+16.7%,<.01%
209115104,ED,Consolidated Edison Inc,93246,6648,8.34M,594.46K,+7.7%,0.01%
373737105,GGB,Gerdau SA,1324081,179988,4.37M,593.9K,+15.7%,<.01%
G8994E103,TT,Trane Technologies plc,44927,1800,14.78M,592.08K,+4.2%,0.02%
185899101,CLF,Cleveland-Cliffs Inc,287849,38265,4.43M,588.9K,+15.3%,<.01%
052800109,ALV,Autoliv Inc,34564,5379,3.7M,575.5K,+18.4%,<.01%
750917106,RMBS,Rambus Inc,53581,9725,3.15M,571.36K,+22.2%,<.01%
889478103,TOL,TOLL BROTHERS INC,45420,4955,5.23M,570.67K,+12.2%,<.01%
30034W106,EVRG,Evergy Inc,101060,10645,5.35M,563.96K,+11.8%,<.01%
296006109,ERO,ERO Copper Corp,132893,26305,2.84M,562.35K,+24.7%,<.01%
829073105,SSD,Simpson Manufacturing Co Inc,19916,3311,3.36M,557.93K,+19.9%,<.01%
64125C109,NBIX,Neurocrine Biosciences Inc,96219,3976,13.25M,547.4K,+4.3%,0.02%
03820C105,AIT,Applied Industrial Technologies Inc,18066,2803,3.5M,543.81K,+18.4%,<.01%
231021106,CMI,Cummins Inc,22664,1959,6.28M,542.48K,+9.5%,<.01%
148929102,CAVA,Cava Group Inc,5742,5742,533K,533K,NEW,<.01%
N53745100,LYB,LyondellBasell Industries NV,52352,5490,5.01M,525.17K,+11.7%,<.01%
001084102,AGCO,AGCO Corp,170096,5359,16.65M,524.54K,+3.3%,0.02%
G1757E113,CMCL,Caledonia Mining Corp PLC,732352,53678,7.12M,521.72K,+7.9%,0.01%
441593100,HLI,Houlihan Lokey Inc,23368,3862,3.15M,520.76K,+19.8%,<.01%
811916105,SA,Seabridge Gold Inc,3717871,37403,50.9M,512.05K,+1%,0.07%
89151E109,TTE,TotalEnergies SE,30669,7631,2.04M,508.83K,+33.1%,<.01%
92556V106,VTRS,Viatris Inc,1014429,47254,10.78M,502.29K,+4.9%,0.02%
00508Y102,AYI,Acuity Brands Inc,13937,2068,3.37M,499.31K,+17.4%,<.01%
018802108,LNT,Alliant Energy Corp,118410,9763,6.03M,496.93K,+9%,<.01%
G6095L109,,Aptiv PLC,7040,7040,496K,496K,NEW,<.01%
706327103,PBA,Pembina Pipeline Corp,183081,13288,6.79M,492.96K,+7.8%,<.01%
538034109,LYV,Live Nation Entertainment Inc,50373,5212,4.72M,488.58K,+11.5%,<.01%
784117103,SEIC,SEI Investments Co,54894,7535,3.55M,487.43K,+15.9%,<.01%
47215P106,JD,JD.com Inc,221230,18778,5.72M,485.26K,+9.3%,<.01%
257651109,DCI,Donaldson Co Inc,102284,6734,7.32M,481.86K,+7%,0.01%
30212P303,EXPE,Expedia Group Inc,34595,3775,4.36M,475.65K,+12.2%,<.01%
349553107,FTS,Fortis Inc/Canada,127421,12235,4.95M,475.59K,+10.6%,<.01%
78463M107,SPSC,SPS Commerce Inc,15748,2520,2.96M,474.14K,+19.1%,<.01%
00790R104,WMS,Advanced Drainage Systems Inc,27249,2956,4.37M,474.06K,+12.2%,<.01%
159864107,CRL,Charles River Laboratories Internationa,57906,2269,11.96M,468.72K,+4.1%,0.02%
45780R101,IBP,Installed Building Products Inc,17174,2270,3.53M,466.98K,+15.2%,<.01%
579780206,MKC,McCormick & Co Inc/MD,6499,6499,461K,461K,NEW,<.01%
054540208,ACLS,Axcelis Technologies Inc,16965,3227,2.41M,458.8K,+23.5%,<.01%
745867101,PHM,PulteGroup Inc,46161,4119,5.08M,453.47K,+9.8%,<.01%
959802109,WU,Western Union Co/The,354607,36951,4.33M,451.51K,+11.6%,<.01%
30040W108,ES,Eversource Energy,90658,7906,5.14M,448.33K,+9.6%,<.01%
G4705A100,ICLR,ICON PLC,60789,1428,19.06M,447.65K,+2.4%,0.03%
74758T303,QLYS,Qualys Inc,20724,3132,2.96M,446.59K,+17.8%,<.01%
125896100,CMS,CMS Energy Corp,79754,7498,4.75M,446.38K,+10.4%,<.01%
023608102,AEE,Ameren Corp,71304,6259,5.07M,445.13K,+9.6%,<.01%
35969L108,YMM,Full Truck Alliance Co Ltd,1395732,55076,11.22M,442.82K,+4.1%,0.02%
452327109,ILMN,Illumina Inc,152911,4239,15.96M,442.47K,+2.9%,0.02%
172755100,CRUS,CIRRUS LOGIC INC,23476,3461,3M,441.84K,+17.3%,<.01%
452308109,ITW,Illinois Tool Works Inc,49864,1859,11.82M,440.52K,+3.9%,0.02%
056525108,BMI,Badger Meter Inc,20434,2353,3.81M,438.5K,+13%,<.01%
302081104,EXLS,ExlService Holdings Inc,77350,13959,2.43M,437.81K,+22%,<.01%
75281A109,RRC,Range Resources Corp,109366,12983,3.67M,435.32K,+13.5%,<.01%
651587107,NEU,NEWMARKET CORP,3656,844,1.89M,435.16K,+30%,<.01%
26614N102,DD,DuPont de Nemours Inc,62722,5355,5.05M,430.98K,+9.3%,<.01%
16679L109,CHWY,Chewy Inc,15671,15671,427K,427K,NEW,<.01%
536797103,LAD,Lithia Motors Inc,16423,1686,4.15M,425.63K,+11.4%,<.01%
693483109,PKX,POSCO Holdings Inc,84420,6440,5.55M,423.38K,+8.3%,<.01%
816300107,SIGI,Selective Insurance Group Inc,24828,4509,2.33M,423.15K,+22.2%,<.01%
H17182108,CRSP,CRISPR Therapeutics AG,79774,7830,4.31M,422.94K,+10.9%,<.01%
726503105,PAA,Plains All American Pipeline LP,106167,23611,1.9M,421.66K,+28.6%,<.01%
058586108,BLDP,Ballard Power Systems Inc,2321782,186833,5.22M,420.37K,+8.8%,<.01%
704326107,PAYX,Paychex Inc,78430,3521,9.3M,417.46K,+4.7%,0.01%
78467J100,SSNC,SS&C Technologies Holdings Inc,79884,6609,5.01M,414.16K,+9%,<.01%
260557103,DOW,Dow Inc,83341,7770,4.42M,412.18K,+10.3%,<.01%
313855108,FSS,Federal Signal Corp,26616,4919,2.23M,411.58K,+22.7%,<.01%
90364P105,PATH,UiPath Inc,44510,32365,564K,410.11K,+266.5%,<.01%
15189T107,CNP,CenterPoint Energy Inc,168849,13180,5.23M,408.32K,+8.5%,<.01%
82509L107,SHOP,Shopify Inc,58484,6161,3.86M,406.95K,+11.8%,<.01%
69351T106,PPL,PPL Corp,198716,14635,5.49M,404.62K,+8%,<.01%
N72482149,QGEN,QIAGEN NV,218431,9844,8.97M,404.48K,+4.7%,0.01%
369550108,GD,General Dynamics Corp,35012,1373,10.16M,398.39K,+4.1%,0.01%
853606101,SLI,Standard Lithium Ltd,3011876,317736,3.77M,397.19K,+11.8%,<.01%
03064D108,COLD,Americold Realty Trust,56516,15522,1.44M,396.32K,+37.9%,<.01%
384747101,GRAL,GRAIL Inc,25485,25485,392K,392K,NEW,<.01%
G3198U102,ESNT,Essent Group Ltd,46490,6887,2.61M,386.94K,+17.4%,<.01%
34959J108,FTV,Fortive Corp,59340,5114,4.4M,378.94K,+9.4%,<.01%
61174X109,MNST,Monster Beverage Corp,131834,7521,6.58M,375.67K,+6.1%,<.01%
29336T100,ENLC,EnLink Midstream LLC,63465,26952,873K,370.74K,+73.8%,<.01%
427866108,HSY,Hershey Co/The,30405,2013,5.59M,370.09K,+7.1%,<.01%
806882106,RDUS,Schnitzer Steel Industries Inc,161567,24060,2.47M,367.38K,+17.5%,<.01%
55336V100,MPLX,MPLX LP,52240,8567,2.23M,364.88K,+19.6%,<.01%
26969P108,EXP,EAGLE MATERIALS INC,16061,1676,3.49M,364.5K,+11.7%,<.01%
44107P104,HST,HOST HOTELS & RESORTS INC,121369,20255,2.18M,364.15K,+20%,<.01%
831865209,AOS,A O Smith Corp,22117,4431,1.81M,362.42K,+25.1%,<.01%
293792107,EPD,Enterprise Products Partners LP,75730,12403,2.19M,359.5K,+19.6%,<.01%
887389104,TKR,Timken Co/The,26329,4462,2.11M,357.58K,+20.4%,<.01%
78410G104,SBAC,SBA Communications Corp,22739,1812,4.46M,355.72K,+8.7%,<.01%
29273V100,ET,Energy Transfer LP,138936,21897,2.25M,355.24K,+18.7%,<.01%
04247X102,AWI,Armstrong World Industries Inc,21102,3115,2.39M,352.8K,+17.3%,<.01%
90278Q108,UFPI,UFP Industries Inc,30644,3116,3.43M,348.98K,+11.3%,<.01%
G6683N103,NU,NU Holdings Ltd/Cayman Islands,764101,26800,9.85M,345.44K,+3.6%,0.01%
049560105,ATO,Atmos Energy Corp,40047,2952,4.67M,344.32K,+8%,<.01%
38526M106,LOPE,Grand Canyon Education Inc,16080,2453,2.25M,343.24K,+18%,<.01%
099724106,BWA,BorgWarner Inc,68979,10508,2.22M,338.8K,+18%,<.01%
840441109,SSB,SouthState Corp,31175,4418,2.38M,337.57K,+16.5%,<.01%
958102105,WDC,Western Digital Corp,4429,4429,336K,336K,NEW,<.01%
97651M109,WIT,Wipro Ltd,196752,55048,1.2M,335.74K,+38.8%,<.01%
515098101,LSTR,Landstar System Inc,17968,1791,3.31M,330.43K,+11.1%,<.01%
30063P105,EXAS,EXACT SCIENCES CORP,153349,7785,6.48M,328.92K,+5.3%,<.01%
217204106,CPRT,Copart Inc,149239,6035,8.08M,326.86K,+4.2%,0.01%
64110D104,NTAP,NETAPP INC,41099,2486,5.29M,320.22K,+6.4%,<.01%
H2906T109,GRMN,Garmin Ltd,26427,1946,4.31M,317.08K,+7.9%,<.01%
760759100,RSG,Republic Services Inc,44655,1628,8.68M,316.38K,+3.8%,0.01%
25659T107,DLB,Dolby Laboratories Inc,24914,3945,1.97M,312.57K,+18.8%,<.01%
744320102,PRU,Prudential Financial Inc,11775,2663,1.38M,312.1K,+29.2%,<.01%
29270J100,ERII,Energy Recovery Inc,122783,23449,1.63M,311.68K,+23.6%,<.01%
559222401,MGA,Magna International Inc,11524,7368,483K,308.81K,+177.3%,<.01%
85208M102,SFM,Sprouts Farmers Market Inc,46824,3689,3.92M,308.6K,+8.6%,<.01%
192422103,CGNX,Cognex Corp,71368,6513,3.34M,304.53K,+10%,<.01%
45337C102,INCY,Incyte Corp,161993,5021,9.82M,304.37K,+3.2%,0.01%
958669103,WES,Western Midstream Partners LP,36664,7654,1.46M,304.16K,+26.4%,<.01%
403949100,DINO,HF Sinclair Corp,120834,5698,6.45M,303.92K,+4.9%,<.01%
879360105,TDY,Teledyne Technologies Inc,1191,783,462K,303.73K,+191.9%,<.01%
253393102,DKS,Dick's Sporting Goods Inc,10823,1396,2.33M,299.89K,+14.8%,<.01%
942749102,WTS,WATTS WATER TECHNOLOGIES INC,12415,1626,2.28M,298.22K,+15.1%,<.01%
513847103,MZTI,Lancaster Colony Corp,9211,1568,1.74M,296.37K,+20.5%,<.01%
55261F104,MTB,M&T Bank Corp,17445,1915,2.64M,289.8K,+12.3%,<.01%
746922103,PMO,Putnam Municipal Opportunities Trust,231553,28181,2.38M,289.17K,+13.9%,<.01%
225655109,CCAP,Crescent Capital BDC Inc,26521,15288,498K,287.07K,+136.1%,<.01%
501889208,LKQ,LKQ Corp,6887,6887,286K,286K,NEW,<.01%
83413U100,SLRC,SLR Investment Corp,935970,17774,15.06M,285.99K,+1.9%,0.02%
M3760D101,ESLT,Elbit Systems Ltd,9775,1614,1.73M,285.15K,+19.8%,<.01%
48251W104,KKR,KKR & Co Inc,16462,2696,1.73M,283.65K,+19.6%,<.01%
775711104,ROL,Rollins Inc,58017,5808,2.83M,283.41K,+11.1%,<.01%
353514102,FELE,Franklin Electric Co Inc,17726,2929,1.71M,282.06K,+19.8%,<.01%
860630102,SF,Stifel Financial Corp,38406,3323,3.23M,279.64K,+9.5%,<.01%
14149Y108,CAH,Cardinal Health Inc,30489,2833,3M,278.57K,+10.2%,<.01%
624756102,MLI,Mueller Industries Inc,51929,4870,2.96M,277.31K,+10.3%,<.01%
73278L105,POOL,Pool Corp,8171,901,2.51M,276.88K,+12.4%,<.01%
460690100,IPG,Interpublic Group of Cos Inc/The,143939,9486,4.19M,275.94K,+7.1%,<.01%
48666K109,KBH,KB Home,31512,3927,2.21M,275.66K,+14.2%,<.01%
546347105,LPX,Louisiana-Pacific Corp,28733,3315,2.37M,272.97K,+13%,<.01%
047649108,ATKR,Atkore Inc,17804,1988,2.4M,268.21K,+12.6%,<.01%
27829L105,EOT,Eaton Vance National Municipal Opportun,114568,15777,1.93M,265.64K,+16%,<.01%
746823103,PMM,Putnam Managed Municipal Income Trust,333409,42667,2.07M,264.52K,+14.7%,<.01%
16119P108,CHTR,Charter Communications Inc,878,878,262K,262K,NEW,<.01%
H5919C104,ONON,On Holding AG,6633,6633,257K,257K,NEW,<.01%
66981J102,MNSO,MINISO Group Holding Ltd,543074,13409,10.36M,255.72K,+2.5%,0.01%
002896207,ANF,Abercrombie & Fitch Co,1434,1434,255K,255K,NEW,<.01%
171340102,CHD,Church & Dwight Co Inc,36237,2453,3.76M,254.32K,+7.3%,<.01%
22788C105,CRWD,Crowdstrike Holdings Inc,12748,661,4.88M,253.29K,+5.5%,<.01%
26875P101,EOG,EOG Resources Inc,37577,2008,4.73M,252.76K,+5.6%,<.01%
715684106,TLK,Telkom Indonesia Persero Tbk PT,87342,13507,1.63M,252.54K,+18.3%,<.01%
G50871105,JAZZ,Jazz Pharmaceuticals PLC,54054,2361,5.77M,251.98K,+4.6%,<.01%
82982L103,SITE,SiteOne Landscape Supply Inc,17131,2042,2.08M,247.93K,+13.5%,<.01%
59001A102,MTH,Meritage Homes Corp,15750,1522,2.55M,246.32K,+10.7%,<.01%
88146M101,TRNO,Terreno Realty Corp,20414,4122,1.21M,243.92K,+25.3%,<.01%
562750109,MANH,Manhattan Associates Inc,15597,985,3.85M,242.95K,+6.7%,<.01%
09073M104,TECH,Bio-Techne Corp,142209,3373,10.19M,241.67K,+2.4%,0.01%
670695105,NUW,Nuveen AMT-Free Municipal Value Fund,132473,17027,1.84M,236.37K,+14.7%,<.01%
15118V207,CELH,Celsius Holdings Inc,10868,4090,620K,233.33K,+60.3%,<.01%
116794108,BRKR,Bruker Corp,48570,3608,3.1M,230.21K,+8%,<.01%
552848103,MTG,MGIC Investment Corp,115264,10507,2.48M,226.43K,+10%,<.01%
036752103,ELV,Elevance Health Inc,12275,411,6.65M,222.69K,+3.5%,<.01%
06417N103,OZK,Bank OZK,44841,5381,1.84M,220.56K,+13.6%,<.01%
150870103,CE,Celanese Corp,16104,1629,2.17M,219.71K,+11.3%,<.01%
30214U102,EXPO,Exponent Inc,25852,2307,2.46M,219.44K,+9.8%,<.01%
95082P105,WCC,WESCO International Inc,12993,1378,2.06M,218.48K,+11.9%,<.01%
72651A207,PAGP,Plains GP Holdings LP,39656,11557,746K,217.41K,+41.1%,<.01%
74834L100,DGX,QUEST DIAGNOSTICS INC,21119,1563,2.89M,213.96K,+8%,<.01%
M6191J100,FROG,JFrog Ltd,36652,5686,1.38M,213.47K,+18.4%,<.01%
880345103,TNC,Tennant Co,31326,2145,3.08M,211.17K,+7.4%,<.01%
04016X101,ARGX,Argenx SE,50821,486,21.86M,209K,+1%,0.03%
256746108,DLTR,Dollar Tree Inc,24600,1952,2.63M,208.45K,+8.6%,<.01%
125523100,CI,Cigna Group/The,14872,625,4.92M,206.6K,+4.4%,<.01%
82968B103,SIRI,Sirius XM Holdings Inc,597185,72528,1.69M,205.25K,+13.8%,<.01%
09739D100,BCC,Boise Cascade Co,17440,1682,2.08M,200.51K,+10.7%,<.01%
833445109,SNOW,Snowflake Inc,8016,1476,1.08M,199.41K,+22.6%,<.01%
101137107,BSX,BOSTON SCIENTIFIC CORP,49012,2541,3.77M,195.66K,+5.5%,<.01%
29670G102,WTRG,Essential Utilities Inc,67638,5201,2.52M,194.16K,+8.3%,<.01%
09857L108,BKNG,Booking Holdings Inc,967,49,3.83M,194.13K,+5.3%,<.01%
750236101,RDN,Radian Group Inc,62191,6219,1.93M,193.4K,+11.1%,<.01%
872590104,TMUS,T-Mobile US Inc,21350,1072,3.76M,188.84K,+5.3%,<.01%
194162103,CL,Colgate-Palmolive Co,40487,1940,3.93M,188.26K,+5%,<.01%
042735100,ARW,Arrow Electronics Inc,21126,1552,2.55M,187.41K,+7.9%,<.01%
723484101,PNW,Pinnacle West Capital Corp,29301,2433,2.24M,185.83K,+9.1%,<.01%
G51502105,JCI,Johnson Controls International plc,39086,2764,2.6M,183.72K,+7.6%,<.01%
436893200,HOMB,Home Bancshares Inc/AR,72922,7601,1.75M,182.1K,+11.6%,<.01%
86800U104,SUPER,Super Micro Computer Inc,10608,222,8.69M,181.9K,+2.1%,0.01%
78409V104,SPGI,S&P Global Inc,8229,406,3.67M,181.07K,+5.2%,<.01%
M7516K103,NVMI,Nova Ltd,7378,764,1.73M,179.14K,+11.6%,<.01%
12532H104,GIB,CGI Inc,32771,1792,3.27M,178.87K,+5.8%,<.01%
09075V102,BNTX,BioNTech SE,119901,2192,9.63M,176.14K,+1.9%,0.01%
60741F104,MBLY,Mobileye Global Inc,15434,6234,433K,174.89K,+67.8%,<.01%
743315103,PGR,Progressive Corp/The,16533,839,3.43M,174.27K,+5.3%,<.01%
863667101,SYK,Stryker Corp,13121,507,4.46M,172.49K,+4%,<.01%
H1467J104,CB,Chubb Ltd,12651,667,3.23M,170.14K,+5.6%,<.01%
235851102,DHR,Danaher Corp,13616,679,3.4M,169.65K,+5.2%,<.01%
075887109,BDX,Becton Dickinson & Co,13949,717,3.26M,167.57K,+5.4%,<.01%
337738108,FISV,Fiserv Inc,22980,1117,3.42M,166.48K,+5.1%,<.01%
237266101,DAR,Darling Ingredients Inc,442844,4526,16.27M,166.34K,+1%,0.02%
466313103,JBL,Jabil Inc,1499,1499,163K,163K,NEW,<.01%
204409601,CIG,Cia Energetica de Minas Gerais,486786,90228,857K,158.85K,+22.8%,<.01%
513272104,LW,Lamb Weston Holdings Inc,23334,1883,1.96M,158.33K,+8.8%,<.01%
002824100,ABT,Abbott Laboratories,31184,1522,3.24M,158.13K,+5.1%,<.01%
548661107,LOW,Lowe's Cos Inc,84704,711,18.67M,156.75K,+0.8%,0.03%
00971T101,AKAM,Akamai Technologies Inc,1731,1731,156K,156K,NEW,<.01%
62914V106,NIO,NIO Inc,463144,37160,1.93M,154.61K,+8.7%,<.01%
29530P102,ERIE,Erie Indemnity Co,4851,424,1.76M,153.66K,+9.6%,<.01%
03990B101,ARES,Ares Management Corp,6882,1150,917K,153.23K,+20.1%,<.01%
071813109,BAX,Baxter International Inc,55710,4579,1.86M,153.13K,+9%,<.01%
09260D107,BX,Blackstone Inc,16823,1226,2.08M,151.8K,+7.9%,<.01%
G3223R108,EG,Everest Group Ltd,397,397,151K,151K,NEW,<.01%
50202M102,LI,Li Auto Inc,210987,8402,3.77M,150.21K,+4.1%,<.01%
252131107,DXCM,DexCom Inc,17716,1274,2.01M,144.47K,+7.7%,<.01%
26874R108,E,ENI SpA,19251,4673,593K,143.95K,+32.1%,<.01%
955306105,WST,West Pharmaceutical Services Inc,14048,436,4.63M,143.61K,+3.2%,<.01%
254709108,DFS,Discover Financial Services,44647,1085,5.84M,141.95K,+2.5%,<.01%
40434L105,HPQ,HP Inc,35411,4042,1.24M,141.54K,+12.9%,<.01%
G6674U108,NVCR,Novocure Ltd,23868,8094,409K,138.7K,+51.3%,<.01%
983134107,WYNN,Wynn Resorts Ltd,68331,1541,6.12M,137.93K,+2.3%,<.01%
670837103,OGE,OGE Energy Corp,54605,3858,1.95M,137.77K,+7.6%,<.01%
71654V101,PBRA,Petroleo Brasileiro SA,34613,9493,472K,129.45K,+37.8%,<.01%
443510607,HUBB,Hubbell Inc,8775,349,3.21M,127.55K,+4.1%,<.01%
29670E107,EPRT,Essential Properties Realty Trust Inc,26843,4469,744K,123.87K,+20%,<.01%
64124P101,NBH,Neuberger Berman Municipal Fund Inc,244200,11485,2.61M,122.66K,+4.9%,<.01%
980228308,WDS,Woodside Energy Group Ltd,25945,6305,488K,118.59K,+32.1%,<.01%
92763W103,VIPS,Vipshop Holdings Ltd,41805,9034,544K,117.56K,+27.6%,<.01%
668771108,GEN,Gen Digital Inc,17647,4598,441K,114.9K,+35.2%,<.01%
86959K105,SUZ,Suzano SA,53403,11059,548K,113.48K,+26.1%,<.01%
91307C102,UTHR,United Therapeutics Corp,10894,355,3.47M,113.08K,+3.4%,<.01%
433000106,HIMS,Hims & Hers Health Inc,5484,5484,111K,111K,NEW,<.01%
739276103,POWI,Power Integrations Inc,22134,1557,1.55M,109.31K,+7.6%,<.01%
29452E101,EQH,Equitable Holdings Inc,2673,2673,109K,109K,NEW,<.01%
46269C102,IRDM,Iridium Communications Inc,47520,4071,1.26M,108.37K,+9.4%,<.01%
69349H107,TXNM,PNM Resources Inc,23064,2885,852K,106.57K,+14.3%,<.01%
M20791105,CAMT,Camtek Ltd/Israel,9413,848,1.18M,106.21K,+9.9%,<.01%
451107106,IDA,IDACORP Inc,13540,1114,1.26M,103.83K,+9%,<.01%
81730H109,S,SentinelOne Inc,94526,4932,1.99M,103.83K,+5.5%,<.01%
36467J108,GLPI,Gaming and Leisure Properties Inc,82817,2156,3.74M,97.47K,+2.7%,<.01%
42824C109,HPE,Hewlett Packard Enterprise Co,86552,4581,1.83M,96.96K,+5.6%,<.01%
90138F102,TWLO,Twilio Inc,4667,1696,265K,96.3K,+57.1%,<.01%
02215L209,KNTK,Kinetik Holdings Inc,14143,2318,586K,96.04K,+19.6%,<.01%
84857L101,SR,Spire Inc,13857,1568,842K,95.28K,+12.8%,<.01%
303075105,FDS,Factset Research Systems Inc,7204,231,2.94M,94.3K,+3.3%,<.01%
G02602103,DOX,Amdocs Ltd,35898,1187,2.83M,93.68K,+3.4%,<.01%
733174700,BPOP,Popular Inc,29192,1058,2.58M,93.54K,+3.8%,<.01%
384109104,GGG,Graco Inc,30504,1180,2.42M,93.54K,+4%,<.01%
833034101,SNA,Snap-On Inc,8664,357,2.27M,93.33K,+4.3%,<.01%
68235P108,OGS,ONE Gas Inc,14429,1437,921K,91.72K,+11.1%,<.01%
17253J106,CIFR,Cipher Mining Inc,2755829,22086,11.44M,91.66K,+0.8%,0.02%
03938L203,MT,ArcelorMittal SA,225420,3994,5.17M,91.58K,+1.8%,<.01%
69370C100,PTC,PTC Inc,1675,499,304K,90.56K,+42.4%,<.01%
14174T107,CTRE,CareTrust REIT Inc,20739,3542,521K,88.98K,+20.6%,<.01%
11284V105,BEPC.TO,Brookfield Renewable Corp,141862,3135,4.02M,88.88K,+2.3%,<.01%
11275Q107,BIPC.TO,Brookfield Infrastructure Corp,30739,2586,1.03M,87.07K,+9.2%,<.01%
749607107,RLI,RLI Corp,19495,605,2.74M,85.13K,+3.2%,<.01%
683715106,OTEX,Open Text Corp,20298,2791,610K,83.88K,+15.9%,<.01%
092113109,BKH,Black Hills Corp,17573,1482,956K,80.62K,+9.2%,<.01%
G7T16G103,SPNS,Sapiens International Corp NV,12396,2364,421K,80.29K,+23.6%,<.01%
018522300,ALE,ALLETE Inc,14877,1274,928K,79.47K,+9.4%,<.01%
071734107,BHC,Bausch Health Cos Inc,302471,11379,2.11M,79.3K,+3.9%,<.01%
M5216V106,GLBE,Global-e Online Ltd,32320,2161,1.17M,78.36K,+7.2%,<.01%
60855R100,MOH,Molina Healthcare Inc,11873,259,3.53M,77K,+2.2%,<.01%
525558201,LMAT,LeMaitre Vascular Inc,912,912,75K,75K,NEW,<.01%
057665200,BCPC,Balchem Corp,64829,485,9.98M,74.66K,+0.8%,0.01%
428291108,HXL,Hexcel Corp,5301,1192,331K,74.43K,+29%,<.01%
M9T951109,ZIM,ZIM Integrated Shipping Services Ltd,37488,3296,831K,73.06K,+9.6%,<.01%
09253T101,MVT,BlackRock MuniVest Fund II Inc,171465,6533,1.9M,72.2K,+4%,<.01%
21871X109,CRBG,Corebridge Financial Inc,2377,2377,69K,69K,NEW,<.01%
920253101,VMI,Valmont Industries Inc,8209,248,2.25M,68.06K,+3.1%,<.01%
27579R104,EWBC,East West Bancorp Inc,56999,922,4.17M,67.52K,+1.6%,<.01%
668074305,NWE,Northwestern Energy Group Inc,16385,1337,821K,66.99K,+8.9%,<.01%
23282W605,CYTK,Cytokinetics Inc,59126,1233,3.2M,66.79K,+2.1%,<.01%
V5633W109,MMYT,MakeMyTrip Ltd,14163,791,1.19M,66.52K,+5.9%,<.01%
552738106,MFM,MFS Municipal Income Trust,338536,11835,1.85M,64.6K,+3.6%,<.01%
247361702,DAL,Delta Air Lines Inc,3959,1327,188K,63.01K,+50.4%,<.01%
05379B107,AVA,Avista Corp,20054,1805,694K,62.46K,+9.9%,<.01%
88557W101,QFIN,360 DigiTech Inc,12683,3096,250K,61.03K,+32.3%,<.01%
92766K403,SPCE,Virgin Galactic Holdings Inc,7194,7194,61K,61K,NEW,<.01%
G98196101,WNS,WNS Holdings Ltd,5182,1152,272K,60.47K,+28.6%,<.01%
04041L106,WES,Aris Water Solution Inc,111535,3833,1.75M,60.07K,+3.6%,<.01%
029899101,AWR,American States Water Co,9549,827,693K,60.02K,+9.5%,<.01%
78377T107,RHP,Ryman Hospitality Properties Inc,8973,601,896K,60.01K,+7.2%,<.01%
09250B103,BTA,Blackrock Long-Term Municipal Advantage,67732,5892,686K,59.68K,+9.5%,<.01%
03662Q105,ANSS,ANSYS Inc,789,185,254K,59.56K,+30.6%,<.01%
130788102,CWT,California Water Service Group,14827,1224,719K,59.35K,+9%,<.01%
24664T103,DKL,Delek Logistics Partners LP,3329,1437,135K,58.27K,+76%,<.01%
03784Y200,APLE,Apple Hospitality REIT Inc,34879,3948,507K,57.39K,+12.8%,<.01%
55277P104,MGEE,MGE Energy Inc,9338,750,698K,56.06K,+8.7%,<.01%
68989M202,OUST,Ouster Inc,5656,5656,56K,56K,NEW,<.01%
92552V100,VSAT,Viasat Inc,21234,4389,270K,55.81K,+26.1%,<.01%
830830105,SKY,Skyline Champion Corp,23516,809,1.59M,54.8K,+3.6%,<.01%
70432V102,PAYC,Paycom Software Inc,9415,380,1.35M,54.37K,+4.2%,<.01%
387437114,,Granite Real Estate Investment Trust,9735,1094,482K,54.17K,+12.7%,<.01%
500754106,KHC,Kraft Heinz Co/The,38559,1626,1.24M,52.37K,+4.4%,<.01%
G7709Q104,RPRX,Royalty Pharma PLC,37443,1980,988K,52.25K,+5.6%,<.01%
M4R82T106,FVRR,Fiverr International Ltd,14183,2208,332K,51.69K,+18.4%,<.01%
82575P107,SBSW,Sibanye Stillwater Ltd,151725,11708,660K,50.93K,+8.4%,<.01%
759916109,RGEN,Repligen Corp,45185,404,5.7M,50.93K,+0.9%,<.01%
M98068105,WIX,Wix.com Ltd,16578,319,2.64M,50.74K,+2%,<.01%
88262P102,TPL,Texas Pacific Land Corp,4206,69,3.09M,50.66K,+1.7%,<.01%
00217Y104,ATS,ATS Corp,3294,1574,106K,50.65K,+91.5%,<.01%
87151X101,SYM,Symbotic Inc,2723,1423,96K,50.17K,+109.5%,<.01%
922908363,VOO,Vanguard S&P 500 ETF,55156,100,27.59M,50.01K,+0.2%,0.04%
71844V201,PECO,Phillips Edison & Co Inc,18786,1526,614K,49.88K,+8.8%,<.01%
580135101,MCD,McDonald's Corp,16358,192,4.17M,48.93K,+1.2%,<.01%
M5425M103,INMD,Inmode Ltd,30794,2676,562K,48.84K,+9.5%,<.01%
70438V106,PCTY,Paylocity Holding Corp,8375,370,1.1M,48.77K,+4.6%,<.01%
49803T300,KRG,Kite Realty Group Trust,33223,1990,744K,44.56K,+6.4%,<.01%
371927104,GEL,Genesis Energy LP,20777,3073,297K,43.93K,+17.4%,<.01%
025932104,AFG,American Financial Group Inc/OH,10756,356,1.32M,43.79K,+3.4%,<.01%
02376R102,AAL,American Airlines Group Inc,27908,3749,316K,42.45K,+15.5%,<.01%
784305104,HTO,SJW Group,8288,775,449K,41.99K,+10.3%,<.01%
19239V302,CCOI,Cogent Communications Holdings Inc,9964,735,563K,41.53K,+8%,<.01%
45378A106,IRT,Independence Realty Trust Inc,34576,2209,648K,41.4K,+6.8%,<.01%
438516106,HON,Honeywell International Inc,1050877,190,224.41M,40.57K,+0%,0.32%
378973408,GSAT,Globalstar Inc,336908,36192,377K,40.5K,+12%,<.01%
67000B104,NOVT,Novanta Inc,750,242,122K,39.37K,+47.6%,<.01%
66765N105,NWN,Northwest Natural Holding Co,9714,1071,351K,38.7K,+12.4%,<.01%
05278C107,ATHM,Autohome Inc,7098,1351,195K,37.12K,+23.5%,<.01%
222795502,CUZ,Cousins Properties Inc,26243,1579,608K,36.58K,+6.4%,<.01%
44951Y102,,Hyzon Motors Inc,1022830,111431,328K,35.73K,+12.2%,<.01%
49427F108,KRC,Kilroy Realty Corp,20750,1141,647K,35.58K,+5.8%,<.01%
875465106,SKT,Tanger Inc,16289,1282,442K,34.79K,+8.5%,<.01%
91704F104,UE,Urban Edge Properties,18330,1849,339K,34.2K,+11.2%,<.01%
78573L106,SBRA,Sabra Health Care REIT Inc,35406,2201,545K,33.88K,+6.6%,<.01%
45781V101,IIPR,Innovative Industrial Properties Inc,4312,306,471K,33.42K,+7.6%,<.01%
554382101,MAC,Macerich Co/The,33149,2147,512K,33.16K,+6.9%,<.01%
26884U109,EPR,EPR Properties,11517,785,483K,32.92K,+7.3%,<.01%
29109X106,AZPN,Aspen Technology Inc,543,163,108K,32.42K,+42.9%,<.01%
52567D107,LMND,Lemonade Inc,17774,1915,293K,31.57K,+12.1%,<.01%
021369103,ALTR,Altair Engineering Inc,1057,311,104K,30.6K,+41.7%,<.01%
11135E203,BNL,Broadstone Net Lease Inc,28861,1894,458K,30.06K,+7%,<.01%
G037AX101,AMBA,Ambarella Inc,1441,552,78K,29.88K,+62.1%,<.01%
700517105,PK,Park Hotels & Resorts Inc,32010,1954,480K,29.3K,+6.5%,<.01%
431284108,HIW,Highwoods Properties Inc,17942,1114,471K,29.24K,+6.6%,<.01%
703395103,PDCO,Patterson Cos Inc,65132,1178,1.57M,28.41K,+1.8%,<.01%
48203R104,JNPR,Juniper Networks Inc,9852,777,359K,28.31K,+8.6%,<.01%
63633D104,NHI,National Health Investors Inc,6404,416,434K,28.19K,+6.9%,<.01%
20451Q104,CODI,Compass Diversified Holdings,7571,1285,166K,28.17K,+20.4%,<.01%
531229755,FWONK,Liberty Media Corp-Liberty Formula One,6316,391,454K,28.11K,+6.6%,<.01%
72352L106,PINS,Pinterest Inc,63910,612,2.82M,26.98K,+1%,<.01%
529043101,LXP,LXP Industrial Trust,44469,2904,406K,26.51K,+7%,<.01%
35086T109,FCPT,Four Corners Property Trust Inc,14037,1059,346K,26.1K,+8.2%,<.01%
62913M107,NGL,NGL Energy Partners LP,24565,5128,124K,25.89K,+26.4%,<.01%
82981J109,,SITE Centers Corp,29065,1723,421K,24.96K,+6.3%,<.01%
22002T108,CDP,COPT Defense Properties,19981,967,500K,24.2K,+5.1%,<.01%
92189H748,CLOI,Vaneck CLO ETF,453,453,24K,24K,NEW,<.01%
68404L201,OPCH,OPTION CARE HEALTH INC,37118,863,1.03M,23.9K,+2.4%,<.01%
502175102,LTC,LTC Properties Inc,6571,689,227K,23.8K,+11.7%,<.01%
M81873107,RDWR,RADWARE Ltd,9164,1291,167K,23.53K,+16.4%,<.01%
419870100,HE,Hawaiian Electric Industries Inc,28481,2482,257K,22.4K,+9.5%,<.01%
683344105,ONTO,Onto Innovation Inc,456,102,100K,22.37K,+28.8%,<.01%
277432100,EMN,Eastman Chemical Co,48503,227,4.75M,22.24K,+0.5%,<.01%
72703X106,PL,Planet Labs PBC,103768,11951,193K,22.23K,+13%,<.01%
25960P109,DEI,Douglas Emmett Inc,28119,1650,374K,21.95K,+6.2%,<.01%
64119V303,NTST,NETSTREIT Corp,11280,1359,182K,21.93K,+13.7%,<.01%
379378201,GNL,Global Net Lease Inc,30720,2802,226K,20.61K,+10%,<.01%
M70700105,NNOX,Nano-X Imaging Ltd,22293,2755,164K,20.27K,+14.1%,<.01%
92189F486,FLTR,VanEck IG Floating Rate ETF,1042,778,27K,20.16K,+294.7%,<.01%
374297109,GTY,Getty Realty Corp,7569,723,202K,19.3K,+10.6%,<.01%
803866300,SSL,Sasol Ltd,36974,2535,281K,19.27K,+7.4%,<.01%
70451X104,PAYO,Payoneer Global Inc,82903,3444,459K,19.07K,+4.3%,<.01%
M8744T106,TBLA,Taboola.com Ltd,71035,5535,244K,19.01K,+8.5%,<.01%
004239109,AKR,Acadia Realty Trust,15459,1054,277K,18.89K,+7.3%,<.01%
78646V107,SAFE,iStar Inc,7923,944,153K,18.23K,+13.5%,<.01%
39986L109,GRWG,GrowGeneration Corp,8996,8996,18K,18K,NEW,<.01%
05351W103,AGR,Avangrid Inc,18305,499,650K,17.72K,+2.8%,<.01%
252784301,DRH,DiamondRock Hospitality Co,32191,2028,272K,17.14K,+6.7%,<.01%
867892101,SHO,Sunstone Hotel Investors Inc,31119,1635,326K,17.13K,+5.5%,<.01%
70509V100,PEB,Pebblebrook Hotel Trust,18270,1215,251K,16.69K,+7.1%,<.01%
46124J201,IVT,InvenTrust Properties Corp,10426,674,258K,16.68K,+6.9%,<.01%
76131N101,ROIC,Retail Opportunity Investments Corp,18964,1307,236K,16.27K,+7.4%,<.01%
27616P103,DEA,Easterly Government Properties Inc,17370,1237,215K,15.31K,+7.7%,<.01%
03957W106,AROC,Archrock Inc,35280,753,713K,15.22K,+2.2%,<.01%
92847W103,VITL,Vital Farms Inc,4095,323,192K,15.14K,+8.6%,<.01%
09627Y109,BPMC,Blueprint Medicines Corp,1116,131,120K,14.09K,+13.3%,<.01%
939653101,ELME,Elme Communities,13465,858,214K,13.64K,+6.8%,<.01%
81725T100,SXT,Sensient Technologies Corp,3680,183,273K,13.58K,+5.2%,<.01%
02081G201,ATEC,Alphatec Holdings Inc,12275,1300,128K,13.56K,+11.8%,<.01%
832696405,SJM,J M Smucker Co/The,4463,118,487K,12.88K,+2.7%,<.01%
74965L101,RLJ,RLJ Lodging Trust,23318,1324,225K,12.78K,+6%,<.01%
379577208,GMED,Globus Medical Inc,45922,183,3.15M,12.53K,+0.4%,<.01%
91325V108,UNIT,Uniti Group Inc,50294,4271,147K,12.48K,+9.3%,<.01%
014491104,ALEX,Alexander & Baldwin Inc,11136,733,189K,12.44K,+7%,<.01%
M78673114,PERI,Perion Network Ltd,16540,1468,138K,12.25K,+9.7%,<.01%
26622P107,DOCS,Doximity Inc,2590,427,72K,11.87K,+19.7%,<.01%
292104106,ESRT,Empire State Realty Trust Inc,23718,1221,222K,11.43K,+5.4%,<.01%
655663102,NDSN,Nordson Corp,7724,49,1.79M,11.37K,+0.6%,<.01%
69924R108,PGRE,Paramount Group Inc,33719,2202,156K,10.19K,+7%,<.01%
554489104,VRE,VERIS RESIDENTIAL INC,12011,663,180K,9.94K,+5.8%,<.01%
457730109,INSP,Inspire Medical Systems Inc,1029,72,138K,9.66K,+7.5%,<.01%
911163103,UNFI,United Natural Foods Inc,6584,716,86K,9.35K,+12.2%,<.01%
65341D102,NXRT,NexPoint Residential Trust Inc,3473,236,137K,9.31K,+7.3%,<.01%
46132X101,OIA,Invesco Municipal Income Opportunities,205079,1430,1.3M,9.08K,+0.7%,<.01%
03748R747,AIV,Apartment Investment and Management Co,21763,1081,180K,8.94K,+5.2%,<.01%
105368203,BDN,Brandywine Realty Trust,30001,1976,134K,8.83K,+7.1%,<.01%
913903100,UHS,Universal Health Services Inc,1160,47,215K,8.71K,+4.2%,<.01%
60871R209,TAP,Molson Coors Beverage Co,11166,169,568K,8.6K,+1.5%,<.01%
G4412G101,HLF,Herbalife Nutrition Ltd,8684,808,90K,8.37K,+10.3%,<.01%
81761L102,SVC,Service Properties Trust,25240,1586,130K,8.17K,+6.7%,<.01%
773122106,RKLB,Rocket Lab USA Inc,98458,1568,473K,7.53K,+1.6%,<.01%
15202L107,CSR,Centerspace,2279,111,154K,7.5K,+5.1%,<.01%
637870106,NSA,National Storage Affiliates Trust,11040,180,455K,7.42K,+1.7%,<.01%
444097109,HPP,Hudson Pacific Properties Inc,24319,1492,117K,7.18K,+6.5%,<.01%
720190206,PDM,Piedmont Office Realty Trust Inc,22222,915,161K,6.63K,+4.3%,<.01%
20369C106,CHCT,Community Healthcare Trust Inc,4106,279,96K,6.52K,+7.3%,<.01%
984017103,XHR,Xenia Hotels & Resorts Inc,15599,454,224K,6.52K,+3%,<.01%
M85548101,SSYS,Stratasys Ltd,19446,769,163K,6.45K,+4.1%,<.01%
866082100,INN,Summit Hotel Properties Inc,16057,1026,96K,6.13K,+6.8%,<.01%
47759T100,JKS,JinkoSolar Holding Co Ltd,13705,290,284K,6.01K,+2.2%,<.01%
92556H206,PSKY,Paramount Global,141837,536,1.47M,5.57K,+0.4%,<.01%
04208T108,AHRT,Armada Hoffler Properties Inc,10152,490,113K,5.45K,+5.1%,<.01%
00857U107,AGL,agilon health Inc,1732,809,11K,5.14K,+87.6%,<.01%
05465P101,AXNX,Axonics Inc,2363,76,159K,5.11K,+3.3%,<.01%
G29183103,ETN,Eaton Corp PLC,1031,16,323K,5.01K,+1.6%,<.01%
464287721,IYW,iShares US Technology ETF,32,32,5K,5K,NEW,<.01%
7591EP100,RF,Regions Financial Corp,23722,247,475K,4.95K,+1.1%,<.01%
844895102,SWX,Southwest Gas Holdings Inc,694,64,49K,4.52K,+10.2%,<.01%
465741106,ITRI,Itron Inc,444,44,44K,4.36K,+11%,<.01%
644393100,NFE,New Fortress Energy Inc,1985,180,44K,3.99K,+10%,<.01%
29415F104,NVST,Envista Holdings Corp,7796,239,130K,3.99K,+3.2%,<.01%
024013104,AAT,American Assets Trust Inc,8225,154,184K,3.45K,+1.9%,<.01%
532746104,LMNR,Limoneira Co,2117,164,44K,3.41K,+8.4%,<.01%
46590V100,JBGS,JBG SMITH Properties,14886,191,227K,2.91K,+1.3%,<.01%
817070501,SENEA,Seneca Foods Corp,595,46,34K,2.63K,+8.4%,<.01%
63888U108,NGVC,Natural Grocers by Vitamin Cottage Inc,2368,121,50K,2.55K,+5.4%,<.01%
128246105,CVGW,Calavo Growers Inc,2062,102,47K,2.32K,+5.2%,<.01%
90184D100,TWST,Twist Bioscience Corp,660,46,33K,2.3K,+7.5%,<.01%
489398107,KW,Kennedy-Wilson Holdings Inc,17397,231,169K,2.24K,+1.3%,<.01%
45826J105,NTLA,Intellia Therapeutics Inc,2188,85,49K,1.9K,+4%,<.01%
90400D108,RARE,Ultragenyx Pharmaceutical Inc,1944,36,80K,1.48K,+1.9%,<.01%
15961R105,CHPT,ChargePoint Holdings Inc,4116,946,6K,1.38K,+29.8%,<.01%
26922A420,QTUM,Defiance Quantum ETF,129,21,8K,1.3K,+19.4%,<.01%
864482104,SPH,Suburban Propane Partners LP,620,56,12K,1.08K,+9.9%,<.01%
02361E108,AMRC,Ameresco Inc,332,31,10K,933.73,+10.3%,<.01%
157210105,CEVA,Ceva Inc,5557,42,107K,808.71,+0.8%,<.01%
61218C103,MNTK,Montauk Renewables Inc,1391,126,8K,724.66,+10%,<.01%
86745K104,NOVAQ,Sunnova Energy International Inc,1200,122,7K,711.67,+11.3%,<.01%
761624105,REX,REX American Resources Corp,169,15,8K,710.06,+9.7%,<.01%
69047Q102,OVV,Ovintiv Inc,2936,13,138K,611.04,+0.4%,<.01%
64110Y108,NLOP,NET Lease Office Properties,386,23,10K,595.85,+6.3%,<.01%
02217A102,AMPS,Altus Power Inc,1547,147,6K,570.14,+10.5%,<.01%
184499101,CLNE,Clean Energy Fuels Corp,2161,198,6K,549.75,+10.1%,<.01%
35952H601,FCEL,FuelCell Energy Inc,4811,844,3K,526.29,+21.3%,<.01%
867652406,,SunPower Corp,1698,156,5K,459.36,+10.1%,<.01%
78397Q109,SES,SES AI Corp,3031,321,4K,423.62,+11.8%,<.01%
92189H409,HYD,VanEck High Yield Muni ETF,595,8,31K,416.81,+1.4%,<.01%
98980G102,ZS,Zscaler Inc,799,2,154K,385.48,+0.3%,<.01%
30052F100,EVGO,EVgo Inc,1028,116,3K,338.52,+12.7%,<.01%
92189F536,MLN,VanEck Long Muni ETF,1153,12,21K,218.56,+1.1%,<.01%
92189H201,ITM,VanEck Intermediate Muni ETF,656,4,30K,182.93,+0.6%,<.01%
92189F460,XMPT,VanEck CEF Muni Income ETF,750,8,17K,181.33,+1.1%,<.01%
63008G203,NNDM,Nano Dimension Ltd,76198,14,168K,30.87,+0%,<.01%
98149E303,GLDM,SPDR Gold MiniShares Trust,659993,0,30.42M,0,NO CHANGE,0.04%
92189H854,MBBB,Vaneck Moody's Analytics BBB Corporate,327000,0,6.9M,0,NO CHANGE,<.01%
92189H102,DURA,VanEck Durable High Dividend ETF,151046,0,4.79M,0,NO CHANGE,<.01%
92189H821,DAPP,VanEck Digital Transformation ETF,375000,0,4.5M,0,NO CHANGE,<.01%
92189Y501,CMCI,Vaneck Cmci Commodity Strategy Etf,90000,0,2.31M,0,NO CHANGE,<.01%
92189H813,SMI,VanEck HIP Sustainable Muni ETF,50000,0,2.3M,0,NO CHANGE,<.01%
92189Y105,MOTE,Vaneck Morningstar ESG Moat ETF,50000,0,1.31M,0,NO CHANGE,<.01%
36118L106,FUTU,Futu Holdings Ltd,18000,0,1.18M,0,NO CHANGE,<.01%
91531W106,TIGR,Up Fintech Holding Ltd,74181,0,312K,0,NO CHANGE,<.01%
464285204,IAU,iShares Gold Trust,6254,0,275K,0,NO CHANGE,<.01%
8676EP108,STKL,SunOpta Inc,14363,0,78K,0,NO CHANGE,<.01%
92189F353,HYEM,VanEck Emerging Markets High Yield Bond,3679,0,70K,0,NO CHANGE,<.01%
92189F411,BIZD,VanEck BDC Income ETF,3996,0,68K,0,NO CHANGE,<.01%
92189F429,PFXF,VanEck Preferred Securities ex Financia,3795,0,66K,0,NO CHANGE,<.01%
450056106,IRTC,iRhythm Technologies Inc,608,0,65K,0,NO CHANGE,<.01%
77634L105,,R1 RCM Inc,5140,0,65K,0,NO CHANGE,<.01%
344419106,FMX,Fomento Economico Mexicano SAB de CV,496,0,53K,0,NO CHANGE,<.01%
03152W109,FOLD,Amicus Therapeutics Inc,4564,0,45K,0,NO CHANGE,<.01%
L44385109,GLOB,Globant SA,245,0,44K,0,NO CHANGE,<.01%
256135203,RDY,Dr Reddy's Laboratories Ltd,501,0,38K,0,NO CHANGE,<.01%
87918A105,TDOC,Teladoc Health Inc,3817,0,37K,0,NO CHANGE,<.01%
64049M209,NEO,NeoGenomics Inc,2506,0,35K,0,NO CHANGE,<.01%
97717X669,DGRW,WisdomTree U.S. Quality Dividend Growth,426,0,33K,0,NO CHANGE,<.01%
33741X102,SDVY,First Trust SMID Cap Rising Dividend Ac,963,0,32K,0,NO CHANGE,<.01%
97717X594,IHDG,WisdomTree International Hedged Quality,706,0,32K,0,NO CHANGE,<.01%
36315X101,LKFT,Galapagos NV,1209,0,30K,0,NO CHANGE,<.01%
68213N109,OMCL,Omnicell Inc,1049,0,28K,0,NO CHANGE,<.01%
71944F106,PHR,Phreesia Inc,1164,0,25K,0,NO CHANGE,<.01%
98980A105,ZTO,ZTO Express Cayman Inc,1135,0,24K,0,NO CHANGE,<.01%
465562106,ITUB,Itau Unibanco Holding SA,3602,0,21K,0,NO CHANGE,<.01%
400506101,PAC,Grupo Aeroportuario del Pacifico SAB de,131,0,20K,0,NO CHANGE,<.01%
56600D107,MRVI,Maravai LifeSciences Holdings Inc,2853,0,20K,0,NO CHANGE,<.01%
92189H730,SMOT,Vaneck Morningstar SMID Moat ETF,548,0,18K,0,NO CHANGE,<.01%
22266T109,CPNG,Coupang Inc,767,0,16K,0,NO CHANGE,<.01%
92204A702,VGT,Vanguard Information Technology ETF,22,0,13K,0,NO CHANGE,<.01%
37954Y632,AIQ,Global X Artificial Intelligence & Tech,329,0,12K,0,NO CHANGE,<.01%
81369Y803,XLK,Technology Select Sector SPDR Fund,53,0,12K,0,NO CHANGE,<.01%
N2451R105,CVAC,CureVac NV,3460,0,12K,0,NO CHANGE,<.01%
92189F593,MOTI,VanEck Morningstar International Moat E,322,0,10K,0,NO CHANGE,<.01%
37611X100,DNA.MX,Ginkgo Bioworks Holdings Inc,25506,0,9K,0,NO CHANGE,<.01%
92189F114,ESPO,VanEck Video Gaming and eSports ETF,84,0,6K,0,NO CHANGE,<.01%
922042858,VWO,Vanguard FTSE Emerging Markets ETF,141,0,6K,0,NO CHANGE,<.01%
39813G109,GDYN,Grid Dynamics Holdings Inc,521,0,5K,0,NO CHANGE,<.01%
92189F387,SHYD,VanEck Short High Yield MuniETF,232,0,5K,0,NO CHANGE,<.01%
92189F841,HAP,VanEck Natural Resources ETF,108,0,5K,0,NO CHANGE,<.01%
80880W106,SCLX,Scilex Holding Co,1610,0,2K,0,NO CHANGE,<.01%
92189F767,GLIN,VanEck India Growth Leaders ETF,32,0,2K,0,NO CHANGE,<.01%
92189H789,DGIN,Vaneck Digital India ETF,38,0,2K,0,NO CHANGE,<.01%
92189F437,ANGL,VanEck Fallen Angel High Yield Bond ETF,10314,-11,292K,-311.42,-0.1%,<.01%
518613203,LAUR,Laureate Education Inc,1496,-22,22K,-323.53,-1.4%,<.01%
92189Y402,IBOT,VanEck Robotics ETF,307,-8,14K,-364.82,-2.5%,<.01%
92189F692,PPH,VanEck Pharmaceutical ETF,25,-5,2K,-400,-16.7%,<.01%
934423104,WBD,Warner Bros Discovery Inc,87536,-83,651K,-617.27,-0.1%,<.01%
M6372Q113,KRNT,Kornit Digital Ltd,13665,-48,200K,-702.52,-0.4%,<.01%
92189F726,BBH,VanEck Biotech ETF,14,-7,2K,-1K,-33.3%,<.01%
53960E205,LOCL,Local Bounti Corp,0,-427,0,-1K,CLOSE,0%
92189F502,SMOG,VanEck Low Carbon Energy ETF,21,-13,2K,-1.24K,-38.2%,<.01%
92189F676,SMH,VanEck Semiconductor ETF,52,-5,14K,-1.35K,-8.8%,<.01%
38046C109,GOGO,Gogo Inc,30156,-141,290K,-1.36K,-0.5%,<.01%
88025U109,TXG,10X Genomics Inc,2122,-111,41K,-2.14K,-5%,<.01%
40131M109,GH,Guardant Health Inc,2855,-83,82K,-2.38K,-2.8%,<.01%
07373V105,BEAM,Beam Therapeutics Inc,1040,-105,24K,-2.42K,-9.2%,<.01%
314211103,FHI,Federated Hermes Inc,816,-81,27K,-2.68K,-9%,<.01%
50202P105,,Li-Cycle Holdings Corp,0,-2760,0,-3K,CLOSE,0%
12769G100,CZR,Caesars Entertainment Inc,35691,-82,1.42M,-3.26K,-0.2%,<.01%
70014A104,PKE,Park Aerospace Corp,7942,-287,109K,-3.94K,-3.5%,<.01%
45765U103,NSIT,Insight Enterprises Inc,11638,-20,2.31M,-3.97K,-0.2%,<.01%
92942W107,KLG,WK Kellogg Co,0,-195,0,-4K,CLOSE,0%
114340102,AZTA,Azenta Inc,1048,-83,55K,-4.36K,-7.3%,<.01%
95058W100,WEN,Wendy's/Arby's Group Inc,2760,-271,47K,-4.61K,-8.9%,<.01%
25809K105,DASH,DoorDash Inc,37080,-47,4.03M,-5.11K,-0.1%,<.01%
25754A201,DPZ,Domino's Pizza Inc,551,-10,284K,-5.15K,-1.8%,<.01%
83175M205,SNN,Smith & Nephew PLC,7574,-215,188K,-5.34K,-2.8%,<.01%
835495102,SON,Sonoco Products Co,1078,-107,55K,-5.46K,-9%,<.01%
V7780T103,RCL,Royal Caribbean Cruises Ltd,1543,-36,246K,-5.74K,-2.3%,<.01%
423403104,MOMO,Hello Group Inc,7292,-948,45K,-5.85K,-11.5%,<.01%
405217100,HAIN,Hain Celestial Group Inc/The,8723,-878,60K,-6.04K,-9.1%,<.01%
04280A100,ARWR,Arrowhead Pharmaceuticals Inc,2978,-252,77K,-6.52K,-7.8%,<.01%
30050B101,EVH,Evolent Health Inc,2033,-345,39K,-6.62K,-14.5%,<.01%
87266J104,TPICQ,TPI Composites Inc,0,-2500,0,-7K,CLOSE,0%
92189H300,EMLC,VanEck J.P. Morgan EM Local Currency,0,-270,0,-7K,CLOSE,0%
74051N102,PINC,Premier Inc,2598,-372,49K,-7.02K,-12.5%,<.01%
128030202,CALM,Cal-Maine Foods Inc,4747,-118,290K,-7.21K,-2.4%,<.01%
45826H109,ITGR,Integer Holdings Corp,1286,-64,149K,-7.42K,-4.7%,<.01%
M6158M104,ITRN,Ituran Location and Control Ltd,3685,-303,91K,-7.48K,-7.6%,<.01%
05501U106,AZULQ,Azul SA,62856,-1907,251K,-7.62K,-2.9%,<.01%
354613101,BEN,Franklin Resources Inc,3811,-372,85K,-8.3K,-8.9%,<.01%
T9224W109,STVN,Stevanato Group SpA,25617,-455,470K,-8.35K,-1.7%,<.01%
440452100,HRL,Hormel Foods Corp,2882,-280,88K,-8.55K,-8.9%,<.01%
942622200,WSO,watsco inc,5918,-19,2.74M,-8.8K,-0.3%,<.01%
08862E109,BYND,Beyond Meat Inc,8510,-1379,57K,-9.24K,-13.9%,<.01%
70975L107,PEN,Penumbra Inc,3075,-54,553K,-9.71K,-1.7%,<.01%
294628102,EQC,Equity Commonwealth,2471,-513,48K,-9.97K,-17.2%,<.01%
464287432,TLT,iShares 20 Year Treasury Bond ETF,0,-106,0,-10K,CLOSE,0%
68389X105,ORCL,Oracle Corp,29685,-72,4.19M,-10.17K,-0.2%,<.01%
913837100,USAP,Universal Stainless & Alloy Products In,29998,-424,821K,-11.6K,-1.4%,<.01%
783754104,RYZ,Ryerson Holding Corp,37361,-598,729K,-11.67K,-1.6%,<.01%
78349D107,RXST,RxSight Inc,2383,-195,143K,-11.7K,-7.6%,<.01%
879369106,TFX,TELEFLEX INC,3351,-59,705K,-12.41K,-1.7%,<.01%
68162K106,ZEUS,Olympic Steel Inc,12113,-309,543K,-13.85K,-2.5%,<.01%
464287465,EFA,iShares MSCI EAFE ETF,0,-179,0,-14K,CLOSE,0%
29261A100,EHC,Encompass Health Corp,9835,-174,844K,-14.93K,-1.7%,<.01%
40637H109,HALO,Halozyme Therapeutics Inc,18017,-320,943K,-16.75K,-1.7%,<.01%
493267108,KEY,KeyCorp,7572,-1233,108K,-17.59K,-14%,<.01%
65341B106,XIFR,NextEra Energy Partners LP,905,-648,25K,-17.9K,-41.7%,<.01%
69404D108,PACB,Pacific Biosciences of California Inc,0,-4916,0,-18K,CLOSE,0%
88033G407,THC,Tenet Healthcare Corp,7619,-136,1.01M,-18.1K,-1.8%,<.01%
86722A103,SXC,SunCoke Energy Inc,91482,-1997,897K,-19.58K,-2.1%,<.01%
015658107,ASTL,Algoma Steel Group Inc,113204,-2884,788K,-20.08K,-2.5%,<.01%
74767V109,QS,QuantumScape Corp,115143,-4227,567K,-20.82K,-3.5%,<.01%
69036R863,SFGRX,Overseas Shipholding Group Inc,15727,-2593,133K,-21.93K,-14.2%,<.01%
G9470A102,VTEX,VTEX,25348,-3075,184K,-22.32K,-10.8%,<.01%
585464100,MLCO,Melco Resorts & Entertainment Ltd,36474,-3168,272K,-23.62K,-8%,<.01%
72200R107,PMF,PIMCO Municipal Income Fund,114667,-2653,1.05M,-24.32K,-2.3%,<.01%
887399103,MTUS,TimkenSteel Corp,47726,-1246,967K,-25.25K,-2.5%,<.01%
205887102,CAG,Conagra Brands Inc,15169,-889,431K,-25.26K,-5.5%,<.01%
502431109,LHX,L3Harris Technologies Inc,1159,-113,260K,-25.35K,-8.9%,<.01%
707569109,PENN,Penn National Gaming Inc,22236,-1346,430K,-26.03K,-5.7%,<.01%
464289438,IWY,iShares Russell Top 200 Growth ETF,0,-136,0,-27K,CLOSE,0%
49271V100,KDP,Keurig Dr Pepper Inc,8384,-817,280K,-27.29K,-8.9%,<.01%
174610105,CFG,Citizens Financial Group Inc,5969,-761,215K,-27.41K,-11.3%,<.01%
464289420,IWX,iShares Russell Top 200 Value ETF,0,-366,0,-28K,CLOSE,0%
G16258108,BEP,Brookfield Renewable Partners LP,0,-1200,0,-28K,CLOSE,0%
852312305,STAA,STAAR Surgical Co,3085,-606,147K,-28.88K,-16.4%,<.01%
G0751N103,,Atlantica Sustainable Infrastructure PL,22354,-1320,491K,-28.99K,-5.6%,<.01%
78440X887,SLG,SL Green Realty Corp,27889,-516,1.58M,-29.23K,-1.8%,<.01%
62944T105,NVR,NVR Inc,683,-4,5.18M,-30.35K,-0.6%,<.01%
00206R102,T,AT&T Inc,370252,-1589,7.08M,-30.37K,-0.4%,0.01%
05577W200,DOO,BRP Inc,8030,-483,515K,-30.98K,-5.7%,<.01%
G9451V109,VINP,Vinci Partners Investments Ltd,11509,-2873,125K,-31.2K,-20%,<.01%
264147109,DCO,Ducommun Inc,4578,-542,266K,-31.49K,-10.6%,<.01%
72815L107,PLTK,Playtika Holding Corp,21050,-4071,166K,-32.1K,-16.2%,<.01%
87165B103,SYF,Synchrony Financial,14806,-697,699K,-32.91K,-4.5%,<.01%
92189F643,MOAT,VanEck Morningstar Wide Moat ETF,139,-392,12K,-33.84K,-73.8%,<.01%
89346D107,TAC,TransAlta Corp,77555,-4914,549K,-34.79K,-6%,<.01%
23331A109,DHI,DR Horton Inc,51783,-262,7.3M,-36.92K,-0.5%,0.01%
58463J304,MPT,Medical Properties Trust Inc,224362,-8833,967K,-38.07K,-3.8%,<.01%
133131102,CPT,Camden Property Trust,44952,-355,4.91M,-38.74K,-0.8%,<.01%
142339100,CSL,Carlisle Cos Inc,6969,-96,2.82M,-38.9K,-1.4%,<.01%
368736104,GNRC,Generac Holdings Inc,0,-310,0,-39K,CLOSE,0%
982104101,WS,Worthington Steel Inc,54822,-1237,1.83M,-41.27K,-2.2%,<.01%
277276101,EGP,EastGroup Properties Inc,17967,-243,3.06M,-41.33K,-1.3%,<.01%
952845105,WFG,West Fraser Timber Co Ltd,4660,-541,358K,-41.56K,-10.4%,<.01%
68375N103,OPK,Opko Health Inc,105716,-33447,132K,-41.76K,-24%,<.01%
08579W103,BERY,Berry Plastics Group Inc,0,-696,0,-42K,CLOSE,0%
205826209,CMTL,Comtech Telecommunications Corp,0,-12156,0,-42K,CLOSE,0%
88830M102,TWI,Titan International Inc,0,-3380,0,-42K,CLOSE,0%
92189F106,GDX,VanEck Gold Miners ETF/USA,33225,-1248,1.13M,-42.33K,-3.6%,<.01%
59124U605,MTA,Metalla Royalty & Streaming Ltd,4487232,-15371,12.47M,-42.73K,-0.3%,0.02%
929042109,VNO,Vornado Realty Trust,70650,-1685,1.86M,-44.31K,-2.3%,<.01%
59522J103,MAA,Mid-America Apartment Communities Inc,49001,-315,6.99M,-44.92K,-0.6%,<.01%
377322102,GKOS,Glaukos Corp,1457,-381,172K,-44.98K,-20.7%,<.01%
201723103,CMC,Commercial Metals Co,138297,-844,7.61M,-46.41K,-0.6%,0.01%
125141101,CECO,Ceco Environmental Corp,67074,-1629,1.94M,-46.99K,-2.4%,<.01%
23703Q203,DQ,Daqo New Energy Corp,17893,-3599,261K,-52.5K,-16.7%,<.01%
494368103,KMB,Kimberly-Clark Corp,3916,-382,541K,-52.77K,-8.9%,<.01%
637417106,NNN,National Retail Properties Inc,59689,-1265,2.54M,-53.89K,-2.1%,<.01%
09254G108,MQT,BlackRock MuniYield Quality Fund II Inc,166360,-5310,1.71M,-54.64K,-3.1%,<.01%
374689107,ROCK,Gibraltar Industries Inc,33154,-815,2.27M,-55.88K,-2.4%,<.01%
69888T207,PARR,Par Pacific Holdings Inc,14036,-2233,354K,-56.32K,-13.7%,<.01%
67421J108,,Oatly Group AB,45401,-60862,43K,-57.64K,-57.3%,<.01%
278768106,ECHO,EchoStar Corp,32609,-3237,581K,-57.67K,-9%,<.01%
16411R208,LNG,Cheniere Energy Inc,105394,-330,18.43M,-57.69K,-0.3%,0.03%
29414B104,EPAM,EPAM Systems Inc,8594,-307,1.62M,-57.76K,-3.4%,<.01%
G01125106,AFYA,Afya Ltd,8231,-3375,145K,-59.46K,-29.1%,<.01%
72201A103,XPMQX,PIMCO Municipal Income Fund III,196080,-7688,1.54M,-60.58K,-3.8%,<.01%
695156109,PKG,Packaging Corp of America,12647,-332,2.31M,-60.61K,-2.6%,<.01%
65345N106,NN,NextNav Inc,19464,-7729,158K,-62.74K,-28.4%,<.01%
24610T108,VFL,abrdn National Municipal Income Fund,102587,-5982,1.08M,-63.15K,-5.5%,<.01%
14040H105,COF,Capital One Financial Corp,38116,-457,5.28M,-63.27K,-1.2%,<.01%
G45667105,,Hollysys Automation Technologies Ltd,0,-2489,0,-64K,CLOSE,0%
32054K103,FR,First Industrial Realty Trust Inc,46502,-1365,2.21M,-64.84K,-2.9%,<.01%
681936100,OHI,Omega Healthcare Investors Inc,86778,-1915,2.97M,-65.59K,-2.2%,<.01%
82489W107,SHLS,Shoals Technologies Group Inc,129291,-10572,806K,-65.91K,-7.6%,<.01%
464287226,AGG,iShares Core U.S. Aggregate Bond ETF,0,-684,0,-67K,CLOSE,0%
477839104,JBTM,John Bean Technologies Corp,0,-642,0,-67K,CLOSE,0%
45167R104,IEX,IDEX Corp,10838,-339,2.18M,-68.22K,-3%,<.01%
G8232Y101,PENG,SMART Global Holdings Inc,15623,-2993,357K,-68.39K,-16.1%,<.01%
M51474118,GILT,Gilat Satellite Networks Ltd,22359,-15535,100K,-69.48K,-41%,<.01%
008492100,ADC,Agree Realty Corp,37470,-1142,2.32M,-70.74K,-3%,<.01%
876030107,TPR,Tapestry Inc,103691,-1670,4.44M,-71.46K,-1.6%,<.01%
313745101,FRT,Federal Realty Investment Trust,31378,-733,3.17M,-74.01K,-2.3%,<.01%
962166104,WY,Weyerhaeuser Co,53650,-2616,1.52M,-74.26K,-4.6%,<.01%
L00849106,AGRO,adecoagro sa,26754,-7771,260K,-75.52K,-22.5%,<.01%
G4863A108,BRSL,International Game Technology PLC,23999,-3810,491K,-77.95K,-13.7%,<.01%
530307305,LBRDK,Liberty Broadband Corp,0,-1371,0,-78K,CLOSE,0%
875372203,TNDM,Tandem Diabetes Care Inc,4151,-1947,167K,-78.33K,-31.9%,<.01%
103304101,BYD,Boyd Gaming Corp,13154,-1451,725K,-79.97K,-9.9%,<.01%
29275Y102,ENS,EnerSys,10125,-811,1.05M,-83.94K,-7.4%,<.01%
679580100,ODFL,Old Dominion Freight Line Inc,37733,-477,6.66M,-84.24K,-1.2%,<.01%
42226K105,HR,Healthcare Realty Trust Inc,153084,-5155,2.52M,-84.96K,-3.3%,<.01%
M87915274,TSEM,Tower Semiconductor Ltd,33158,-2240,1.3M,-88.02K,-6.3%,<.01%
89377M109,TMDX,TransMedics Group Inc,1179,-584,178K,-88.17K,-33.1%,<.01%
09254J102,MUA,BlackRock MuniAssets Fund Inc,165743,-7722,1.92M,-89.59K,-4.5%,<.01%
G3421J106,,Ferguson PLC,38072,-463,7.37M,-89.66K,-1.2%,0.01%
136635109,CSIQ,Canadian Solar Inc,50137,-6189,739K,-91.22K,-11%,<.01%
723762100,XPMAX,Pioneer Municipal High Income Advantage,178394,-11109,1.47M,-91.23K,-5.9%,<.01%
11120U105,BRX,Brixmor Property Group Inc,120764,-4070,2.79M,-93.96K,-3.3%,<.01%
85254J102,STAG,STAG Industrial Inc,73109,-2617,2.64M,-94.36K,-3.5%,<.01%
535555106,LNN,Lindsay Corp,1203,-772,148K,-94.98K,-39.1%,<.01%
445658107,JBHT,JB Hunt Transport Services Inc,12086,-594,1.93M,-95.05K,-4.7%,<.01%
09254C107,MUE,BlackRock MuniHoldings Quality Fund II,180879,-9495,1.84M,-96.85K,-5%,<.01%
67062F100,NXP,Nuveen Select Tax-Free Income Portfolio,203394,-6739,2.95M,-97.64K,-3.2%,<.01%
013091103,ACI,Albertsons Cos Inc,0,-4593,0,-98K,CLOSE,0%
09248F109,BFK,BlackRock Municipal Income Trust,327572,-9625,3.35M,-98.29K,-2.9%,<.01%
G0457F107,ARCO,Arcos Dorados Holdings Inc,824011,-11008,7.42M,-99.07K,-1.3%,0.01%
76169C100,REXR,Rexford Industrial Realty Inc,87013,-2242,3.88M,-99.97K,-2.5%,<.01%
65342K105,NEXT,NextDecade Corp,31507,-13368,250K,-106.07K,-29.8%,<.01%
65339F101,NEE,NextEra Energy Inc,734990,-1501,52.05M,-106.29K,-0.2%,0.07%
09662W109,DMB,BNY Mellon Municipal Bond Infrastructur,152533,-10178,1.61M,-107.7K,-6.3%,<.01%
56585A102,MPC,Marathon Petroleum Corp,20588,-622,3.57M,-107.92K,-2.9%,<.01%
758849103,REG,Regency Centers Corp,69953,-1736,4.35M,-107.98K,-2.4%,<.01%
G97822103,PRGO,Perrigo Co PLC,106496,-4265,2.73M,-109.53K,-3.9%,<.01%
101121101,BXP,BOSTON PROPERTIES INC,61828,-1789,3.81M,-110.13K,-2.8%,<.01%
828806109,SPG,Simon Property Group Inc,137282,-727,20.84M,-110.36K,-0.5%,0.03%
98419M100,XYL,Xylem Inc/NY,6242,-843,847K,-114.39K,-11.9%,<.01%
229663109,CUBE,CubeSmart,84587,-2541,3.82M,-114.78K,-2.9%,<.01%
026874784,AIG,American International Group Inc,7210,-1580,535K,-117.24K,-18%,<.01%
02665T306,AMH,American Homes 4 Rent,127463,-3164,4.74M,-117.59K,-2.4%,<.01%
05589T104,DMF,BNY Mellon Municipal Income Inc,147851,-16542,1.06M,-118.93K,-10.1%,<.01%
09662E109,DSM,BNY Mellon Strategic Municipal Bond Fun,408395,-20551,2.43M,-122.08K,-4.8%,<.01%
030420103,AWK,American Water Works Co Inc,51752,-963,6.68M,-124.38K,-1.8%,<.01%
09253W104,MYD,BlackRock MuniYield Fund Inc,340163,-11562,3.69M,-125.46K,-3.3%,<.01%
09249N101,BLE,BlackRock Municipal Income Trust II,359345,-11618,3.88M,-125.61K,-3.1%,<.01%
M8737E108,,Taro Pharmaceutical Industries Ltd,0,-2977,0,-126K,CLOSE,0%
18539C204,CWEN,Clearway Energy Inc,62639,-5122,1.55M,-126.5K,-7.6%,<.01%
092479104,BYM,BlackRock Municipal Income Quality Trus,187480,-11044,2.15M,-126.59K,-5.6%,<.01%
723760104,MIO,Pioneer Municipal High Income Opportuni,122518,-10975,1.43M,-127.83K,-8.2%,<.01%
48020Q107,JLL,Jones Lang LaSalle Inc,11336,-627,2.33M,-128.71K,-5.2%,<.01%
723763108,MHI,Pioneer Municipal High Income Fund Trus,165818,-14089,1.52M,-128.81K,-7.8%,<.01%
82835P103,SVM,Silvercorp Metals Inc,8710930,-38423,29.27M,-129.1K,-0.4%,0.04%
526057104,LEN,LENNAR CORP,39652,-898,5.94M,-134.59K,-2.2%,<.01%
368036109,GATO,Gatos Silver Inc,1750081,-13407,18.27M,-139.97K,-0.8%,0.03%
24665A103,DK,Delek US Holdings Inc,12035,-5713,298K,-141.46K,-32.2%,<.01%
G8473T100,STE,STERIS PLC,13815,-656,3.03M,-144.02K,-4.5%,<.01%
98422D105,XPEV,XPeng Inc,212189,-20239,1.55M,-148.32K,-8.7%,<.01%
92936U109,WPC,WP Carey Inc,88324,-2752,4.86M,-151.52K,-3%,<.01%
412822108,HOG,Harley-Davidson Inc,179556,-4574,6.02M,-153.4K,-2.5%,<.01%
13646K108,CP,Canadian Pacific Railway Ltd,255015,-2016,20.09M,-158.78K,-0.8%,0.03%
902653104,UDR,UDR INC,129978,-3927,5.35M,-161.61K,-2.9%,<.01%
05588W108,LEO,BNY Mellon Strategic Municipals Inc,517157,-26483,3.17M,-162.08K,-4.9%,<.01%
09262G108,BMN,BlackRock 2037 Municipal Target Term Tr,31278,-6659,773K,-164.57K,-17.6%,<.01%
058498106,BALL,Ball Corp,8128,-2774,488K,-166.55K,-25.4%,<.01%
23345M107,DTM,DT Midstream Inc,28031,-2373,1.99M,-168.55K,-7.8%,<.01%
02005N100,ALLY,Ally Financial Inc,0,-4238,0,-172K,CLOSE,0%
80874P109,LNWO,Light & Wonder Inc,12490,-1648,1.31M,-172.85K,-11.7%,<.01%
09247D105,BKN,BlackRock Investment Quality Municipal,89633,-14455,1.07M,-173.04K,-13.9%,<.01%
01864U106,AFB,AllianceBernstein National Municipal In,234895,-15638,2.61M,-173.76K,-6.2%,<.01%
49446R109,KIM,Kimco Realty Corp,269907,-8966,5.25M,-174.47K,-3.2%,<.01%
90353T100,UBER,Uber Technologies Inc,5452,-2453,396K,-178.17K,-31%,<.01%
42250P103,DOC,Healthpeak Properties Inc,284985,-9294,5.59M,-182.17K,-3.2%,<.01%
457790103,,Instructure Holdings Inc,7593,-7853,178K,-184.1K,-50.8%,<.01%
27826U108,EVN,Eaton Vance Municipal Income Trust,287579,-17877,2.98M,-185K,-5.9%,<.01%
253868103,DLR,Digital Realty Trust Inc,129897,-1245,19.75M,-189.3K,-0.9%,0.03%
00217D100,ASTS,AST SpaceMobile Inc,42907,-16458,498K,-191.02K,-27.7%,<.01%
48581R205,KSPI,Kaspi.KZ JSC,214298,-1500,27.65M,-193.52K,-0.7%,0.04%
866674104,SUI,Sun Communities Inc,51357,-1630,6.18M,-196.14K,-3.1%,<.01%
27829U105,ETX,Eaton Vance Municipal Income 2028 Term,45930,-10601,859K,-198.26K,-18.8%,<.01%
00827B106,AFRM,Affirm Holdings Inc,9771,-6586,295K,-198.84K,-40.3%,<.01%
912909108,X,United States Steel Corp,125960,-5299,4.76M,-200.29K,-4%,<.01%
23918K108,DVA,DaVita Inc,5562,-1482,771K,-205.43K,-21%,<.01%
640491106,NEOG,Neogen Corp,406523,-13220,6.35M,-206.63K,-3.1%,<.01%
171484108,CHDN,Churchill Downs Inc,10702,-1483,1.49M,-207.03K,-12.2%,<.01%
92766K106,SPCE.MX,Virgin Galactic Holdings Inc,0,-141956,0,-210K,CLOSE,0%
73939C106,PWSC,PowerSchool Holdings Inc,5819,-9628,130K,-215.1K,-62.3%,<.01%
83200N103,SMAR,Smartsheet Inc,48163,-4911,2.12M,-216.47K,-9.3%,<.01%
629377508,NRG,NRG ENERGY INC,0,-3207,0,-217K,CLOSE,0%
92338C103,VLTO,Veralto Corp,81955,-2273,7.83M,-217.02K,-2.7%,0.01%
46187W107,INVH,Invitation Homes Inc,230714,-6058,8.28M,-217.41K,-2.6%,0.01%
009066101,ABNB,Airbnb Inc,1585,-1437,240K,-217.59K,-47.6%,<.01%
95766M105,MMU,Western Asset Managed Municipals Fund I,409453,-21245,4.24M,-219.89K,-4.9%,<.01%
345370860,F,Ford Motor Co,118075,-17784,1.48M,-222.91K,-13.1%,<.01%
95040Q104,WELL,Welltower Inc,237539,-2160,24.76M,-225.18K,-0.9%,0.04%
896239100,TRMB,Trimble Inc,0,-3532,0,-227K,CLOSE,0%
24703L202,DELL,Dell Technologies Inc,8535,-1651,1.18M,-227.68K,-16.2%,<.01%
37045V100,GM,General Motors Co,33369,-4965,1.55M,-230.63K,-13%,<.01%
09254F100,MQY,BlackRock MuniYield Quality Fund Inc,418472,-19236,5.14M,-236.23K,-4.4%,<.01%
83406F102,SOFI,SoFi Technologies Inc,252538,-35900,1.67M,-237.26K,-12.4%,<.01%
297178105,ESS,Essex Property Trust Inc,26155,-876,7.12M,-238.43K,-3.2%,0.01%
001055102,AFL,Aflac Inc,87827,-2678,7.84M,-239.18K,-3%,0.01%
015271109,ARE,Alexandria Real Estate Equities Inc,66337,-2052,7.76M,-240.01K,-3%,0.01%
46132E103,VKI,Invesco Advantage Municipal Income Trus,326380,-28631,2.9M,-253.96K,-8.1%,<.01%
92276F100,VTR,Ventas Inc,165244,-4966,8.47M,-254.54K,-2.9%,0.01%
29472R108,ELS,Equity LifeStyle Properties Inc,72631,-3922,4.73M,-255.42K,-5.1%,<.01%
29476L107,EQR,Equity Residential,148517,-3695,10.3M,-256.21K,-2.4%,0.01%
09253R105,MVF,BlackRock MuniVest Fund Inc,464790,-36567,3.33M,-262.22K,-7.3%,<.01%
353469109,FC,Franklin Covey Co,0,-6794,0,-267K,CLOSE,0%
09253N104,MHD,BlackRock MuniHoldings Fund Inc,389242,-22167,4.71M,-268K,-5.4%,<.01%
482497104,BEKE,KE Holdings Inc,719539,-19319,10.18M,-273.35K,-2.6%,0.01%
55087P104,LYFT,Lyft Inc,293112,-20031,4.13M,-282.45K,-6.4%,<.01%
031162100,AMGN,Amgen Inc,266873,-911,83.39M,-284.64K,-0.3%,0.12%
50540R409,,Laboratory Corp of America Holdings,0,-1305,0,-285K,CLOSE,0%
50212V100,LPLA,LPL Financial Holdings Inc,22566,-1023,6.3M,-285.74K,-4.3%,<.01%
090043100,BILL,BILL Holdings Inc,0,-4189,0,-288K,CLOSE,0%
256677105,DG,Dollar General Corp,22020,-2223,2.91M,-293.98K,-9.2%,<.01%
55616P104,M,Macy's Inc,0,-14981,0,-299K,CLOSE,0%
03676B102,AM,Antero Midstream Corp,87265,-20927,1.29M,-308.4K,-19.3%,<.01%
40415F101,HDB,HDFC Bank Ltd,183909,-5004,11.83M,-321.91K,-2.6%,0.02%
460146103,IP,International Paper Co,0,-8297,0,-324K,CLOSE,0%
147448104,CWST,Casella Waste Systems Inc,35053,-3268,3.48M,-324.16K,-8.5%,<.01%
674599105,OXY,Occidental Petroleum Corp,8233,-5264,519K,-331.84K,-39%,<.01%
92189H771,PIT,VanEck Commodity Strategy ETF,335773,-6740,16.62M,-333.55K,-2%,0.02%
46131M106,VGM,Invesco Trust for Investment Grade Muni,396714,-32992,4.07M,-338.81K,-7.7%,<.01%
36262G101,GXO,GXO Logistics Inc,0,-6334,0,-341K,CLOSE,0%
17888H103,CIVI,Bonanza Creek Energy Inc,26140,-5035,1.8M,-347.48K,-16.2%,<.01%
428103105,HESM,Hess Midstream LP,16694,-9773,608K,-355.94K,-36.9%,<.01%
46431W614,,iShares Gold Strategy ETF,14798,-5885,905K,-359.91K,-28.5%,<.01%
67058H102,,NuStar Energy LP,0,-15684,0,-365K,CLOSE,0%
93627C101,HCC,Warrior Met Coal Inc,119785,-5826,7.52M,-365.7K,-4.6%,0.01%
74762E102,PWR,Quanta Services Inc,337,-1440,86K,-367.48K,-81%,<.01%
690742101,OC,Owens Corning,36788,-2158,6.39M,-374.84K,-5.5%,<.01%
46132P108,IIM,Invesco Value Municipal Income Trust,344209,-31002,4.25M,-382.61K,-8.3%,<.01%
46131J103,VKQ,Invesco Municipal Trust,402909,-38758,4.01M,-386.03K,-8.8%,<.01%
70450Y103,PYPL,PayPal Holdings Inc,70649,-6659,4.1M,-386.35K,-8.6%,<.01%
89612W102,,Tricon Residential Inc,0,-35081,0,-390K,CLOSE,0%
880890108,TX,Ternium SA,109408,-10447,4.11M,-392.26K,-8.7%,<.01%
756109104,O,Realty Income Corp,355137,-7511,18.76M,-396.72K,-2.1%,0.03%
02319V103,ABEV,AMBEV SA,266874,-193803,547K,-397.23K,-42.1%,<.01%
053484101,AVB,AvalonBay Communities Inc,59015,-1932,12.21M,-399.72K,-3.2%,0.02%
56501R106,MFC,Manulife Financial Corp,265872,-15045,7.08M,-400.7K,-5.4%,0.01%
45784P101,PODD,Insulet Corp,6593,-1995,1.33M,-402.45K,-23.2%,<.01%
302130109,EXPD,Expeditors International of Washington,30100,-3229,3.76M,-402.93K,-9.7%,<.01%
148806102,CTLT,Catalent Inc,84441,-7179,4.75M,-403.67K,-7.8%,<.01%
925652109,VICI,VICI Properties Inc,535877,-14534,15.35M,-416.24K,-2.6%,0.02%
98954M200,Z,Zillow Group Inc,0,-8683,0,-424K,CLOSE,0%
38149E101,GLDG,GoldMining Inc,9079051,-474939,8.12M,-424.61K,-5%,0.01%
46132C107,VMO,Invesco Municipal Opportunity Trust,487254,-42413,4.91M,-427.56K,-8%,<.01%
025816109,AXP,American Express Co,47333,-1941,10.96M,-449.44K,-3.9%,0.02%
857477103,STT,State Street Corp,84588,-6134,6.26M,-453.88K,-6.8%,<.01%
67079X102,NDMO,Nuveen Dynamic Municipal Opportunities,259118,-42428,2.8M,-458.14K,-14.1%,<.01%
30225T102,EXR,Extra Space Storage Inc,86546,-2961,13.45M,-460.17K,-3.3%,0.02%
83056P715,SKE,Skeena Resources Ltd,4318753,-88089,23.17M,-472.68K,-2%,0.03%
609207105,MDLZ,Mondelez International Inc,128307,-7269,8.4M,-475.66K,-5.4%,0.01%
632307104,NTRA,Natera Inc,107968,-4531,11.69M,-490.63K,-4%,0.02%
921078101,OUNZ,VanEck Merk Gold Shares,885634,-21868,19.89M,-491.15K,-2.4%,0.03%
552953101,MGM,MGM Resorts International,41276,-11217,1.83M,-498.4K,-21.4%,<.01%
26142V105,DKNG,DraftKings Inc,85379,-13310,3.26M,-508.06K,-13.5%,<.01%
803607100,SRPT,Sarepta Therapeutics Inc,83106,-3223,13.13M,-509.2K,-3.7%,0.02%
09247X101,,BlackRock Inc,31179,-679,24.55M,-534.59K,-2.1%,0.03%
012653101,ALB,Albemarle Corp,296549,-5662,28.33M,-540.83K,-1.9%,0.04%
72200W106,PML,PIMCO Municipal Income Fund II,289785,-64216,2.47M,-547.79K,-18.1%,<.01%
83304A106,SNAP,Snap Inc,29301,-33060,487K,-549.48K,-53%,<.01%
83417M104,SEDG,SolarEdge Technologies Inc,70145,-22341,1.77M,-564.38K,-24.2%,<.01%
88160R101,TSLA,Tesla Inc,92101,-2897,18.23M,-573.26K,-3%,0.03%
549498103,LCID,Lucid Group Inc,670770,-226609,1.75M,-591.55K,-25.3%,<.01%
576323109,MTZ,MASTEC INC,92650,-5610,9.91M,-600.24K,-5.7%,0.01%
500688106,KOS,Kosmos Energy Ltd,2738995,-114386,15.17M,-633.7K,-4%,0.02%
931142103,WMT,Walmart Inc,262107,-9399,17.75M,-636.4K,-3.5%,0.03%
09257P105,BTT,BlackRock Municipal 2030 Target Term Tr,496553,-30786,10.31M,-639.4K,-5.8%,0.01%
12008R107,BLDR,Builders FirstSource Inc,18626,-4640,2.58M,-642.22K,-19.9%,<.01%
88162G103,TTEK,Tetra Tech Inc,36397,-3167,7.44M,-647.64K,-8%,0.01%
77543R102,ROKU,Roku Inc,6151,-11077,369K,-664.51K,-64.3%,<.01%
03750L109,AIRC,Apartment Income REIT Corp,0,-21211,0,-689K,CLOSE,0%
15135U109,CVE,Cenovus Energy Inc,733047,-35480,14.41M,-697.55K,-4.6%,0.02%
46133G107,IQI,Invesco Quality Municipal Income Trust,387632,-71581,3.85M,-710.03K,-15.6%,<.01%
66979W842,NMG,Nouveau Monde Graphite Inc,0,-318921,0,-730K,CLOSE,0%
36168Q104,GFL,GFL Environmental Inc,88792,-19115,3.46M,-744.22K,-17.7%,<.01%
09061G101,BMRN,BioMarin Pharmaceutical Inc,133522,-9315,10.99M,-766.91K,-6.5%,0.02%
718546104,PSX,Phillips 66,22923,-5483,3.24M,-774.03K,-19.3%,<.01%
172967424,C,Citigroup Inc,295163,-12539,18.73M,-795.72K,-4.1%,0.03%
68902V107,OTIS,Otis Worldwide Corp,59941,-8316,5.77M,-800.51K,-12.2%,<.01%
233368109,KTF,DWS Municipal Income Trust,227182,-86525,2.15M,-819.23K,-27.6%,<.01%
393222104,GPRE,Green Plains Inc,3315,-51999,53K,-831.36K,-94%,<.01%
896288107,TNET,TriNet Group Inc,40793,-8496,4.08M,-849.54K,-17.2%,<.01%
771049103,RBLX,ROBLOX Corp,1265466,-23207,47.09M,-863.53K,-1.8%,0.07%
65290E101,NXT,NEXTracker Inc,46364,-18483,2.17M,-866.66K,-28.5%,<.01%
69318G106,PBF,PBF Energy Inc,189566,-19020,8.72M,-875.32K,-9.1%,0.01%
000957100,ABM,ABM Industries Inc,61333,-17348,3.1M,-877.4K,-22%,<.01%
92343E102,VRSN,VERISIGN INC,22823,-4969,4.06M,-883.5K,-17.9%,<.01%
262037104,DRQ,Dril-Quip Inc,459258,-48425,8.54M,-900.68K,-9.5%,0.01%
146869102,CVNA,Carvana Co,4850,-7267,624K,-934.97K,-60%,<.01%
82489T104,SWAV,Shockwave Medical Inc,0,-3040,0,-990K,CLOSE,0%
184496107,CLH,Clean Harbors Inc,14069,-4379,3.18M,-990.4K,-23.7%,<.01%
12504L109,CBRE,CBRE Group Inc,7892,-11134,703K,-991.79K,-58.5%,<.01%
388689101,GPK,Graphic Packaging Holding Co,666130,-38400,17.46M,-1.01M,-5.5%,0.02%
92189F205,SLX,VanEck Steel ETF,21004,-15456,1.4M,-1.03M,-42.4%,<.01%
01741R102,ATI,ATI Inc,77683,-18720,4.31M,-1.04M,-19.4%,<.01%
92189H862,MIG,VanEck Moody's Analytics IG Corporate B,125524,-50056,2.64M,-1.05M,-28.5%,<.01%
043436104,ABG,Asbury Automotive Group Inc,21235,-4634,4.84M,-1.06M,-17.9%,<.01%
919794107,VLY,Valley National Bancorp,0,-147270,0,-1.17M,CLOSE,0%
58155Q103,MCK,McKesson Corp,62627,-2012,36.58M,-1.18M,-3.1%,0.05%
670682103,NMZ,Nuveen Municipal High Income Opportunit,564372,-109989,6.09M,-1.19M,-16.3%,<.01%
336433107,FSLR,First Solar Inc,43555,-5371,9.82M,-1.21M,-11%,0.01%
988498101,YUM,Yum! Brands Inc,82685,-9174,10.95M,-1.22M,-10%,0.02%
74340W103,PLD,Prologis Inc,406191,-11218,45.62M,-1.26M,-2.7%,0.06%
100557107,SAM,Boston Beer Co Inc/The,8481,-4420,2.59M,-1.35M,-34.3%,<.01%
197236102,COLB,Columbia Banking System Inc,0,-69911,0,-1.35M,CLOSE,0%
398905109,GPI,Group 1 Automotive Inc,0,-4713,0,-1.38M,CLOSE,0%
521865204,LEA,Lear Corp,17264,-12090,1.97M,-1.38M,-41.2%,<.01%
74347M108,PUMP,ProPetro Holding Corp,1120143,-159769,9.71M,-1.39M,-12.5%,0.01%
806407102,HSIC,Henry Schein Inc,0,-18546,0,-1.4M,CLOSE,0%
03076C106,AMP,Ameriprise Financial Inc,14972,-3307,6.4M,-1.41M,-18.1%,<.01%
16115Q308,GTLS,Chart Industries Inc,245113,-9851,35.38M,-1.42M,-3.9%,0.05%
12572Q105,CME,CME Group Inc,72689,-7258,14.29M,-1.43M,-9.1%,0.02%
27827X101,EIM,Eaton Vance Municipal Bond Fund,412865,-134958,4.37M,-1.43M,-24.6%,<.01%
053807103,AVT,Avnet Inc,0,-29389,0,-1.46M,CLOSE,0%
98850P109,YUMC,Yum China Holdings Inc,1510,-47887,46K,-1.46M,-96.9%,<.01%
929236107,WDFC,WD-40 Co,0,-5773,0,-1.46M,CLOSE,0%
067901108,B,Barrick Gold Corp,77414340,-87932,1.29B,-1.47M,-0.1%,1.8%
92189F700,MOO,VanEck Agribusiness ETF,11420,-20934,801K,-1.47M,-64.7%,<.01%
056752108,BIDU,Baidu Inc,29034,-17130,2.51M,-1.48M,-37.1%,<.01%
67070X101,NZF,Nuveen Municipal Credit Income Fund,1421894,-120728,17.56M,-1.49M,-7.8%,0.02%
343498101,FLO,Flowers Foods Inc,13517,-68062,300K,-1.51M,-83.4%,<.01%
28414H103,ELAN,Elanco Animal Health Inc,1052332,-107479,15.19M,-1.55M,-9.3%,0.02%
98980L101,ZM,Zoom Video Communications Inc,41268,-26202,2.44M,-1.55M,-38.8%,<.01%
12653C108,CNX,CNX Resources Corp,0,-65549,0,-1.55M,CLOSE,0%
749660106,RES,RPC Inc,2747795,-250610,17.17M,-1.57M,-8.4%,0.02%
718172109,PM,Philip Morris International Inc,2107136,-15593,213.52M,-1.58M,-0.7%,0.3%
21036P108,STZ,Constellation Brands Inc,49902,-6205,12.84M,-1.6M,-11.1%,0.02%
32020R109,FFIN,First Financial Bankshares Inc,0,-49132,0,-1.61M,CLOSE,0%
15677J108,DAY,Dayforce Inc,34373,-32703,1.71M,-1.62M,-48.8%,<.01%
74460D109,PSA,PUBLIC STORAGE,90198,-5876,25.95M,-1.69M,-6.1%,0.04%
44812J104,HUT,Hut 8 Corp,1148035,-112891,17.21M,-1.69M,-9%,0.02%
09253X102,MUI,BlackRock Municipal Income Fund Inc,413601,-138044,5.1M,-1.7M,-25%,<.01%
46655E100,DC,Dakota Gold Corp,2943268,-671197,7.5M,-1.71M,-18.6%,0.01%
686688102,ORA,Ormat Technologies Inc,398766,-24119,28.59M,-1.73M,-5.7%,0.04%
67071L106,NVG,Nuveen AMT-Free Municipal Credit Income,1436314,-141595,17.9M,-1.76M,-9%,0.03%
46434G848,PICK,iShares MSCI Global Metals & Mining Pro,0,-42692,0,-1.78M,CLOSE,0%
670657105,NEA,Nuveen AMT-Free Quality Municipal Incom,1568722,-156669,17.98M,-1.8M,-9.1%,0.03%
76954A103,RIVN,Rivian Automotive Inc,284046,-135599,3.81M,-1.82M,-32.3%,<.01%
87241L109,TFII,TFI International Inc,0,-11502,0,-1.83M,CLOSE,0%
87256C101,TKO,TKO Group Holdings Inc,0,-21234,0,-1.83M,CLOSE,0%
891092108,TTC,Toro Co/The,201638,-19645,18.86M,-1.84M,-8.9%,0.03%
67066V101,NAD,Nuveen Quality Municipal Income Fund,1521954,-157711,17.87M,-1.85M,-9.4%,0.03%
462222100,IONS,Ionis Pharmaceuticals Inc,50264,-40837,2.4M,-1.95M,-44.8%,<.01%
922475108,VEEV,Veeva Systems Inc,1923481,-10669,352.02M,-1.95M,-0.6%,0.5%
86771W105,RUN,Sunrun Inc,49219,-164922,584K,-1.96M,-77%,<.01%
58733R102,MELI,MercadoLibre Inc,23068,-1217,37.91M,-2M,-5%,0.05%
21867A105,CLB,Core Laboratories Inc,539877,-99194,10.95M,-2.01M,-15.5%,0.02%
743606105,PB,Prosperity Bancshares Inc,0,-30611,0,-2.01M,CLOSE,0%
055622104,BP,BP PLC,1191404,-56361,43.01M,-2.03M,-4.5%,0.06%
459200101,IBM,International Business Machines Corp,156156,-11786,27.01M,-2.04M,-7%,0.04%
75886F107,REGN,Regeneron Pharmaceuticals Inc,53394,-1945,56.12M,-2.04M,-3.5%,0.08%
89679M104,TFPM,Triple Flag Precious Metals Corp,3425517,-131967,53.1M,-2.05M,-3.7%,0.08%
05329W102,AN,AutoNation Inc,10295,-12911,1.64M,-2.06M,-55.6%,<.01%
278642103,EBAY,eBay Inc,47219,-38469,2.54M,-2.07M,-44.9%,<.01%
25179M103,DVN,Devon Energy Corp,69867,-43844,3.31M,-2.08M,-38.6%,<.01%
086516101,BBY,Best Buy Co Inc,93705,-24726,7.9M,-2.08M,-20.9%,0.01%
81762P102,NOW,ServiceNow Inc,12156,-2697,9.56M,-2.12M,-18.2%,0.01%
260003108,DOV,Dover Corp,21058,-11793,3.8M,-2.13M,-35.9%,<.01%
759509102,RS,Reliance Steel & Aluminum Co,19155,-7499,5.47M,-2.14M,-28.1%,<.01%
35137L105,FOXA,Fox Corp,0,-68908,0,-2.15M,CLOSE,0%
72147K108,PPC,Pilgrim's Pride Corp,1198519,-56125,46.13M,-2.16M,-4.5%,0.07%
67098H104,OI,O-I Glass Inc,0,-131044,0,-2.17M,CLOSE,0%
68634K106,ORLA,Orla Mining Ltd,7783241,-580443,29.89M,-2.23M,-6.9%,0.04%
655844108,NSC,Norfolk Southern Corp,19966,-10419,4.29M,-2.24M,-34.3%,<.01%
28176E108,EW,Edwards Lifesciences Corp,117753,-24329,10.88M,-2.25M,-17.1%,0.02%
457187102,INGR,Ingredion Inc,151139,-19771,17.34M,-2.27M,-11.6%,0.02%
29977A105,EVR,Evercore Inc,14915,-11018,3.11M,-2.3M,-42.5%,<.01%
42330P107,HLX,Helix Energy Solutions Group Inc,2472847,-199885,29.52M,-2.39M,-7.5%,0.04%
219350105,GLW,Corning Inc,102312,-61831,3.98M,-2.4M,-37.7%,<.01%
02209S103,MO,Altria Group Inc,8708437,-53610,396.67M,-2.44M,-0.6%,0.56%
256163106,DOCU,DocuSign Inc,0,-41129,0,-2.45M,CLOSE,0%
497266106,KEX,KIRBY CORP,370430,-20600,44.35M,-2.47M,-5.3%,0.06%
55903Q104,MAG,MAG Silver Corp,9763593,-218007,113.96M,-2.54M,-2.2%,0.16%
294600101,,Equitrans Midstream Corp,321158,-197533,4.17M,-2.56M,-38.1%,<.01%
45841N107,IBKR,Interactive Brokers Group Inc,21984,-21727,2.69M,-2.66M,-49.7%,<.01%
016255101,ALGN,Align Technology Inc,0,-8241,0,-2.7M,CLOSE,0%
867224107,SU,Suncor Energy Inc,710539,-72025,27.09M,-2.75M,-9.2%,0.04%
517834107,LVS,Las Vegas Sands Corp,97315,-65127,4.31M,-2.88M,-40.1%,<.01%
30069T101,EE,Excelerate Energy Inc,7650,-162145,141K,-2.99M,-95.5%,<.01%
G9087Q102,TROX,Tronox Holdings PLC,925915,-193122,14.53M,-3.03M,-17.3%,0.02%
858912108,SRCL,Stericycle Inc,52751,-53403,3.07M,-3.1M,-50.3%,<.01%
41068X100,HASI,Hannon Armstrong Sustainable Infrastruc,1717044,-105080,50.83M,-3.11M,-5.8%,0.07%
81617J301,WTTR,Select Energy Services Inc,2176216,-292437,23.29M,-3.13M,-11.8%,0.03%
92189H607,OIH,VanEck Oil Services ETF,15830,-9914,5M,-3.13M,-38.5%,<.01%
05759B107,BKKT,Bakkt Holdings Inc,0,-6857094,0,-3.15M,CLOSE,0%
18270D106,CMTG,Claros Mortgage Trust Inc,0,-324363,0,-3.17M,CLOSE,0%
144285103,CRS,Carpenter Technology Corp,42686,-29383,4.68M,-3.22M,-40.8%,<.01%
72016P105,PLL,Piedmont Lithium Inc,0,-242866,0,-3.23M,CLOSE,0%
617446448,MS,Morgan Stanley,0,-34454,0,-3.24M,CLOSE,0%
17275R102,CSCO,Cisco Systems Inc,1138411,-69229,54.09M,-3.29M,-5.7%,0.08%
92532F100,VRTX,Vertex Pharmaceuticals Inc,144840,-7058,67.89M,-3.31M,-4.6%,0.1%
731068102,PII,POLARIS INC,30302,-42942,2.37M,-3.36M,-58.6%,<.01%
046353108,AZN,AstraZeneca PLC,377790,-43520,29.46M,-3.39M,-10.3%,0.04%
922908553,VNQ,Vanguard Real Estate ETF,36,-42554,3K,-3.55M,-99.9%,<.01%
767204100,RIO,Rio Tinto PLC,625889,-54072,41.27M,-3.56M,-8%,0.06%
H11356104,BG,Bunge Global SA,483850,-33444,51.66M,-3.57M,-6.5%,0.07%
88579Y101,MMM,3M Co,80096,-35555,8.19M,-3.63M,-30.7%,0.01%
29084Q100,EME,EMCOR GROUP INC,8469,-10586,3.09M,-3.86M,-55.6%,<.01%
532457108,LLY,Eli Lilly & Co,241004,-4283,218.2M,-3.88M,-1.7%,0.31%
244199105,DE,Deere & Co,187412,-10547,70.02M,-3.94M,-5.3%,0.1%
64828T201,RITM,Rithm Capital Corp,1660379,-362996,18.11M,-3.96M,-17.9%,0.03%
15872M104,CHX,ChampionX Corp,2803718,-120284,93.11M,-3.99M,-4.1%,0.13%
67077M108,NTR,Nutrien Ltd,1415835,-78663,72.08M,-4M,-5.3%,0.1%
526107107,LII,Lennox International Inc,0,-8202,0,-4.01M,CLOSE,0%
539830109,LMT,Lockheed Martin Corp,472522,-8584,220.72M,-4.01M,-1.8%,0.31%
85571B105,STWD,Starwood Property Trust Inc,1034031,-216394,19.59M,-4.1M,-17.3%,0.03%
644535106,NGD,New Gold Inc,70342749,-2156965,137.17M,-4.21M,-3%,0.19%
38059T106,GFI,Gold Fields Ltd,46956539,-284963,699.65M,-4.25M,-0.6%,0.99%
78468R556,XOP,SPDR S&P Oil & Gas Exploration & Produc,219,-28435,33K,-4.28M,-99.2%,<.01%
92189K105,HODL,Vaneck Bitcoin Trust,1160271,-64832,78.75M,-4.4M,-5.3%,0.11%
423452101,HP,Helmerich & Payne Inc,1472211,-123246,53.21M,-4.45M,-7.7%,0.08%
989207105,ZBRA,Zebra Technologies Corp,8358,-14462,2.58M,-4.47M,-63.4%,<.01%
G1144A105,BTBT,Bit Digital Inc,3561360,-1438977,11.32M,-4.58M,-28.8%,0.02%
N20944109,CNH,CNH Industrial NV,1854550,-477965,18.79M,-4.84M,-20.5%,0.03%
88023U101,SGI,Tempur-Pedic International Inc,0,-87669,0,-4.98M,CLOSE,0%
553368101,MP,MP Materials Corp,2669837,-398696,33.99M,-5.08M,-13%,0.05%
487836108,K,Kellanova,0,-90223,0,-5.17M,CLOSE,0%
093712107,BE,Bloom Energy Corp,585396,-427151,7.17M,-5.23M,-42.2%,0.01%
92189H698,,Vaneck Ethereum Strategy Etf,250000,-200000,6.64M,-5.32M,-44.4%,<.01%
00123Q104,AGNC,AGNC INVESTMENT CORP,2557122,-558483,24.39M,-5.33M,-17.9%,0.03%
776696106,ROP,Roper Technologies Inc,353704,-9640,199.37M,-5.43M,-2.7%,0.28%
92345Y106,VRSK,Verisk Analytics Inc,0,-23700,0,-5.59M,CLOSE,0%
36266G107,GEHC,GE HealthCare Technologies Inc,0,-61873,0,-5.62M,CLOSE,0%
53115L104,LBRT,Liberty Energy Inc,2136370,-294604,44.63M,-6.15M,-12.1%,0.06%
G7500M104,RNW,ReNew Energy Global PLC,7765,-1004000,48K,-6.21M,-99.2%,<.01%
437076102,HD,Home Depot Inc/The,57292,-18776,19.72M,-6.46M,-24.7%,0.03%
03674X106,AR,Antero Resources Corp,533470,-199030,17.41M,-6.49M,-27.2%,0.02%
12541W209,CHRW,CH Robinson Worldwide Inc,2588480,-74031,228.1M,-6.52M,-2.8%,0.32%
035710839,NLY,Annaly Capital Management Inc,1604185,-349409,30.58M,-6.66M,-17.9%,0.04%
66987E206,NG,Novagold Resources Inc,7595807,-1971327,26.28M,-6.82M,-20.6%,0.04%
03073E105,COR,Cencora Inc,142942,-30308,32.2M,-6.83M,-17.5%,0.05%
62955J103,NOV,NOV Inc,4928603,-363858,93.69M,-6.92M,-6.9%,0.13%
16934Q208,,Chimera Investment Corp,0,-1511412,0,-6.97M,CLOSE,0%
594972408,MSTR,MicroStrategy Inc,13262,-5141,18.27M,-7.08M,-27.9%,0.03%
703481101,PTEN,Patterson-UTI Energy Inc,7146317,-703509,74.04M,-7.29M,-9%,0.11%
023135106,AMZN,Amazon.com Inc,1313002,-39824,253.74M,-7.7M,-2.9%,0.36%
G65431127,NE,Noble Corp PLC,1933512,-175826,86.33M,-7.85M,-8.3%,0.12%
874054109,TTWO,Take-Two Interactive Software Inc,267098,-50815,41.53M,-7.9M,-16%,0.06%
02079K107,GOOG,Alphabet Inc,492975,-43998,90.42M,-8.07M,-8.2%,0.13%
G11448100,BTDR,Bitdeer Technologies Group,0,-1216060,0,-8.54M,CLOSE,0%
892672106,TW,Tradeweb Markets Inc,0,-86269,0,-8.99M,CLOSE,0%
Q4982L109,IREN,Iris Energy Ltd,1028945,-808738,11.62M,-9.13M,-44%,0.02%
464288372,IGF,iShares Global Infrastructure ETF,1690,-201060,77K,-9.16M,-99.2%,<.01%
29446M102,EQNR,Equinor ASA,16575,-321930,473K,-9.19M,-95.1%,<.01%
294429105,EFX,Equifax Inc,1493083,-38818,362.01M,-9.41M,-2.5%,0.51%
60770K107,MRNA,Moderna Inc,152160,-81086,18.07M,-9.63M,-34.8%,0.03%
40171V100,GWRE,Guidewire Software Inc,0,-85549,0,-9.98M,CLOSE,0%
039483102,ADM,Archer-Daniels-Midland Co,1344906,-165175,81.3M,-9.98M,-10.9%,0.12%
675232102,OII,Oceaneering International Inc,1644572,-431930,38.91M,-10.22M,-20.8%,0.06%
H8817H100,RIG,Transocean Ltd,15049768,-1964196,80.52M,-10.51M,-11.5%,0.11%
26152H301,DRD,DRDGOLD Ltd,5329929,-1233255,45.89M,-10.62M,-18.8%,0.07%
165167735,EXE,Chesapeake Energy Corp,206620,-132070,16.98M,-10.85M,-39%,0.02%
654110105,NKLA,Nikola Corp,0,-10695472,0,-11.12M,CLOSE,0%
04271T100,ARRY,Array Technologies Inc,142405,-1183586,1.46M,-12.14M,-89.3%,<.01%
784730103,SSRM,SSR Mining Inc,18729431,-2710196,84.47M,-12.22M,-12.6%,0.12%
91913Y100,VLO,Valero Energy Corp,334041,-79298,52.36M,-12.43M,-19.2%,0.07%
03831W108,APP,AppLovin Corp,462935,-152964,38.52M,-12.73M,-24.8%,0.05%
565849106,MRO,Marathon Oil Corp,0,-449560,0,-12.74M,CLOSE,0%
450913108,IAG,IAMGOLD Corp,48627606,-3425429,182.36M,-12.85M,-6.6%,0.26%
25278X109,FANG,Diamondback Energy Inc,144098,-65268,28.85M,-13.07M,-31.2%,0.04%
26884L109,EQT,EQT Corp,567520,-367510,20.99M,-13.59M,-39.3%,0.03%
254687106,DIS,Walt Disney Co/The,2008873,-138348,199.46M,-13.74M,-6.4%,0.28%
127203107,WHD,Cactus Inc,1237683,-271443,65.28M,-14.32M,-18%,0.09%
88080T104,WULF,Terawulf Inc,3267709,-3465470,14.54M,-15.42M,-51.5%,0.02%
69121K104,OBDC,Blue Owl Capital Corp,7124973,-1025560,109.44M,-15.75M,-12.6%,0.16%
G48833118,WFRD,Weatherford International PLC,830959,-133470,101.75M,-16.34M,-13.8%,0.14%
883556102,TMO,THERMO FISHER SCIENTIFIC INC,343717,-31057,190.07M,-17.17M,-8.3%,0.27%
015857873,,Algonquin Power & Utilities Corp,0,-816389,0,-17.5M,CLOSE,0%
406216101,HAL,Halliburton Co,5637815,-535377,190.45M,-18.09M,-8.7%,0.27%
G0176J109,ALLE,Allegion PLC,3139047,-167553,370.88M,-19.8M,-5.1%,0.53%
G9460G101,VAL,Valaris Ltd,1109184,-280520,82.63M,-20.9M,-20.2%,0.12%
G87110105,FTI,TechnipFMC PLC,4308595,-810735,112.67M,-21.2M,-15.8%,0.16%
80013R206,SAND,Sandstorm Gold Ltd,26626474,-3916200,144.85M,-21.3M,-12.8%,0.21%
05722G100,BKR,Baker Hughes Co,6111677,-609030,214.95M,-21.42M,-9.1%,0.31%
828363101,SILV,SilverCrest Metals Inc,13031300,-2637666,106.2M,-21.5M,-16.8%,0.15%
32076V103,AG,First Majestic Silver Corp,28148199,-3728356,166.64M,-22.07M,-11.7%,0.24%
152006102,CGAU,Centerra Gold Inc,18539340,-3495414,124.69M,-23.51M,-15.9%,0.18%
302635206,FSK,FS KKR Capital Corp,5391066,-1212762,106.37M,-23.93M,-18.4%,0.15%
22052L104,CTVA,Corteva Inc,8688803,-456479,468.67M,-24.62M,-5%,0.67%
747525103,QCOM,QUALCOMM Inc,5765431,-124762,1.15B,-24.85M,-2.1%,1.6%
291011104,EMR,Emerson Electric Co,1880814,-226144,207.19M,-24.91M,-10.7%,0.29%
192108504,CDE,Coeur Mining Inc,34104668,-4520181,191.67M,-25.4M,-11.7%,0.27%
20825C104,COP,ConocoPhillips,291985,-227835,33.4M,-26.06M,-43.8%,0.05%
89400J107,TRU,TransUnion,4935286,-381605,366M,-28.3M,-7.2%,0.52%
204448104,BVN,Cia de Minas Buenaventura SAA,30387657,-1677783,515.07M,-28.44M,-5.2%,0.73%
459506101,IFF,International Flavors & Fragrances Inc,4449163,-329515,423.6M,-31.37M,-6.9%,0.6%
125269100,CF,CF Industries Holdings Inc,357405,-470631,26.49M,-34.88M,-56.8%,0.04%
81141R100,SE,Sea Ltd,0,-651307,0,-34.98M,CLOSE,0%
422704106,HL,Hecla Mining Co,52441492,-8072100,254.34M,-39.15M,-13.3%,0.36%
723787107,,Pioneer Natural Resources Co,0,-151595,0,-39.79M,CLOSE,0%
75513E101,RTX,RTX Corp,3828282,-407609,384.32M,-40.92M,-9.6%,0.55%
68827L101,OR,Osisko Gold Royalties Ltd,18191747,-2820539,283.43M,-43.94M,-13.4%,0.4%
90346E103,SLCA,US Silica Holdings Inc,1226466,-3494435,18.95M,-53.99M,-74%,0.03%
11135F101,AVGO,Broadcom Inc,1247946,-34973,2B,-56.15M,-2.7%,2.8%
284902509,EGO,Eldorado Gold Corp,18674074,-3852639,276.19M,-56.98M,-17.1%,0.39%
11777Q209,BTG,B2Gold Corp,118112123,-22220785,318.88M,-59.99M,-15.8%,0.45%
413216300,HMY,Harmony Gold Mining Co Ltd,66688551,-8327908,611.53M,-76.37M,-11.1%,0.87%
011532108,AGI,Alamos Gold Inc,45787937,-6609548,717.96M,-103.64M,-12.6%,1%
G0378L100,AU,Anglogold Ashanti Plc,22840121,-4907168,573.97M,-123.32M,-17.7%,0.82%
780287108,RGLD,Royal Gold Inc,3598345,-997389,450.37M,-124.83M,-21.7%,0.64%
349915108,,Fortuna Silver Mines Inc,0,-34021296,0,-126.9M,CLOSE,0%
G5960L103,MDT,Medtronic PLC,2310707,-2261138,181.88M,-177.97M,-49.5%,0.26%
697900108,PAAS,Pan American Silver Corp,37184502,-9301937,739.23M,-184.92M,-20%,1.1%
09062X103,BIIB,Biogen Inc,922761,-814579,213.91M,-188.84M,-46.9%,0.3%
084670702,BRK.B,Berkshire Hathaway Inc,1985,-494976,808K,-201.48M,-99.6%,<.01%
808513105,SCHW,Charles Schwab Corp/The,2793338,-2878292,205.84M,-212.1M,-50.7%,0.29%
45866F104,ICE,Intercontinental Exchange Inc,116949,-1574895,16.01M,-215.59M,-93.1%,0.02%
902252105,TYL,Tyler Technologies Inc,481509,-441433,242.09M,-221.94M,-47.8%,0.34%
064058100,BNY,Bank of New York Mellon Corp/The,143897,-3770212,8.62M,-225.8M,-96.3%,0.01%
949746101,WFC,Wells Fargo & Co,0,-3937124,0,-228.19M,CLOSE,0%
060505104,BAC,Bank of America Corp,8734,-5743684,347K,-228.2M,-99.8%,<.01%
278865100,ECL,Ecolab Inc,58660,-966219,13.96M,-229.96M,-94.3%,0.02%
496902404,KGC,Kinross Gold Corp,121209979,-29750104,1.01B,-247.52M,-19.7%,1.4%
02079K305,GOOGL,Alphabet Inc,2084664,-1452787,379.72M,-264.63M,-41.1%,0.54%
880770102,TER,Teradyne Inc,2898343,-1916674,429.8M,-284.22M,-39.8%,0.61%
Total,,,,,70.38B,5.72B,+8.6%,100%
