CUSIP,Ticker,Company,Shares,Delta_Shares,Value,Delta_Value,Delta,Portfolio%
496902404,KGC,Kinross Gold Corp,146672975,61068468,525.08M,218.62M,+71.3%,1.4%
023135106,AMZN,Amazon.com Inc,1578054,1504332,167.6M,159.77M,+2040.5%,0.44%
808513105,SCHW,Charles Schwab Corp/The,1441705,1417793,91.09M,89.58M,+5929.2%,0.24%
89400J107,TRU,TransUnion,1182173,1113438,94.56M,89.06M,+1619.9%,0.25%
773903109,ROK,Rockwell Automation Inc,446463,431442,88.98M,85.99M,+2872.3%,0.24%
278865100,ECL,Ecolab Inc,1153861,557144,177.42M,85.67M,+93.4%,0.47%
574599106,MAS,MASCO CORP,3418052,1687476,172.95M,85.39M,+97.5%,0.46%
00724F101,ADBE,Adobe Inc,518176,228915,189.68M,83.8M,+79.1%,0.5%
88579Y101,MMM,3M Co,1307003,631426,169.14M,81.71M,+93.5%,0.45%
45866F104,ICE,Intercontinental Exchange Inc,985266,856043,92.65M,80.5M,+662.5%,0.25%
857477103,STT,State Street Corp,1348730,1266165,83.15M,78.06M,+1533.5%,0.22%
09247X101,,BlackRock Inc,287538,125164,175.12M,76.23M,+77.1%,0.46%
29786A106,ETSY,Etsy Inc,1616734,1002642,118.36M,73.4M,+163.3%,0.31%
98138H101,WDAY,Workday Inc,537732,510977,75.06M,71.32M,+1909.8%,0.2%
880770102,TER,Teradyne Inc,2665014,713243,238.65M,63.87M,+36.5%,0.63%
67066G104,NVDA,NVIDIA Corp,4716977,370712,715.05M,56.2M,+8.5%,1.9%
512807108,LRCX.MX,Lam Research Corp,1073482,119608,457.46M,50.97M,+12.5%,1.2%
42809H107,HES,Hess Corp,475131,471917,50.34M,49.99M,+14683.2%,0.13%
874039100,TSM,Taiwan Semiconductor Manufacturing Co L,9499936,592937,776.62M,48.47M,+6.7%,2.1%
91912E109,,Vale SA,3304665,3304665,48.35M,48.35M,NEW,0.13%
38059T106,GFI,Gold Fields Ltd,52593621,5165756,479.65M,47.11M,+10.9%,1.3%
98978V103,ZTS,Zoetis Inc,1085680,261102,186.62M,44.88M,+31.7%,0.49%
717081103,PFE,Pfizer Inc,1308069,852451,68.58M,44.69M,+187.1%,0.18%
351858105,FNV,Franco-Nevada Corp,8064907,331314,1.06B,43.59M,+4.3%,2.8%
780287108,RGLD,Royal Gold Inc,3970568,399888,423.98M,42.7M,+11.2%,1.1%
458140100,INTC,Intel Corp,15309478,951478,572.73M,35.59M,+6.6%,1.5%
04010L103,ARCC,Ares Capital Corp,5993981,1683882,107.47M,30.19M,+39.1%,0.28%
902252105,TYL,Tyler Technologies Inc,483237,85684,160.67M,28.49M,+21.6%,0.43%
40171V100,GWRE,Guidewire Software Inc,2135539,398155,151.6M,28.27M,+22.9%,0.4%
09261X102,BXSL,BLACKSTONE SECURED LENDING F,1057237,1057237,24.99M,24.99M,NEW,0.07%
713448108,PEP,PepsiCo Inc,216622,147495,36.1M,24.58M,+213.4%,0.1%
294429105,EFX,Equifax Inc,863696,132534,157.87M,24.22M,+18.1%,0.42%
594918104,MSFT,Microsoft Corp,1059358,93188,272.07M,23.93M,+9.6%,0.72%
302635206,FSK,FS KKR Capital Corp,3789230,1228034,73.59M,23.85M,+47.9%,0.2%
30303M102,META,Meta Platforms Inc,1181724,147744,190.55M,23.82M,+14.3%,0.51%
902494103,TSN,Tyson Foods Inc,1601848,273112,137.85M,23.5M,+20.6%,0.37%
035128206,,AngloGold Ashanti Ltd,24170534,1551361,357.48M,22.94M,+6.9%,0.95%
69121K104,OBDC,Owl Rock Capital Corp,4789943,1858623,59.06M,22.92M,+63.4%,0.16%
02079K305,GOOGL,Alphabet Inc,98459,9800,214.57M,21.36M,+11.1%,0.57%
002824100,ABT,Abbott Laboratories,214052,185814,23.26M,20.19M,+658%,0.06%
097023105,BA,Boeing Co/The,1110749,145951,151.86M,19.95M,+15.1%,0.4%
46090F100,PDBC,Invesco Optimum Yield Diversified Commo,2067569,1101424,37.3M,19.87M,+114%,0.1%
165167735,EXE,Chesapeake Energy Corp,568844,241734,46.13M,19.6M,+73.9%,0.12%
800013104,,Sanderson Farms Inc,138969,90768,29.95M,19.56M,+188.3%,0.08%
375558103,GILD,Gilead Sciences Inc,3869650,311736,239.18M,19.27M,+8.8%,0.63%
922475108,VEEV,Veeva Systems Inc,959149,93890,189.95M,18.59M,+10.9%,0.5%
81762P102,NOW,ServiceNow Inc,360130,38725,171.25M,18.41M,+12%,0.45%
244199105,DE,Deere & Co,442034,59672,132.38M,17.87M,+15.6%,0.35%
921078101,OUNZ,VanEck Merk Gold Shares,1513767,1018769,26.54M,17.86M,+205.8%,0.07%
595112103,MU,Micron Technology Inc,5291935,285824,292.54M,15.8M,+5.7%,0.78%
98462Y100,,Yamana Gold Inc,112760666,3356971,524.34M,15.61M,+3.1%,1.4%
78409V104,SPGI,S&P Global Inc,67323,45567,22.69M,15.36M,+209.4%,0.06%
72016P105,PLL,Piedmont Lithium Inc,810916,421236,29.52M,15.34M,+108.1%,0.08%
254687106,DIS,Walt Disney Co/The,827901,153665,78.15M,14.51M,+22.8%,0.21%
038222105,AMAT,Applied Materials Inc,3499468,156442,318.38M,14.23M,+4.7%,0.84%
833635105,SQM,Sociedad Quimica y Minera de Chile SA,641024,166554,53.55M,13.91M,+35.1%,0.14%
532457108,LLY,Eli Lilly & Co,211492,42793,68.57M,13.87M,+25.4%,0.18%
478160104,JNJ,Johnson & Johnson,578358,77489,102.67M,13.76M,+15.5%,0.27%
91332U101,U,Unity Software Inc,946793,373514,34.86M,13.75M,+65.2%,0.09%
68827L101,OR,Osisko Gold Royalties Ltd,17231637,1316939,174.04M,13.3M,+8.3%,0.46%
464288372,IGF,iShares Global Infrastructure ETF,360655,281314,16.86M,13.15M,+354.6%,0.04%
N20944109,CNH,CNH Industrial NV,4051771,1131597,46.96M,13.12M,+38.8%,0.12%
874060205,TAK,Takeda Pharmaceutical Co Ltd,1989772,862502,27.94M,12.11M,+76.5%,0.07%
58733R102,MELI,MercadoLibre Inc,239365,18992,152.44M,12.1M,+8.6%,0.4%
11135F200,,Broadcom Inc,53366,7980,80.22M,12M,+17.6%,0.21%
615369105,MCO,Moody's Corp,44014,44014,11.97M,11.97M,NEW,0.03%
79466L302,CRM,Salesforce.com Inc,919424,72358,151.74M,11.94M,+8.5%,0.4%
747525103,QCOM,QUALCOMM Inc,3207742,92695,409.76M,11.84M,+3%,1.1%
44955L106,IAUX,I-80 GOLD CORP,6567039,6567039,11.84M,11.84M,NEW,0.03%
61945C103,MOS,Mosaic Co/The,1829305,247960,86.4M,11.71M,+15.7%,0.23%
80105N105,SNY,Sanofi,566931,219580,28.36M,10.99M,+63.2%,0.08%
046353108,AZN,AstraZeneca PLC,463214,164741,30.61M,10.88M,+55.2%,0.08%
30069T101,EE,EXCELERATE ENERGY INC-A,543260,543260,10.82M,10.82M,NEW,0.03%
28414H103,ELAN,Elanco Animal Health Inc,1915703,541538,37.6M,10.63M,+39.4%,0.1%
66987V109,NVS,Novartis AG,343204,123649,29.01M,10.45M,+56.3%,0.08%
92189H748,CLOI,VANECK CLO ETF,200000,200000,10.04M,10.04M,NEW,0.03%
881624209,TEVA,Teva Pharmaceutical Industries Ltd,3213734,1324951,24.17M,9.96M,+70.1%,0.06%
152006102,CGAU,Centerra Gold Inc,25834858,1448582,175.2M,9.82M,+5.9%,0.46%
G50871105,JAZZ,Jazz Pharmaceuticals PLC,137491,62815,21.45M,9.8M,+84.1%,0.06%
670100205,NVO,Novo Nordisk A/S,258530,87543,28.81M,9.75M,+51.2%,0.08%
46655E100,DC,DAKOTA GOLD CORP,2876454,2876454,9.64M,9.64M,NEW,0.03%
G16962105,,Bunge Ltd,1120028,105605,101.58M,9.58M,+10.4%,0.27%
37733W204,GSK,GSK PLC,610433,219069,26.57M,9.54M,+56%,0.07%
68622V106,OGN,Organon & Co,609264,281032,20.56M,9.48M,+85.6%,0.05%
64110L106,NFLX,Netflix Inc,60585,51038,10.6M,8.93M,+534.6%,0.03%
192108504,CDE,Coeur Mining Inc,26821281,2909130,81.54M,8.84M,+12.2%,0.22%
666807102,NOC,Northrop Grumman Corp,18103,18103,8.66M,8.66M,NEW,0.02%
148806102,CTLT,Catalent Inc,243445,80141,26.12M,8.6M,+49.1%,0.07%
125269100,CF,CF Industries Holdings Inc,587024,98707,50.33M,8.46M,+20.2%,0.13%
949746101,WFC,Wells Fargo & Co,3809489,202921,149.22M,7.95M,+5.6%,0.4%
237266101,DAR,Darling Ingredients Inc,879033,132479,52.57M,7.92M,+17.7%,0.14%
771049103,RBLX,ROBLOX Corp,1433343,234971,47.1M,7.72M,+19.6%,0.12%
422704106,HL,Hecla Mining Co,52376408,1924958,205.31M,7.55M,+3.8%,0.54%
92556V106,VTRS,Viatris Inc,2297172,719175,24.05M,7.53M,+45.6%,0.06%
58155Q103,MCK,McKesson Corp,103262,22038,33.69M,7.19M,+27.1%,0.09%
00287Y109,ABBV,AbbVie Inc,275907,45678,42.26M,7M,+19.8%,0.11%
891092108,TTC,Toro Co/The,357500,90489,27.09M,6.86M,+33.9%,0.07%
35243J101,FBRT,FRANKLIN BSP REALTY TRUST IN,486661,486661,6.56M,6.56M,NEW,0.02%
189054109,CLX,Clorox Co/The,44574,44574,6.28M,6.28M,NEW,0.02%
413216300,HMY,Harmony Gold Mining Co Ltd,57092152,1993626,178.7M,6.24M,+3.6%,0.47%
571748102,MRSH,Marsh & McLennan Cos Inc,65610,39969,10.19M,6.21M,+155.9%,0.03%
115637209,BF.B,Brown-Forman Corp,120765,87820,8.47M,6.16M,+266.6%,0.02%
892672106,TW,TRADEWEB MARKETS INC-CLASS A,89735,89735,6.12M,6.12M,NEW,0.02%
482480100,KLAC,KLA Corp,1249359,18752,398.65M,5.98M,+1.5%,1.1%
776696106,ROP,Roper Technologies Inc,33901,14905,13.38M,5.88M,+78.5%,0.04%
001084102,AGCO,AGCO Corp,230315,57735,22.73M,5.7M,+33.5%,0.06%
49338L103,KEYS,Keysight Technologies Inc,41332,41332,5.7M,5.7M,NEW,0.02%
452327109,ILMN,Illumina Inc,101938,29851,18.79M,5.5M,+41.4%,0.05%
03073E105,COR,AmerisourceBergen Corp,201173,38704,28.46M,5.48M,+23.8%,0.08%
G4705A100,ICLR,ICON PLC,89322,25243,19.36M,5.47M,+39.4%,0.05%
65339F770,,NextEra Energy Inc,666991,99661,33.12M,4.95M,+17.6%,0.09%
92189H870,EINC,VanEck Energy Income ETF,152286,82688,8.78M,4.77M,+118.8%,0.02%
92532F100,VRTX,Vertex Pharmaceuticals Inc,160931,16201,45.35M,4.57M,+11.2%,0.12%
235851409,,Danaher Corp,22943,3427,30.36M,4.53M,+17.6%,0.08%
02079K107,GOOG,Alphabet Inc,20412,2008,44.65M,4.39M,+10.9%,0.12%
874054109,TTWO,Take-Two Interactive Software Inc,369496,35658,45.27M,4.37M,+10.7%,0.12%
G97822103,PRGO,Perrigo Co PLC,248279,105283,10.07M,4.27M,+73.6%,0.03%
81369Y506,XLE,Energy Select Sector SPDR Fund,109910,58117,7.86M,4.16M,+112.2%,0.02%
47759T100,JKS,JinkoSolar Holding Co Ltd,59357,59357,4.11M,4.11M,NEW,0.01%
29258Y103,EXK,Endeavour Silver Corp,19231769,1282664,60.39M,4.03M,+7.1%,0.16%
92189F106,GDX,VanEck Gold Miners ETF/USA,251003,146542,6.87M,4.01M,+140.3%,0.02%
291011104,EMR,Emerson Electric Co,2081778,50179,165.59M,3.99M,+2.5%,0.44%
487836108,K,Kellogg Co,3017608,55713,215.28M,3.97M,+1.9%,0.57%
65339F739,,NextEra Energy Inc,533590,79726,26.23M,3.92M,+17.6%,0.07%
92826C839,V,Visa Inc,222930,19711,43.89M,3.88M,+9.7%,0.12%
H84989104,TEL,TE Connectivity Ltd,34038,34038,3.85M,3.85M,NEW,0.01%
039483102,ADM,Archer-Daniels-Midland Co,1195343,48480,92.76M,3.76M,+4.2%,0.25%
29109X106,AZPN,ASPEN TECHNOLOGY INC,20314,20314,3.73M,3.73M,NEW,<.01%
67077M108,NTR,Nutrien Ltd,2276847,45858,181.44M,3.65M,+2.1%,0.48%
842587602,,Southern Co/The,460223,68765,24.38M,3.64M,+17.6%,0.06%
03076C106,AMP,Ameriprise Financial Inc,15184,15184,3.61M,3.61M,NEW,<.01%
78468R556,XOP,SPDR S&P Oil & Gas Exploration & Produc,57055,30177,6.82M,3.61M,+112.3%,0.02%
922908553,VNQ,Vanguard Real Estate ETF,131234,39336,11.96M,3.58M,+42.8%,0.03%
34959E109,FTNT,Fortinet Inc,81870,63222,4.63M,3.58M,+339%,0.01%
92189F700,MOO,VanEck Agribusiness ETF,72568,39440,6.28M,3.41M,+119.1%,0.02%
65339F796,,NextEra Energy Inc,400198,59800,22.54M,3.37M,+17.6%,0.06%
057665200,BCPC,Balchem Corp,87982,24817,11.41M,3.22M,+39.3%,0.03%
72919P202,PLUG,Plug Power Inc,968580,192587,16.05M,3.19M,+24.8%,0.04%
69331C140,,PG&E Corp,213444,31898,20.41M,3.05M,+17.6%,0.05%
92189H805,REMX,VanEck Rare Earth and Strategic Metals,34805,34704,3.02M,3.01M,+34360.4%,<.01%
81617J301,WTTR,Select Energy Services Inc,5465947,438510,37.28M,2.99M,+8.7%,0.1%
075887406,,Becton Dickinson and Co,400198,59800,19.79M,2.96M,+17.6%,0.05%
45337C102,INCY,Incyte Corp,227494,35933,17.28M,2.73M,+18.8%,0.05%
233331842,,DTE Energy Co,346832,51820,17.83M,2.66M,+17.6%,0.05%
071734107,BHC,Bausch Health Cos Inc,762281,317964,6.37M,2.66M,+71.6%,0.02%
56585A102,MPC,Marathon Petroleum Corp,56337,31921,4.63M,2.62M,+130.7%,0.01%
19260Q107,COIN,Coinbase Global Inc,112548,54463,5.29M,2.56M,+93.8%,0.01%
92189H607,OIH,VanEck Oil Services ETF,20067,10602,4.67M,2.47M,+112%,0.01%
09062X103,BIIB,Biogen Inc,949835,11957,193.71M,2.44M,+1.3%,0.51%
703395103,PDCO,Patterson Cos Inc,165836,76839,5.03M,2.33M,+86.3%,0.01%
74144T108,TROW,T Rowe Price Group Inc,724483,20283,82.31M,2.3M,+2.9%,0.22%
718546104,PSX,Phillips 66,47068,27932,3.86M,2.29M,+146%,0.01%
284902509,EGO,Eldorado Gold Corp,20367299,351189,130.15M,2.24M,+1.8%,0.35%
92189F205,SLX,VanEck Steel ETF,79867,43384,3.95M,2.15M,+118.9%,0.01%
731068102,PII,POLARIS INC,1774062,21363,176.13M,2.12M,+1.2%,0.47%
204448104,BVN,Cia de Minas Buenaventura SAA,24765448,314925,163.45M,2.08M,+1.3%,0.43%
06759L103,BBDC,Barings BDC Inc,1399960,220754,13.03M,2.06M,+18.7%,0.03%
101137206,,BOSTON SCIENTIFIC CORP,134227,20057,13.62M,2.03M,+17.6%,0.04%
53680Q207,,Lithium Americas Corp,1806669,100890,36.37M,2.03M,+5.9%,0.1%
015857873,,Algonquin Power & Utilities Corp,306795,45823,13.43M,2.01M,+17.6%,0.04%
43366H704,HIVE,Hive Blockchain Technologies Ltd,662617,662617,1.98M,1.98M,NEW,<.01%
09061G101,BMRN,BioMarin Pharmaceutical Inc,179771,23834,14.9M,1.98M,+15.3%,0.04%
65473P121,,NiSource Inc,115070,17206,13.09M,1.96M,+17.6%,0.03%
891160509,TD,Toronto-Dominion Bank/The,129574,28755,8.5M,1.89M,+28.5%,0.02%
093712107,BE,Bloom Energy Corp,646880,113963,10.67M,1.88M,+21.4%,0.03%
67070X101,NZF,Nuveen Municipal Credit Income Fund,761504,148374,9.56M,1.86M,+24.2%,0.03%
640491106,NEOG,Neogen Corp,294866,76968,7.1M,1.85M,+35.3%,0.02%
82509L107,SHOP,Shopify Inc,66625,59313,2.08M,1.85M,+811.2%,<.01%
02557T307,,American Electric Power Co Inc,226772,33880,12.31M,1.84M,+17.6%,0.03%
46434G848,PICK,iShares MSCI Global Metals & Mining Pro,94622,51408,3.37M,1.83M,+119%,<.01%
925652109,VICI,VICI Properties Inc,270244,61387,8.05M,1.83M,+29.4%,0.02%
00130H204,,AES Corp/The,139145,20800,12.01M,1.8M,+17.6%,0.03%
654110105,NKLA,Nikola Corp,1252404,375450,5.96M,1.79M,+42.8%,0.02%
92189F791,GDXJ,VanEck Junior Gold Miners ETF,85859,54875,2.75M,1.76M,+177.1%,<.01%
29414B104,EPAM,EPAM SYSTEMS INC,5928,5928,1.75M,1.75M,NEW,<.01%
87612E106,TGT,Target Corp,121632,12344,17.18M,1.74M,+11.3%,0.05%
81181C104,,SeaGen Inc,142494,9533,25.21M,1.69M,+7.2%,0.07%
185899101,CLF,Cleveland-Cliffs Inc,531601,107484,8.17M,1.65M,+25.3%,0.02%
72147K108,PPC,Pilgrim's Pride Corp,215758,52485,6.74M,1.64M,+32.1%,0.02%
09253X102,MUI,BlackRock Municipal Income Fund Inc,340399,132999,4.05M,1.58M,+64.1%,0.01%
83304A106,SNAP,Snap Inc,145862,120576,1.92M,1.58M,+476.8%,<.01%
75574U101,RC,Ready Capital Corp,527085,130604,6.28M,1.56M,+32.9%,0.02%
237194105,DRI,Darden Restaurants Inc,13675,13675,1.55M,1.55M,NEW,<.01%
88160R101,TSLA,Tesla Inc,32310,2274,21.76M,1.53M,+7.6%,0.06%
058586108,BLDP,Ballard Power Systems Inc,1354329,240150,8.54M,1.51M,+21.6%,0.02%
64440N103,NFGC,New Found Gold Corp,3391091,332190,15.2M,1.49M,+10.9%,0.04%
08862E109,BYND,Beyond Meat Inc,211920,61215,5.07M,1.47M,+40.6%,0.01%
42330P107,HLX,Helix Energy Solutions Group Inc,7877907,472058,24.42M,1.46M,+6.4%,0.06%
681919106,OMC,Omnicom Group Inc,22226,22226,1.41M,1.41M,NEW,<.01%
02043Q107,ALNY,Alnylam Pharmaceuticals Inc,109442,9436,15.96M,1.38M,+9.4%,0.04%
26916J106,GWH,ESS Tech Inc,496840,488910,1.4M,1.37M,+6165.3%,<.01%
98956P102,ZBH,Zimmer Biomet Holdings Inc,1491932,12901,156.74M,1.36M,+0.9%,0.42%
082490103,,Benson Hill Inc,1303793,487531,3.57M,1.34M,+59.7%,<.01%
403949100,DINO,HF Sinclair Corp,54307,29428,2.45M,1.33M,+118.3%,<.01%
695156109,PKG,Packaging Corp of America,12530,9651,1.72M,1.33M,+335.2%,<.01%
67421J108,,Oatly Group AB,1291671,369324,4.47M,1.28M,+40%,0.01%
770700102,HOOD,Robinhood Markets Inc,153459,153459,1.26M,1.26M,NEW,<.01%
81730H109,S,SENTINELONE INC -CLASS A,52051,52051,1.21M,1.21M,NEW,<.01%
011532108,AGI,Alamos Gold Inc,41687233,167467,292.64M,1.18M,+0.4%,0.78%
500688106,KOS,Kosmos Energy Ltd,188822,188822,1.17M,1.17M,NEW,<.01%
86771W105,RUN,Sunrun Inc,232185,49713,5.42M,1.16M,+27.2%,0.01%
767292105,RIOT,Riot Blockchain Inc,588354,270544,2.46M,1.13M,+85.1%,<.01%
M9T951109,ZIM,ZIM Integrated Shipping Services Ltd,39647,23041,1.87M,1.09M,+138.8%,<.01%
17275R102,CSCO,Cisco Systems Inc/Delaware,694867,25279,29.63M,1.08M,+3.8%,0.08%
24610T108,VFL,Delaware Investments National Municipal,98145,95093,1.11M,1.08M,+3115.8%,<.01%
07725L102,ONC,BeiGene Ltd,99966,6637,16.18M,1.07M,+7.1%,0.04%
450913108,IAG,IAMGOLD Corp,47628360,642171,76.68M,1.03M,+1.4%,0.2%
854502846,,Stanley Black & Decker Inc,100049,14949,6.74M,1.01M,+17.6%,0.02%
09073M104,TECH,Bio-Techne Corp,53032,2891,18.38M,1M,+5.8%,0.05%
46625H100,JPM,JPMorgan Chase & Co,36673,8847,4.13M,996.08K,+31.8%,0.01%
934423104,WBD,Warner Bros Discovery Inc,72743,72743,976K,976K,NEW,<.01%
349915108,,Fortuna Silver Mines Inc,31027346,336738,88.12M,956.34K,+1.1%,0.23%
053015103,ADP,Automatic Data Processing Inc,88052,4526,18.49M,950.62K,+5.4%,0.05%
32076V103,AG,First Majestic Silver Corp,26296222,131708,188.81M,945.66K,+0.5%,0.5%
24665A103,DK,Delek US Holdings Inc,35736,35736,923K,923K,NEW,<.01%
159864107,CRL,Charles River Laboratories Internationa,61084,4305,13.07M,921.13K,+7.6%,0.03%
064149107,BNS,Bank of Nova Scotia/The,67262,15467,3.98M,915.21K,+29.9%,0.01%
838518306,,South Jersey Industries Inc,89384,13362,6.07M,907.1K,+17.6%,0.02%
90184L102,TWTR,Twitter Inc,52028,23748,1.95M,887.79K,+84%,<.01%
16934Q208,,Chimera Investment Corp,956285,99742,8.43M,879.68K,+11.6%,0.02%
75524B203,,RBC Bearings Inc,61351,9157,5.79M,864.19K,+17.5%,0.02%
G7S00T104,PNR,Pentair PLC,21063,18651,964K,853.61K,+773.3%,<.01%
67092P706,NURE,Nuveen Short-Term REIT ETF,48814,26520,1.57M,853.5K,+119%,<.01%
N72482123,1QGEN.MI,QIAGEN NV,284239,18060,13.42M,852.43K,+6.8%,0.04%
29250N105,ENB,Enbridge Inc,400840,20000,16.93M,844.73K,+5.3%,0.04%
368036109,GATO,Gatos Silver Inc,1851967,292783,5.32M,840.26K,+18.8%,0.01%
29270J100,ERII,Energy Recovery Inc,118927,42707,2.31M,829.53K,+56%,<.01%
969457100,WMB,Williams Cos Inc/The,300297,25573,9.37M,798.11K,+9.3%,0.02%
80013R206,SAND,Sandstorm Gold Ltd,20422272,132237,121.51M,786.81K,+0.7%,0.32%
92556H305,,Paramount Global,133388,19922,5.27M,786.5K,+17.6%,0.01%
26152H301,DRD,DRDGOLD Ltd,7302691,132800,42.87M,779.52K,+1.9%,0.11%
20030N101,CMCSA,Comcast Corp,2265318,19694,88.89M,772.79K,+0.9%,0.24%
21873J108,,Core Scientific Inc,1087417,513770,1.62M,765.4K,+89.6%,<.01%
81141R100,SE,Sea Ltd,520070,11242,34.77M,751.62K,+2.2%,0.09%
H17182108,CRSP,CRISPR Therapeutics AG,126259,12198,7.67M,741.3K,+10.7%,0.02%
574795100,MASI,Masimo Corp,5666,5666,740K,740K,NEW,<.01%
87807B107,TRP,TC Energy Corp,212561,13853,11.01M,717.61K,+7%,0.03%
565788106,MARA,Marathon Digital Holdings Inc,378348,133544,2.02M,712.99K,+54.6%,<.01%
28414H202,,Elanco Animal Health Inc,146751,21938,4.7M,702.91K,+17.6%,0.01%
204409601,CIG,Cia Energetica de Minas Gerais,1917731,346174,3.87M,699.12K,+22%,0.01%
023111206,AMRN,Amarin Corp PLC,1034866,452572,1.54M,674.35K,+77.7%,<.01%
74965L200,RLJPA,RLJ Lodging Trust,171831,25687,4.46M,666.13K,+17.6%,0.01%
46431W614,,iShares Gold Strategy ETF,23417,11336,1.29M,622.54K,+93.8%,<.01%
44812T102,,Hut 8 Mining Corp,1230409,454366,1.64M,604.14K,+58.5%,<.01%
69318G106,PBF,PBF Energy Inc,33307,20521,967K,595.78K,+160.5%,<.01%
912909108,X,United States Steel Corp,259175,33173,4.64M,594.15K,+14.7%,0.01%
880345103,TNC,Tennant Co,39678,9980,2.35M,591.33K,+33.6%,<.01%
058498106,BALL,Ball Corp,10575,8553,727K,587.99K,+423%,<.01%
459506101,IFF,International Flavors & Fragrances Inc,61886,4778,7.37M,569.17K,+8.4%,0.02%
16679L109,CHWY,Chewy Inc,16166,16166,561K,561K,NEW,<.01%
38141G104,GS,Goldman Sachs Group Inc/The,2251,1881,669K,559.04K,+508.4%,<.01%
17253J106,CIFR,Cipher Mining Inc,417041,400801,572K,549.73K,+2468%,<.01%
549498103,LCID,Lucid Group Inc,311827,31785,5.35M,545.44K,+11.4%,0.01%
30057T105,,Evoqua Water Technologies Corp,73045,16258,2.38M,528.62K,+28.6%,<.01%
26875P101,EOG,EOG Resources Inc,10312,4778,1.14M,527.75K,+86.3%,<.01%
78573M203,,Sabre Corp,43876,6546,3.5M,522.03K,+17.5%,<.01%
49456B101,KMI,Kinder Morgan Inc,496081,31060,8.31M,520.61K,+6.7%,0.02%
172967424,C,Citigroup Inc,79405,11147,3.65M,512.67K,+16.3%,<.01%
594972408,MSTR,MicroStrategy Inc,15884,3031,2.61M,497.85K,+23.6%,<.01%
46269C102,IRDM,Iridium Communications Inc,30321,12844,1.14M,482.48K,+73.5%,<.01%
968223206,WLY,John Wiley & Sons Inc,241503,9950,11.53M,475.2K,+4.3%,0.03%
125491100,,CI Financial Corp,93185,44677,990K,474.65K,+92.1%,<.01%
88162G103,TTEK,Tetra Tech Inc,19883,3428,2.71M,468.09K,+20.8%,<.01%
893662106,,Transglobe Energy Corp,136682,136682,463K,463K,NEW,<.01%
91324P102,UNH,UnitedHealth Group Inc,105698,888,54.29M,456.11K,+0.8%,0.14%
025816109,AXP,American Express Co,55560,3269,7.7M,453.16K,+6.3%,0.02%
653656108,NICE,Nice Ltd,17878,2255,3.44M,434.02K,+14.4%,<.01%
31620M106,FIS,Fidelity National Information Services,35188,4665,3.23M,427.68K,+15.3%,<.01%
962166104,WY,Weyerhaeuser Co,33263,12592,1.1M,416.79K,+60.9%,<.01%
500255104,KSS,Kohl's Corp,11629,11629,415K,415K,NEW,<.01%
88025U109,TXG,10X Genomics Inc,88179,9124,3.99M,412.85K,+11.5%,0.01%
09253R105,MVF,BlackRock MuniVest Fund Inc,408671,54643,3.04M,407.14K,+15.4%,<.01%
68375N103,OPK,Opko Health Inc,159679,159679,404K,404K,NEW,<.01%
05577W200,DOO,BRP Inc,18961,6518,1.17M,401.17K,+52.4%,<.01%
040413106,,Arista Networks Inc,28413,4248,2.66M,398.14K,+17.6%,<.01%
026874784,AIG,American International Group Inc,14223,7660,727K,391.54K,+116.7%,<.01%
706327103,PBA,Pembina Pipeline Corp,139312,11041,4.92M,390.25K,+8.6%,0.01%
336433107,FSLR,First Solar Inc,83759,5655,5.71M,385.31K,+7.2%,0.02%
452308109,ITW,Illinois Tool Works Inc,42620,2064,7.77M,376.14K,+5.1%,0.02%
03027X100,AMT,American Tower Corp,79297,1462,20.27M,373.68K,+1.9%,0.05%
858912108,SRCL,Stericycle Inc,53251,8433,2.33M,369.78K,+18.8%,<.01%
75513E101,RTX,Raytheon Technologies Corp,16203,3785,1.56M,363.95K,+30.5%,<.01%
N53745100,LYB,LyondellBasell Industries NV,35092,4059,3.07M,354.98K,+13.1%,<.01%
14040H105,COF,Capital One Financial Corp,18122,3391,1.89M,353.28K,+23%,<.01%
025537101,AEP,American Electric Power Co Inc,106268,3643,10.2M,349.5K,+3.5%,0.03%
45826J105,NTLA,Intellia Therapeutics Inc,84956,6728,4.4M,348.22K,+8.6%,0.01%
71844V201,PECO,Phillips Edison & Co Inc,10372,10372,347K,347K,NEW,<.01%
136069101,CM,Canadian Imperial Bank of Commerce,24774,7029,1.2M,341.32K,+39.6%,<.01%
501889208,LKQ,LKQ Corp,6815,6815,335K,335K,NEW,<.01%
72352L106,PINS,Pinterest Inc,18422,18422,335K,335K,NEW,<.01%
845467109,SWN,Southwestern Energy Co,53441,53441,334K,334K,NEW,<.01%
12008R107,BLDR,BUILDERS FIRSTSOURCE INC,5968,5968,320K,320K,NEW,<.01%
147448104,CWST,Casella Waste Systems Inc,33474,4397,2.43M,319.59K,+15.1%,<.01%
Q4982L109,IREN,Iris Energy Ltd,356536,93540,1.19M,313.26K,+35.6%,<.01%
384109104,GGG,GRACO INC,5250,5250,312K,312K,NEW,<.01%
57778K105,,Maxar Technologies Inc,11808,11808,308K,308K,NEW,<.01%
867224107,SU,Suncor Energy Inc,25215,8595,884K,301.33K,+51.7%,<.01%
682680103,OKE,Oneok Inc,100448,5428,5.58M,301.26K,+5.7%,0.01%
37954Y673,PAVE,Global X US Infrastructure Development,152234,13120,3.47M,298.71K,+9.4%,<.01%
09173B107,KEEL,Bitfarms Ltd/Canada,1445593,265401,1.62M,297.24K,+22.5%,<.01%
337738108,FISV,Fiserv Inc,31778,3338,2.83M,296.95K,+11.7%,<.01%
29444U700,EQIX,Equinix Inc,11622,440,7.64M,289.09K,+3.9%,0.02%
184496107,CLH,Clean Harbors Inc,26760,3240,2.35M,284.04K,+13.8%,<.01%
353469109,FC,FRANKLIN COVEY CO,6088,6088,281K,281K,NEW,<.01%
23345M107,DTM,DT Midstream Inc,28881,5689,1.42M,278.92K,+24.5%,<.01%
75886F107,REGN,Regeneron Pharmaceuticals Inc,63526,470,37.55M,277.83K,+0.7%,0.1%
384802104,GWW,WW Grainger Inc,7642,610,3.47M,277.22K,+8.7%,<.01%
05759B107,BKKT,Bakkt Holdings Inc,427777,127174,898K,266.97K,+42.3%,<.01%
05605H100,BWXT,BWX Technologies Inc,25710,4790,1.42M,263.81K,+22.9%,<.01%
500631106,KEP,Korea Electric Power Corp,236162,29994,2.07M,263.41K,+14.5%,<.01%
11275Q107,BIPC.TO,Brookfield Infrastructure Corp,18646,6180,791K,262.17K,+49.6%,<.01%
064058100,BNY,Bank of New York Mellon Corp/The,277842,6239,11.59M,260.23K,+2.3%,0.03%
44951Y102,,Hyzon Motors Inc,338237,87969,994K,258.52K,+35.1%,<.01%
G5960L103,MDT,Medtronic PLC,1853210,2855,166.32M,256.24K,+0.2%,0.44%
92552V100,VSAT,Viasat Inc,7918,7918,243K,243K,NEW,<.01%
343498101,FLO,FLOWERS FOODS INC,9246,9246,243K,243K,NEW,<.01%
55336V100,MPLX,MPLX LP,42472,8155,1.24M,237.71K,+23.8%,<.01%
378973408,GSAT,Globalstar Inc,185629,185629,228K,228K,NEW,<.01%
48020Q107,JLL,Jones Lang LaSalle Inc,1279,1279,224K,224K,NEW,<.01%
37045V100,GM,General Motors Co,25975,6945,825K,220.58K,+36.5%,<.01%
98980F104,GTM,ZOOMINFO TECHNOLOGIES INC,6598,6598,219K,219K,NEW,<.01%
83406F102,SOFI,SoFi Technologies Inc,336603,41477,1.77M,218.6K,+14.1%,<.01%
92766K106,SPCE.MX,Virgin Galactic Holdings Inc,36235,36235,218K,218K,NEW,<.01%
428291108,HXL,HEXCEL CORP,4138,4138,216K,216K,NEW,<.01%
422806208,HEIA,HEICO Corp,2035,2035,214K,214K,NEW,<.01%
30052F100,EVGO,EVgo Inc,56370,35520,339K,213.61K,+170.4%,<.01%
87612G101,TRGP,Targa Resources Corp,58732,3577,3.5M,213.41K,+6.5%,<.01%
81725T100,SXT,Sensient Technologies Corp,2936,2619,237K,211.41K,+826.2%,<.01%
85208M102,SFM,Sprouts Farmers Market Inc,8328,8328,211K,211K,NEW,<.01%
143658300,CCL,Carnival Corp,59063,24168,511K,209.1K,+69.3%,<.01%
494368103,KMB,Kimberly-Clark Corp,6046,1509,817K,203.91K,+33.3%,<.01%
37940X102,GPN,Global Payments Inc,4446,1794,492K,198.53K,+67.6%,<.01%
16119P108,CHTR,Charter Communications Inc,4614,423,2.16M,198.21K,+10.1%,<.01%
38046C109,GOGO,GOGO INC,12145,12145,197K,197K,NEW,<.01%
278768106,ECHO,EchoStar Corp,15701,10180,303K,196.46K,+184.4%,<.01%
12572Q105,CME,CME Group Inc,42301,935,8.66M,191.39K,+2.3%,0.02%
65473P105,NI,NiSource Inc,90523,6196,2.67M,182.68K,+7.3%,<.01%
767744105,,RITCHIE BROS AUCTIONEERS,2785,2785,181K,181K,NEW,<.01%
15135U109,CVE,Cenovus Energy Inc,25148,9455,478K,179.72K,+60.2%,<.01%
48251K100,KREF,KKR Real Estate Finance Trust Inc,174548,10280,3.05M,179.39K,+6.3%,<.01%
256163106,DOCU,DocuSign Inc,3923,3108,225K,178.26K,+381.3%,<.01%
370334104,GIS,General Mills Inc,9406,2351,710K,177.46K,+33.3%,<.01%
744573106,PEG,Public Service Enterprise Group Inc,154024,2778,9.75M,175.78K,+1.8%,0.03%
293792107,EPD,Enterprise Products Partners LP,58800,7203,1.43M,175.54K,+14%,<.01%
15189T107,CNP,CenterPoint Energy Inc,120536,5935,3.56M,175.53K,+5.2%,<.01%
36168Q104,GFL,GFL Environmental Inc,88751,6790,2.29M,175.2K,+8.3%,<.01%
M5425M103,INMD,Inmode Ltd,25373,7742,569K,173.62K,+43.9%,<.01%
405217100,HAIN,HAIN CELESTIAL GROUP INC,7132,7132,169K,169K,NEW,<.01%
337932107,FE,FirstEnergy Corp,109411,4356,4.2M,167.22K,+4.1%,0.01%
33829M101,FIVE,FIVE BELOW,1454,1454,165K,165K,NEW,<.01%
911163103,UNFI,UNITED NATURAL FOODS INC,4160,4160,164K,164K,NEW,<.01%
18452B209,CLSK,Cleanspark Inc,348222,41460,1.36M,162.52K,+13.5%,<.01%
205887102,CAG,Conagra Brands Inc,21635,4733,741K,162.11K,+28%,<.01%
958669103,WES,Western Midstream Partners LP,24819,6620,603K,160.84K,+36.4%,<.01%
192446102,CTSH,Cognizant Technology Solutions Corp,64165,2347,4.33M,158.38K,+3.8%,0.01%
860630102,SF,Stifel Financial Corp,2797,2797,157K,157K,NEW,<.01%
264147109,DCO,Ducommun Inc,3561,3561,153K,153K,NEW,<.01%
55306N104,MKSI,MKS INSTRUMENTS INC,1489,1489,153K,153K,NEW,<.01%
049560105,ATO,Atmos Energy Corp,28758,1363,3.22M,152.8K,+5%,<.01%
45073V108,ITT,ITT Inc,2200,2200,148K,148K,NEW,<.01%
212015101,,Continental Resources Inc/OK,2431,2220,159K,145.2K,+1052.1%,<.01%
500754106,KHC,Kraft Heinz Co/The,26976,3795,1.03M,144.76K,+16.4%,<.01%
001744101,AMN,AMN Healthcare Services Inc,1258,1258,138K,138K,NEW,<.01%
438516106,HON,Honeywell International Inc,512954,792,89.16M,137.66K,+0.2%,0.24%
71654V408,PBR,Petroleo Brasileiro SA,32775,11749,383K,137.3K,+55.9%,<.01%
69360J107,,PS Business Parks Inc,2528,729,473K,136.4K,+40.5%,<.01%
902681105,UGI,UGI Corp,5866,3480,226K,134.07K,+145.9%,<.01%
05351W103,AGR,Avangrid Inc,15829,2855,730K,131.67K,+22%,<.01%
46132P108,IIM,Invesco Value Municipal Income Trust,214728,10196,2.76M,131.24K,+5%,<.01%
723484101,PNW,Pinnacle West Capital Corp,51171,1774,3.74M,129.73K,+3.6%,<.01%
G1144A105,BTBT,Bit Digital Inc,529843,98768,695K,129.55K,+22.9%,<.01%
443201108,HWM,Howmet Aerospace Inc,13591,4122,427K,129.5K,+43.5%,<.01%
69349H107,TXNM,PNM Resources Inc,47863,2669,2.29M,127.53K,+5.9%,<.01%
G29183103,ETN,Eaton Corp PLC,3965,995,500K,125.47K,+33.5%,<.01%
57778N208,,Mawson Infrastructure Group Inc,520504,113956,567K,124.14K,+28%,<.01%
G7500M104,RNW,ReNew Energy Global PLC,770343,19093,4.98M,123.53K,+2.5%,0.01%
559080106,,Magellan Midstream Partners LP,26628,2564,1.27M,122.48K,+10.7%,<.01%
770323103,RHI,Robert Half International Inc,17920,1631,1.34M,122.14K,+10%,<.01%
12769G100,CZR,Caesars Entertainment Inc,51629,3151,1.98M,120.66K,+6.5%,<.01%
88080T104,WULF,Terawulf Inc,358142,98892,430K,118.73K,+38.1%,<.01%
23918K108,DVA,DaVita Inc,1454,1454,116K,116K,NEW,<.01%
296006109,ERO,ERO Copper Corp,79460,13718,671K,115.84K,+20.9%,<.01%
125523100,CI,Cigna Corp,12850,439,3.39M,115.68K,+3.5%,<.01%
224441105,CXT,CRANE HOLDINGS CO,1316,1316,115K,115K,NEW,<.01%
553530106,MSM,MSC Industrial Direct Co Inc,2190,1533,164K,114.8K,+233.3%,<.01%
427866108,HSY,Hershey Co/The,19041,533,4.1M,114.68K,+2.9%,0.01%
26969P108,EXP,EAGLE MATERIALS INC,1032,1032,113K,113K,NEW,<.01%
M51474118,GILT,Gilat Satellite Networks Ltd,32243,18635,195K,112.7K,+136.9%,<.01%
428103105,HESM,Hess Midstream LP,12449,3996,349K,112.03K,+47.3%,<.01%
89484T104,NEXN,TREMOR INTERNATIONAL LTD-ADR,12712,12712,110K,110K,NEW,<.01%
047649108,ATKR,Atkore Inc,1283,1283,107K,107K,NEW,<.01%
958102105,WDC,Western Digital Corp,11688,2364,524K,105.98K,+25.4%,<.01%
339750101,FND,FLOOR & DECOR HOLDINGS INC-A,1666,1666,105K,105K,NEW,<.01%
003654100,,ABIOMED Inc,5884,420,1.46M,103.93K,+7.7%,<.01%
302130109,EXPD,Expeditors International of Washington,28260,1055,2.75M,102.81K,+3.9%,<.01%
040126104,,Argo Blockchain PLC,392644,27320,1.48M,102.7K,+7.5%,<.01%
89417E109,TRV,Travelers Cos Inc/The,2443,600,413K,101.43K,+32.6%,<.01%
872590104,TMUS,T-Mobile US Inc,16413,750,2.21M,100.9K,+4.8%,<.01%
M5R75Y101,,ironSource Ltd,174680,42200,416K,100.5K,+31.9%,<.01%
38526M106,LOPE,Grand Canyon Education Inc,1059,1059,100K,100K,NEW,<.01%
42824C109,HPE,Hewlett Packard Enterprise Co,52991,7516,703K,99.71K,+16.5%,<.01%
G0250X107,AMCR,Amcor PLC,31991,8014,398K,99.7K,+33.4%,<.01%
726503105,PAA,Plains All American Pipeline LP,56997,10100,560K,99.23K,+21.5%,<.01%
03820C105,AIT,Applied Industrial Technologies Inc,1014,1014,98K,98K,NEW,<.01%
G8473T100,STE,STERIS PLC,11261,474,2.32M,97.7K,+4.4%,<.01%
04247X102,AWI,ARMSTRONG WORLD INDS INC NEW,1296,1296,97K,97K,NEW,<.01%
36262G101,GXO,GXO Logistics Inc,2242,2242,97K,97K,NEW,<.01%
G2519Y108,BAP,Credicorp Ltd,14854,801,1.78M,96.04K,+5.7%,<.01%
832696405,SJM,J M Smucker Co/The,4507,751,576K,95.98K,+20%,<.01%
518439104,EL,Estee Lauder Cos Inc/The,41098,374,10.47M,95.24K,+0.9%,0.03%
M78673114,PERI,Perion Network Ltd,15073,5199,274K,94.51K,+52.7%,<.01%
745867101,PHM,PulteGroup Inc,35410,2383,1.4M,94.42K,+7.2%,<.01%
453836108,INDB,Independent Bank Corp,1180,1180,94K,94K,NEW,<.01%
526057104,LEN,LENNAR CORP,5505,1314,388K,92.61K,+31.4%,<.01%
742718109,PG,Procter & Gamble Co/The,14949,630,2.15M,90.61K,+4.4%,<.01%
44980X109,IPGP,IPG Photonics Corp,960,960,90K,90K,NEW,<.01%
09857L108,BKNG,Booking Holdings Inc,1068,51,1.87M,89.2K,+5%,<.01%
03743Q108,APA,APA Corp,6111,2551,213K,88.92K,+71.7%,<.01%
624756102,MLI,MUELLER INDUSTRIES INC,1653,1653,88K,88K,NEW,<.01%
46132E103,VKI,Invesco Advantage Municipal Income Trus,197719,9229,1.87M,87.1K,+4.9%,<.01%
03676B102,AM,Antero Midstream Corp,99139,9618,897K,87.02K,+10.7%,<.01%
46266C105,IQV,IQVIA Holdings Inc,103677,399,22.5M,86.58K,+0.4%,0.06%
203607106,CBU,Community Bank System Inc,1366,1366,86K,86K,NEW,<.01%
48123V102,ZD,j2 Global Inc,1150,1150,86K,86K,NEW,<.01%
750236101,RDN,Radian Group Inc,4394,4394,86K,86K,NEW,<.01%
23331A109,DHI,DR Horton Inc,45402,1291,3M,85.45K,+2.9%,<.01%
65340P106,NXE,NexGen Energy Ltd,230513,23616,828K,84.83K,+11.4%,<.01%
29273V100,ET,Energy Transfer LP,136065,8442,1.36M,84.26K,+6.6%,<.01%
219350105,GLW,Corning Inc,13747,2618,433K,82.46K,+23.5%,<.01%
29336T100,ENLC,EnLink Midstream LLC,71216,9605,605K,81.6K,+15.6%,<.01%
09249N101,BLE,BlackRock Municipal Income Trust II,224580,7357,2.48M,81.31K,+3.4%,<.01%
737630103,PCH,PotlatchDeltic Corp,3950,1844,174K,81.23K,+87.6%,<.01%
56600D107,MRVI,MARAVAI LIFESCIENCES HLDGS-A,2859,2859,81K,81K,NEW,<.01%
03940R107,ARCH,Arch Resources Inc,5844,566,836K,80.97K,+10.7%,<.01%
92343E102,VRSN,VERISIGN INC,1507,483,252K,80.77K,+47.2%,<.01%
075887109,BDX,Becton Dickinson and Co,8498,325,2.1M,80.12K,+4%,<.01%
45765U103,NSIT,Insight Enterprises Inc,922,922,80K,80K,NEW,<.01%
H1467J104,CB,Chubb Ltd,10721,404,2.11M,79.44K,+3.9%,<.01%
294600101,,Equitrans Midstream Corp,100021,12483,636K,79.38K,+14.3%,<.01%
063671101,BMO,Bank of Montreal,17873,817,1.72M,78.58K,+4.8%,<.01%
15961R105,CHPT,ChargePoint Holdings Inc,27707,5737,379K,78.48K,+26.1%,<.01%
69047Q102,OVV,Ovintiv Inc,4511,1745,199K,76.98K,+63.1%,<.01%
27829L105,EOT,Eaton Vance National Municipal Opportun,71780,4302,1.28M,76.95K,+6.4%,<.01%
87663X102,TTCFQ,Tattooed Chef Inc,18800,12048,119K,76.26K,+178.4%,<.01%
501242101,KLIC,KULICKE & SOFFA INDUSTRIES,1747,1747,75K,75K,NEW,<.01%
101137107,BSX,BOSTON SCIENTIFIC CORP,48585,1966,1.81M,73.28K,+4.2%,<.01%
172908105,CTAS,Cintas Corp,11628,196,4.34M,73.21K,+1.7%,0.01%
09739D100,BCC,Boise Cascade Co,2451,1228,146K,73.15K,+100.4%,<.01%
00846U101,A,Agilent Technologies Inc,40692,614,4.83M,72.92K,+1.5%,0.01%
693475105,PNC,PNC Financial Services Group Inc/The,11963,452,1.89M,71.3K,+3.9%,<.01%
629377508,NRG,NRG ENERGY INC,1862,1862,71K,71K,NEW,<.01%
902973304,USB,US Bancorp,40801,1541,1.88M,70.93K,+3.9%,<.01%
40131M109,GH,Guardant Health Inc,99043,1743,4M,70.31K,+1.8%,0.01%
205826209,CMTL,COMTECH TELECOMMUNICATIONS,7738,7738,70K,70K,NEW,<.01%
70014A104,PKE,PARK AEROSPACE CORP,5466,5466,70K,70K,NEW,<.01%
980228308,WDS,WOODSIDE ENERGY GROUP LTD,3252,3252,70K,70K,NEW,<.01%
M6372Q113,KRNT,Kornit Digital Ltd,15679,2126,497K,67.39K,+15.7%,<.01%
8676EP108,STKL,SunOpta Inc,8651,8651,67K,67K,NEW,<.01%
23311P100,,DCP Midstream LP,11075,2147,328K,63.59K,+24%,<.01%
45780R101,IBP,Installed Building Products Inc,6983,759,581K,63.15K,+12.2%,<.01%
150870103,CE,Celanese Corp,13964,535,1.64M,62.91K,+4%,<.01%
617446448,MS,Morgan Stanley,30646,822,2.33M,62.52K,+2.8%,<.01%
679580100,ODFL,Old Dominion Freight Line Inc,12246,242,3.14M,62.01K,+2%,<.01%
03783T103,,AppHarvest Inc,37373,17611,130K,61.26K,+89.1%,<.01%
02319V103,ABEV,AMBEV SA,519544,23943,1.3M,60.09K,+4.8%,<.01%
128246105,CVGW,CALAVO GROWERS INC,1450,1450,60K,60K,NEW,<.01%
453038408,IMO,Imperial Oil Ltd,3536,1268,167K,59.89K,+55.9%,<.01%
916896103,UEC,Uranium Energy Corp,214974,19272,662K,59.35K,+9.8%,<.01%
460146103,IP,International Paper Co,11752,1402,492K,58.7K,+13.5%,<.01%
89832Q109,TFC,Truist Financial Corp,35310,1219,1.68M,57.83K,+3.6%,<.01%
292671708,UUUU,Energy Fuels Inc/Canada,131324,11635,646K,57.23K,+9.7%,<.01%
92939U106,WEC,WEC Energy Group Inc,64965,552,6.54M,55.55K,+0.9%,0.02%
60871R209,TAP,Molson Coors Beverage Co,9019,994,492K,54.22K,+12.4%,<.01%
91325V108,UNIT,Uniti Group Inc,34802,5712,328K,53.83K,+19.6%,<.01%
03674X106,AR,Antero Resources Corp,4878,1722,150K,52.95K,+54.6%,<.01%
911312106,UPS,United Parcel Service Inc,10162,285,1.85M,52.02K,+2.9%,<.01%
128030202,CALM,Cal-Maine Foods Inc,5715,1043,282K,51.47K,+22.3%,<.01%
060505104,BAC,Bank of America Corp,69807,1653,2.17M,51.46K,+2.4%,<.01%
535555106,LNN,Lindsay Corp,2218,388,294K,51.43K,+21.2%,<.01%
704326107,PAYX,Paychex Inc,50701,442,5.77M,50.34K,+0.9%,0.02%
018522300,ALE,ALLETE Inc,10899,829,641K,48.76K,+8.2%,<.01%
88262P102,TPL,Texas Pacific Land Corp,224,32,333K,47.57K,+16.7%,<.01%
863667101,SYK,Stryker Corp,8591,236,1.71M,46.95K,+2.8%,<.01%
822634101,,Shell Midstream Partners LP,17050,3305,240K,46.52K,+24%,<.01%
78467J100,SSNC,SS&C Technologies Holdings Inc,3940,791,229K,45.97K,+25.1%,<.01%
62944T105,NVR,NVR Inc,461,11,1.85M,44.05K,+2.4%,<.01%
443510607,HUBB,Hubbell Inc,1961,246,350K,43.91K,+14.3%,<.01%
655663102,NDSN,Nordson Corp,5724,216,1.16M,43.74K,+3.9%,<.01%
45781V101,IIPR,Innovative Industrial Properties Inc,2519,396,277K,43.55K,+18.7%,<.01%
M70700105,NNOX,Nano-X Imaging Ltd,15905,3804,180K,43.05K,+31.4%,<.01%
75281A109,RRC,Range Resources Corp,4490,1726,111K,42.67K,+62.4%,<.01%
482738101,KVHI,KVH INDUSTRIES INC,4816,4816,42K,42K,NEW,<.01%
24703L202,DELL,Dell Technologies Inc,9137,907,422K,41.89K,+11%,<.01%
G66721104,NCLH,Norwegian Cruise Line Holdings Ltd,25770,3761,287K,41.89K,+17.1%,<.01%
33813J106,FSRNQ,Fisker Inc,56135,4825,481K,41.34K,+9.4%,<.01%
21037T109,CEG,Constellation Energy Corp,49191,720,2.82M,41.23K,+1.5%,<.01%
24906P109,XRAY,DENTSPLY SIRONA Inc,1140,1140,41K,41K,NEW,<.01%
29082K105,EMBC,Embecta Corp,1633,1633,41K,41K,NEW,<.01%
445658107,JBHT,JB Hunt Transport Services Inc,9326,259,1.47M,40.8K,+2.9%,<.01%
M87915274,TSEM,Tower Semiconductor Ltd,30351,882,1.4M,40.74K,+3%,<.01%
29670G102,WTRG,Essential Utilities Inc,47603,860,2.18M,39.42K,+1.8%,<.01%
20440W105,SID,Cia Siderurgica Nacional SA,1335511,13426,3.91M,39.34K,+1%,0.01%
030420103,AWK,American Water Works Co Inc,37209,253,5.54M,37.63K,+0.7%,0.01%
69351T106,PPL,PPL Corp,163739,1351,4.44M,36.65K,+0.8%,0.01%
379577208,GMED,Globus Medical Inc,2638,645,148K,36.19K,+32.4%,<.01%
55616P104,M,Macy's Inc,23455,1938,430K,35.53K,+9%,<.01%
69327R101,,PDC Energy Inc,1663,574,102K,35.21K,+52.7%,<.01%
98419M100,XYL,Xylem Inc/NY,7908,448,618K,35.01K,+6%,<.01%
900435207,,Turquoise Hill Resources Ltd,36016,1304,965K,34.94K,+3.8%,<.01%
704551100,BTU,Peabody Energy Corp,38986,1606,832K,34.27K,+4.3%,<.01%
036752103,ELV,Anthem Inc,6335,71,3.06M,34.26K,+1.1%,<.01%
632307104,NTRA,Natera Inc,114216,962,4.05M,34.09K,+0.8%,0.01%
636180101,NFG,National Fuel Gas Co,1546,516,102K,34.04K,+50.1%,<.01%
871332102,SLVM,SYLVAMO CORP,1034,1034,34K,34K,NEW,<.01%
784730103,SSRM,SSR Mining Inc,22325581,2035,372.84M,33.98K,+0%,0.99%
39531G100,,Greenidge Generation Holdings Inc,18299,13482,46K,33.89K,+279.9%,<.01%
66765N105,NWN,Northwest Natural Holding Co,6486,630,344K,33.41K,+10.8%,<.01%
02005N100,ALLY,Ally Financial Inc,4165,983,140K,33.04K,+30.9%,<.01%
11133T103,BR,Broadridge Financial Solutions Inc,934,231,133K,32.89K,+32.9%,<.01%
683715106,OTEX,Open Text Corp,5065,866,192K,32.83K,+20.6%,<.01%
64124P101,NBH,Neuberger Berman Municipal Fund Inc,71015,2906,795K,32.53K,+4.3%,<.01%
M85548101,SSYS,Stratasys Ltd,17126,1714,321K,32.13K,+11.1%,<.01%
055474100,,BIT Mining Ltd,437385,51631,272K,32.11K,+13.4%,<.01%
91307C102,UTHR,United Therapeutics Corp,1212,136,286K,32.09K,+12.6%,<.01%
G7997R103,STX,Seagate Technology Holdings PLC,4142,448,296K,32.02K,+12.1%,<.01%
92189F460,XMPT,VanEck CEF Muni Income ETF,2286,1368,53K,31.72K,+149%,<.01%
008492100,ADC,Agree Realty Corp,6739,438,486K,31.59K,+7%,<.01%
042735100,ARW,Arrow Electronics Inc,2582,281,289K,31.45K,+12.2%,<.01%
354613101,BEN,Franklin Resources Inc,5420,1326,126K,30.83K,+32.4%,<.01%
862121100,,STORE Capital Corp,24735,1161,645K,30.27K,+4.9%,<.01%
576485205,MTDR,Matador Resources Co,1913,650,89K,30.24K,+51.5%,<.01%
74623V103,PCT,PureCycle Technologies Inc,272530,4050,2.02M,30.05K,+1.5%,<.01%
457187102,INGR,Ingredion Inc,11190,336,986K,29.61K,+3.1%,<.01%
82981J109,,SITE Centers Corp,17667,2148,238K,28.94K,+13.8%,<.01%
57667L107,MTCH,Match Group Inc,3134,415,218K,28.87K,+15.3%,<.01%
559222401,MGA,Magna International Inc,3987,507,219K,27.85K,+14.6%,<.01%
12653C108,CNX,CNX Resources Corp,39640,1692,652K,27.83K,+4.5%,<.01%
84860W300,UNITDSPR,Spirit Realty Capital Inc,12211,735,461K,27.75K,+6.4%,<.01%
099724106,BWA,BorgWarner Inc,3351,819,112K,27.37K,+32.3%,<.01%
311900104,FAST,Fastenal Co,75403,532,3.76M,26.56K,+0.7%,<.01%
29452E101,EQH,Equitable Holdings Inc,5819,1015,152K,26.51K,+21.1%,<.01%
74967X103,RH,RH,554,123,118K,26.2K,+28.5%,<.01%
27579R104,EWBC,East West Bancorp Inc,3833,400,248K,25.88K,+11.7%,<.01%
11135E203,BNL,Broadstone Net Lease Inc,15353,1257,315K,25.79K,+8.9%,<.01%
896239100,TRMB,Trimble Inc,3099,433,180K,25.15K,+16.2%,<.01%
98389B100,XEL,Xcel Energy Inc,104340,350,7.38M,24.77K,+0.3%,0.02%
015857105,AQN,Algonquin Power & Utilities Corp,8882,1826,119K,24.46K,+25.9%,<.01%
64110D104,NTAP,NETAPP INC,2909,370,190K,24.17K,+14.6%,<.01%
72651A207,PAGP,Plains GP Holdings LP,57275,2342,591K,24.17K,+4.3%,<.01%
12504L109,CBRE,CBRE Group Inc,18158,328,1.34M,24.15K,+1.8%,<.01%
896288107,TNET,TriNet Group Inc,1382,311,107K,24.08K,+29%,<.01%
226406106,CRESY,Cresud SACIF y A,4767,4767,24K,24K,NEW,<.01%
371927104,GEL,Genesis Energy LP,9768,2999,78K,23.95K,+44.3%,<.01%
G4474Y214,JHG,Janus Henderson Group PLC,7923,1003,186K,23.55K,+14.5%,<.01%
637870106,NSA,National Storage Affiliates Trust,7746,470,388K,23.54K,+6.5%,<.01%
426281101,JKHY,Jack Henry & Associates Inc,9124,130,1.64M,23.41K,+1.4%,<.01%
920253101,VMI,Valmont Industries Inc,306,102,69K,23K,+50%,<.01%
70432V102,PAYC,Paycom Software Inc,5750,82,1.61M,22.97K,+1.4%,<.01%
G491BT108,IVZ,Invesco Ltd,5630,1405,91K,22.71K,+33.3%,<.01%
833445109,SNOW,Snowflake Inc,18343,160,2.55M,22.25K,+0.9%,<.01%
038169207,APLD,Applied Blockchain Inc,20544,20544,22K,22K,NEW,<.01%
92707Y108,VFF,Village Farms International Inc,8359,8359,22K,22K,NEW,<.01%
533900106,LECO,Lincoln Electric Holdings Inc,2191,176,271K,21.77K,+8.7%,<.01%
29670E107,EPRT,Essential Properties Realty Trust Inc,11841,993,254K,21.3K,+9.2%,<.01%
84265V105,SCCO,Southern Copper Corp,62611,424,3.12M,21.12K,+0.7%,<.01%
277276101,EGP,EastGroup Properties Inc,3753,133,579K,20.52K,+3.7%,<.01%
169656105,CMG,Chipotle Mexican Grill Inc,253,15,331K,19.62K,+6.3%,<.01%
000957100,ABM,ABM Industries Inc,57248,444,2.49M,19.28K,+0.8%,<.01%
024835100,,American Campus Communities Inc,12638,297,815K,19.15K,+2.4%,<.01%
98585X104,YETI,YETI Holdings Inc,2801,439,121K,18.96K,+18.6%,<.01%
M20791105,CAMT,Camtek Ltd/Israel,9083,760,226K,18.91K,+9.1%,<.01%
G3R33A106,EBON.MX,Ebang International Holdings Inc,94570,46910,38K,18.85K,+98.4%,<.01%
419870100,HE,Hawaiian Electric Industries Inc,20804,456,851K,18.65K,+2.2%,<.01%
M6191J100,FROG,JFrog Ltd,19445,855,410K,18.03K,+4.6%,<.01%
534187109,LNC,Lincoln National Corp,3090,383,145K,17.97K,+14.1%,<.01%
67058H102,,NuStar Energy LP,8793,1221,123K,17.08K,+16.1%,<.01%
74758T303,QLYS,Qualys Inc,976,133,123K,16.76K,+15.8%,<.01%
89531P105,TREX,Trex Co Inc,3841,298,209K,16.22K,+8.4%,<.01%
171779309,CIEN,Ciena Corp,4242,352,194K,16.1K,+9%,<.01%
942749102,WTS,WATTS WATER TECHNOLOGIES INC,1103,130,135K,15.91K,+13.4%,<.01%
435763107,,Holly Energy Partners LP,5481,964,88K,15.48K,+21.3%,<.01%
19239V302,CCOI,Cogent Communications Holdings Inc,7333,255,445K,15.47K,+3.6%,<.01%
82982L103,SITE,SiteOne Landscape Supply Inc,1219,127,145K,15.11K,+11.6%,<.01%
03064D108,COLD,Americold Realty Trust,24525,482,737K,14.48K,+2%,<.01%
421946104,HR,Healthcare Realty Trust Inc/MD,13736,522,374K,14.21K,+4%,<.01%
644393100,NFE,New Fortress Energy Inc,1312,357,52K,14.15K,+37.4%,<.01%
48138M105,JMIA,Jumia Technologies AG,88975,2323,539K,14.07K,+2.7%,<.01%
29977A105,EVR,Evercore Inc,1686,150,158K,14.06K,+9.8%,<.01%
885160101,THO,Thor Industries Inc,1526,188,114K,14.04K,+14.1%,<.01%
78709Y105,SAIA,Saia Inc,756,74,142K,13.9K,+10.9%,<.01%
942622200,WSO,watsco inc,988,58,236K,13.85K,+6.2%,<.01%
636518102,,National Instruments Corp,1771,437,55K,13.57K,+32.8%,<.01%
44107P104,HST,HOST HOTELS & RESORTS INC,64600,858,1.01M,13.45K,+1.3%,<.01%
226344208,,Crestwood Equity Partners LP,9728,559,234K,13.45K,+6.1%,<.01%
49714P108,KNSL,Kinsale Capital Group Inc,644,57,148K,13.1K,+9.7%,<.01%
743606105,PB,Prosperity Bancshares Inc,2376,189,162K,12.89K,+8.6%,<.01%
54975P102,,Lufax Holding Ltd,17005,2141,102K,12.84K,+14.4%,<.01%
441593100,HLI,Houlihan Lokey Inc,1641,160,130K,12.68K,+10.8%,<.01%
88830M102,TWI,Titan International Inc,2535,845,38K,12.67K,+50%,<.01%
314211103,FHI,Federated Hermes Inc,1647,401,52K,12.66K,+32.2%,<.01%
650111107,NYT,New York Times Co/The,4481,431,125K,12.02K,+10.6%,<.01%
371901109,GNTX,Gentex Corp,8837,426,247K,11.91K,+5.1%,<.01%
00790R104,WMS,Advanced Drainage Systems Inc,798,128,72K,11.55K,+19.1%,<.01%
71943U104,,Physicians Realty Trust,20408,662,356K,11.55K,+3.4%,<.01%
37637Q105,GBCI,Glacier Bancorp Inc,2751,243,130K,11.48K,+9.7%,<.01%
637417106,NNN,National Retail Properties Inc,17048,262,733K,11.27K,+1.6%,<.01%
831865209,AOS,A O Smith Corp,18225,206,996K,11.26K,+1.1%,<.01%
91688F104,UPWK,Upwork Inc,6002,544,124K,11.24K,+10%,<.01%
562750109,MANH,Manhattan Associates Inc,2211,95,253K,10.87K,+4.5%,<.01%
969904101,WSM,Williams-Sonoma Inc,2275,98,252K,10.86K,+4.5%,<.01%
11120U105,BRX,Brixmor Property Group Inc,27216,534,550K,10.79K,+2%,<.01%
829073105,SSD,Simpson Manufacturing Co Inc,1311,105,132K,10.57K,+8.7%,<.01%
004239109,AKR,Acadia Realty Trust,8449,671,132K,10.48K,+8.6%,<.01%
537008104,LFUS,Littelfuse Inc,638,40,162K,10.16K,+6.7%,<.01%
879512309,TSAT,Telesat Corp,882,882,10K,10K,NEW,<.01%
85254J102,STAG,STAG Industrial Inc,16365,320,505K,9.87K,+2%,<.01%
559166103,MGIC,Magic Software Enterprises Ltd,6161,555,109K,9.82K,+9.9%,<.01%
27616P103,DEA,Easterly Government Properties Inc,8270,514,157K,9.76K,+6.6%,<.01%
31847R102,FAF,First American Financial Corp,3030,184,160K,9.72K,+6.5%,<.01%
08579W103,BERY,Berry Plastics Group Inc,522,174,29K,9.67K,+50%,<.01%
25960P109,DEI,Douglas Emmett Inc,15422,428,345K,9.57K,+2.9%,<.01%
03750L109,AIRC,Apartment Income REIT Corp,14313,227,595K,9.44K,+1.6%,<.01%
35086T109,FCPT,Four Corners Property Trust Inc,7271,351,193K,9.32K,+5.1%,<.01%
249906108,DSGX,Descartes Systems Group Inc/The,2217,149,138K,9.27K,+7.2%,<.01%
15202L107,CSR,Centerspace,1393,113,114K,9.25K,+8.8%,<.01%
749607107,RLI,RLI Corp,1128,76,132K,8.89K,+7.2%,<.01%
92763W103,VIPS,Vipshop Holdings Ltd,22535,894,223K,8.85K,+4.1%,<.01%
68235P108,OGS,ONE Gas Inc,10224,108,830K,8.77K,+1.1%,<.01%
M2682V108,CYBR,CyberArk Software Ltd,12573,68,1.61M,8.7K,+0.5%,<.01%
302941109,FCN,FTI CONSULTING INC,870,48,157K,8.66K,+5.8%,<.01%
05379B107,AVA,Avista Corp,13774,195,599K,8.48K,+1.4%,<.01%
40434L105,HPQ,HP Inc,27769,254,910K,8.32K,+0.9%,<.01%
952845105,WFG,West Fraser Timber Co Ltd,3759,108,289K,8.3K,+3%,<.01%
95058W100,WEN,Wendy's/Arby's Group Inc,1731,434,33K,8.27K,+33.5%,<.01%
29084Q100,EME,EMCOR GROUP INC,1454,79,150K,8.15K,+5.7%,<.01%
M81873107,RDWR,RADWARE Ltd,11056,364,240K,7.9K,+3.4%,<.01%
353514102,FELE,Franklin Electric Co Inc,509,104,37K,7.56K,+25.7%,<.01%
90278Q108,UFPI,UFP Industries Inc,1851,111,126K,7.56K,+6.4%,<.01%
515098101,LSTR,Landstar System Inc,1254,52,182K,7.55K,+4.3%,<.01%
980745103,WWD,Woodward Inc,1459,81,135K,7.49K,+5.9%,<.01%
00508Y102,AYI,Acuity Brands Inc,945,48,146K,7.42K,+5.4%,<.01%
939653101,ELME,Washington Real Estate Investment Trust,7930,347,169K,7.4K,+4.6%,<.01%
20441A102,SBS,Cia de Saneamento Basico do Estado de S,4517,927,36K,7.39K,+25.8%,<.01%
431284108,HIW,Highwoods Properties Inc,9479,216,324K,7.38K,+2.3%,<.01%
172755100,CRUS,CIRRUS LOGIC INC,1551,101,113K,7.36K,+7%,<.01%
97651M109,WIT,Wipro Ltd,14140,1381,75K,7.32K,+10.8%,<.01%
49427F108,KRC,Kilroy Realty Corp,10860,140,568K,7.32K,+1.3%,<.01%
023608102,AEE,Ameren Corp,49237,81,4.45M,7.32K,+0.2%,0.01%
02607T109,,Necessity Retail REIT Inc/The,12121,1002,88K,7.27K,+9%,<.01%
87161C501,SNV,Synovus Financial Corp,3743,197,135K,7.11K,+5.6%,<.01%
59151K108,MEOH,Methanex Corp,963,184,37K,7.07K,+23.6%,<.01%
866796105,SLF,Sun Life Financial Inc,15041,148,689K,6.78K,+1%,<.01%
529043101,LXP,LXP Industrial Trust,25662,630,276K,6.78K,+2.5%,<.01%
617700109,MORN,Morningstar Inc,663,28,160K,6.76K,+4.4%,<.01%
78573L106,SBRA,Sabra Health Care REIT Inc,20937,482,292K,6.72K,+2.4%,<.01%
302081104,EXLS,ExlService Holdings Inc,871,45,128K,6.61K,+5.4%,<.01%
44930G107,ICUI,ICU Medical Inc,509,40,84K,6.6K,+8.5%,<.01%
45378A106,IRT,Independence Realty Trust Inc,20107,317,417K,6.57K,+1.6%,<.01%
775133101,ROG,Rogers Corp,472,25,124K,6.57K,+5.6%,<.01%
18539C204,CWEN,Clearway Energy Inc,1039,188,36K,6.51K,+22.1%,<.01%
G3198U102,ESNT,Essent Group Ltd,2986,164,116K,6.37K,+5.8%,<.01%
092113109,BKH,Black Hills Corp,12360,84,899K,6.11K,+0.7%,<.01%
816300107,SIGI,Selective Insurance Group Inc,1597,70,139K,6.09K,+4.6%,<.01%
35137L105,FOXA,Fox Corp,3909,186,126K,6K,+5%,<.01%
35138V102,FOXF,Fox Factory Holding Corp,1090,74,88K,5.97K,+7.3%,<.01%
465741106,ITRI,Itron Inc,589,120,29K,5.91K,+25.6%,<.01%
25659T107,DLB,Dolby Laboratories Inc,1699,81,122K,5.82K,+5%,<.01%
74167P108,PRMW,Primo Water Corp,2065,426,28K,5.78K,+26%,<.01%
G9470A102,VTEX,VTEX,28022,1874,86K,5.75K,+7.2%,<.01%
75524B104,RBC,RBC Bearings Inc,703,31,130K,5.73K,+4.6%,<.01%
G04553106,,Arco Platform Ltd,5524,383,82K,5.69K,+7.4%,<.01%
M7516K103,NVMI,Nova Ltd,8174,64,724K,5.67K,+0.8%,<.01%
06417N103,OZK,Bank OZK,3038,149,114K,5.59K,+5.2%,<.01%
49803T300,KRG,Kite Realty Group Trust,19763,323,342K,5.59K,+1.7%,<.01%
59001A102,MTH,Meritage Homes Corp,1064,73,77K,5.28K,+7.4%,<.01%
739276103,POWI,Power Integrations Inc,1656,70,124K,5.24K,+4.4%,<.01%
222795502,CUZ,Cousins Properties Inc,13537,176,396K,5.15K,+1.3%,<.01%
63633D104,NHI,National Health Investors Inc,4003,84,243K,5.1K,+2.1%,<.01%
680223104,ORI,Old Republic International Corp,7885,227,176K,5.07K,+3%,<.01%
37611X100,DNA.MX,Ginkgo Bioworks Holdings Inc,6228,2076,15K,5K,+50%,<.01%
78377T107,RHP,Ryman Hospitality Properties Inc,4881,64,371K,4.86K,+1.3%,<.01%
88557W101,QFIN,360 DigiTech Inc,7302,279,127K,4.85K,+4%,<.01%
19247A100,CNS,Cohen & Steers Inc,288,76,18K,4.75K,+35.8%,<.01%
775711104,ROL,Rollins Inc,27418,135,957K,4.71K,+0.5%,<.01%
374297109,GTY,Getty Realty Corp,3826,178,101K,4.7K,+4.9%,<.01%
76131N101,ROIC,Retail Opportunity Investments Corp,10939,292,173K,4.62K,+2.7%,<.01%
03784Y200,APLE,Apple Hospitality REIT Inc,19515,314,286K,4.6K,+1.6%,<.01%
74164M108,PRI,Primerica Inc,994,38,119K,4.55K,+4%,<.01%
G4388N106,HELE,Helen of Troy Ltd,651,27,106K,4.4K,+4.3%,<.01%
53960E106,LOCL,Local Bounti Corp,4164,1388,13K,4.33K,+50%,<.01%
88146M101,TRNO,Terreno Realty Corp,9677,77,539K,4.29K,+0.8%,<.01%
387437114,,Granite Real Estate Investment Trust,5622,67,345K,4.11K,+1.2%,<.01%
02361E108,AMRC,Ameresco Inc,415,88,19K,4.03K,+26.9%,<.01%
32020R109,FFIN,First Financial Bankshares Inc,3480,102,137K,4.02K,+3%,<.01%
482497104,BEKE,KE Holdings Inc,205,205,4K,4K,NEW,<.01%
26884U109,EPR,EPR Properties,6755,85,317K,3.99K,+1.3%,<.01%
78645L100,,Safehold Inc,1969,108,70K,3.84K,+5.8%,<.01%
65341D102,NXRT,NexPoint Residential Trust Inc,2053,60,128K,3.74K,+3%,<.01%
38045R206,GOQN,Gol Linhas Aereas Inteligentes SA,62760,1095,214K,3.73K,+1.8%,<.01%
29275Y102,ENS,EnerSys,13670,63,806K,3.71K,+0.5%,<.01%
913903100,UHS,Universal Health Services Inc,767,37,77K,3.71K,+5.1%,<.01%
248356107,DNN,Denison Mines Corp,658002,3713,644K,3.63K,+0.6%,<.01%
30214U102,EXPO,Exponent Inc,1562,39,143K,3.57K,+2.6%,<.01%
410867105,THG,Hanover Insurance Group Inc/The,919,24,134K,3.5K,+2.7%,<.01%
03236M200,AAPL,Amyris Inc,6603,1871,12K,3.4K,+39.5%,<.01%
554382101,MAC,Macerich Co/The,19538,384,170K,3.34K,+2%,<.01%
029899101,AWR,American States Water Co,7502,41,611K,3.34K,+0.5%,<.01%
127537207,CDZI,Cadiz Inc,4329,1443,10K,3.33K,+50%,<.01%
89612W102,,Tricon Residential Inc,22130,312,224K,3.16K,+1.4%,<.01%
G01125106,AFYA,Afya Ltd,19675,307,196K,3.06K,+1.6%,<.01%
48203R104,JNPR,Juniper Networks Inc,6599,96,188K,2.73K,+1.5%,<.01%
22002T108,CDP,Corporate Office Properties Trust,10219,102,268K,2.68K,+1%,<.01%
00776D103,,Aenza SAA,77040,2160,92K,2.58K,+2.9%,<.01%
58506Q109,MEDP,Medpace Holdings Inc,789,17,118K,2.54K,+2.2%,<.01%
984017103,XHR,Xenia Hotels & Resorts Inc,10376,171,151K,2.49K,+1.7%,<.01%
252784301,DRH,DiamondRock Hospitality Co,19026,293,156K,2.4K,+1.6%,<.01%
70509V100,PEB,Pebblebrook Hotel Trust,11782,139,195K,2.3K,+1.2%,<.01%
388689101,GPK,Graphic Packaging Holding Co,9664,108,198K,2.21K,+1.1%,<.01%
46124J201,IVT,InvenTrust Properties Corp,6146,84,159K,2.17K,+1.4%,<.01%
14174T107,CTRE,CareTrust REIT Inc,8759,116,162K,2.15K,+1.3%,<.01%
46137V100,PPA,Invesco Aerospace & Defense ETF,66,27,5K,2.05K,+69.2%,<.01%
105368203,BDN,Brandywine Realty Trust,15396,198,148K,1.9K,+1.3%,<.01%
243537107,DECK,DECKERS OUTDOOR CORP,773,7,197K,1.78K,+0.9%,<.01%
502175102,LTC,LTC Properties Inc,3532,45,136K,1.73K,+1.3%,<.01%
754907103,RYN,RAYONIER INC,4568,45,171K,1.68K,+1%,<.01%
379378201,GNL,Global Net Lease Inc,9452,110,134K,1.56K,+1.2%,<.01%
866082100,INN,Summit Hotel Properties Inc,9501,210,69K,1.53K,+2.3%,<.01%
04208T108,AHRT,Armada Hoffler Properties Inc,6087,117,78K,1.5K,+2%,<.01%
69924R108,PGRE,Paramount Group Inc,16928,208,122K,1.5K,+1.2%,<.01%
014491104,ALEX,Alexander & Baldwin Inc,6570,80,118K,1.44K,+1.2%,<.01%
489398107,KW,Kennedy-Wilson Holdings Inc,10712,71,203K,1.35K,+0.7%,<.01%
294628102,EQC,Equity Commonwealth,9788,44,269K,1.21K,+0.5%,<.01%
67623C109,OPI,Office Properties Income Trust,4347,59,87K,1.18K,+1.4%,<.01%
36165L108,GDS,GDS Holdings Ltd,92,35,3K,1.14K,+61.4%,<.01%
74965L101,RLJ,RLJ Lodging Trust,14915,102,165K,1.13K,+0.7%,<.01%
98980A105,ZTO,ZTO Express Cayman Inc,91,51,2K,1.12K,+127.5%,<.01%
M25133105,CGNT,Cognyte Software Ltd,16945,258,72K,1.1K,+1.5%,<.01%
44842L103,HCM,Hutchmed China Ltd,177,96,2K,1.08K,+118.5%,<.01%
L44385109,GLOB,Globant SA,17,6,3K,1.06K,+54.5%,<.01%
957638109,WAL,Western Alliance Bancorp,2838,15,200K,1.06K,+0.5%,<.01%
456237106,ILPT,Industrial Logistics Properties Trust,5894,75,83K,1.06K,+1.3%,<.01%
056752108,BIDU,Baidu Inc,20,7,3K,1.05K,+53.8%,<.01%
81761L102,SVC,Service Properties Trust,14898,199,78K,1.04K,+1.4%,<.01%
465562106,ITUB,Itau Unibanco Holding SA,432,220,2K,1.02K,+103.8%,<.01%
116794108,BRKR,Bruker Corp,2573,12,161K,750.87,+0.5%,<.01%
74971D101,,RPT Realty,7572,73,74K,713.42,+1%,<.01%
91359E105,UHT,Universal Health Realty Income Trust,1162,13,62K,693.63,+1.1%,<.01%
00848K101,UAVS,AgEagle Aerial Systems Inc,2532,844,2K,666.67,+50%,<.01%
98887Q104,ZLAB,Zai Lab Ltd,45,15,2K,666.67,+50%,<.01%
720190206,PDM,Piedmont Office Realty Trust Inc,11150,43,146K,563.05,+0.4%,<.01%
875465106,SKT,Tanger Factory Outlet Centers Inc,9198,36,131K,512.72,+0.4%,<.01%
22266T109,CPNG,Coupang Inc,118,28,2K,474.58,+31.1%,<.01%
66981J102,MNSO,MINISO Group Holding Ltd,142,67,1K,471.83,+89.3%,<.01%
20369C106,CHCT,Community Healthcare Trust Inc,2151,12,78K,435.15,+0.6%,<.01%
552848103,MTG,MGIC Investment Corp,8126,29,102K,364.02,+0.4%,<.01%
92189F437,ANGL,VanEck Fallen Angel High Yield Bond ETF,621,12,17K,328.5,+2%,<.01%
03748R747,AIV,Apartment Investment and Management Co,15923,48,102K,307.48,+0.3%,<.01%
96145D105,,Westrock Co,8251,6,329K,239.24,+0.1%,<.01%
92189F445,IHY,VanEck International High Yield Bond ET,415,10,8K,192.77,+2.5%,<.01%
92189F429,PFXF,VanEck Preferred Securities ex Financia,485,10,9K,185.57,+2.1%,<.01%
024013104,AAT,American Assets Trust Inc,4479,6,133K,178.16,+0.1%,<.01%
91704F104,UE,Urban Edge Properties,10379,9,158K,137.01,+0.1%,<.01%
344419106,FMX,Fomento Economico Mexicano SAB de CV,31,1,2K,64.52,+3.3%,<.01%
867892101,SHO,Sunstone Hotel Investors Inc,19504,4,193K,39.58,+0%,<.01%
92189F486,FLTR,VanEck Investment Grade Floating Rate E,495100,0,12.22M,0,NO CHANGE,0.03%
92189H862,MIG,VanEck Moody's Analytics IG Corporate B,354000,0,7.47M,0,NO CHANGE,0.02%
92189H854,MBBB,Vaneck Moody's Analytics BBB Corporate,327000,0,6.85M,0,NO CHANGE,0.02%
92189H102,DURA,VanEck Morningstar Durable Dividend ETF,150338,0,4.54M,0,NO CHANGE,0.01%
36118L106,FUTU,Futu Holdings Ltd,54500,0,2.85M,0,NO CHANGE,<.01%
92189H813,SMI,VanEck HIP Sustainable Muni ETF,50000,0,2.27M,0,NO CHANGE,<.01%
92189H821,DAPP,VanEck Digital Transformation ETF,375190,0,1.64M,0,NO CHANGE,<.01%
92189Y105,MOTE,Vaneck Morningstar ESG Moat ETF,50000,0,1.07M,0,NO CHANGE,<.01%
088606108,BHP,BHP Group Ltd,9000,0,506K,0,NO CHANGE,<.01%
92189H763,,Vaneck Digital Asset Mining ETF,40000,0,456K,0,NO CHANGE,<.01%
26874R108,E,ENI SpA,19000,0,452K,0,NO CHANGE,<.01%
91531W106,TIGR,Up Fintech Holding Ltd,74181,0,349K,0,NO CHANGE,<.01%
464285204,IAU,iShares Gold Trust,6254,0,215K,0,NO CHANGE,<.01%
98149E307,,SPDR Gold MiniShares Trust,5993,0,215K,0,NO CHANGE,<.01%
082490111,BHLWQ,Benson Hill Inc,241400,0,113K,0,NO CHANGE,<.01%
149123101,CAT,Caterpillar Inc,530,0,95K,0,NO CHANGE,<.01%
65341B106,XIFR,NextEra Energy Partners LP,730,0,54K,0,NO CHANGE,<.01%
G16258108,BEP,Brookfield Renewable Partners LP,1200,0,42K,0,NO CHANGE,<.01%
87266J104,TPICQ,TPI Composites Inc,2500,0,31K,0,NO CHANGE,<.01%
50202P105,,Li-Cycle Holdings Corp,2760,0,19K,0,NO CHANGE,<.01%
92189F411,BIZD,VanEck BDC Income ETF,628,0,9K,0,NO CHANGE,<.01%
26922A420,QTUM,Defiance Quantum ETF,151,0,6K,0,NO CHANGE,<.01%
26922A289,UFOX,Defiance Next Gen Connectivity ETF,157,0,5K,0,NO CHANGE,<.01%
92189F114,ESPO,VanEck Video Gaming and eSports ETF,84,0,4K,0,NO CHANGE,<.01%
92189F353,HYEM,VanEck Emerging Markets High Yield Bond,215,0,4K,0,NO CHANGE,<.01%
92189F692,PPH,VanEck Pharmaceutical ETF,51,0,4K,0,NO CHANGE,<.01%
92189H300,EMLC,VanEck J.P. Morgan EM Local Currency,166,0,4K,0,NO CHANGE,<.01%
92189Y204,EMET,VanEck Green Metals ETF,150,0,4K,0,NO CHANGE,<.01%
37954Y442,CLOU,Global X Cloud Computing ETF,163,0,3K,0,NO CHANGE,<.01%
37954Y624,DRIV,Global X Autonomous & Electric Vehicles,144,0,3K,0,NO CHANGE,<.01%
37954Y780,SNSR,Global X Internet of Things ETF,136,0,3K,0,NO CHANGE,<.01%
46817M107,JXN,Jackson Financial Inc,102,0,3K,0,NO CHANGE,<.01%
92189F726,BBH,VanEck Biotech ETF,19,0,3K,0,NO CHANGE,<.01%
37950E416,SOCL,Global X Social Media ETF,66,0,2K,0,NO CHANGE,<.01%
37954Y285,,Global X Telemedicine & Digital Health,177,0,2K,0,NO CHANGE,<.01%
37954Y715,BOTZ,Global X Robotics & Artificial Intellig,120,0,2K,0,NO CHANGE,<.01%
50155Q100,KD,Kyndryl Holdings Inc,224,0,2K,0,NO CHANGE,<.01%
92189F676,SMH,VanEck Semiconductor ETF,8,0,2K,0,NO CHANGE,<.01%
92189H797,,VanEck Future of Food ETF,110,0,2K,0,NO CHANGE,<.01%
00214Q203,ARKQ,ARK Autonomous Technology & Robotics ET,26,0,1K,0,NO CHANGE,<.01%
120831102,BU.TO,Burcon NutraScience Corp,3000,0,1K,0,NO CHANGE,<.01%
25243Q205,DEO,Diageo PLC,8,0,1K,0,NO CHANGE,<.01%
M4R82T106,FVRR,Fiverr International Ltd,10728,-6,369K,-206.38,-0.1%,<.01%
231561101,CW,Curtiss-Wright Corp,951,-4,126K,-529.97,-0.4%,<.01%
256135203,RDY,Dr Reddy's Laboratories Ltd,41,-11,2K,-536.59,-21.2%,<.01%
05968L102,CIB,BanColombia SA,42,-28,1K,-666.67,-40%,<.01%
518613203,LAUR,Laureate Education Inc,59,-41,1K,-694.92,-41%,<.01%
554489104,VRE,VERIS RESIDENTIAL INC,7813,-53,103K,-698.71,-0.7%,<.01%
700517105,PK,Park Hotels & Resorts Inc,21108,-54,286K,-731.67,-0.3%,<.01%
418056107,HAS,Hasbro Inc,3323,-9,272K,-736.68,-0.3%,<.01%
989701107,ZION,Zions Bancorporation,3870,-17,197K,-865.37,-0.4%,<.01%
01609W102,BABA,Alibaba Group Holding Ltd,0,-5,0,-1K,CLOSE,0%
G9889V101,ZENV,Zenvia Inc,0,-130,0,-1K,CLOSE,0%
400506101,PAC,Grupo Aeroportuario del Pacifico SAB de,11,-6,2K,-1.09K,-35.3%,<.01%
M15342104,AUDC,AudioCodes Ltd,7470,-52,165K,-1.15K,-0.7%,<.01%
44888K209,,Hydrofarm Holdings Group Inc,4720,-369,17K,-1.33K,-7.3%,<.01%
89055F103,BLD,TopBuild Corp,831,-9,139K,-1.51K,-1.1%,<.01%
92189Y303,,Vaneck Bitcoin Strategy ETF,50141,-86,916K,-1.57K,-0.2%,<.01%
39986L109,GRWG,GrowGeneration Corp,6710,-449,24K,-1.61K,-6.3%,<.01%
59156R108,MET,MetLife Inc,5709,-26,358K,-1.63K,-0.5%,<.01%
03990B101,ARES,Ares Management Corp,6589,-29,375K,-1.65K,-0.4%,<.01%
292104106,ESRT,Empire State Realty Trust Inc,12530,-277,88K,-1.95K,-2.2%,<.01%
92932M101,,WNS Holdings Ltd,775,-28,58K,-2.1K,-3.5%,<.01%
84857L101,SR,Spire Inc,9694,-29,721K,-2.16K,-0.3%,<.01%
V7780T103,RCL,Royal Caribbean Cruises Ltd,3391,-63,118K,-2.19K,-1.8%,<.01%
45784P101,PODD,Insulet Corp,1742,-11,380K,-2.4K,-0.6%,<.01%
22822V101,CCI,Crown Castle International Corp,75721,-18,12.75M,-3.03K,-0%,0.03%
03957W106,AROC,Archrock Inc,25977,-369,215K,-3.05K,-1.4%,<.01%
655844108,NSC,Norfolk Southern Corp,23040,-16,5.24M,-3.64K,-0.1%,0.01%
14316J108,CG,Carlyle Group Inc/The,9463,-116,300K,-3.68K,-1.2%,<.01%
L67359106,NEXA,Nexa Resources SA,15112,-659,91K,-3.97K,-4.2%,<.01%
668074305,NWE,NorthWestern Corp,10334,-74,609K,-4.36K,-0.7%,<.01%
023436108,AMED,Amedisys Inc,854,-44,90K,-4.64K,-4.9%,<.01%
M8737E108,,Taro Pharmaceutical Industries Ltd,2806,-132,101K,-4.75K,-4.5%,<.01%
55277P104,MGEE,MGE Energy Inc,6921,-65,539K,-5.06K,-0.9%,<.01%
281020107,EIX,Edison International,71929,-88,4.55M,-5.57K,-0.1%,0.01%
15135B101,CNC,Centene Corp,5125,-70,434K,-5.93K,-1.3%,<.01%
784305104,HTO,SJW Group,5488,-97,343K,-6.06K,-1.7%,<.01%
446150104,HBAN,Huntington Bancshares Inc/OH,36197,-575,435K,-6.91K,-1.6%,<.01%
03769M106,APO,Apollo Global Management Inc,11643,-152,564K,-7.36K,-1.3%,<.01%
59318E102,CMU,MFS High Yield Municipal Trust,7131,-2192,24K,-7.38K,-23.5%,<.01%
27827Y109,,Eaton Vance New York Municipal Bond Fun,2644,-812,25K,-7.68K,-23.5%,<.01%
59318B108,CXH,MFS Investment Grade Municipal Trust,3316,-1020,25K,-7.69K,-23.5%,<.01%
670980101,,Nuveen Ohio Quality Municipal Income Fu,2011,-620,25K,-7.71K,-23.6%,<.01%
64123C101,,Neuberger Berman California Municipal F,2305,-708,26K,-7.99K,-23.5%,<.01%
67069Y102,NXJ,Nuveen New Jersey Quality Municipal Inc,2055,-632,26K,-8K,-23.5%,<.01%
670972108,NQP,Nuveen Pennsylvania Quality Municipal I,2100,-648,26K,-8.02K,-23.6%,<.01%
444097109,HPP,Hudson Pacific Properties Inc,12816,-544,190K,-8.06K,-4.1%,<.01%
695263103,,PacWest Bancorp,2903,-313,77K,-8.3K,-9.7%,<.01%
157210105,CEVA,Ceva Inc,5749,-248,193K,-8.33K,-4.1%,<.01%
48251W104,KKR,KKR & CO INC,11678,-192,541K,-8.89K,-1.6%,<.01%
826599102,SGML,Sigma Lithium Corp,17404,-583,268K,-8.98K,-3.2%,<.01%
451107106,IDA,IDACORP Inc,9624,-91,1.02M,-9.64K,-0.9%,<.01%
550241103,LUMN,Lumen Technologies Inc,21963,-889,240K,-9.71K,-3.9%,<.01%
260003108,DOV,Dover Corp,14949,-81,1.81M,-9.83K,-0.5%,<.01%
784117103,SEIC,SEI Investments Co,15223,-197,822K,-10.64K,-1.3%,<.01%
74347M108,PUMP,ProPetro Holding Corp,4159374,-1123,41.59M,-11.23K,-0%,0.11%
46590V100,JBGS,JBG SMITH Properties,10528,-486,249K,-11.49K,-4.4%,<.01%
45167R104,IEX,IDEX Corp,7690,-64,1.4M,-11.63K,-0.8%,<.01%
46121Y201,IPI,Intrepid Potash Inc,746,-256,34K,-11.67K,-25.5%,<.01%
257651109,DCI,Donaldson Co Inc,52170,-251,2.51M,-12.08K,-0.5%,<.01%
7591EP100,RF,Regions Financial Corp,23588,-646,442K,-12.1K,-2.7%,<.01%
736508847,POR,Portland General Electric Co,17012,-252,822K,-12.18K,-1.5%,<.01%
M5216V106,GLBE,Global-e Online Ltd,22300,-616,450K,-12.43K,-2.7%,<.01%
546347105,LPX,Louisiana-Pacific Corp,5186,-241,272K,-12.64K,-4.4%,<.01%
670837103,OGE,OGE Energy Corp,38191,-346,1.47M,-13.34K,-0.9%,<.01%
G33856108,GSM,Ferroglobe PLC,31781,-2277,189K,-13.54K,-6.7%,<.01%
117043109,BC,Brunswick Corp/DE,2131,-213,139K,-13.89K,-9.1%,<.01%
68629Y103,ONL,Orion Office REIT Inc,25267,-1304,277K,-14.3K,-4.9%,<.01%
G0751N103,,Atlantica Sustainable Infrastructure PL,25242,-483,814K,-15.58K,-1.9%,<.01%
585464100,MLCO,Melco Resorts & Entertainment Ltd,61978,-2845,356K,-16.34K,-4.4%,<.01%
G9451V109,VINP,Vinci Partners Investments Ltd,19249,-1629,206K,-17.43K,-7.8%,<.01%
83067L109,,Skillz Inc,100169,-14089,124K,-17.44K,-12.3%,<.01%
29530P102,ERIE,Erie Indemnity Co,2958,-94,568K,-18.05K,-3.1%,<.01%
20440T300,LND,Cia Brasileira de Distribuicao,113730,-5915,353K,-18.36K,-4.9%,<.01%
69269L104,OZON,Ozon Holdings PLC,0,-1881257,0,-19K,CLOSE,0%
05329W102,AN,AutoNation Inc,1091,-171,122K,-19.12K,-13.5%,<.01%
103304101,BYD,Boyd Gaming Corp,27735,-385,1.38M,-19.16K,-1.4%,<.01%
G8232Y101,PENG,SMART Global Holdings Inc,19604,-1232,321K,-20.17K,-5.9%,<.01%
443628102,HBM,HudBay Minerals Inc,84672,-5088,345K,-20.73K,-5.7%,<.01%
018802108,LNT,Alliant Energy Corp,47948,-363,2.81M,-21.27K,-0.8%,<.01%
92556H206,PSKY,Paramount Global,10822,-871,267K,-21.49K,-7.4%,<.01%
M7S64H106,MNDY,Monday.com Ltd,4726,-210,488K,-21.68K,-4.3%,<.01%
20441B605,ELP,Cia Paranaense de Energia,73132,-3458,465K,-21.99K,-4.5%,<.01%
N97284108,NBIS,Yandex NV,0,-2266593,0,-23K,CLOSE,0%
217204106,CPRT,Copart Inc,26449,-214,2.87M,-23.25K,-0.8%,<.01%
130788102,CWT,California Water Service Group,10206,-437,567K,-24.28K,-4.1%,<.01%
35952H601,FCEL,FuelCell Energy Inc,131074,-6656,492K,-24.98K,-4.8%,<.01%
030371108,AVD,American Vanguard Corp,2212,-1141,49K,-25.28K,-34%,<.01%
10552T107,BRFS,BRF SA,57536,-9939,147K,-25.39K,-14.7%,<.01%
60510V108,AVO,Mission Produce Inc,3299,-1809,47K,-25.77K,-35.4%,<.01%
192422103,CGNX,Cognex Corp,19416,-616,826K,-26.21K,-3.1%,<.01%
136635109,CSIQ,Canadian Solar Inc,18629,-842,580K,-26.22K,-4.3%,<.01%
G0457F107,ARCO,Arcos Dorados Holdings Inc,53545,-3897,361K,-26.27K,-6.8%,<.01%
52567D107,LMND,Lemonade Inc,12998,-1469,237K,-26.79K,-10.2%,<.01%
833034101,SNA,Snap-On Inc,5786,-139,1.14M,-27.39K,-2.3%,<.01%
46120E602,ISRG,Intuitive Surgical Inc,43804,-137,8.79M,-27.5K,-0.3%,0.02%
63008G203,NNDM,Nano Dimension Ltd,73456,-8758,231K,-27.54K,-10.7%,<.01%
M81863124,,RADA Electronic Industries Ltd,13663,-3001,126K,-27.68K,-18%,<.01%
20854L108,CEIX,CONSOL Energy Inc,11320,-573,559K,-28.3K,-4.8%,<.01%
34964C106,FBIN,Fortune Brands Home & Security Inc,13808,-478,827K,-28.63K,-3.3%,<.01%
86730L109,,Sundial Growers Inc,165899,-87975,54K,-28.64K,-34.7%,<.01%
125896100,CMS,CMS Energy Corp,55385,-430,3.74M,-29.02K,-0.8%,<.01%
30040W108,ES,Eversource Energy,65930,-364,5.57M,-30.75K,-0.5%,0.01%
056525108,BMI,Badger Meter Inc,8222,-383,665K,-30.98K,-4.5%,<.01%
020764106,AMR,Alpha Metallurgical Resources Inc,5869,-243,758K,-31.38K,-4%,<.01%
235851102,DHR,Danaher Corp,12300,-134,3.12M,-33.97K,-1.1%,<.01%
92847W103,VITL,Vital Farms Inc,0,-2865,0,-35K,CLOSE,0%
171340102,CHD,Church & Dwight Co Inc,26907,-380,2.49M,-35.21K,-1.4%,<.01%
538146101,LPSN,LivePerson Inc,12884,-2501,182K,-35.33K,-16.3%,<.01%
517097101,LGO,Largo Inc,19153,-5287,131K,-36.16K,-21.6%,<.01%
G36738105,DMC,Fresh Del Monte Produce Inc,2996,-1275,88K,-37.45K,-29.9%,<.01%
65487X102,NOAH,Noah Holdings Ltd,0,-1642,0,-39K,CLOSE,0%
31154R109,FPI,Farmland Partners Inc,1980,-2954,27K,-40.28K,-59.9%,<.01%
126408103,CSX,CSX Corp,200959,-1400,5.84M,-40.68K,-0.7%,0.02%
98980L101,ZM,Zoom Video Communications Inc,7734,-388,835K,-41.89K,-4.8%,<.01%
811543107,SEB,Seaboard Corp,21,-11,82K,-42.95K,-34.4%,<.01%
M8744T106,TBLA,Taboola.com Ltd,52746,-17210,133K,-43.4K,-24.6%,<.01%
955306105,WST,West Pharmaceutical Services Inc,12096,-144,3.66M,-43.54K,-1.2%,<.01%
761152107,RMD,ResMed Inc,15120,-209,3.17M,-43.82K,-1.4%,<.01%
92189F387,SHYD,VanEck Short High Yield MuniETF,6791,-2010,153K,-45.28K,-22.8%,<.01%
209115104,ED,Consolidated Edison Inc,67897,-478,6.46M,-45.46K,-0.7%,0.02%
034164103,ANDE,Andersons Inc/The,2546,-1422,84K,-46.92K,-35.8%,<.01%
75321W103,PACK,Ranpak Holdings Corp,0,-2294,0,-47K,CLOSE,0%
G0176J109,ALLE,Allegion PLC,11545,-498,1.13M,-48.74K,-4.1%,<.01%
M6158M104,ITRN,Ituran Location and Control Ltd,7922,-2022,194K,-49.52K,-20.3%,<.01%
502160104,LXU,LSB Industries Inc,6564,-3617,91K,-50.14K,-35.5%,<.01%
H2906T109,GRMN,Garmin Ltd,18962,-522,1.86M,-51.29K,-2.7%,<.01%
G4645E105,HUDI,Huadi International Group Co Ltd,13833,-2536,280K,-51.33K,-15.5%,<.01%
31620R303,FNF,Fidelity National Financial Inc,30485,-1390,1.13M,-51.39K,-4.4%,<.01%
68162K106,ZEUS,Olympic Steel Inc,11627,-2127,299K,-54.7K,-15.5%,<.01%
34379V103,FLNC,Fluence Energy Inc,89710,-5790,850K,-54.86K,-6.1%,<.01%
70451X104,PAYO,Payoneer Global Inc,48989,-14080,192K,-55.18K,-22.3%,<.01%
025932104,AFG,American Financial Group Inc/OH,7614,-400,1.06M,-55.53K,-5%,<.01%
499049104,KNX,Swift Transportation Co,0,-1104,0,-56K,CLOSE,0%
G7T16G103,SPNS,Sapiens International Corp NV,7287,-2357,176K,-56.93K,-24.4%,<.01%
15234Q207,AXIAY,Centrais Eletricas Brasileiras SA,142630,-6743,1.26M,-59.8K,-4.5%,<.01%
803866300,SSL,Sasol Ltd,38513,-2606,888K,-60.09K,-6.3%,<.01%
461202103,INTU,Intuit Inc,49860,-159,19.22M,-61.28K,-0.3%,0.05%
94419L101,W,Wayfair Inc,5292,-1431,231K,-62.46K,-21.3%,<.01%
L00849106,AGRO,adecoagro sa,49448,-7608,418K,-64.31K,-13.3%,<.01%
477839104,JBTM,John Bean Technologies Corp,509,-613,56K,-67.44K,-54.6%,<.01%
25525P107,DHC,Diversified Healthcare Trust,0,-21255,0,-68K,CLOSE,0%
436440101,HOLX,HOLOGIC INC,43943,-986,3.04M,-68.32K,-2.2%,<.01%
M25722105,CGEN,Compugen Ltd,0,-21426,0,-69K,CLOSE,0%
90138F102,TWLO,Twilio Inc,0,-433,0,-71K,CLOSE,0%
922280102,VRNS,Varonis Systems Inc,23795,-2479,698K,-72.72K,-9.4%,<.01%
344849104,FL,Foot Locker Inc,0,-2447,0,-73K,CLOSE,0%
099502106,BAH,Booz Allen Hamilton Holding Corp,16065,-817,1.45M,-73.84K,-4.8%,<.01%
607409109,,Mobile TeleSystems PJSC,0,-7426619,0,-74K,CLOSE,0%
231021106,CMI,Cummins Inc,17804,-385,3.45M,-74.52K,-2.1%,<.01%
608190104,MHK,Mohawk Industries Inc,0,-611,0,-76K,CLOSE,0%
90353T100,UBER,Uber Technologies Inc,21469,-3747,439K,-76.62K,-14.9%,<.01%
806407102,HSIC,Henry Schein Inc,14305,-1012,1.1M,-77.68K,-6.6%,<.01%
92189F536,MLN,VanEck Long Muni ETF,15928,-4411,281K,-77.82K,-21.7%,<.01%
67079X102,NDMO,Nuveen Dynamic Municipal Opportunities,217739,-7001,2.42M,-77.84K,-3.1%,<.01%
368736104,GNRC,Generac Holdings Inc,7660,-374,1.61M,-78.75K,-4.7%,<.01%
60786M105,MC,Moelis & Co,0,-1691,0,-79K,CLOSE,0%
G4863A108,BRSL,International Game Technology PLC,40599,-4313,754K,-80.1K,-9.6%,<.01%
12532H104,GIB,CGI Inc,22803,-1030,1.82M,-82.03K,-4.3%,<.01%
345370860,F,Ford Motor Co,264192,-7510,2.94M,-83.57K,-2.8%,<.01%
042315507,ARR.MX,ARMOUR Residential REIT Inc,516220,-11956,3.63M,-84.17K,-2.3%,<.01%
57060D108,MKTX,MarketAxess Holdings Inc,4590,-338,1.18M,-86.53K,-6.9%,<.01%
500643200,KFY,Korn/Ferry International,0,-1359,0,-88K,CLOSE,0%
35905A109,FTDR,Frontdoor Inc,0,-3091,0,-92K,CLOSE,0%
G9440A109,VSTA,Vasta Platform Ltd,1207228,-19477,5.76M,-92.9K,-1.6%,0.02%
315616102,FFIV,F5 Inc,6674,-613,1.02M,-93.78K,-8.4%,<.01%
963320106,WHR,WHIRLPOOL CORP,6641,-633,1.03M,-97.99K,-8.7%,<.01%
G81276100,SIG,Signet Jewelers Ltd,0,-1363,0,-99K,CLOSE,0%
09627Y109,BPMC,Blueprint Medicines Corp,0,-1548,0,-99K,CLOSE,0%
100557107,SAM,Boston Beer Co Inc/The,0,-256,0,-99K,CLOSE,0%
146229109,CRI,Carter's Inc,0,-1080,0,-99K,CLOSE,0%
G3323L100,FN,Fabrinet,0,-943,0,-99K,CLOSE,0%
90089L108,TSPH,TuSimple Holdings Inc,259530,-13740,1.88M,-99.32K,-5%,<.01%
090572207,BIO,Bio-Rad Laboratories Inc,1813,-201,897K,-99.45K,-10%,<.01%
G46188101,,Horizon Therapeutics Plc,11268,-1252,899K,-99.89K,-10%,<.01%
80874P109,LNWO,Light & Wonder Inc,23821,-2170,1.12M,-101.94K,-8.3%,<.01%
09247D105,BKN,BlackRock Investment Quality Municipal,45268,-7549,616K,-102.73K,-14.3%,<.01%
983134107,WYNN,Wynn Resorts Ltd,29350,-1809,1.67M,-103.05K,-5.8%,<.01%
038923108,ABR,Arbor Realty Trust Inc,659071,-7889,8.64M,-103.42K,-1.2%,0.02%
59318D104,CXE,MFS High Income Municipal Trust,162222,-27678,610K,-104.08K,-14.6%,<.01%
78440X887,SLG,SL Green Realty Corp,30058,-2262,1.39M,-104.38K,-7%,<.01%
759916109,RGEN,Repligen Corp,5847,-648,950K,-105.28K,-10%,<.01%
86722A103,SXC,SunCoke Energy Inc,87122,-15615,593K,-106.28K,-15.2%,<.01%
30034W106,EVRG,Evergy Inc,42523,-1635,2.77M,-106.7K,-3.7%,<.01%
16359R103,CHE,Chemed Corp,2775,-230,1.3M,-108K,-7.7%,<.01%
565849106,MRO,Marathon Oil Corp,25071,-4898,564K,-110.19K,-16.3%,<.01%
012653101,ALB,Albemarle Corp,6675,-534,1.4M,-111.6K,-7.4%,<.01%
553498106,MSA,MSA Safety Inc,0,-858,0,-114K,CLOSE,0%
66979W842,NMG,Nouveau Monde Graphite Inc,457903,-23670,2.23M,-115.02K,-4.9%,<.01%
82489W107,SHLS,Shoals Technologies Group Inc,99078,-7146,1.63M,-117.78K,-6.7%,<.01%
22788C105,CRWD,Crowdstrike Holdings Inc,3187,-709,537K,-119.46K,-18.2%,<.01%
007903107,AMD,Advanced Micro Devices Inc,5167843,-1584,395.19M,-121.13K,-0%,1%
30161Q104,EXEL,Exelixis Inc,52419,-5829,1.09M,-121.32K,-10%,<.01%
42726M106,,Heritage-Crystal Clean Inc,47121,-4513,1.27M,-121.63K,-8.7%,<.01%
032095101,APH,Amphenol Corp,64418,-1896,4.15M,-122.06K,-2.9%,0.01%
72200R107,PMF,PIMCO Municipal Income Fund,67133,-10606,773K,-122.12K,-13.6%,<.01%
09250B103,BTA,Blackrock Long-Term Municipal Advantage,38836,-11064,430K,-122.5K,-22.2%,<.01%
42225P501,,Healthcare Trust of America Inc,92445,-4411,2.58M,-123.1K,-4.6%,<.01%
626755102,MUSA,Murphy USA Inc,0,-620,0,-124K,CLOSE,0%
811916105,SA,Seabridge Gold Inc,3740068,-10110,46.49M,-125.67K,-0.3%,0.12%
904214103,,Umpqua Holdings Corp,0,-6681,0,-126K,CLOSE,0%
303075105,FDS,Factset Research Systems Inc,4761,-328,1.83M,-126.14K,-6.4%,<.01%
577933104,MMS,MAXIMUS Inc,0,-1698,0,-127K,CLOSE,0%
78410G104,SBAC,SBA Communications Corp,15737,-400,5.04M,-128.03K,-2.5%,0.01%
01864U106,AFB,AllianceBernstein National Municipal In,145125,-11123,1.68M,-128.69K,-7.1%,<.01%
92189F528,SMB,VanEck Short Muni ETF,15908,-7641,272K,-130.65K,-32.4%,<.01%
723760104,MIO,Pioneer Municipal High Income Opportuni,95774,-10812,1.16M,-130.95K,-10.1%,<.01%
929042109,VNO,Vornado Realty Trust,78780,-4583,2.25M,-131.01K,-5.5%,<.01%
32054K103,FR,First Industrial Realty Trust Inc,52836,-2813,2.51M,-133.58K,-5.1%,<.01%
690742101,OC,Owens Corning,34082,-1817,2.53M,-135.04K,-5.1%,<.01%
941848103,WAT,Waters Corp,4957,-410,1.64M,-135.73K,-7.6%,<.01%
550021109,LULU,Lululemon Athletica Inc,28253,-501,7.7M,-136.58K,-1.7%,0.02%
76169C100,REXR,Rexford Industrial Realty Inc,58837,-2405,3.39M,-138.49K,-3.9%,<.01%
810186106,SMG,Scotts Miracle-Gro Co/The,3223,-1769,255K,-139.96K,-35.4%,<.01%
714266103,PPTA,Perpetua Resources Corp,241704,-42966,796K,-141.5K,-15.1%,<.01%
86745K104,NOVAQ,Sunnova Energy International Inc,118252,-7861,2.18M,-144.85K,-6.2%,<.01%
72201A103,XPMQX,PIMCO Municipal Income Fund III,85009,-15883,784K,-146.48K,-15.7%,<.01%
707569109,PENN,Penn National Gaming Inc,37450,-4835,1.14M,-147.05K,-11.4%,<.01%
681936100,OHI,Omega Healthcare Investors Inc,87981,-5227,2.48M,-147.34K,-5.6%,<.01%
35909D109,FYBR,Frontier Communications Parent Inc,0,-5416,0,-150K,CLOSE,0%
783754104,RYZ,Ryerson Holding Corp,40405,-7066,860K,-150.4K,-14.9%,<.01%
40637H109,HALO,Halozyme Therapeutics Inc,30992,-3449,1.36M,-151.8K,-10%,<.01%
00827B106,AFRM,Affirm Holdings Inc,48516,-8433,876K,-152.27K,-14.8%,<.01%
052800109,ALV,Autoliv Inc,0,-1997,0,-153K,CLOSE,0%
05589T104,DMF,BNY Mellon Municipal Income Inc,108571,-22752,733K,-153.61K,-17.3%,<.01%
82837P408,SICP,Silvergate Capital Corp,48809,-2879,2.61M,-154.13K,-5.6%,<.01%
854502101,SWK,Stanley Black & Decker Inc,15959,-1482,1.67M,-155.36K,-8.5%,<.01%
009158106,APD,Air Products and Chemicals Inc,36540,-651,8.79M,-156.55K,-1.8%,0.02%
72815L107,PLTK,Playtika Holding Corp,20991,-12054,278K,-159.64K,-36.5%,<.01%
92189H201,ITM,VanEck Intermediate Muni ETF,25711,-3497,1.17M,-159.68K,-12%,<.01%
887399103,MTUS,TimkenSteel Corp,48721,-8547,912K,-159.99K,-14.9%,<.01%
09253T101,MVT,BlackRock MuniVest Fund II Inc,79222,-14084,900K,-160K,-15.1%,<.01%
01535P106,,Alexco Resource Corp,7587106,-403173,3.03M,-161.07K,-5%,<.01%
M98068105,WIX,Wix.com Ltd,13064,-2459,856K,-161.12K,-15.8%,<.01%
229663109,CUBE,CubeSmart,78077,-3827,3.33M,-163.47K,-4.7%,<.01%
53223X107,,Life Storage Inc,30359,-1466,3.39M,-163.7K,-4.6%,<.01%
G5480U120,,Liberty Global PLC,8613,-7456,190K,-164.48K,-46.4%,<.01%
253393102,DKS,Dick's Sporting Goods Inc,0,-1688,0,-169K,CLOSE,0%
688239201,OSK,Oshkosh Corp,0,-1706,0,-172K,CLOSE,0%
552738106,MFM,MFS Municipal Income Trust,222105,-31941,1.21M,-173.72K,-12.6%,<.01%
83422N105,SLDP,Solid Power Inc,221240,-32300,1.19M,-173.73K,-12.7%,<.01%
169905106,CHH,Choice Hotels International Inc,0,-1272,0,-180K,CLOSE,0%
670677103,NIQ,Nuveen Intermediate Duration Quality Mu,39964,-14303,508K,-181.81K,-26.4%,<.01%
723762100,XPMAX,Pioneer Municipal High Income Advantage,123059,-20939,1.07M,-182.75K,-14.5%,<.01%
76954A103,RIVN,Rivian Automotive Inc,152009,-7126,3.91M,-183.44K,-4.5%,0.01%
58463J304,MPT,Medical Properties Trust Inc,217263,-12016,3.32M,-183.51K,-5.2%,<.01%
192479103,,Coherent Inc,0,-681,0,-186K,CLOSE,0%
25470F302,,Warner Bros Discovery Inc,0,-7449,0,-186K,CLOSE,0%
92343X100,VRNT,Verint Systems Inc,11632,-4407,493K,-186.78K,-27.5%,<.01%
200525103,CBSH,Commerce Bancshares Inc/MO,0,-2639,0,-189K,CLOSE,0%
02376R102,AAL,American Airlines Group Inc,32762,-15237,415K,-193.01K,-31.7%,<.01%
929740108,WAB,Westinghouse Air Brake Technologies Cor,0,-2013,0,-194K,CLOSE,0%
723763108,MHI,Pioneer Municipal High Income Fund Trus,121725,-20995,1.13M,-194.9K,-14.7%,<.01%
670695105,NUW,Nuveen AMT-Free Municipal Value Fund,80740,-13846,1.14M,-195.84K,-14.6%,<.01%
313745101,FRT,Federal Realty Investment Trust,35595,-2058,3.41M,-197.04K,-5.5%,<.01%
28176E108,EW,Edwards Lifesciences Corp,110773,-2079,10.53M,-197.68K,-1.8%,0.03%
878742204,TECK,Teck Resources Ltd,214401,-6467,6.55M,-197.72K,-2.9%,0.02%
82835P103,SVM,Silvercorp Metals Inc,18660799,-80803,46.28M,-200.39K,-0.4%,0.12%
25470F104,,Warner Bros Discovery Inc,0,-8061,0,-201K,CLOSE,0%
053611109,AVY,Avery Dennison Corp,8752,-1244,1.42M,-201.41K,-12.4%,<.01%
12685J105,CABO,Cable One Inc,0,-138,0,-202K,CLOSE,0%
92047W101,VVV,Valvoline Inc,0,-6388,0,-202K,CLOSE,0%
09254C107,MUE,BlackRock MuniHoldings Quality Fund II,103517,-18590,1.14M,-204.91K,-15.2%,<.01%
00788A105,,Advent Technologies Holdings Inc,0,-88372,0,-205K,CLOSE,0%
36352H100,GAU,Galiano Gold Inc,6630407,-524013,2.67M,-210.62K,-7.3%,<.01%
456788108,INFY,Infosys Ltd,125768,-11471,2.33M,-212.33K,-8.4%,<.01%
29362U104,ENTG,Entegris Inc,38989,-2306,3.59M,-212.45K,-5.6%,<.01%
171484108,CHDN,Churchill Downs Inc,9624,-1120,1.84M,-214.48K,-10.4%,<.01%
369550108,GD,General Dynamics Corp,23059,-991,5.1M,-219.27K,-4.1%,0.01%
30063P105,EXAS,EXACT SCIENCES CORP,176770,-5638,6.96M,-222.08K,-3.1%,0.02%
G02602103,DOX,Amdocs Ltd,31679,-2681,2.64M,-223.34K,-7.8%,<.01%
13321L108,CCJ,Cameco Corp,167452,-10639,3.52M,-223.45K,-6%,<.01%
09248F109,BFK,BlackRock Municipal Income Trust,148564,-21263,1.59M,-228.14K,-12.5%,<.01%
816851109,SRE,Sempra Energy,60217,-1563,9.05M,-234.88K,-2.5%,0.02%
78486Q101,SVBT,SVB Financial Group,5866,-597,2.32M,-235.81K,-9.2%,<.01%
070830104,BBWI,Bath & Body Works Inc,21688,-8775,584K,-236.29K,-28.8%,<.01%
374689107,ROCK,Gibraltar Industries Inc,34265,-6165,1.33M,-238.94K,-15.2%,<.01%
G8994E103,TT,Trane Technologies plc,23720,-1893,3.08M,-245.88K,-7.4%,<.01%
29364G103,ETR,Entergy Corp,63694,-2239,7.17M,-252.18K,-3.4%,0.02%
M22465104,CHKP,Check Point Software Technologies Ltd,46018,-2073,5.6M,-252.45K,-4.3%,0.01%
83570H108,SONO,Sonos Inc,0,-9027,0,-255K,CLOSE,0%
02665T306,AMH,American Homes 4 Rent,134710,-7212,4.77M,-255.59K,-5.1%,0.01%
46132X101,OIA,Invesco Municipal Income Opportunities,151152,-39954,975K,-257.72K,-20.9%,<.01%
144285103,CRS,Carpenter Technology Corp,50442,-9239,1.41M,-257.89K,-15.5%,<.01%
133131102,CPT,Camden Property Trust,41359,-1937,5.56M,-260.49K,-4.5%,0.01%
27829U105,ETX,Eaton Vance Municipal Income 2028 Term,26933,-12604,558K,-261.13K,-31.9%,<.01%
369604301,GE,General Electric Co,1343,-4100,86K,-262.55K,-75.3%,<.01%
758075402,RWT,Redwood Trust Inc,528702,-34129,4.08M,-263.12K,-6.1%,0.01%
086516101,BBY,Best Buy Co Inc,65182,-4081,4.25M,-266.03K,-5.9%,0.01%
V5633W109,MMYT,MakeMyTrip Ltd,12085,-10413,310K,-267.11K,-46.3%,<.01%
758849103,REG,Regency Centers Corp,79131,-4529,4.69M,-268.6K,-5.4%,0.01%
00165C104,,AMC Entertainment Holdings Inc,160926,-20350,2.18M,-275.8K,-11.2%,<.01%
68571X103,ORC,Orchid Island Capital Inc,1113763,-96798,3.17M,-275.85K,-8%,<.01%
746823103,PMM,Putnam Managed Municipal Income Trust,167333,-42031,1.11M,-278.31K,-20.1%,<.01%
009066101,ABNB,Airbnb Inc,4023,-3184,358K,-283.34K,-44.2%,<.01%
56064K100,MMD,MainStay MacKay DefinedTerm Municipal O,84695,-15982,1.54M,-289.84K,-15.9%,<.01%
09662E109,DSM,BNY Mellon Strategic Municipal Bond Fun,217369,-46811,1.35M,-291.16K,-17.7%,<.01%
866674104,SUI,Sun Communities Inc,42617,-1848,6.79M,-294.48K,-4.2%,0.02%
87971M103,TU,TELUS Corp,0,-11468,0,-300K,CLOSE,0%
G1151C101,ACN,Accenture PLC,91358,-1093,25.37M,-303.48K,-1.2%,0.07%
50540R409,,Laboratory Corp of America Holdings,14156,-1311,3.32M,-307.28K,-8.5%,<.01%
49446R109,KIM,Kimco Realty Corp,291021,-15691,5.75M,-310.18K,-5.1%,0.02%
674599105,OXY,Occidental Petroleum Corp,28630,-5279,1.69M,-310.88K,-15.6%,<.01%
013872106,AA,Alcoa Corp,66788,-6849,3.04M,-312.26K,-9.3%,<.01%
25401T108,,DigitalBridge Group Inc,0,-43457,0,-313K,CLOSE,0%
98422D105,XPEV,XPeng Inc,219328,-9870,6.96M,-313.25K,-4.3%,0.02%
68389X105,ORCL,Oracle Corp,27870,-4608,1.95M,-321.92K,-14.2%,<.01%
92936U109,WPC,WP Carey Inc,70039,-3888,5.8M,-322.14K,-5.3%,0.02%
G6674U108,NVCR,Novocure Ltd,13486,-4661,937K,-323.84K,-25.7%,<.01%
092479104,BYM,BlackRock Municipal Income Quality Trus,115552,-26280,1.43M,-325.68K,-18.5%,<.01%
26817Q886,DX,Dynex Capital Inc,227405,-20662,3.62M,-328.91K,-8.3%,<.01%
56501R106,MFC,Manulife Financial Corp,86169,-19001,1.49M,-329.44K,-18.1%,<.01%
29472R108,ELS,Equity LifeStyle Properties Inc,79431,-4680,5.6M,-329.83K,-5.6%,0.01%
40415F101,HDB,HDFC Bank Ltd,684504,-6031,37.62M,-331.46K,-0.9%,0.1%
615111101,ONT,Montrose Environmental Group Inc,38589,-9922,1.3M,-335.03K,-20.5%,<.01%
93627C101,HCC,Warrior Met Coal Inc,70899,-10998,2.17M,-336.61K,-13.4%,<.01%
678026105,OIS,Oil States International Inc,2935507,-62175,15.91M,-336.98K,-2.1%,0.04%
36467J108,GLPI,Gaming and Leisure Properties Inc,148844,-7349,6.83M,-337.03K,-4.7%,0.02%
27826U108,EVN,Eaton Vance Municipal Income Trust,179025,-30882,1.96M,-337.93K,-14.7%,<.01%
11284V105,BEPC.TO,Brookfield Renewable Corp,152255,-9509,5.42M,-338.63K,-5.9%,0.01%
101121101,BXP,BOSTON PROPERTIES INC,72009,-3892,6.41M,-346.29K,-5.1%,0.02%
23703Q203,DQ,Daqo New Energy Corp,83106,-4868,5.93M,-347.47K,-5.5%,0.02%
50187A107,,LHC Group Inc,0,-2087,0,-352K,CLOSE,0%
G5494J103,,Linde PLC,26452,-1236,7.61M,-355.4K,-4.5%,0.02%
233368109,KTF,DWS Municipal Income Trust,203960,-38318,1.92M,-360.15K,-15.8%,<.01%
04041L106,WES,Aris Water Solution Inc,61509,-21591,1.03M,-360.15K,-26%,<.01%
92189H409,HYD,VanEck High Yield Muni ETF,11031,-6692,594K,-360.35K,-37.8%,<.01%
76883Y107,RFMZ,RiverNorth Flexible Municipal Income Fu,109209,-24783,1.59M,-360.37K,-18.5%,<.01%
09662W109,DMB,BNY Mellon Municipal Bond Infrastructur,69686,-27861,907K,-362.63K,-28.6%,<.01%
320517105,FHN,First Horizon National Corp,0,-15818,0,-372K,CLOSE,0%
74834L100,DGX,QUEST DIAGNOSTICS INC,26706,-2884,3.55M,-383.48K,-9.7%,<.01%
05588W108,LEO,BNY Mellon Strategic Municipals Inc,281731,-58440,1.85M,-384.58K,-17.2%,<.01%
053774105,CAR,Avis Budget Group Inc,0,-1462,0,-385K,CLOSE,0%
04342Y104,ASAN,Asana Inc,0,-9696,0,-388K,CLOSE,0%
14149Y108,CAH,Cardinal Health Inc,27726,-7487,1.45M,-391.28K,-21.3%,<.01%
460690100,IPG,Interpublic Group of Cos Inc/The,39145,-14270,1.08M,-392.98K,-26.7%,<.01%
746922103,PMO,Putnam Municipal Opportunities Trust,113413,-33446,1.34M,-394.29K,-22.8%,<.01%
134748102,CAN,Canaan Inc,671717,-123588,2.16M,-397.78K,-15.5%,<.01%
M3760D101,ESLT,Elbit Systems Ltd,6919,-1740,1.59M,-399.1K,-20.1%,<.01%
39115V101,GPLDF,Great Panther Mining Ltd,22615820,-3277426,2.79M,-404.46K,-12.7%,<.01%
09254J102,MUA,BlackRock MuniAssets Fund Inc,128107,-33280,1.56M,-405.26K,-20.6%,<.01%
72200W106,PML,PIMCO Municipal Income Fund II,150689,-38313,1.62M,-411.38K,-20.3%,<.01%
61174X109,MNST,Monster Beverage Corp,46566,-4455,4.32M,-413.01K,-8.7%,0.01%
74762E102,PWR,Quanta Services Inc,1460,-3299,183K,-413.5K,-69.3%,<.01%
42250P103,DOC,Healthpeak Properties Inc,263765,-16121,6.83M,-417.69K,-5.8%,0.02%
04013V108,ACRE,Ares Commercial Real Estate Corp,291891,-34589,3.57M,-423.04K,-10.6%,<.01%
88339J105,TTD,Trade Desk Inc/The,0,-6184,0,-428K,CLOSE,0%
902653104,UDR,UDR INC,154106,-9365,7.09M,-431.16K,-5.7%,0.02%
73278L105,POOL,Pool Corp,6482,-1251,2.28M,-439.45K,-16.2%,<.01%
36168Q120,,GFL Environmental Inc,156051,-7567,9.27M,-449.56K,-4.6%,0.02%
74767V109,QS,QuantumScape Corp,0,-22515,0,-450K,CLOSE,0%
18915M107,NET,Cloudflare Inc,0,-3817,0,-457K,CLOSE,0%
46133G107,IQI,Invesco Quality Municipal Income Trust,243844,-45252,2.49M,-462.09K,-15.7%,<.01%
62914V106,NIO,NIO Inc,608963,-21372,13.23M,-464.21K,-3.4%,0.04%
981811102,WOR,Worthington Industries Inc,52367,-10609,2.31M,-467.78K,-16.8%,<.01%
69608A108,PLTR,Palantir Technologies Inc,182102,-51861,1.65M,-470.47K,-22.2%,<.01%
69331C108,PCG,PG&E Corp,593255,-47666,5.92M,-475.65K,-7.4%,0.02%
64782A107,NEWP,New Pacific Metals Corp,4696028,-167756,13.39M,-478.26K,-3.4%,0.04%
50202M102,LI,Li Auto Inc,265646,-12559,10.18M,-481.14K,-4.5%,0.03%
264411505,,Duke Realty Corp,157407,-8758,8.65M,-481.28K,-5.3%,0.02%
11135B100,,Broadmark Realty Capital Inc,736318,-73176,4.94M,-491.04K,-9%,0.01%
09254G108,MQT,BlackRock MuniYield Quality Fund II Inc,77095,-43511,884K,-498.91K,-36.1%,<.01%
297178105,ESS,Essex Property Trust Inc,31786,-1925,8.31M,-503.39K,-5.7%,0.02%
670663103,NMCO,Nuveen Municipal Credit Opportunities F,185090,-41153,2.27M,-503.82K,-18.2%,<.01%
775109200,RCI,Rogers Communications Inc,0,-9009,0,-510K,CLOSE,0%
46131J103,VKQ,Invesco Municipal Trust,253537,-50768,2.58M,-515.82K,-16.7%,<.01%
87918A105,TDOC,Teladoc Health Inc,1579,-15723,52K,-517.79K,-90.9%,<.01%
64828T201,RITM,New Residential Investment Corp,1074891,-55888,10.02M,-520.88K,-4.9%,0.03%
11777Q209,BTG,B2Gold Corp,112137579,-153803,380.14M,-521.39K,-0.1%,1%
92189F452,MORT,VanEck Mortgage REIT Income ETF,290,-38076,4K,-525.19K,-99.2%,<.01%
46131M106,VGM,Invesco Trust for Investment Grade Muni,246920,-50344,2.6M,-530.11K,-16.9%,<.01%
28852N109,EFC,Ellington Financial Inc,288264,-36497,4.23M,-535.43K,-11.2%,0.01%
001055102,AFL,Aflac Inc,64114,-9703,3.55M,-536.8K,-13.1%,<.01%
46187W107,INVH,Invitation Homes Inc,272957,-15096,9.71M,-537.13K,-5.2%,0.03%
649604501,,New York Mortgage Trust Inc,1959165,-195099,5.41M,-538.44K,-9.1%,0.01%
744320102,PRU,Prudential Financial Inc,13864,-5742,1.33M,-549.6K,-29.3%,<.01%
90384S303,ULTA,Ulta Beauty Inc,12815,-1439,4.94M,-554.71K,-10.1%,0.01%
697900108,PAAS,Pan American Silver Corp,22373063,-28263,440.08M,-555.93K,-0.1%,1.2%
609207105,MDLZ,Mondelez International Inc,251200,-8958,15.6M,-556.2K,-3.4%,0.04%
38068T105,GORO,Gold Resource Corp,4450238,-349402,7.25M,-569.53K,-7.3%,0.02%
65339F101,NEE,NextEra Energy Inc,550908,-7357,42.67M,-569.87K,-1.3%,0.11%
842587107,SO,Southern Co/The,266192,-7994,18.98M,-570.05K,-2.9%,0.05%
03062D100,USAS,Americas Gold & Silver Corp,8708184,-842226,6M,-579.82K,-8.8%,0.02%
92276F100,VTR,Ventas Inc,187219,-11274,9.63M,-579.84K,-5.7%,0.03%
665859104,NTRS,Northern Trust Corp,0,-5015,0,-584K,CLOSE,0%
910047109,UAL,United Airlines Holdings Inc,0,-12595,0,-584K,CLOSE,0%
58039P107,MUX.MX,McEwen Mining Inc,21096630,-1365126,9.27M,-599.59K,-6.1%,0.02%
59522J103,MAA,Mid-America Apartment Communities Inc,55784,-3457,9.74M,-603.85K,-5.8%,0.03%
91822M106,,VEON Ltd,12299567,-1320000,5.66M,-607.22K,-9.7%,0.02%
654106103,NKE,NIKE Inc,225003,-5989,23M,-612.09K,-2.6%,0.06%
988498101,YUM,Yum! Brands Inc,103250,-5463,11.72M,-620.11K,-5%,0.03%
01741R102,ATI,Allegheny Technologies Inc,129652,-27926,2.94M,-634.11K,-17.7%,<.01%
59124U605,MTA,Metalla Royalty & Streaming Ltd,2149279,-131570,10.38M,-635.48K,-5.8%,0.03%
03762U105,ARI,Apollo Commercial Real Estate Finance I,617901,-61247,6.45M,-639.43K,-9%,0.02%
95766M105,MMU,Western Asset Managed Municipals Fund I,203442,-60581,2.15M,-640.23K,-22.9%,<.01%
30225T102,EXR,Extra Space Storage Inc,64158,-3786,10.91M,-644.1K,-5.6%,0.03%
46132C107,VMO,Invesco Municipal Opportunity Trust,306817,-62384,3.17M,-644.34K,-16.9%,<.01%
09253N104,MHD,BlackRock MuniHoldings Fund Inc,239025,-52127,3.03M,-661.44K,-17.9%,<.01%
94106B101,WCN,Waste Connections Inc,49662,-5337,6.16M,-661.56K,-9.7%,0.02%
552953101,MGM,MGM Resorts International,101337,-23172,2.93M,-670.9K,-18.6%,<.01%
670671106,,Nuveen Intermediate Duration Municipal,143221,-52252,1.86M,-679.32K,-26.7%,<.01%
57636Q104,MA,Mastercard Inc,129088,-2160,40.72M,-681.43K,-1.6%,0.11%
015271109,ARE,Alexandria Real Estate Equities Inc,72219,-4721,10.47M,-684.69K,-6.1%,0.03%
N07059210,ASML,ASML Holding NV,782163,-1445,372.21M,-687.65K,-0.2%,0.99%
156782104,,Cerner Corp,0,-7480,0,-700K,CLOSE,0%
46138G706,TAN,Invesco Solar ETF,0,-9361,0,-706K,CLOSE,0%
09253W104,MYD,BlackRock MuniYield Fund Inc,217386,-63968,2.42M,-712.7K,-22.7%,<.01%
27827X101,EIM,Eaton Vance Municipal Bond Fund,330626,-67042,3.54M,-717.41K,-16.9%,<.01%
09254F100,MQY,BlackRock MuniYield Quality Fund Inc,335669,-57362,4.26M,-727.99K,-14.6%,0.01%
349553107,FTS,Fortis Inc/Canada,91391,-15409,4.32M,-728.37K,-14.4%,0.01%
29476L107,EQR,Equity Residential,172358,-10219,12.45M,-738.03K,-5.6%,0.03%
L4135L100,,FREYR Battery SA,932552,-109550,6.38M,-749.36K,-10.5%,0.02%
505743104,LADR,Ladder Capital Corp,670972,-71393,7.07M,-752.48K,-9.6%,0.02%
020002101,ALL,Allstate Corp/The,32242,-5956,4.09M,-754.8K,-15.6%,0.01%
373737105,GGB,Gerdau SA,970902,-180793,4.17M,-775.57K,-15.7%,0.01%
33733E500,QCLN,First Trust NASDAQ Clean Edge Green Ene,0,-12024,0,-777K,CLOSE,0%
77311W101,RKT,Rocket Cos Inc,0,-70453,0,-783K,CLOSE,0%
053484101,AVB,AvalonBay Communities Inc,68268,-4146,13.26M,-805.36K,-5.7%,0.04%
09260D107,BX,Blackstone Inc,108349,-8936,9.88M,-815.26K,-7.6%,0.03%
G6095L109,,Aptiv PLC,0,-6877,0,-823K,CLOSE,0%
580135101,MCD,McDonald's Corp,49290,-3350,12.17M,-827.07K,-6.4%,0.03%
86337R103,,Stronghold Digital Mining Inc,0,-142762,0,-836K,CLOSE,0%
09257P105,BTT,BlackRock Municipal 2030 Target Term Tr,253711,-39220,5.62M,-868.77K,-13.4%,0.01%
756109104,O,Realty Income Corp,266785,-12750,18.21M,-870.33K,-4.6%,0.05%
26441C204,DUK,Duke Energy Corp,215642,-8154,23.12M,-874.19K,-3.6%,0.06%
806882106,RDUS,Schnitzer Steel Industries Inc,60946,-26711,2M,-876.98K,-30.5%,<.01%
38149E101,GLDG,GoldMining Inc,7258856,-918523,6.94M,-878.3K,-11.2%,0.02%
G1757E113,CMCL,Caledonia Mining Corp PLC,467677,-81487,5.12M,-892.27K,-14.8%,0.01%
38071H106,GROY,Gold Royalty Corp,5330443,-400679,11.99M,-901.49K,-7%,0.03%
858119100,STLD,Steel Dynamics Inc,93554,-13641,6.19M,-902.41K,-12.7%,0.02%
95040Q104,WELL,Welltower Inc,219327,-10978,18.06M,-904.06K,-4.8%,0.05%
828806109,SPG,Simon Property Group Inc,159536,-9585,15.14M,-909.8K,-5.7%,0.04%
08265T208,BSY,Bentley Systems Inc,0,-21001,0,-928K,CLOSE,0%
501044101,KR,Kroger Co/The,84307,-19713,3.99M,-932.96K,-19%,0.01%
035710409,,Annaly Capital Management Inc,3925332,-158287,23.2M,-935.45K,-3.9%,0.06%
446413106,HII,Huntington Ingalls Industries Inc,0,-4731,0,-944K,CLOSE,0%
83056P715,SKE,Skeena Resources Ltd,2728551,-180547,14.41M,-953.7K,-6.2%,0.04%
670682103,NMZ,Nuveen Municipal High Income Opportunit,275794,-83074,3.23M,-972.03K,-23.1%,<.01%
37959E102,GL,Globe Life Inc,0,-9706,0,-976K,CLOSE,0%
92534K107,VRTX,Vertex Energy Inc,82590,-93227,869K,-980.92K,-53%,<.01%
85859N102,,Stem Inc,1238186,-138580,8.87M,-992.19K,-10.1%,0.02%
670002401,NVAX,Novavax Inc,109388,-19618,5.63M,-1.01M,-15.2%,0.01%
57776F405,,Maverix Metals Inc,2763871,-233285,12.02M,-1.01M,-7.8%,0.03%
67062F100,NXP,Nuveen Select Tax-Free Income Portfolio,169742,-74617,2.32M,-1.02M,-30.5%,<.01%
29274F104,,Enel Americas SA,0,-172158,0,-1.03M,CLOSE,0%
126650100,CVS,CVS Health Corp,110267,-11306,10.22M,-1.05M,-9.3%,0.03%
253868103,DLR,Digital Realty Trust Inc,139079,-8216,18.06M,-1.07M,-5.6%,0.05%
871829107,SYY,Sysco Corp,62796,-13201,5.32M,-1.12M,-17.4%,0.01%
85571B105,STWD,Starwood Property Trust Inc,770175,-53616,16.09M,-1.12M,-6.5%,0.04%
09254E103,MYI,BlackRock MuniYield Quality Fund III In,311609,-98571,3.63M,-1.15M,-24%,<.01%
53115L104,LBRT,Liberty Oilfield Services Inc,9382385,-91984,119.72M,-1.17M,-1%,0.32%
548661107,LOW,Lowe's Cos Inc,81647,-6771,14.26M,-1.18M,-7.7%,0.04%
09075V102,BNTX,BioNTech SE,135098,-8029,20.14M,-1.2M,-5.6%,0.05%
693483109,PKX,POSCO Holdings Inc,98107,-27063,4.37M,-1.2M,-21.6%,0.01%
852234103,XYZ,Block Inc,83517,-19765,5.13M,-1.21M,-19.1%,0.01%
201723103,CMC,Commercial Metals Co,132158,-36729,4.38M,-1.22M,-21.7%,0.01%
427096508,HTGC,Hercules Capital Inc,1780910,-91012,24.02M,-1.23M,-4.9%,0.06%
77543R102,ROKU,Roku Inc,7247,-14953,596K,-1.23M,-67.4%,<.01%
G6359F137,NBR,Nabors Industries Ltd,439325,-9194,58.83M,-1.23M,-2%,0.16%
517834107,LVS,Las Vegas Sands Corp,124727,-36896,4.19M,-1.24M,-22.8%,0.01%
136375102,CNI,Canadian National Railway Co,118010,-11032,13.27M,-1.24M,-8.5%,0.04%
715684106,TLK,Telkom Indonesia Persero Tbk PT,119332,-46092,3.23M,-1.25M,-27.9%,<.01%
670346105,NUE,Nucor Corp,106592,-12086,11.13M,-1.26M,-10.2%,0.03%
437076102,HD,Home Depot Inc/The,79331,-4609,21.76M,-1.26M,-5.5%,0.06%
883556102,TMO,THERMO FISHER SCIENTIFIC INC,13157,-2390,7.15M,-1.3M,-15.4%,0.02%
67103H107,ORLY,O'Reilly Automotive Inc,7906,-2081,5M,-1.31M,-20.8%,0.01%
880890108,TX,Ternium SA,125448,-36576,4.53M,-1.32M,-22.6%,0.01%
94106L109,WM,Waste Management Inc,40123,-8668,6.14M,-1.33M,-17.8%,0.02%
92189F502,SMOG,VanEck Low Carbon Energy ETF,62,-10281,8K,-1.33M,-99.4%,<.01%
70450Y103,PYPL,PayPal Holdings Inc,145711,-19014,10.18M,-1.33M,-11.5%,0.03%
256746108,DLTR,Dollar Tree Inc,21610,-8552,3.37M,-1.33M,-28.4%,<.01%
759509102,RS,Reliance Steel & Aluminum Co,30165,-7882,5.12M,-1.34M,-20.7%,0.01%
867652406,,SunPower Corp,1126,-84374,18K,-1.35M,-98.7%,<.01%
04271T100,ARRY,Array Technologies Inc,0,-121684,0,-1.37M,CLOSE,0%
644535106,NGD,New Gold Inc,68023303,-1292683,72.78M,-1.38M,-1.9%,0.19%
780087102,RY,Royal Bank of Canada,62969,-14577,6.1M,-1.41M,-18.8%,0.02%
760759100,RSG,Republic Services Inc,47595,-10858,6.23M,-1.42M,-18.6%,0.02%
36467W109,GME,GameStop Corp,15946,-11670,1.95M,-1.43M,-42.3%,<.01%
70931T103,PMT,PennyMac Mortgage Investment Trust,410359,-103633,5.67M,-1.43M,-20.2%,0.02%
03938L203,MT,ArcelorMittal SA,217698,-63523,4.92M,-1.44M,-22.6%,0.01%
70614W100,PTON,Peloton Interactive Inc,0,-54334,0,-1.44M,CLOSE,0%
09257W100,BXMT,Blackstone Mortgage Trust Inc,412235,-52232,11.41M,-1.45M,-11.2%,0.03%
90187B408,TWO,Two Harbors Investment Corp,1652136,-291072,8.23M,-1.45M,-15%,0.02%
46131B704,IVR,Invesco Mortgage Capital Inc,165077,-101581,2.42M,-1.49M,-38.1%,<.01%
303250104,FICO,Fair Isaac Corp,0,-3350,0,-1.56M,CLOSE,0%
440452100,HRL,Hormel Foods Corp,0,-30548,0,-1.57M,CLOSE,0%
543518104,LOOP,Loop Industries Inc,0,-177253,0,-1.58M,CLOSE,0%
931427108,WBA,Walgreens Boots Alliance Inc,108826,-42293,4.12M,-1.6M,-28%,0.01%
91913Y100,VLO,Valero Energy Corp,762723,-15717,81.06M,-1.67M,-2%,0.21%
136385101,CNQ,Canadian Natural Resources Ltd,20069,-31487,1.08M,-1.69M,-61.1%,<.01%
68634K106,ORLA,Orla Mining Ltd,7454578,-619660,20.38M,-1.69M,-7.7%,0.05%
393222104,GPRE,Green Plains Inc,0,-54648,0,-1.7M,CLOSE,0%
82575P107,SBSW,Sibanye Stillwater Ltd,3324942,-171933,33.15M,-1.71M,-4.9%,0.09%
380738104,,Gold Standard Ventures Corp,12496585,-5477158,3.92M,-1.72M,-30.5%,0.01%
595017104,MCHP,Microchip Technology Inc,4582965,-29548,266.18M,-1.72M,-0.6%,0.71%
67074M101,,Nuveen Enhanced Municipal Value Fund,0,-134863,0,-1.76M,CLOSE,0%
497266106,KEX,KIRBY CORP,476940,-29340,29.02M,-1.79M,-5.8%,0.08%
00123Q104,AGNC,AGNC INVESTMENT CORP,1282416,-161822,14.2M,-1.79M,-11.2%,0.04%
686688102,ORA,Ormat Technologies Inc,374145,-22946,29.31M,-1.8M,-5.8%,0.08%
714046109,RVTY,PerkinElmer Inc,6167,-12676,877K,-1.8M,-67.3%,<.01%
23291C103,BOOM,DMC Global Inc,557791,-100236,10.06M,-1.81M,-15.2%,0.03%
743315103,PGR,Progressive Corp/The,60164,-15598,7M,-1.81M,-20.6%,0.02%
74460D109,PSA,Public Storage,91426,-5833,28.59M,-1.82M,-6%,0.08%
67071L106,NVG,Nuveen AMT-Free Municipal Credit Income,766862,-140094,10.05M,-1.84M,-15.4%,0.03%
55303A105,,MGM Growth Properties LLC,0,-47668,0,-1.84M,CLOSE,0%
38147U107,GSBD,Goldman Sachs BDC Inc,1378213,-110558,23.15M,-1.86M,-7.4%,0.06%
91680M107,UPST,Upstart Holdings Inc,0,-17406,0,-1.9M,CLOSE,0%
41068X100,HASI,Hannon Armstrong Sustainable Infrastruc,1656908,-50702,62.73M,-1.92M,-3%,0.17%
16115Q308,GTLS,Chart Industries Inc,234254,-12050,39.21M,-2.02M,-4.9%,0.1%
670657105,NEA,Nuveen AMT-Free Quality Municipal Incom,1015216,-172474,11.93M,-2.03M,-14.5%,0.03%
10949T109,BRSP,BrightSpire Capital Inc,230449,-271219,1.74M,-2.05M,-54.1%,<.01%
053332102,AZO,AutoZone Inc,2022,-999,4.35M,-2.15M,-33.1%,0.01%
861012102,STM,STMicroelectronics NV,4754458,-69564,149.62M,-2.19M,-1.4%,0.4%
67066V101,NAD,Nuveen Quality Municipal Income Fund,969379,-175934,12.09M,-2.19M,-15.4%,0.03%
675232102,OII,Oceaneering International Inc,4830533,-210073,51.59M,-2.24M,-4.2%,0.14%
216648402,COO.MX,Cooper Cos Inc/The,2646,-7247,829K,-2.27M,-73.3%,<.01%
38173M102,GBDC,Golub Capital BDC Inc,1931033,-179873,25.03M,-2.33M,-8.5%,0.07%
92343V104,VZ,Verizon Communications Inc,254217,-46993,12.9M,-2.38M,-15.6%,0.03%
74340W103,PLD,Prologis Inc,373563,-21272,43.95M,-2.5M,-5.4%,0.12%
573874104,MRVL,Marvell Technology Group Ltd,4779090,-57676,208.03M,-2.51M,-1.2%,0.55%
016255101,ALGN,Align Technology Inc,2312,-10646,547K,-2.52M,-82.2%,<.01%
47215P106,JD,JD.com Inc,124177,-39328,7.97M,-2.53M,-24.1%,0.02%
031162100,AMGN,Amgen Inc,278791,-10433,67.83M,-2.54M,-3.6%,0.18%
91734M103,,US Ecology Inc,0,-53334,0,-2.55M,CLOSE,0%
872540109,TJX,TJX Cos Inc/The,270151,-46037,15.09M,-2.57M,-14.6%,0.04%
928563402,,VMware Inc,0,-23435,0,-2.67M,CLOSE,0%
553368101,MP,MP Materials Corp,1909604,-83543,61.26M,-2.68M,-4.2%,0.16%
12514G108,CDW,CDW Corp/DE,0,-15189,0,-2.72M,CLOSE,0%
09254P108,,BlackRock MuniHoldings Investment Quali,0,-226447,0,-2.78M,CLOSE,0%
090040106,BILI,Bilibili Inc,1004791,-110520,25.72M,-2.83M,-9.9%,0.07%
00507V109,ATVI,Activision Blizzard Inc,885433,-36883,68.94M,-2.87M,-4%,0.18%
459200101,IBM,International Business Machines Corp,44747,-20382,6.32M,-2.88M,-31.3%,0.02%
693506107,PPG,PPG Industries Inc,2184,-25172,250K,-2.88M,-92%,<.01%
262037104,DRQ,Dril-Quip Inc,1585264,-113981,40.9M,-2.94M,-6.7%,0.11%
29446Y502,EQX,Equinox Gold Corp,32638152,-664937,144.91M,-2.95M,-2%,0.38%
670928100,NUV,Nuveen Municipal Value Fund Inc,748583,-335591,6.68M,-3M,-31%,0.02%
56035L104,MAIN,Main Street Capital Corp,699836,-79056,26.96M,-3.05M,-10.1%,0.07%
26884L109,EQT,EQT Corp,1898341,-97419,65.3M,-3.35M,-4.9%,0.17%
778296103,ROST,Ross Stores Inc,34665,-48303,2.44M,-3.39M,-58.2%,<.01%
26142V105,DKNG,DRAFTKINGS INC - CL A,234236,-296693,2.73M,-3.46M,-55.9%,<.01%
74348T102,PSEC,Prospect Capital Corp,3431123,-502834,23.98M,-3.51M,-12.8%,0.06%
29355A107,ENPH,Enphase Energy Inc,275527,-18079,53.79M,-3.53M,-6.2%,0.14%
83012A109,TSLX,Sixth Street Specialty Lending Inc,1042615,-191632,19.29M,-3.55M,-15.5%,0.05%
127097103,CTRA,Coterra Energy Inc,2809974,-138838,72.47M,-3.58M,-4.7%,0.19%
N22717107,,Core Laboratories NV,1917478,-181235,37.98M,-3.59M,-8.6%,0.1%
91347P105,OLED,Universal Display Corp,293302,-36389,29.66M,-3.68M,-11%,0.08%
855244109,SBUX,Starbucks Corp,107799,-49085,8.23M,-3.75M,-31.3%,0.02%
89677Y100,TPVG,TriplePoint Venture Growth BDC Corp,419663,-303029,5.35M,-3.86M,-41.9%,0.01%
75972A301,,Renewable Energy Group Inc,0,-63657,0,-3.86M,CLOSE,0%
83417M104,SEDG,SolarEdge Technologies Inc,357560,-14464,97.86M,-3.96M,-3.9%,0.26%
83413U100,SLRC,SLR Investment Corp,661304,-271172,9.68M,-3.97M,-29.1%,0.03%
70806A106,PFLT,PennantPark Floating Rate Capital Ltd,558478,-353925,6.41M,-4.06M,-38.8%,0.02%
708062104,PNNT,PennantPark Investment Corp,884722,-661103,5.47M,-4.09M,-42.8%,0.01%
140501107,CSWC,Capital Southwest Corp,367869,-225099,6.78M,-4.15M,-38%,0.02%
316500107,FDUS,Fidus Investment Corp,329011,-239095,5.74M,-4.17M,-42.1%,0.02%
29446M102,EQNR,Equinor ASA,2285990,-120480,79.46M,-4.19M,-5%,0.21%
652526203,NEWT,Newtek Business Services Corp,346055,-221547,6.55M,-4.19M,-39%,0.02%
767204100,RIO,Rio Tinto PLC,200812,-71048,12.25M,-4.33M,-26.1%,0.03%
22160K105,COST,Costco Wholesale Corp,94594,-9711,45.34M,-4.65M,-9.3%,0.12%
22160N109,CSGP,CoStar Group Inc,1434520,-79340,86.66M,-4.79M,-5.2%,0.23%
959802109,WU,Western Union Co/The,10095617,-291103,166.28M,-4.79M,-2.8%,0.44%
376546107,GAIN,Gladstone Investment Corp,475589,-345614,6.7M,-4.87M,-42.1%,0.02%
35671D857,FCX,Freeport-McMoRan Inc,2460729,-167277,72M,-4.89M,-6.4%,0.19%
43366H100,,Hive Blockchain Technologies Ltd,0,-2312857,0,-4.93M,CLOSE,0%
13645T100,CP.TO,Canadian Pacific Railway Ltd,60173,-72699,4.2M,-5.08M,-54.7%,0.01%
29670G201,,Essential Utilities Inc,0,-86280,0,-5.28M,CLOSE,0%
037833100,AAPL,Apple Inc,707471,-41821,96.72M,-5.72M,-5.6%,0.26%
90346E103,SLCA,US Silica Holdings Inc,3750385,-502848,42.83M,-5.74M,-11.8%,0.11%
H8817H100,RIG,Transocean Ltd,33146248,-1743414,110.38M,-5.81M,-5%,0.29%
194162103,CL,Colgate-Palmolive Co,37251,-75064,2.98M,-6.02M,-66.8%,<.01%
03761U502,MFIC,Apollo Investment Corp,913575,-569761,9.84M,-6.14M,-38.4%,0.03%
872280102,CGBD,TCG BDC Inc,679431,-512592,8.63M,-6.51M,-43%,0.02%
12541W209,CHRW,CH Robinson Worldwide Inc,87692,-64406,8.89M,-6.53M,-42.3%,0.02%
824348106,SHW,Sherwin-Williams Co/The,752,-29325,168K,-6.55M,-97.5%,<.01%
05684B107,BCSF,Bain Capital Specialty Finance Inc,696624,-519861,9.48M,-7.08M,-42.7%,0.03%
30231G102,XOM,Exxon Mobil Corp,151241,-85644,12.95M,-7.33M,-36.2%,0.03%
09259E108,TCPC,BlackRock TCP Capital Corp,830742,-601212,10.41M,-7.53M,-42%,0.03%
256677105,DG,Dollar General Corp,22166,-30874,5.44M,-7.58M,-58.2%,0.01%
084670702,BRK.B,Berkshire Hathaway Inc,281103,-28070,76.75M,-7.66M,-9.1%,0.2%
302491303,FMC,FMC Corp,624078,-75797,66.78M,-8.11M,-10.8%,0.18%
G9087Q102,TROX,Tronox Holdings PLC,2160248,-482823,36.29M,-8.11M,-18.3%,0.1%
G0403H108,AON,Aon PLC,0,-25045,0,-8.15M,CLOSE,0%
66987E206,NG,Novagold Resources Inc,9833266,-1725349,47.3M,-8.3M,-14.9%,0.13%
127203107,WHD,Cactus Inc,2776221,-210002,111.8M,-8.46M,-7%,0.3%
828363101,SILV,SilverCrest Metals Inc,6146940,-1397558,37.56M,-8.54M,-18.5%,0.1%
907818108,UNP,Union Pacific Corp,180820,-40599,38.56M,-8.66M,-18.3%,0.1%
285512109,EA,Electronic Arts Inc,377975,-76111,45.98M,-9.26M,-16.8%,0.12%
00206R102,T,AT&T Inc,274549,-475417,5.75M,-9.97M,-63.4%,0.02%
376535100,,Gladstone Capital Corp,0,-848391,0,-10M,CLOSE,0%
647551100,NMFC,New Mountain Finance Corp,1231293,-855719,14.66M,-10.19M,-41%,0.04%
609839105,MPWR,Monolithic Power Systems Inc,306634,-27407,117.76M,-10.53M,-8.2%,0.31%
853606101,SLI,Standard Lithium Ltd,3996729,-2522246,16.95M,-10.69M,-38.7%,0.04%
83088M102,SWKS,Skyworks Solutions Inc,1055691,-116032,97.8M,-10.75M,-9.9%,0.26%
64110W102,NTES,NetEase Inc,588784,-116285,54.97M,-10.86M,-16.5%,0.15%
67401P108,OCSL,Oaktree Specialty Lending Corp,2189223,-1679701,14.34M,-11M,-43.4%,0.04%
682189105,ON,ON Semiconductor Corp,2484419,-225141,124.99M,-11.33M,-8.3%,0.33%
65290C105,,NexTier Oilfield Solutions Inc,6797843,-1221253,64.65M,-11.61M,-15.2%,0.17%
62955J103,NOV,NOV Inc,8339320,-687403,141.02M,-11.62M,-7.6%,0.37%
55903Q104,MAG,MAG Silver Corp,3723946,-1027198,45.32M,-12.5M,-21.6%,0.12%
53814L108,NUGN,Livent Corp,1479499,-562557,33.57M,-12.76M,-27.5%,0.09%
723787107,,Pioneer Natural Resources Co,330319,-58993,73.69M,-13.16M,-15.2%,0.2%
166764100,CVX,Chevron Corp,463088,-91098,67.05M,-13.19M,-16.4%,0.18%
74736K101,QRVO,Qorvo Inc,573286,-140595,54.07M,-13.26M,-19.7%,0.14%
11135F101,AVGO,Broadcom Inc,765264,-29125,371.77M,-14.15M,-3.7%,0.99%
20825C104,COP,ConocoPhillips,700230,-160046,62.89M,-14.37M,-18.6%,0.17%
98850P109,YUMC,Yum China Holdings Inc,304006,-297138,14.83M,-14.49M,-49.4%,0.04%
15872M104,CHX,ChampionX Corp,7143027,-730473,141.79M,-14.5M,-9.3%,0.38%
60770K107,MRNA,Moderna Inc,196138,-102523,28.02M,-14.65M,-34.3%,0.07%
749660106,RES,RPC Inc,7496936,-2136565,51.8M,-14.76M,-22.2%,0.14%
25179M103,DVN,Devon Energy Corp,1358061,-276746,74.84M,-15.25M,-16.9%,0.2%
25278X109,FANG,Diamondback Energy Inc,540616,-131645,65.5M,-15.95M,-19.6%,0.17%
127387108,CDNS,Cadence Design Systems Inc,1606506,-114437,241.02M,-17.17M,-6.6%,0.64%
55272X607,MFA,MFA Financial Inc,450294,-1635321,4.84M,-17.58M,-78.4%,0.01%
962879102,WPM,Wheaton Precious Metals Corp,18806874,-504967,677.61M,-18.19M,-2.6%,1.8%
25746U133,,Dominion Energy Inc,0,-182680,0,-18.55M,CLOSE,0%
931142103,WMT,Walmart Inc,116638,-166968,14.18M,-20.3M,-58.9%,0.04%
882508104,TXN,Texas Instruments Inc,2722181,-138270,418.26M,-21.25M,-4.8%,1.1%
871607107,SNPS,SYNOPSYS INC,909337,-74617,276.17M,-22.66M,-7.6%,0.73%
05352A209,,Avantor Inc,0,-234875,0,-24.32M,CLOSE,0%
G87110105,FTI,TechnipFMC PLC,19116721,-3893620,128.66M,-26.2M,-16.9%,0.34%
008474108,AEM,Agnico Eagle Mines Ltd,20098838,-627293,919.72M,-28.7M,-3%,2.4%
N6596X109,NXPI,NXP Semiconductors NV,1624062,-222853,240.41M,-32.99M,-12.1%,0.64%
235851300,,Danaher Corp,0,-16850,0,-34.12M,CLOSE,0%
067901108,B,Barrick Gold Corp,74566582,-2272929,1.32B,-40.21M,-3%,3.5%
922908363,VOO,Vanguard S&P 500 ETF,0,-103658,0,-43.04M,CLOSE,0%
88031M109,TS,Tenaris SA,5412963,-1739350,139.06M,-44.68M,-24.3%,0.37%
703481101,PTEN,Patterson-UTI Energy Inc,8072580,-2888922,127.22M,-45.53M,-26.4%,0.34%
032654105,ADI,Analog Devices Inc,2192401,-339127,320.29M,-49.54M,-13.4%,0.85%
423452101,HP,Helmerich & Payne Inc,2960145,-1175176,127.46M,-50.6M,-28.4%,0.34%
98986T108,,Zynga Inc,0,-5511382,0,-50.93M,CLOSE,0%
91912E105,VALE,Vale SA,1149823,-3661883,16.82M,-53.57M,-76.1%,0.04%
09227Q100,BLKB,Blackbaud Inc,1687545,-960616,98M,-55.78M,-36.3%,0.26%
892356106,TSCO,Tractor Supply Co,25394,-290089,4.92M,-56.23M,-92%,0.01%
20451N101,CMP,Compass Minerals International Inc,1623940,-1610357,57.47M,-56.99M,-49.8%,0.15%
05722G100,BKR,Baker Hughes Co,8213041,-1998756,237.11M,-57.7M,-19.6%,0.63%
45168D104,IDXX,IDEXX Laboratories Inc,11986,-180080,4.2M,-63.16M,-93.8%,0.01%
651639106,NEM,Newmont Corp,32876269,-1212475,1.96B,-72.35M,-3.6%,5.2%
02209S103,MO,Altria Group Inc,147489,-1958349,6.16M,-81.79M,-93%,0.02%
21036P108,STZ,Constellation Brands Inc,472350,-374338,110.08M,-87.24M,-44.2%,0.29%
406216101,HAL,Halliburton Co,11559068,-2889308,362.49M,-90.61M,-20%,0.96%
58933Y105,MRK,Merck & Co Inc,2025879,-995014,184.7M,-90.72M,-32.9%,0.49%
134429109,CPB,Campbell Soup Co,2150144,-1983672,103.31M,-95.32M,-48%,0.27%
25746U109,D,Dominion Energy Inc,215866,-1196294,17.23M,-95.47M,-84.7%,0.05%
718172109,PM,Philip Morris International Inc,1064651,-972917,105.12M,-96.07M,-47.7%,0.28%
191216100,KO,Coca-Cola Co/The,696136,-1529879,43.79M,-96.24M,-68.7%,0.12%
22052L104,CTVA,Corteva Inc,2808901,-1807275,152.07M,-97.85M,-39.2%,0.4%
110122108,BMY,Bristol-Myers Squibb Co,494239,-1343021,38.06M,-103.41M,-73.1%,0.1%
539830109,LMT,Lockheed Martin Corp,39067,-267958,16.8M,-115.22M,-87.3%,0.04%
045327103,,Aspen Technology Inc,0,-705014,0,-116.59M,CLOSE,0%
16411R208,LNG,Cheniere Energy Inc,127865,-899961,17.01M,-119.72M,-87.6%,0.05%
806857108,SLB,Schlumberger NV,14319693,-3777173,512.07M,-135.07M,-20.9%,1.4%
Total,,,,,37.72B,73.42M,+0.2%,100%
