CUSIP,Ticker,Company,Shares,Delta_Shares,Value,Delta_Value,Delta,Portfolio%
874039100,TSM,Taiwan Semiconductor Manufacturing Co L,17416194,6060511,2.37B,824.53M,+53.4%,3.6%
11135F101,AVGO,Broadcom Inc,1282919,449791,1.7B,596.16M,+54%,2.6%
882508104,TXN,Texas Instruments Inc,5606825,1972304,976.76M,343.6M,+54.3%,1.5%
458140100,INTC,Intel Corp,21556234,6673086,952.14M,294.75M,+44.8%,1.4%
747525103,QCOM,QUALCOMM Inc,5890193,1519781,997.21M,257.3M,+34.8%,1.5%
110122108,BMY,Bristol-Myers Squibb Co,7949173,3918234,431.08M,212.49M,+97.2%,0.65%
02209S103,MO,Altria Group Inc,8762047,4789788,382.2M,208.93M,+120.6%,0.58%
49177J102,KVUE,Kenvue Inc,9727169,9727169,208.75M,208.75M,NEW,0.32%
713448108,PEP,PepsiCo Inc,1454793,1179922,254.6M,206.5M,+429.3%,0.38%
12541W209,CHRW,CH Robinson Worldwide Inc,2662511,2643193,202.72M,201.25M,+13682.5%,0.31%
539830109,LMT,Lockheed Martin Corp,481106,440169,218.84M,200.22M,+1075.2%,0.33%
595112103,MU,Micron Technology Inc,7566572,1695876,892.02M,199.93M,+28.9%,1.3%
052769106,ADSK,Autodesk Inc,817808,753051,212.97M,196.11M,+1162.9%,0.32%
718172109,PM,Philip Morris International Inc,2122729,2081472,194.48M,190.7M,+5045.1%,0.29%
855244109,SBUX,Starbucks Corp,2150309,2071378,196.52M,189.3M,+2624.3%,0.3%
N07059210,ASML,ASML Holding NV,1111404,194190,1.08B,188.46M,+21.2%,1.6%
512807108,LRCX.MX,Lam Research Corp,968115,191230,940.59M,185.79M,+24.6%,1.4%
00724F101,ADBE,Adobe Inc,448226,354340,226.18M,178.8M,+377.4%,0.34%
038222105,AMAT,Applied Materials Inc,4623048,784780,953.41M,161.85M,+20.4%,1.4%
032654105,ADI,Analog Devices Inc,3691023,800199,730.05M,158.27M,+27.7%,1.1%
482480100,KLAC,KLA Corp,1032017,211227,720.94M,147.56M,+25.7%,1.1%
413216300,HMY,Harmony Gold Mining Co Ltd,75016459,17298604,612.88M,141.33M,+30%,0.93%
871607107,SNPS,SYNOPSYS INC,1162107,232731,664.14M,133.01M,+25%,1%
127387108,CDNS,Cadence Design Systems Inc,1986413,402884,618.33M,125.41M,+25.4%,0.93%
92189K105,HODL,Vaneck Bitcoin Trust,1225103,1225103,98.42M,98.43M,NEW,0.15%
012653200,ALBPA,Albemarle Corp,1628734,1628734,96.09M,96.09M,NEW,0.15%
861012102,STM,STMicroelectronics NV,5800911,2065387,250.83M,89.31M,+55.3%,0.38%
N6596X109,NXPI,NXP Semiconductors NV,1644696,325187,407.51M,80.57M,+24.6%,0.62%
573874104,MRVL,Marvell Technology Inc,5017393,1134697,355.63M,80.43M,+29.2%,0.54%
496902404,KGC,Kinross Gold Corp,150960083,13099791,925.39M,80.3M,+9.5%,1.4%
595017104,MCHP,Microchip Technology Inc,6068311,891297,544.39M,79.96M,+17.2%,0.82%
717081103,PFE,Pfizer Inc,15813328,2829178,438.82M,78.51M,+21.8%,0.66%
204448104,BVN,Cia de Minas Buenaventura SAA,32065440,4912454,509.2M,78.01M,+18.1%,0.77%
09062X103,BIIB,Biogen Inc,1737340,316144,374.62M,68.17M,+22.2%,0.57%
57060D108,MKTX,MarketAxess Holdings Inc,1657960,290347,363.51M,63.66M,+21.2%,0.55%
02079K305,GOOGL,Alphabet Inc,3537451,419480,533.91M,63.31M,+13.5%,0.81%
518439104,EL,Estee Lauder Cos Inc/The,2644728,406753,407.69M,62.7M,+18.2%,0.62%
011532108,AGI,Alamos Gold Inc,52397485,4009220,772.86M,59.14M,+8.3%,1.2%
20030N101,CMCSA,Comcast Corp,9173149,1282597,397.66M,55.6M,+16.3%,0.6%
134429109,CPB,Campbell Soup Co,8548557,1219301,379.98M,54.2M,+16.6%,0.57%
880770102,TER,Teradyne Inc,4815017,453926,543.28M,51.22M,+10.4%,0.82%
609839105,MPWR,Monolithic Power Systems Inc,321174,74287,217.57M,50.32M,+30.1%,0.33%
039483102,ADM,Archer-Daniels-Midland Co,1510081,754434,94.85M,47.39M,+99.8%,0.14%
38059T106,GFI,Gold Fields Ltd,47241502,2934943,750.67M,46.64M,+6.6%,1.1%
89400J107,TRU,TransUnion,5316891,572121,424.29M,45.66M,+12.1%,0.64%
G0378L100,AU,Anglogold Ashanti Plc,27747289,1948322,615.99M,43.25M,+7.6%,0.93%
375558103,GILD,Gilead Sciences Inc,5572153,579738,408.16M,42.47M,+11.6%,0.62%
98956P102,ZBH,Zimmer Biomet Holdings Inc,3158560,320002,416.87M,42.23M,+11.3%,0.63%
654106103,NKE,NIKE Inc,3767864,448905,354.1M,42.19M,+13.5%,0.54%
G0508H110,ALTM,Arcadium Lithium PLC,9437230,9437230,40.67M,40.67M,NEW,0.06%
682189105,ON,ON Semiconductor Corp,2564123,523655,188.59M,38.51M,+25.7%,0.29%
90346E103,SLCA,Vale SA,4720901,3138425,57.84M,38.45M,+198.3%,0.09%
G5960L103,MDT,Medtronic PLC,4571845,432484,398.44M,37.69M,+10.4%,0.6%
922475108,VEEV,Veeva Systems Inc,1934150,159085,448.12M,36.86M,+9%,0.68%
780287108,RGLD,Royal Gold Inc,4595734,292357,559.81M,35.61M,+6.8%,0.85%
22052L104,CTVA,Corteva Inc,9145282,617030,527.41M,35.58M,+7.2%,0.8%
61774A103,MSDL,Morgan Stanley Direct Lending Fund,1530076,1530076,32.97M,32.97M,NEW,0.05%
446413106,HII,Huntington Ingalls Industries Inc,787756,103521,229.61M,30.17M,+15.1%,0.35%
04010L103,ARCC,Ares Capital Corp,9719943,1437864,202.37M,29.94M,+17.4%,0.31%
459506101,IFF,International Flavors & Fragrances Inc,4778678,344377,410.92M,29.61M,+7.8%,0.62%
525327102,LDOS,Leidos Holdings Inc,304489,223613,39.91M,29.31M,+276.5%,0.06%
29786A106,ETSY,Etsy Inc,5042610,425620,346.53M,29.25M,+9.2%,0.52%
099502106,BAH,Booz Allen Hamilton Holding Corp,265492,195578,39.41M,29.03M,+279.7%,0.06%
98149E303,GLDM,SPDR Gold MiniShares Trust,659993,654000,29.07M,28.81M,+10912.7%,0.04%
48581R205,KSPI,Kaspi.KZ JSC,215798,215798,27.76M,27.76M,NEW,0.04%
438516106,HON,Honeywell International Inc,1050687,132875,215.65M,27.27M,+14.5%,0.33%
302635206,FSK,FS KKR Capital Corp,6603828,1398998,125.94M,26.68M,+26.9%,0.19%
83088M102,SWKS,Skyworks Solutions Inc,1204111,243763,130.43M,26.4M,+25.4%,0.2%
902252105,TYL,Tyler Technologies Inc,922942,54926,392.26M,23.34M,+6.3%,0.59%
69608A108,PLTR,Palantir Technologies Inc,1594390,976582,36.69M,22.47M,+158.1%,0.06%
03674X106,AR,Antero Resources Corp,732500,727874,21.24M,21.11M,+15734.4%,0.03%
867224107,SU,Suncor Energy Inc,782564,558158,28.89M,20.61M,+248.7%,0.04%
808513105,SCHW,Charles Schwab Corp/The,5671630,283949,410.29M,20.54M,+5.3%,0.62%
69121K104,OBDC,Blue Owl Capital Corp,8150533,1326277,125.36M,20.4M,+19.4%,0.19%
231561101,CW,Curtiss-Wright Corp,109805,73686,28.1M,18.86M,+204%,0.04%
422704106,HL,Hecla Mining Co,60513592,3827580,291.07M,18.41M,+6.8%,0.44%
05605H100,BWXT,BWX Technologies Inc,358199,177030,36.76M,18.17M,+97.7%,0.06%
532457108,LLY,Eli Lilly & Co,245287,23286,190.82M,18.12M,+10.5%,0.29%
878742204,TECK,Teck Resources Ltd,792647,381148,36.28M,17.44M,+92.6%,0.05%
75513E101,RTX,RTX Corp,4235891,174689,413.13M,17.04M,+4.3%,0.62%
776696106,ROP,Roper Technologies Inc,363344,30216,203.78M,16.95M,+9.1%,0.31%
060505104,BAC,Bank of America Corp,5752418,437297,218.13M,16.58M,+8.2%,0.33%
29446Y502,EQX,Equinox Gold Corp,34537861,2597602,207.92M,15.64M,+8.1%,0.31%
064058100,BNY,Bank of New York Mellon Corp/The,3914109,267613,225.53M,15.42M,+7.3%,0.34%
670346105,NUE,Nucor Corp,136595,77459,27.03M,15.33M,+131%,0.04%
084670702,BRK.B,Berkshire Hathaway Inc,496961,36437,208.98M,15.32M,+7.9%,0.32%
291011104,EMR,Emerson Electric Co,2106958,134865,238.97M,15.3M,+6.8%,0.36%
91347P105,OLED,Universal Display Corp,360714,90530,60.76M,15.25M,+33.5%,0.09%
15135U109,CVE,Cenovus Energy Inc,768527,746122,15.36M,14.92M,+3330.2%,0.02%
388689101,GPK,Graphic Packaging Holding Co,704530,480843,20.56M,14.03M,+215%,0.03%
74736K101,QRVO,Qorvo Inc,622697,119521,71.5M,13.72M,+23.8%,0.11%
127190304,CACI,CACI International Inc,47995,35788,18.18M,13.56M,+293.2%,0.03%
457187102,INGR,Ingredion Inc,170910,115399,19.97M,13.48M,+207.9%,0.03%
48242W106,KBR,KBR Inc,282343,210717,17.97M,13.41M,+294.2%,0.03%
883556102,TMO,THERMO FISHER SCIENTIFIC INC,374774,22557,217.82M,13.11M,+6.4%,0.33%
450913108,IAG,IAMGOLD Corp,52053035,3935250,173.34M,13.1M,+8.2%,0.26%
941848103,WAT,Waters Corp,601039,38046,206.9M,13.1M,+6.8%,0.31%
771049103,RBLX,ROBLOX Corp,1288673,338918,49.2M,12.94M,+35.7%,0.07%
10950A205,BTSGU,BrightSpring Health Services Inc,283258,283258,12.77M,12.77M,NEW,0.02%
G0176J109,ALLE,Allegion PLC,3306600,90951,445.43M,12.25M,+2.8%,0.67%
68827L101,OR,Osisko Gold Royalties Ltd,21012286,745973,345.02M,12.25M,+3.7%,0.52%
902973304,USB,US Bancorp,9207376,265734,411.57M,11.88M,+3%,0.62%
478160104,JNJ,Johnson & Johnson,664387,74871,105.1M,11.84M,+12.7%,0.16%
64125C109,NBIX,Neurocrine Biosciences Inc,92243,85772,12.72M,11.83M,+1325.5%,0.02%
64110W102,NTES,NetEase Inc,580515,111743,60.07M,11.56M,+23.8%,0.09%
931142103,WMT,Walmart Inc,271506,186839,16.34M,11.24M,+220.7%,0.02%
902494103,TSN,Tyson Foods Inc,876337,186840,51.47M,10.97M,+27.1%,0.08%
670100205,NVO,Novo Nordisk A/S,407901,83164,52.37M,10.68M,+25.6%,0.08%
69318G106,PBF,PBF Energy Inc,208586,184426,12.01M,10.62M,+763.4%,0.02%
30303M102,META,Meta Platforms Inc,340357,20848,165.27M,10.12M,+6.5%,0.25%
037833100,AAPL,Apple Inc,847612,58364,145.35M,10.01M,+7.4%,0.22%
58933Y105,MRK,Merck & Co Inc,308414,75291,40.7M,9.93M,+32.3%,0.06%
697900108,PAAS,Pan American Silver Corp,46486439,653064,701.02M,9.85M,+1.4%,1.1%
644535106,NGD,New Gold Inc,72499714,5613145,123.25M,9.54M,+8.4%,0.19%
152006102,CGAU,Centerra Gold Inc,22034754,1552601,130.19M,9.17M,+7.6%,0.2%
576323109,MTZ,MASTEC INC,98260,98260,9.16M,9.16M,NEW,0.01%
32076V103,AG,First Majestic Silver Corp,31876555,1534710,187.43M,9.02M,+5.1%,0.28%
00287Y109,ABBV,AbbVie Inc,217297,49284,39.57M,8.97M,+29.3%,0.06%
80013R206,SAND,Sandstorm Gold Ltd,30542674,1703874,160.35M,8.95M,+5.9%,0.24%
192108504,CDE,Coeur Mining Inc,38624849,2345791,145.62M,8.84M,+6.5%,0.22%
874054109,TTWO,Take-Two Interactive Software Inc,317913,59363,47.21M,8.81M,+23%,0.07%
70202L102,PSN,Parsons Corp,144127,105812,11.96M,8.78M,+276.2%,0.02%
808625107,SAIC,Science Applications International Corp,92339,64715,12.04M,8.44M,+234.3%,0.02%
055622104,BP,BP PLC,1247765,221965,47.02M,8.36M,+21.6%,0.07%
285512109,EA,Electronic Arts Inc,404713,62415,53.69M,8.28M,+18.2%,0.08%
G1144A105,BTBT,Bit Digital Inc,5000337,2862309,14.35M,8.21M,+133.9%,0.02%
858119100,STLD,Steel Dynamics Inc,134033,54607,19.87M,8.09M,+68.8%,0.03%
65339F101,NEE,NextEra Energy Inc,736491,122394,47.07M,7.82M,+19.9%,0.07%
91332U101,U,Unity Software Inc,1448755,290476,38.68M,7.76M,+25.1%,0.06%
55903Q104,MAG,MAG Silver Corp,9981600,696140,105.6M,7.36M,+7.5%,0.16%
13321L108,CCJ,Cameco Corp,789714,164095,34.21M,7.11M,+26.2%,0.05%
008073108,AVAV,AeroVironment Inc,61485,46069,9.42M,7.06M,+298.8%,0.01%
H8817H100,RIG,Transocean Ltd,17013964,1105747,106.85M,6.94M,+7%,0.16%
046353108,AZN,AstraZeneca PLC,421310,98836,28.54M,6.7M,+30.6%,0.04%
38173M102,GBDC,Golub Capital BDC Inc,2872157,399231,47.76M,6.64M,+16.1%,0.07%
92343V104,VZ,Verizon Communications Inc,974625,155784,40.9M,6.54M,+19%,0.06%
09259E108,TCPC,BlackRock TCP Capital Corp,1678661,619519,17.51M,6.46M,+58.5%,0.03%
09261X102,BXSL,Blackstone Secured Lending Fund,1540503,200109,47.99M,6.23M,+14.9%,0.07%
44812J104,HUT,Hut 8 Corp,1260926,558824,13.92M,6.17M,+79.6%,0.02%
615394202,MOGA,Moog Inc,53730,38226,8.58M,6.1M,+246.6%,0.01%
349915108,,Fortuna Silver Mines Inc,34021296,1624470,126.9M,6.06M,+5%,0.19%
88080T104,WULF,Terawulf Inc,6733179,2268870,17.71M,5.97M,+50.8%,0.03%
405552100,HLN,Haleon PLC,2971084,698254,25.23M,5.93M,+30.7%,0.04%
65339F713,NEEPRR,NextEra Energy Inc,1419810,151475,55.27M,5.9M,+11.9%,0.08%
92826C839,V,Visa Inc,337773,21015,94.27M,5.86M,+6.6%,0.14%
56035L104,MAIN,Main Street Capital Corp,1008783,122757,47.73M,5.81M,+13.9%,0.07%
191216100,KO,Coca-Cola Co/The,781242,94547,47.8M,5.78M,+13.8%,0.07%
80105N105,SNY,Sanofi SA/France,519068,117694,25.23M,5.72M,+29.3%,0.04%
03073E105,COR,Cencora Inc,173250,23379,42.1M,5.68M,+15.6%,0.06%
459200101,IBM,International Business Machines Corp,167942,29141,32.07M,5.56M,+21%,0.05%
91324P102,UNH,UnitedHealth Group Inc,154425,11197,76.39M,5.54M,+7.8%,0.12%
828363101,SILV,SilverCrest Metals Inc,15668966,819929,104.36M,5.46M,+5.5%,0.16%
00123Q104,AGNC,AGNC INVESTMENT CORP,3115605,547848,30.84M,5.42M,+21.3%,0.05%
284902509,EGO,Eldorado Gold Corp,22526713,380991,316.95M,5.36M,+1.7%,0.48%
30231G102,XOM,Exxon Mobil Corp,601922,45890,69.97M,5.33M,+8.3%,0.11%
66987V109,NVS,Novartis AG,270440,55142,26.16M,5.33M,+25.6%,0.04%
02079K107,GOOG,Alphabet Inc,536973,34437,81.76M,5.24M,+6.9%,0.12%
58155Q103,MCK,McKesson Corp,64639,9729,34.7M,5.22M,+17.7%,0.05%
50077B207,KTOS,Kratos Defense & Security Solutions Inc,368492,283262,6.77M,5.21M,+332.4%,0.01%
852234103,XYZ,Block Inc,275733,60361,23.32M,5.11M,+28%,0.04%
22160K105,COST,Costco Wholesale Corp,102399,6882,75.02M,5.04M,+7.2%,0.11%
874060205,TAK,Takeda Pharmaceutical Co Ltd,1684760,360844,23.4M,5.01M,+27.3%,0.04%
038169207,APLD,Applied Digital Corp,2426281,1163247,10.38M,4.98M,+92.1%,0.02%
594918104,MSFT,Microsoft Corp,914619,10788,384.8M,4.54M,+1.2%,0.58%
679580100,ODFL,Old Dominion Freight Line Inc,38210,20336,8.38M,4.46M,+113.8%,0.01%
83012A109,TSLX,Sixth Street Specialty Lending Inc,1811376,206432,38.82M,4.42M,+12.9%,0.06%
767292105,RIOT,Riot Platforms Inc,1000718,359503,12.25M,4.4M,+56.1%,0.02%
654110105,NKLA,Nikola Corp,10695472,4229114,11.12M,4.4M,+65.4%,0.02%
826599102,SGML,Sigma Lithium Corp,1057916,338380,13.71M,4.39M,+47%,0.02%
088606108,BHP,BHP Group Ltd,75292,75292,4.34M,4.34M,NEW,<.01%
756109104,O,Realty Income Corp,362648,79771,19.62M,4.32M,+28.2%,0.03%
040413106,,Arista Networks Inc,59303,14517,17.2M,4.21M,+32.4%,0.03%
784730103,SSRM,SSR Mining Inc,21439627,929850,95.62M,4.15M,+4.5%,0.14%
23282W605,CYTK,Cytokinetics Inc,57893,57893,4.06M,4.06M,NEW,<.01%
88160R101,TSLA,Tesla Inc,94998,22664,16.7M,3.98M,+31.3%,0.03%
74348T102,PSEC,Prospect Capital Corp,6880161,719010,37.98M,3.97M,+11.7%,0.06%
17253J106,CIFR,Cipher Mining Inc,2733743,765238,14.08M,3.94M,+38.9%,0.02%
169656105,CMG,Chipotle Mexican Grill Inc,5778,1336,16.8M,3.88M,+30.1%,0.03%
780259305,SHEL,Shell PLC,989538,57488,66.34M,3.85M,+6.2%,0.1%
742718109,PG,Procter & Gamble Co/The,360872,23611,58.55M,3.83M,+7%,0.09%
57636Q104,MA,Mastercard Inc,153896,7788,74.11M,3.75M,+5.3%,0.11%
891160509,TD,Toronto-Dominion Bank/The,287318,61737,17.35M,3.73M,+27.4%,0.03%
55087P104,LYFT,Lyft Inc,313143,191053,6.06M,3.7M,+156.5%,<.01%
671044105,OSIS,OSI Systems Inc,35092,25636,5.01M,3.66M,+271.1%,<.01%
00846U101,A,Agilent Technologies Inc,2774984,25127,403.79M,3.66M,+0.9%,0.61%
26152H301,DRD,DRDGOLD Ltd,6563184,430603,53.82M,3.53M,+7%,0.08%
433921103,HIVE,Hive Blockchain Technologies Ltd,2876374,1032672,9.69M,3.48M,+56%,0.01%
723787107,,Pioneer Natural Resources Co,151595,13191,39.79M,3.46M,+9.5%,0.06%
29259W700,EU,Encore Energy Corp,776110,776110,3.4M,3.4M,NEW,<.01%
896288107,TNET,TriNet Group Inc,49289,25606,6.53M,3.39M,+108.1%,<.01%
035710839,NLY,Annaly Capital Management Inc,1953594,168068,38.47M,3.31M,+9.4%,0.06%
824348106,SHW,Sherwin-Williams Co/The,9051,9051,3.14M,3.14M,NEW,<.01%
126650100,CVS,CVS Health Corp,198655,39221,15.85M,3.13M,+24.6%,0.02%
517834107,LVS,Las Vegas Sands Corp,162442,59924,8.4M,3.1M,+58.5%,0.01%
71424F105,PR,Permian Resources Corp,1629429,174695,28.78M,3.09M,+12%,0.04%
15135B101,CNC,Centene Corp,48834,38531,3.83M,3.02M,+374%,<.01%
22788C105,CRWD,Crowdstrike Holdings Inc,12087,9406,3.88M,3.02M,+350.8%,<.01%
89677Q107,TCOM,Trip.com Group Ltd,68357,68357,3M,3M,NEW,<.01%
29258Y103,EXK,Endeavour Silver Corp,10810119,1237440,26.05M,2.98M,+12.9%,0.04%
15677J108,DAY,Dayforce Inc,67076,44607,4.44M,2.95M,+198.5%,<.01%
37733W204,GSK,GSK PLC,598434,68846,25.65M,2.95M,+13%,0.04%
140501107,CSWC,Capital Southwest Corp,847225,115727,21.15M,2.89M,+15.8%,0.03%
872540109,TJX,TJX Cos Inc/The,294228,27979,29.84M,2.84M,+10.5%,0.05%
G0896C103,TBBB,BBB Foods Inc,118615,118615,2.82M,2.82M,NEW,<.01%
29364G103,ETR,Entergy Corp,74685,26690,7.89M,2.82M,+55.6%,0.01%
577081102,MAT,Mattel Inc,220845,142266,4.38M,2.82M,+181%,<.01%
452327109,ILMN,Illumina Inc,148672,20521,20.42M,2.82M,+16%,0.03%
67401P405,OCSL,Oaktree Specialty Lending Corp,1557877,142519,30.63M,2.8M,+10.1%,0.05%
456788108,INFY,Infosys Ltd,420436,154191,7.54M,2.76M,+57.9%,0.01%
65340P106,NXE,NexGen Energy Ltd,1852355,350017,14.39M,2.72M,+23.3%,0.02%
811916105,SA,Seabridge Gold Inc,3680468,178672,55.65M,2.7M,+5.1%,0.08%
521865204,LEA,Lear Corp,29354,18591,4.25M,2.69M,+172.7%,<.01%
134748102,CAN,Canaan Inc,6280689,1730528,9.55M,2.63M,+38%,0.01%
281020107,EIX,Edison International,121939,36227,8.62M,2.56M,+42.3%,0.01%
98980L101,ZM,Zoom Video Communications Inc,67470,38903,4.41M,2.54M,+136.2%,<.01%
92939U106,WEC,WEC Energy Group Inc,106126,29928,8.71M,2.46M,+39.3%,0.01%
17275R102,CSCO,Cisco Systems Inc,1207640,48744,60.27M,2.43M,+4.2%,0.09%
G9087Q102,TROX,Tronox Holdings PLC,1119037,139956,19.41M,2.43M,+14.3%,0.03%
018802108,LNT,Alliant Energy Corp,108647,48124,5.48M,2.43M,+79.5%,<.01%
464288562,REZ,iShares Residential and Multisector Rea,33536,33536,2.42M,2.42M,NEW,<.01%
589378108,MRCY,Mercury Systems Inc,112813,81364,3.33M,2.4M,+258.7%,<.01%
053015103,ADP,Automatic Data Processing Inc,113358,9597,28.31M,2.4M,+9.2%,0.04%
74340W103,PLD,Prologis Inc,417409,18387,54.35M,2.39M,+4.6%,0.08%
G51502105,JCI,Johnson Controls International plc,36322,36322,2.37M,2.37M,NEW,<.01%
460690100,IPG,Interpublic Group of Cos Inc/The,134453,72559,4.39M,2.37M,+117.2%,<.01%
59124U605,MTA,Metalla Royalty & Streaming Ltd,4502603,750503,14M,2.33M,+20%,0.02%
74834L100,DGX,QUEST DIAGNOSTICS INC,19556,17284,2.6M,2.3M,+760.7%,<.01%
G66721104,NCLH,Norwegian Cruise Line Holdings Ltd,122448,109892,2.56M,2.3M,+875.2%,<.01%
98311A105,WH,Wyndham Hotels & Resorts Inc,29863,29863,2.29M,2.29M,NEW,<.01%
513272104,LW,Lamb Weston Holdings Inc,21451,21451,2.29M,2.29M,NEW,<.01%
92189Y501,CMCI,Vaneck Cmci Commodity Strategy Etf,90000,90000,2.27M,2.27M,NEW,<.01%
143658300,CCL,Carnival Corp,169268,138719,2.77M,2.27M,+454.1%,<.01%
916896103,UEC,Uranium Energy Corp,1690235,335063,11.41M,2.26M,+24.7%,0.02%
98978V103,ZTS,Zoetis Inc,589481,13363,99.75M,2.26M,+2.3%,0.15%
55261F104,MTB,M&T Bank Corp,15530,15530,2.26M,2.26M,NEW,<.01%
29362U104,ENTG,Entegris Inc,70431,16020,9.9M,2.25M,+29.4%,0.01%
38147U107,GSBD,Goldman Sachs BDC Inc,2037694,149491,30.52M,2.24M,+7.9%,0.05%
85571B105,STWD,Starwood Property Trust Inc,1250425,108371,25.42M,2.2M,+9.5%,0.04%
95040Q104,WELL,Welltower Inc,239699,23431,22.4M,2.19M,+10.8%,0.03%
071813109,BAX,Baxter International Inc,51131,51131,2.19M,2.19M,NEW,<.01%
92189H854,MBBB,Vaneck Moody's Analytics BBB Corporate,327000,100000,6.96M,2.13M,+44.1%,0.01%
75524B203,,RBC Bearings Inc,163276,17418,19.93M,2.13M,+11.9%,0.03%
337932107,FE,FirstEnergy Corp,187964,54990,7.26M,2.12M,+41.4%,0.01%
722304102,PDD,PDD Holdings Inc,34293,18178,3.99M,2.11M,+112.8%,<.01%
064149107,BNS,Bank of Nova Scotia/The,251879,40436,13.04M,2.09M,+19.1%,0.02%
427096508,HTGC,Hercules Capital Inc,2525848,111101,46.6M,2.05M,+4.6%,0.07%
83200N103,SMAR,Smartsheet Inc,53074,53074,2.04M,2.04M,NEW,<.01%
82968B103,SIRI,Sirius XM Holdings Inc,524657,524657,2.04M,2.04M,NEW,<.01%
16115Q308,GTLS,Chart Industries Inc,254964,12298,42M,2.03M,+5.1%,0.06%
063671101,BMO,Bank of Montreal,128969,20599,12.6M,2.01M,+19%,0.02%
982104101,WS,Worthington Steel Inc,56059,56059,2.01M,2.01M,NEW,<.01%
76954A103,RIVN,Rivian Automotive Inc,419645,183370,4.59M,2.01M,+77.6%,<.01%
87971M103,TU,TELUS Corp,124388,124388,1.99M,1.99M,NEW,<.01%
53681J103,LAC,Lithium Americas Corp,2327978,294581,15.64M,1.98M,+14.5%,0.02%
16115Q407,GTLSPB,Chart Industries Inc,285734,30482,18.35M,1.96M,+11.9%,0.03%
G1151C101,ACN,Accenture PLC,128757,5626,44.63M,1.95M,+4.6%,0.07%
64828T201,RITM,Rithm Capital Corp,2023375,174523,22.58M,1.95M,+9.4%,0.03%
053332102,AZO,AutoZone Inc,2304,608,7.26M,1.92M,+35.8%,0.01%
Q4982L109,IREN,Iris Energy Ltd,1837683,351774,9.92M,1.9M,+23.7%,0.02%
149123101,CAT,Caterpillar Inc,80278,5177,29.42M,1.9M,+6.9%,0.04%
647551100,NMFC,New Mountain Finance Corp,1710907,148470,21.68M,1.88M,+9.5%,0.03%
248356107,DNN,Denison Mines Corp,5293313,960585,10.33M,1.87M,+22.2%,0.02%
015857873,,Algonquin Power & Utilities Corp,816389,87097,17.5M,1.87M,+11.9%,0.03%
172967424,C,Citigroup Inc,307702,29373,19.46M,1.86M,+10.6%,0.03%
36467W109,GME,GameStop Corp,1479191,147655,18.52M,1.85M,+11.1%,0.03%
093712107,BE,Bloom Energy Corp,1012547,162968,11.38M,1.83M,+19.2%,0.02%
05759B107,BKKT,Bakkt Holdings Inc,6857094,3955725,3.15M,1.82M,+136.3%,<.01%
537008104,LFUS,Littelfuse Inc,25738,7467,6.24M,1.81M,+40.9%,<.01%
043436104,ABG,Asbury Automotive Group Inc,25869,7667,6.1M,1.81M,+42.1%,<.01%
34959E109,FTNT,Fortinet Inc,2953153,26229,201.73M,1.79M,+0.9%,0.3%
16359R103,CHE,Chemed Corp,7151,2788,4.59M,1.79M,+63.9%,<.01%
29084Q100,EME,EMCOR GROUP INC,19055,5097,6.67M,1.78M,+36.5%,0.01%
086516101,BBY,Best Buy Co Inc,118431,21258,9.71M,1.74M,+21.9%,0.01%
117043109,BC,Brunswick Corp/DE,73470,17824,7.09M,1.72M,+32%,0.01%
403949100,DINO,HF Sinclair Corp,115136,28444,6.95M,1.72M,+32.8%,0.01%
896442308,TRIN,Trinity Capital Inc,911266,115134,13.38M,1.69M,+14.5%,0.02%
533900106,LECO,Lincoln Electric Holdings Inc,23962,6565,6.12M,1.68M,+37.7%,<.01%
46982L108,J,Jacobs Solutions Inc,22232,10827,3.42M,1.66M,+94.9%,<.01%
04016X101,ARGX,Argenx SE,50335,4189,19.82M,1.65M,+9.1%,0.03%
88262P102,TPL,Texas Pacific Land Corp,4137,2847,2.39M,1.65M,+220.7%,<.01%
78709Y105,SAIA,Saia Inc,10465,2799,6.12M,1.64M,+36.5%,<.01%
05684B107,BCSF,Bain Capital Specialty Finance Inc,886423,104422,13.9M,1.64M,+13.4%,0.02%
316500107,FDUS,Fidus Investment Corp,600862,82049,11.86M,1.62M,+15.8%,0.02%
N53745100,LYB,LyondellBasell Industries NV,46862,15750,4.79M,1.61M,+50.6%,<.01%
89151E109,TTE,TotalEnergies SE,23038,23038,1.59M,1.59M,NEW,<.01%
501044101,KR,Kroger Co/The,148820,27121,8.5M,1.55M,+22.3%,0.01%
693475105,PNC,PNC Financial Services Group Inc/The,76967,9487,12.44M,1.53M,+14.1%,0.02%
88162G103,TTEK,Tetra Tech Inc,39564,8289,7.31M,1.53M,+26.5%,0.01%
70806A106,PFLT,PennantPark Floating Rate Capital Ltd,1155121,133600,13.14M,1.52M,+13.1%,0.02%
67103H107,ORLY,O'Reilly Automotive Inc,8055,1337,9.09M,1.51M,+19.9%,0.01%
87612E106,TGT,Target Corp,55392,8185,9.82M,1.45M,+17.3%,0.01%
89055F103,BLD,TopBuild Corp,12279,3284,5.41M,1.45M,+36.5%,<.01%
192446102,CTSH,Cognizant Technology Solutions Corp,147345,19690,10.8M,1.44M,+15.4%,0.02%
100557107,SAM,Boston Beer Co Inc/The,12901,4735,3.93M,1.44M,+58%,<.01%
93627C101,HCC,Warrior Met Coal Inc,125611,23728,7.62M,1.44M,+23.3%,0.01%
94106L109,WM,Waste Management Inc,52170,6600,11.12M,1.41M,+14.5%,0.02%
889478103,TOL,TOLL BROTHERS INC,40465,10823,5.24M,1.4M,+36.5%,<.01%
219350105,GLW,Corning Inc,164143,42481,5.41M,1.4M,+34.9%,<.01%
37940X102,GPN,Global Payments Inc,34746,10423,4.64M,1.39M,+42.9%,<.01%
03761U502,MFIC,MidCap Financial Investment Corp,1288350,92044,19.38M,1.38M,+7.7%,0.03%
097023105,BA,Boeing Co/The,10550,7124,2.04M,1.37M,+207.9%,<.01%
42250P103,DOC,Healthpeak Properties Inc,294279,72877,5.52M,1.37M,+32.9%,<.01%
257651109,DCI,Donaldson Co Inc,95550,18120,7.14M,1.35M,+23.4%,0.01%
143130102,KMX,CARMAX INC,55800,15426,4.86M,1.34M,+38.2%,<.01%
88023U101,SGI,Tempur-Pedic International Inc,87669,23448,4.98M,1.33M,+36.5%,<.01%
136069101,CM,Canadian Imperial Bank of Commerce,143283,26065,7.27M,1.32M,+22.2%,0.01%
744573106,PEG,Public Service Enterprise Group Inc,303413,19728,20.26M,1.32M,+7%,0.03%
70450Y103,PYPL,PayPal Holdings Inc,77308,19510,5.18M,1.31M,+33.8%,<.01%
437076102,HD,Home Depot Inc/The,76068,3406,29.18M,1.31M,+4.7%,0.04%
49714P108,KNSL,Kinsale Capital Group Inc,9220,2466,4.84M,1.29M,+36.5%,<.01%
26614N102,DD,DuPont de Nemours Inc,57367,16723,4.4M,1.28M,+41.1%,<.01%
632307104,NTRA,Natera Inc,112499,13898,10.29M,1.27M,+14.1%,0.02%
697435105,PANW,Palo Alto Networks Inc,16239,4458,4.61M,1.27M,+37.8%,<.01%
550021109,LULU,Lululemon Athletica Inc,38301,3199,14.96M,1.25M,+9.1%,0.02%
536797103,LAD,Lithia Motors Inc,14737,4133,4.43M,1.24M,+39%,<.01%
09257W100,BXMT,Blackstone Mortgage Trust Inc,645397,62182,12.85M,1.24M,+10.7%,0.02%
376546107,GAIN,Gladstone Investment Corp,704351,85791,10.02M,1.22M,+13.9%,0.02%
681919106,OMC,Omnicom Group Inc,80128,12577,7.75M,1.22M,+18.6%,0.01%
58506Q109,MEDP,Medpace Holdings Inc,11201,2996,4.53M,1.21M,+36.5%,<.01%
74965L200,RLJPA,RLJ Lodging Trust,457249,48758,11.2M,1.19M,+11.9%,0.02%
56501R106,MFC,Manulife Financial Corp,280917,47685,7.02M,1.19M,+20.4%,0.01%
27579R104,EWBC,East West Bancorp Inc,56077,14998,4.44M,1.19M,+36.5%,<.01%
90278Q108,UFPI,UFP Industries Inc,27528,9622,3.39M,1.18M,+53.7%,<.01%
199908104,FIX,Comfort Systems USA Inc,13858,3706,4.4M,1.18M,+36.5%,<.01%
858912108,SRCL,Stericycle Inc,106154,22166,5.6M,1.17M,+26.4%,<.01%
06759L103,BBDC,Barings BDC Inc,1816849,125717,16.9M,1.17M,+7.4%,0.03%
872280102,CGBD,TCG BDC Inc,1002914,71673,16.33M,1.17M,+7.7%,0.02%
G6700G107,NVT,nVent Electric PLC,57767,15450,4.36M,1.17M,+36.5%,<.01%
67070X101,NZF,Nuveen Municipal Credit Income Fund,1542622,94828,18.88M,1.16M,+6.5%,0.03%
806882106,RDUS,Schnitzer Steel Industries Inc,137507,54864,2.91M,1.16M,+66.4%,<.01%
277432100,EMN,Eastman Chemical Co,48276,11569,4.84M,1.16M,+31.5%,<.01%
89531P105,TREX,Trex Co Inc,43442,11619,4.33M,1.16M,+36.5%,<.01%
74460D109,PSA,PUBLIC STORAGE,96074,3965,27.87M,1.15M,+4.3%,0.04%
418056107,HAS,Hasbro Inc,46135,20262,2.61M,1.15M,+78.3%,<.01%
989207105,ZBRA,Zebra Technologies Corp,22820,3792,6.88M,1.14M,+19.9%,0.01%
955306105,WST,West Pharmaceutical Services Inc,13612,2873,5.39M,1.14M,+26.8%,<.01%
925652109,VICI,VICI Properties Inc,550411,37803,16.4M,1.13M,+7.4%,0.02%
983134107,WYNN,Wynn Resorts Ltd,66790,11003,6.83M,1.12M,+19.7%,0.01%
294600101,,Equitrans Midstream Corp,518691,89751,6.48M,1.12M,+20.9%,<.01%
34959J108,FTV,Fortive Corp,54226,12998,4.67M,1.12M,+31.5%,<.01%
45073V108,ITT,ITT Inc,30701,8211,4.18M,1.12M,+36.5%,<.01%
78467J100,SSNC,SS&C Technologies Holdings Inc,73275,17258,4.72M,1.11M,+30.8%,<.01%
147528103,CASY,Casey's General Stores Inc,13033,3486,4.15M,1.11M,+36.5%,<.01%
65473P105,NI,NiSource Inc,250108,39698,6.92M,1.1M,+18.9%,0.01%
26856L103,ELF,elf Beauty Inc,20925,5597,4.1M,1.1M,+36.5%,<.01%
462222100,IONS,Ionis Pharmaceuticals Inc,91101,25270,3.95M,1.1M,+38.4%,<.01%
260557103,DOW,Dow Inc,75571,18426,4.38M,1.07M,+32.2%,<.01%
548661107,LOW,Lowe's Cos Inc,83993,4122,21.39M,1.05M,+5.2%,0.03%
83413U100,SLRC,SLR Investment Corp,918196,68320,14.09M,1.05M,+8%,0.02%
26969P108,EXP,EAGLE MATERIALS INC,14385,3848,3.91M,1.05M,+36.5%,<.01%
778296103,ROST,Ross Stores Inc,41013,7085,6.02M,1.04M,+20.9%,<.01%
65290E101,NXT,NEXTracker Inc,64847,18399,3.65M,1.04M,+39.6%,<.01%
25179M103,DVN,Devon Energy Corp,113711,20254,5.71M,1.02M,+21.7%,<.01%
45841N107,IBKR,Interactive Brokers Group Inc,43711,9082,4.88M,1.01M,+26.2%,<.01%
538034109,LYV,Live Nation Entertainment Inc,45161,9548,4.78M,1.01M,+26.8%,<.01%
00790R104,WMS,Advanced Drainage Systems Inc,24293,5823,4.18M,1M,+31.5%,<.01%
86800U104,SUPER,Super Micro Computer Inc,10386,986,10.49M,995.87K,+10.5%,0.02%
058586108,BLDP,Ballard Power Systems Inc,2134949,353098,5.94M,981.75K,+19.8%,<.01%
038923108,ABR,Arbor Realty Trust Inc,898514,73057,11.9M,967.98K,+8.9%,0.02%
14040H105,COF,Capital One Financial Corp,38573,6436,5.74M,958.23K,+20%,<.01%
00206R102,T,AT&T Inc,371841,54078,6.54M,951.71K,+17%,<.01%
000957100,ABM,ABM Industries Inc,78681,21220,3.51M,946.9K,+36.9%,<.01%
47215P106,JD,JD.com Inc,202452,34451,5.54M,943.59K,+20.5%,<.01%
052800109,ALV,Autoliv Inc,29185,7806,3.52M,940.14K,+36.5%,<.01%
253868103,DLR,Digital Realty Trust Inc,131142,6520,18.89M,939.16K,+5.2%,0.03%
09262G108,BMN,BlackRock 2037 Municipal Target Term Tr,37937,37937,915K,915K,NEW,<.01%
829073105,SSD,Simpson Manufacturing Co Inc,16605,4441,3.41M,911.2K,+36.5%,<.01%
959802109,WU,Western Union Co/The,317656,64967,4.44M,908.27K,+25.7%,<.01%
278642103,EBAY,eBay Inc,85688,17143,4.52M,904.89K,+25%,<.01%
21867A105,CLB,Core Laboratories Inc,639071,52639,10.91M,899.05K,+9%,0.02%
G7709Q104,RPRX,Royalty Pharma PLC,35463,28987,1.08M,880.33K,+447.6%,<.01%
09260D107,BX,Blackstone Inc,15597,6553,2.05M,860.88K,+72.5%,<.01%
00508Y102,AYI,Acuity Brands Inc,11869,3175,3.19M,853.34K,+36.5%,<.01%
30212P303,EXPE,Expedia Group Inc,30820,6194,4.25M,853.13K,+25.2%,<.01%
90384S303,ULTA,Ulta Beauty Inc,15269,1623,7.98M,848.65K,+11.9%,0.01%
74164M108,PRI,Primerica Inc,12506,3345,3.16M,846.28K,+36.5%,<.01%
254709108,DFS,Discover Financial Services,43562,6445,5.71M,844.79K,+17.4%,<.01%
92556H206,PSKY,Paramount Global,141301,71443,1.66M,841.33K,+102.3%,<.01%
05329W102,AN,AutoNation Inc,23206,5055,3.84M,837.13K,+27.8%,<.01%
45784P101,PODD,Insulet Corp,8588,4870,1.47M,834.73K,+131%,<.01%
17259U204,CION,CION Investment Corp,1069799,75859,11.77M,834.46K,+7.6%,0.02%
515098101,LSTR,Landstar System Inc,16177,4327,3.12M,834K,+36.5%,<.01%
980745103,WWD,Woodward Inc,20216,5407,3.12M,833.41K,+36.5%,<.01%
09075V102,BNTX,BioNTech SE,117709,9013,10.86M,831.48K,+8.3%,0.02%
452308109,ITW,Illinois Tool Works Inc,48005,3097,12.88M,831.01K,+6.9%,0.02%
29261A100,EHC,Encompass Health Corp,10009,10009,827K,827K,NEW,<.01%
571748102,MRSH,Marsh & McLennan Cos Inc,89844,4010,18.51M,825.98K,+4.7%,0.03%
G11448100,BTDR,Bitdeer Technologies Group,1216060,115882,8.54M,813.52K,+10.5%,0.01%
070830104,BBWI,Bath & Body Works Inc,73195,16192,3.66M,809.88K,+28.4%,<.01%
03820C105,AIT,Applied Industrial Technologies Inc,15263,4082,3.02M,806.34K,+36.5%,<.01%
047649108,ATKR,Atkore Inc,15816,4230,3.01M,805.29K,+36.5%,<.01%
77543R102,ROKU,Roku Inc,17228,12314,1.12M,802.68K,+250.6%,<.01%
07725L102,ONC,BeiGene Ltd,87761,5065,13.72M,792.12K,+6.1%,0.02%
74758T303,QLYS,Qualys Inc,17592,4705,2.94M,785.24K,+36.5%,<.01%
50212V100,LPLA,LPL Financial Holdings Inc,23589,2969,6.23M,784.51K,+14.4%,<.01%
879369106,TFX,TELEFLEX INC,3410,3410,771K,771K,NEW,<.01%
09061G101,BMRN,BioMarin Pharmaceutical Inc,142837,8741,12.47M,763.42K,+6.5%,0.02%
192422103,CGNX,Cognex Corp,64855,17978,2.75M,762.59K,+38.4%,<.01%
75281A109,RRC,Range Resources Corp,96383,21876,3.32M,753.08K,+29.4%,<.01%
28852N109,EFC,Ellington Financial Inc,568453,63543,6.71M,750.39K,+12.6%,0.01%
749607107,RLI,RLI Corp,18890,5053,2.81M,750.33K,+36.5%,<.01%
860630102,SF,Stifel Financial Corp,35083,9384,2.74M,733.43K,+36.5%,<.01%
172908105,CTAS,Cintas Corp,16431,1067,11.29M,733.09K,+6.9%,0.02%
750917106,RMBS,Rambus Inc,43856,11730,2.71M,725.1K,+36.5%,<.01%
G3323L100,FN,Fabrinet,14296,3824,2.7M,722.75K,+36.5%,<.01%
209115104,ED,Consolidated Edison Inc,86598,7908,7.86M,718.13K,+10%,0.01%
G8994E103,TT,Trane Technologies plc,43127,2384,12.95M,715.69K,+5.9%,0.02%
83406F102,SOFI,SoFi Technologies Inc,288438,96845,2.11M,707.1K,+50.5%,<.01%
025537101,AEP,American Electric Power Co Inc,125037,8206,10.77M,706.56K,+7%,0.02%
82982L103,SITE,SiteOne Landscape Supply Inc,15089,4036,2.63M,704.54K,+36.5%,<.01%
70975L107,PEN,Penumbra Inc,3129,3129,698K,698K,NEW,<.01%
18915M107,NET,Cloudflare Inc,7176,7176,695K,695K,NEW,<.01%
032095101,APH,Amphenol Corp,93143,6014,10.74M,693.71K,+6.9%,0.02%
90187B804,TWO,Two Harbors Investment Corp,578580,52044,7.66M,689.03K,+9.9%,0.01%
913837100,USAP,Universal Stainless & Alloy Products In,30422,30422,682K,682K,NEW,<.01%
302941109,FCN,FTI CONSULTING INC,12106,3238,2.55M,680.98K,+36.5%,<.01%
624756102,MLI,Mueller Industries Inc,47059,12586,2.54M,678.79K,+36.5%,<.01%
042735100,ARW,Arrow Electronics Inc,19574,5235,2.53M,677.71K,+36.5%,<.01%
666807102,NOC,Northrop Grumman Corp,21753,1404,10.41M,672.02K,+6.9%,0.02%
441593100,HLI,Houlihan Lokey Inc,19506,5217,2.5M,668.64K,+36.5%,<.01%
59001A102,MTH,Meritage Homes Corp,14228,3805,2.5M,667.51K,+36.5%,<.01%
M22465104,CHKP,Check Point Software Technologies Ltd,49708,4056,8.15M,665.17K,+8.9%,0.01%
733174700,BPOP,Popular Inc,28134,7525,2.48M,662.79K,+36.5%,<.01%
000360206,AAON,AAON INC,28103,7517,2.48M,662.28K,+36.5%,<.01%
78463M107,SPSC,SPS Commerce Inc,13228,3538,2.45M,654.21K,+36.5%,<.01%
866796105,SLF,Sun Life Financial Inc,80897,11952,4.42M,652.43K,+17.3%,<.01%
549498103,LCID,Lucid Group Inc,897379,227908,2.56M,649.66K,+34%,<.01%
650111107,NYT,New York Times Co/The,55790,14921,2.41M,644.82K,+36.5%,<.01%
546347105,LPX,Louisiana-Pacific Corp,25418,7651,2.13M,642.05K,+43.1%,<.01%
20441B605,ELP,Companhia Paranaense de Energia,82621,82621,638K,638K,NEW,<.01%
G3198U102,ESNT,Essent Group Ltd,39603,10593,2.36M,630.45K,+36.5%,<.01%
36168Q104,GFL,GFL Environmental Inc,107907,18259,3.72M,629.97K,+20.4%,<.01%
552848103,MTG,MGIC Investment Corp,104757,28019,2.34M,626.41K,+36.5%,<.01%
89677Y100,TPVG,TriplePoint Venture Growth BDC Corp,727532,66002,6.9M,625.7K,+10%,0.01%
116794108,BRKR,Bruker Corp,44962,6647,4.22M,624.46K,+17.3%,<.01%
224408104,CR,Crane Co,16999,4546,2.3M,614.28K,+36.5%,<.01%
379577208,GMED,Globus Medical Inc,45739,11359,2.45M,609.19K,+33%,<.01%
840441109,SSB,SouthState Corp,26757,7156,2.27M,608.44K,+36.5%,<.01%
01973R101,ALSN,Allison Transmission Holdings Inc,34949,7473,2.84M,606.41K,+27.2%,<.01%
617446448,MS,Morgan Stanley,34454,6370,3.24M,599.76K,+22.7%,<.01%
30034W106,EVRG,Evergy Inc,90415,11234,4.83M,599.63K,+14.2%,<.01%
04247X102,AWI,Armstrong World Industries Inc,17987,4811,2.23M,597.53K,+36.5%,<.01%
384802104,GWW,WW Grainger Inc,10329,586,10.51M,596.16K,+6%,0.02%
758075402,RWT,Redwood Trust Inc,801966,93507,5.11M,595.7K,+13.2%,<.01%
075887109,BDX,Becton Dickinson & Co,13232,2400,3.27M,593.83K,+22.2%,<.01%
816300107,SIGI,Selective Insurance Group Inc,20319,5435,2.22M,593.28K,+36.5%,<.01%
833445109,SNOW,Snowflake Inc,6540,3660,1.06M,591.53K,+127.1%,<.01%
876030107,TPR,Tapestry Inc,105361,12441,5M,590.75K,+13.4%,<.01%
427866108,HSY,Hershey Co/The,28392,3003,5.52M,584.16K,+11.8%,<.01%
92936U109,WPC,WP Carey Inc,91076,10290,5.14M,580.73K,+12.7%,<.01%
45765U103,NSIT,Insight Enterprises Inc,11658,3118,2.16M,578.51K,+36.5%,<.01%
45780R101,IBP,Installed Building Products Inc,14904,2234,3.86M,577.99K,+17.6%,<.01%
256163106,DOCU,DocuSign Inc,41129,9650,2.45M,574.6K,+30.7%,<.01%
828806109,SPG,Simon Property Group Inc,138009,3663,21.6M,573.22K,+2.7%,0.03%
15643U104,LEU,USEC INC,73215,13663,3.04M,567.31K,+22.9%,<.01%
803607100,SRPT,Sarepta Therapeutics Inc,86329,4374,11.18M,566.25K,+5.3%,0.02%
942749102,WTS,WATTS WATER TECHNOLOGIES INC,10789,2616,2.29M,555.98K,+32%,<.01%
48020Q107,JLL,Jones Lang LaSalle Inc,11963,2837,2.33M,553.5K,+31.1%,<.01%
14149Y108,CAH,Cardinal Health Inc,27656,4938,3.1M,552.61K,+21.7%,<.01%
16934Q208,,Chimera Investment Corp,1511412,119648,6.97M,551.61K,+8.6%,0.01%
46133G107,IQI,Invesco Quality Municipal Income Trust,459213,56896,4.45M,550.73K,+14.1%,<.01%
49446R109,KIM,Kimco Realty Corp,278873,27905,5.47M,547.25K,+11.1%,<.01%
G3421J106,,Ferguson PLC,38535,2487,8.42M,543.22K,+6.9%,0.01%
86959K105,SUZ,Suzano SA,42344,42344,541K,541K,NEW,<.01%
311900104,FAST,Fastenal Co,108726,7013,8.39M,540.97K,+6.9%,0.01%
302081104,EXLS,ExlService Holdings Inc,63391,16954,2.02M,539.18K,+36.5%,<.01%
743606105,PB,Prosperity Bancshares Inc,30611,8187,2.01M,538.65K,+36.5%,<.01%
256746108,DLTR,Dollar Tree Inc,22648,4021,3.02M,535.47K,+21.6%,<.01%
217204106,CPRT,Copart Inc,143204,9234,8.29M,534.81K,+6.9%,0.01%
256677105,DG,Dollar General Corp,24243,3426,3.78M,534.61K,+16.5%,<.01%
23331A109,DHI,DR Horton Inc,52045,3244,8.56M,533.8K,+6.6%,0.01%
81730H109,S,SentinelOne Inc,89594,22865,2.09M,532.87K,+34.3%,<.01%
704326107,PAYX,Paychex Inc,74909,4320,9.2M,530.51K,+6.1%,0.01%
17888H103,CIVI,Bonanza Creek Energy Inc,31175,6988,2.37M,530.35K,+28.9%,<.01%
26441C204,DUK,Duke Energy Corp,194326,5478,18.79M,529.77K,+2.9%,0.03%
184496107,CLH,Clean Harbors Inc,18448,2627,3.71M,528.87K,+16.6%,<.01%
48666K109,KBH,KB Home,27585,7378,1.96M,522.89K,+36.5%,<.01%
30214U102,EXPO,Exponent Inc,23545,6298,1.95M,520.8K,+36.5%,<.01%
03076C106,AMP,Ameriprise Financial Inc,18279,1179,8.01M,516.9K,+6.9%,0.01%
830830105,SKY,Skyline Champion Corp,22707,6073,1.93M,516.18K,+36.5%,<.01%
887389104,TKR,Timken Co/The,21867,5849,1.91M,511.42K,+36.5%,<.01%
76169C100,REXR,Rexford Industrial Realty Inc,89255,10118,4.49M,508.99K,+12.8%,<.01%
150870103,CE,Celanese Corp,14475,2923,2.49M,502.41K,+25.3%,<.01%
001055102,AFL,Aflac Inc,90505,5837,7.77M,501.18K,+6.9%,0.01%
750236101,RDN,Radian Group Inc,55972,14971,1.87M,500.98K,+36.5%,<.01%
38526M106,LOPE,Grand Canyon Education Inc,13627,3645,1.86M,496.45K,+36.5%,<.01%
172755100,CRUS,CIRRUS LOGIC INC,20015,5353,1.85M,495.58K,+36.5%,<.01%
09739D100,BCC,Boise Cascade Co,15758,3226,2.42M,494.81K,+25.7%,<.01%
292671708,UUUU,Energy Fuels Inc/Canada,884539,78466,5.56M,493.13K,+9.7%,<.01%
313855108,FSS,Federal Signal Corp,21697,5803,1.84M,492.39K,+36.5%,<.01%
13646K108,CP,Canadian Pacific Railway Ltd,257031,5566,22.67M,490.92K,+2.2%,0.03%
87256C101,TKO,TKO Group Holdings Inc,21234,5679,1.83M,490.77K,+36.5%,<.01%
85208M102,SFM,Sprouts Farmers Market Inc,43135,7570,2.78M,488.05K,+21.3%,<.01%
06417N103,OZK,Bank OZK,39460,10554,1.79M,479.82K,+36.5%,<.01%
651587107,NEU,NEWMARKET CORP,2812,752,1.78M,477.35K,+36.5%,<.01%
61174X109,MNST,Monster Beverage Corp,124313,8016,7.37M,475.17K,+6.9%,0.01%
553530106,MSM,MSC Industrial Direct Co Inc,19150,4874,1.86M,472.89K,+34.1%,<.01%
25809K105,DASH,DoorDash Inc,37127,3417,5.11M,470.58K,+10.1%,<.01%
H84989104,TEL,TE Connectivity Ltd,45705,3240,6.64M,470.56K,+7.6%,0.01%
25659T107,DLB,Dolby Laboratories Inc,20969,5609,1.76M,469.98K,+36.5%,<.01%
871829107,SYY,Sysco Corp,68097,5781,5.53M,469.29K,+9.3%,<.01%
G8473T100,STE,STERIS PLC,14471,2065,3.25M,464.2K,+16.6%,<.01%
46120E602,ISRG,Intuitive Surgical Inc,57675,1162,23.02M,463.73K,+2.1%,0.03%
26874R108,E,ENI SpA,14578,14578,462K,462K,NEW,<.01%
G0457F107,ARCO,Arcos Dorados Holdings Inc,835019,41496,9.29M,461.42K,+5.2%,0.01%
920253101,VMI,Valmont Industries Inc,7961,2020,1.82M,461.04K,+34%,<.01%
30225T102,EXR,Extra Space Storage Inc,89507,3128,13.16M,459.83K,+3.6%,0.02%
056525108,BMI,Badger Meter Inc,18081,2837,2.93M,459.1K,+18.6%,<.01%
343498101,FLO,Flowers Foods Inc,81579,18957,1.94M,450.34K,+30.3%,<.01%
016255101,ALGN,Align Technology Inc,8241,1372,2.7M,449.84K,+20%,<.01%
89679M104,TFPM,Triple Flag Precious Metals Corp,3557484,30758,51.41M,444.46K,+0.9%,0.08%
25746U109,D,Dominion Energy Inc,198497,8893,9.76M,437.44K,+4.7%,0.01%
369550108,GD,General Dynamics Corp,33639,1530,9.5M,432.22K,+4.8%,0.01%
32020R109,FFIN,First Financial Bankshares Inc,49132,13141,1.61M,431.15K,+36.5%,<.01%
526057104,LEN,LENNAR CORP,40550,2506,6.97M,430.99K,+6.6%,0.01%
436893200,HOMB,Home Bancshares Inc/AR,65321,17471,1.6M,429.28K,+36.5%,<.01%
513847103,MZTI,Lancaster Colony Corp,7643,2044,1.59M,424.42K,+36.5%,<.01%
277276101,EGP,EastGroup Properties Inc,18210,2356,3.27M,423.59K,+14.9%,<.01%
12653C108,CNX,CNX Resources Corp,65549,17532,1.55M,415.91K,+36.5%,<.01%
911312106,UPS,United Parcel Service Inc,133606,2785,19.86M,413.94K,+2.1%,0.03%
054540208,ACLS,Axcelis Technologies Inc,13738,3674,1.53M,409.71K,+36.5%,<.01%
05588W108,LEO,BNY Mellon Strategic Municipals Inc,543640,67120,3.32M,409.41K,+14.1%,<.01%
147448104,CWST,Casella Waste Systems Inc,38321,4132,3.79M,408.55K,+12.1%,<.01%
92338C103,VLTO,Veralto Corp,84228,4601,7.47M,407.94K,+5.8%,0.01%
008492100,ADC,Agree Realty Corp,38612,7125,2.21M,407.07K,+22.6%,<.01%
62944T105,NVR,NVR Inc,687,50,5.57M,405.02K,+7.8%,<.01%
816851109,SRE,Sempra,156750,5544,11.26M,398.25K,+3.7%,0.02%
739276103,POWI,Power Integrations Inc,20577,5503,1.47M,393.66K,+36.5%,<.01%
231021106,CMI,Cummins Inc,20705,1334,6.1M,393.08K,+6.9%,<.01%
980228308,WDS,Woodside Energy Group Ltd,19640,19640,392K,392K,NEW,<.01%
929236107,WDFC,WD-40 Co,5773,1544,1.46M,391.01K,+36.5%,<.01%
053807103,AVT,Avnet Inc,29389,7860,1.46M,389.67K,+36.5%,<.01%
45168D104,IDXX,IDEXX Laboratories Inc,17013,720,9.19M,388.76K,+4.4%,0.01%
853606101,SLI,Standard Lithium Ltd,2694140,329320,3.18M,388.59K,+13.9%,<.01%
353514102,FELE,Franklin Electric Co Inc,14797,3562,1.58M,380.34K,+31.7%,<.01%
278768106,ECHO,EchoStar Corp,35846,26435,511K,376.84K,+280.9%,<.01%
053484101,AVB,AvalonBay Communities Inc,60947,2016,11.31M,374.08K,+3.4%,0.02%
71654V101,PBRA,Petroleo Brasileiro SA,25120,25120,374K,374K,NEW,<.01%
97651M109,WIT,Wipro Ltd,141704,64042,815K,368.33K,+82.5%,<.01%
398905109,GPI,Group 1 Automotive Inc,4713,1260,1.38M,368.13K,+36.5%,<.01%
48251K100,KREF,KKR Real Estate Finance Trust Inc,272002,36299,2.74M,365.12K,+15.4%,<.01%
36266G107,GEHC,GE HealthCare Technologies Inc,61873,3992,5.62M,362.92K,+6.9%,<.01%
197236102,COLB,Columbia Banking System Inc,69911,18699,1.35M,361.89K,+36.5%,<.01%
92345Y106,VRSK,Verisk Analytics Inc,23700,1526,5.59M,359.74K,+6.9%,<.01%
30063P105,EXAS,EXACT SCIENCES CORP,145564,5174,10.05M,357.29K,+3.7%,0.02%
015271109,ARE,Alexandria Real Estate Equities Inc,68389,2759,8.82M,355.66K,+4.2%,0.01%
29476L107,EQR,Equity Residential,152212,5625,9.61M,354.99K,+3.8%,0.01%
136375102,CNI,Canadian National Railway Co,154493,2619,20.35M,345.01K,+1.7%,0.03%
01864U106,AFB,AllianceBernstein National Municipal In,250533,30594,2.75M,336.18K,+13.9%,<.01%
962166104,WY,Weyerhaeuser Co,56266,9307,2.02M,334.13K,+19.8%,<.01%
931427108,WBA,Walgreens Boots Alliance Inc,124715,15032,2.71M,326.16K,+13.7%,<.01%
98389B100,XEL,Xcel Energy Inc,138796,6068,7.46M,326.14K,+4.6%,0.01%
24703L202,DELL,Dell Technologies Inc,10186,2782,1.16M,317.37K,+37.6%,<.01%
G29183103,ETN,Eaton Corp PLC,1015,1015,317K,317K,NEW,<.01%
745867101,PHM,PulteGroup Inc,42042,2609,5.07M,314.69K,+6.6%,<.01%
919794107,VLY,Valley National Bancorp,147270,39389,1.17M,313.46K,+36.5%,<.01%
26875P101,EOG,EOG Resources Inc,35569,2423,4.55M,309.75K,+7.3%,<.01%
46655E100,DC,Dakota Gold Corp,3614465,130099,8.57M,308.32K,+3.7%,0.01%
09662E109,DSM,BNY Mellon Strategic Municipal Bond Fun,428946,52368,2.51M,306.92K,+13.9%,<.01%
12008R107,BLDR,Builders FirstSource Inc,23266,1463,4.85M,305.1K,+6.7%,<.01%
29472R108,ELS,Equity LifeStyle Properties Inc,76553,4801,4.86M,305.04K,+6.7%,<.01%
83304A106,SNAP,Snap Inc,62361,26487,716K,304.11K,+73.8%,<.01%
55616P104,M,Macy's Inc,14981,14981,299K,299K,NEW,<.01%
G1757E113,CMCL,Caledonia Mining Corp PLC,678674,26946,7.51M,298.3K,+4.1%,0.01%
036752103,ELV,Elevance Health Inc,11864,575,6.15M,298.16K,+5.1%,<.01%
243537107,DECK,DECKERS OUTDOOR CORP,4814,313,4.53M,294.6K,+7%,<.01%
872590104,TMUS,T-Mobile US Inc,20278,1791,3.31M,292.35K,+9.7%,<.01%
369604301,GE,General Electric Co,1644,1644,289K,289K,NEW,<.01%
090043100,BILL,BILL Holdings Inc,4189,4189,288K,288K,NEW,<.01%
44951Y102,,Hyzon Motors Inc,911399,386762,672K,285.17K,+73.7%,<.01%
934423104,WBD,Warner Bros Discovery Inc,87619,32502,765K,283.77K,+59%,<.01%
66987E206,NG,Novagold Resources Inc,9567134,94205,28.7M,282.61K,+1%,0.04%
H17182108,CRSP,CRISPR Therapeutics AG,71944,4103,4.9M,279.68K,+6%,<.01%
428103105,HESM,Hess Midstream LP,26467,7716,956K,278.71K,+41.1%,<.01%
03027X100,AMT,American Tower Corp,106912,1397,21.12M,276.04K,+1.3%,0.03%
N72482149,QGEN,QIAGEN NV,208587,6361,8.97M,273.45K,+3.1%,0.01%
866674104,SUI,Sun Communities Inc,52987,2082,6.81M,267.7K,+4.1%,0.01%
98422D105,XPEV,XPeng Inc,232428,34788,1.78M,267.16K,+17.6%,<.01%
46132P108,IIM,Invesco Value Municipal Income Trust,375211,22148,4.5M,265.8K,+6.3%,<.01%
09254C107,MUE,BlackRock MuniHoldings Quality Fund II,190374,26002,1.94M,264.7K,+15.8%,<.01%
26817Q886,DX,Dynex Capital Inc,425263,21226,5.29M,264.29K,+5.3%,<.01%
526107107,LII,Lennox International Inc,8202,528,4.01M,258.08K,+6.9%,<.01%
336433107,FSLR,First Solar Inc,48926,1524,8.26M,257.26K,+3.2%,0.01%
693483109,PKX,POSCO Holdings Inc,77980,3275,6.12M,256.82K,+4.4%,<.01%
64440N103,NFGC,New Found Gold Corp,4875257,69342,17.97M,255.55K,+1.4%,0.03%
64110D104,NTAP,NETAPP INC,38613,2377,4.05M,249.5K,+6.6%,<.01%
675232102,OII,Oceaneering International Inc,2076502,10575,48.59M,247.45K,+0.5%,0.07%
09662W109,DMB,BNY Mellon Municipal Bond Infrastructur,162711,23432,1.69M,243.52K,+16.8%,<.01%
562750109,MANH,Manhattan Associates Inc,14612,943,3.66M,235.94K,+6.9%,<.01%
92276F100,VTR,Ventas Inc,170210,5372,7.41M,233.9K,+3.3%,0.01%
03762U105,ARI,Apollo Commercial Real Estate Finance I,783036,20957,8.72M,233.46K,+2.7%,0.01%
09253N104,MHD,BlackRock MuniHoldings Fund Inc,411409,19194,4.97M,231.87K,+4.9%,<.01%
171340102,CHD,Church & Dwight Co Inc,33784,2178,3.52M,227.19K,+6.9%,<.01%
443510607,HUBB,Hubbell Inc,8426,545,3.5M,226.19K,+6.9%,<.01%
302130109,EXPD,Expeditors International of Washington,33329,1848,4.05M,224.67K,+5.9%,<.01%
46131J103,VKQ,Invesco Municipal Trust,441667,22902,4.28M,222.14K,+5.5%,<.01%
30040W108,ES,Eversource Energy,82752,3707,4.95M,221.56K,+4.7%,<.01%
12532H104,GIB,CGI Inc,30979,1996,3.42M,220.29K,+6.9%,<.01%
75574U101,RC,Ready Capital Corp,1037320,23724,9.47M,216.61K,+2.3%,0.01%
59522J103,MAA,Mid-America Apartment Communities Inc,49316,1617,6.49M,212.76K,+3.4%,<.01%
653656108,NICE,Nice Ltd,17784,795,4.63M,207.2K,+4.7%,<.01%
952845105,WFG,West Fraser Timber Co Ltd,5201,2395,449K,206.76K,+85.4%,<.01%
297178105,ESS,Essex Property Trust Inc,27031,841,6.62M,205.87K,+3.2%,0.01%
42226K105,HR,Healthcare Realty Trust Inc,158239,14460,2.24M,204.6K,+10.1%,<.01%
349553107,FTS,Fortis Inc/Canada,115186,5160,4.55M,203.96K,+4.7%,<.01%
04013V108,ACRE,Ares Commercial Real Estate Corp,413500,27321,3.08M,203.57K,+7.1%,<.01%
58039P305,MUX,McEwen Mining Inc,2050635,20587,20.22M,202.99K,+1%,0.03%
G98196101,WNS,WNS Holdings Ltd,4030,4030,202K,202K,NEW,<.01%
46132C107,VMO,Invesco Municipal Opportunity Trust,529667,20690,5.15M,201.33K,+4.1%,<.01%
46131M106,VGM,Invesco Trust for Investment Grade Muni,429706,20389,4.24M,201.04K,+5%,<.01%
225655109,CCAP,Crescent Capital BDC Inc,11233,11233,194K,194K,NEW,<.01%
09253X102,MUI,BlackRock Municipal Income Fund Inc,551645,15933,6.65M,192.16K,+3%,0.01%
902653104,UDR,UDR INC,133905,5107,5.01M,191.04K,+4%,<.01%
74144T108,TROW,T Rowe Price Group Inc,37813,1552,4.61M,189.21K,+4.3%,<.01%
133131102,CPT,Camden Property Trust,45307,1848,4.46M,181.83K,+4.3%,<.01%
73278L105,POOL,Pool Corp,7270,449,2.93M,181.14K,+6.6%,<.01%
023608102,AEE,Ameren Corp,65045,2424,4.81M,179.29K,+3.9%,<.01%
142339100,CSL,Carlisle Cos Inc,7065,457,2.77M,179.05K,+6.9%,<.01%
65345N106,NN,NextNav Inc,27193,27193,179K,179K,NEW,<.01%
02215L209,KNTK,Kinetik Holdings Inc,11825,4459,471K,177.61K,+60.5%,<.01%
384109104,GGG,Graco Inc,29324,1890,2.74M,176.66K,+6.9%,<.01%
45167R104,IEX,IDEX Corp,11177,720,2.73M,175.67K,+6.9%,<.01%
303075105,FDS,Factset Research Systems Inc,6973,384,3.17M,174.46K,+5.8%,<.01%
832696405,SJM,J M Smucker Co/The,4345,1369,547K,172.35K,+46%,<.01%
09253R105,MVF,BlackRock MuniVest Fund Inc,501357,24388,3.54M,172.2K,+5.1%,<.01%
M2682V108,CYBR,CyberArk Software Ltd,14285,639,3.79M,169.76K,+4.7%,<.01%
95766M105,MMU,Western Asset Managed Municipals Fund I,430698,15892,4.5M,166.08K,+3.8%,<.01%
942622200,WSO,watsco inc,5937,382,2.56M,165.04K,+6.9%,<.01%
15189T107,CNP,CenterPoint Energy Inc,155669,5785,4.43M,164.81K,+3.9%,<.01%
09249N101,BLE,BlackRock Municipal Income Trust II,370963,15148,4.03M,164.52K,+4.3%,<.01%
907818108,UNP,Union Pacific Corp,145043,666,35.67M,163.79K,+0.5%,0.05%
445658107,JBHT,JB Hunt Transport Services Inc,12680,817,2.53M,162.76K,+6.9%,<.01%
09257P105,BTT,BlackRock Municipal 2030 Target Term Tr,527339,7646,11.11M,161.03K,+1.5%,0.02%
833034101,SNA,Snap-On Inc,8307,535,2.46M,158.5K,+6.9%,<.01%
29414B104,EPAM,EPAM Systems Inc,8901,573,2.46M,158.23K,+6.9%,<.01%
46269C102,IRDM,Iridium Communications Inc,43449,6007,1.14M,157.19K,+16%,<.01%
69351T106,PPL,PPL Corp,184081,5697,5.07M,156.85K,+3.2%,<.01%
775711104,ROL,Rollins Inc,52209,3373,2.42M,156.09K,+6.9%,<.01%
46132E103,VKI,Invesco Advantage Municipal Income Trus,355011,18117,3.02M,154.02K,+5.4%,<.01%
749660106,RES,RPC Inc,2998405,19702,23.21M,152.49K,+0.7%,0.04%
60855R100,MOH,Molina Healthcare Inc,11614,365,4.77M,149.94K,+3.2%,<.01%
72352L106,PINS,Pinterest Inc,63298,4243,2.19M,147.14K,+7.2%,<.01%
24610T108,VFL,abrdn National Municipal Income Fund,108569,14087,1.12M,145.97K,+14.9%,<.01%
761152107,RMD,ResMed Inc,26584,735,5.26M,145.54K,+2.8%,<.01%
758849103,REG,Regency Centers Corp,71689,2396,4.34M,145.12K,+3.5%,<.01%
82575P107,SBSW,Sibanye Stillwater Ltd,140017,30559,659K,143.83K,+27.9%,<.01%
G02602103,DOX,Amdocs Ltd,34711,1553,3.14M,140.35K,+4.7%,<.01%
92189F437,ANGL,VanEck Fallen Angel High Yield Bond ETF,10325,4793,300K,139.26K,+86.6%,<.01%
69888T207,PARR,Par Pacific Holdings Inc,16269,3738,603K,138.55K,+29.8%,<.01%
125896100,CMS,CMS Energy Corp,72256,2290,4.36M,138.18K,+3.3%,<.01%
655663102,NDSN,Nordson Corp,7675,503,2.11M,138.09K,+7%,<.01%
969457100,WMB,Williams Cos Inc/The,343808,3535,13.4M,137.77K,+1%,0.02%
253393102,DKS,Dick's Sporting Goods Inc,9427,609,2.12M,136.96K,+6.9%,<.01%
580135101,MCD,McDonald's Corp,16166,484,4.56M,136.46K,+3.1%,<.01%
426281101,JKHY,Jack Henry & Associates Inc,12107,784,2.1M,136.18K,+6.9%,<.01%
78349D107,RXST,RxSight Inc,2578,2578,133K,133K,NEW,<.01%
68404L201,OPCH,OPTION CARE HEALTH INC,36255,3940,1.22M,132.15K,+12.2%,<.01%
457790103,,Instructure Holdings Inc,15446,6110,330K,130.54K,+65.4%,<.01%
60871R209,TAP,Molson Coors Beverage Co,10997,1933,739K,129.9K,+21.3%,<.01%
233368109,KTF,DWS Municipal Income Trust,313707,14353,2.83M,129.62K,+4.8%,<.01%
24665A103,DK,Delek US Holdings Inc,17748,4105,546K,126.29K,+30.1%,<.01%
03957W106,AROC,Archrock Inc,34527,6414,679K,126.14K,+22.8%,<.01%
049560105,ATO,Atmos Energy Corp,37095,1048,4.41M,124.56K,+2.9%,<.01%
12769G100,CZR,Caesars Entertainment Inc,35773,2832,1.56M,123.89K,+8.6%,<.01%
02665T306,AMH,American Homes 4 Rent,130627,3356,4.8M,123.42K,+2.6%,<.01%
69370C100,PTC,PTC Inc,1176,653,222K,123.27K,+124.9%,<.01%
315616102,FFIV,F5 Inc,10362,642,1.97M,121.75K,+6.6%,<.01%
09248F109,BFK,BlackRock Municipal Income Trust,337197,11734,3.48M,121.2K,+3.6%,<.01%
313745101,FRT,Federal Realty Investment Trust,32111,1184,3.28M,120.9K,+3.8%,<.01%
38149E101,GLDG,GoldMining Inc,9553990,137972,8.36M,120.73K,+1.5%,0.01%
101121101,BXP,BOSTON PROPERTIES INC,63617,1817,4.16M,118.67K,+2.9%,<.01%
87241L109,TFII,TFI International Inc,11502,743,1.83M,118.54K,+6.9%,<.01%
69036R863,SFGRX,Overseas Shipholding Group Inc,18320,18320,117K,117K,NEW,<.01%
03662Q105,ANSS,ANSYS Inc,604,336,210K,116.82K,+125.4%,<.01%
70432V102,PAYC,Paycom Software Inc,9035,581,1.8M,115.62K,+6.9%,<.01%
29530P102,ERIE,Erie Indemnity Co,4427,285,1.78M,114.46K,+6.9%,<.01%
09253W104,MYD,BlackRock MuniYield Fund Inc,351725,10304,3.89M,113.96K,+3%,<.01%
58463J304,MPT,Medical Properties Trust Inc,233195,24085,1.1M,113.2K,+11.5%,<.01%
27827X101,EIM,Eaton Vance Municipal Bond Fund,547823,10920,5.67M,113.02K,+2%,<.01%
229663109,CUBE,CubeSmart,87128,2493,3.94M,112.74K,+2.9%,<.01%
62913M107,NGL,NGL Energy Partners LP,19437,19437,112K,112K,NEW,<.01%
91307C102,UTHR,United Therapeutics Corp,10539,475,2.42M,109.12K,+4.7%,<.01%
03769M106,APO,Apollo Global Management Inc,11950,948,1.34M,106.62K,+8.6%,<.01%
85254J102,STAG,STAG Industrial Inc,75726,2724,2.91M,104.71K,+3.7%,<.01%
38071H106,GROY,Gold Royalty Corp,5953677,55546,11.19M,104.43K,+0.9%,0.02%
552738106,MFM,MFS Municipal Income Trust,326701,19363,1.75M,103.96K,+6.3%,<.01%
37959E102,GL,Globe Life Inc,13724,887,1.6M,103.22K,+6.9%,<.01%
36467J108,GLPI,Gaming and Leisure Properties Inc,80661,2219,3.72M,102.23K,+2.8%,<.01%
M98068105,WIX,Wix.com Ltd,16259,728,2.23M,100.07K,+4.7%,<.01%
879360105,TDY,Teledyne Technologies Inc,408,227,175K,97.37K,+125.4%,<.01%
126408103,CSX,CSX Corp,527438,2532,19.55M,93.86K,+0.5%,0.03%
025932104,AFG,American Financial Group Inc/OH,10400,669,1.42M,91.28K,+6.9%,<.01%
806407102,HSIC,Henry Schein Inc,18546,1194,1.4M,90.2K,+6.9%,<.01%
08265T208,BSY,Bentley Systems Inc,3096,1721,162K,90.05K,+125.2%,<.01%
03676B102,AM,Antero Midstream Corp,108192,6339,1.52M,89.12K,+6.2%,<.01%
M7S64H106,MNDY,Monday.com Ltd,8764,391,1.98M,88.34K,+4.7%,<.01%
681936100,OHI,Omega Healthcare Investors Inc,88693,2775,2.81M,87.89K,+3.2%,<.01%
T9224W109,STVN,Stevanato Group SpA,26072,2688,837K,86.29K,+11.5%,<.01%
M7516K103,NVMI,Nova Ltd,6614,482,1.17M,85.48K,+7.9%,<.01%
552953101,MGM,MGM Resorts International,52493,1795,2.48M,84.74K,+3.5%,<.01%
11120U105,BRX,Brixmor Property Group Inc,124834,3605,2.93M,84.53K,+3%,<.01%
09253T101,MVT,BlackRock MuniVest Fund II Inc,164932,7588,1.8M,82.77K,+4.8%,<.01%
65342K105,NEXT,NextDecade Corp,44875,14411,255K,81.89K,+47.3%,<.01%
69331C108,PCG,PG&E Corp,1122092,4866,18.81M,81.56K,+0.4%,0.03%
637417106,NNN,National Retail Properties Inc,60954,1904,2.6M,81.37K,+3.2%,<.01%
378973408,GSAT,Globalstar Inc,300716,53337,442K,78.4K,+21.6%,<.01%
24664T103,DKL,Delek Logistics Partners LP,1892,1892,78K,78K,NEW,<.01%
14174T107,CTRE,CareTrust REIT Inc,17197,3158,419K,76.94K,+22.5%,<.01%
M3760D101,ESLT,Elbit Systems Ltd,8161,365,1.72M,76.75K,+4.7%,<.01%
70438V106,PCTY,Paylocity Holding Corp,8005,440,1.38M,75.63K,+5.8%,<.01%
64124P101,NBH,Neuberger Berman Municipal Fund Inc,232715,6941,2.44M,72.69K,+3.1%,<.01%
G4474Y214,JHG,Janus Henderson Group PLC,2161,2161,71K,71K,NEW,<.01%
03064D108,COLD,Americold Realty Trust,40994,2834,1.02M,70.65K,+7.4%,<.01%
32054K103,FR,First Industrial Realty Trust Inc,47867,1314,2.52M,69.04K,+2.8%,<.01%
835495102,SON,Sonoco Products Co,1185,1185,69K,69K,NEW,<.01%
37045V100,GM,General Motors Co,38334,1488,1.74M,67.46K,+4%,<.01%
02319V103,ABEV,AMBEV SA,460677,27049,1.14M,67.05K,+6.2%,<.01%
464287226,AGG,iShares Core U.S. Aggregate Bond ETF,684,684,67K,67K,NEW,<.01%
929042109,VNO,Vornado Realty Trust,72335,2311,2.08M,66.48K,+3.3%,<.01%
55272X607,MFA,MFA Financial Inc,698906,5769,7.97M,65.83K,+0.8%,0.01%
36262G101,GXO,GXO Logistics Inc,6334,1215,341K,65.41K,+23.7%,<.01%
27826U108,EVN,Eaton Vance Municipal Income Trust,305456,6326,3.13M,64.84K,+2.1%,<.01%
09254G108,MQT,BlackRock MuniYield Quality Fund II Inc,171670,6131,1.8M,64.43K,+3.7%,<.01%
03990B101,ARES,Ares Management Corp,5732,470,762K,62.48K,+8.9%,<.01%
M6191J100,FROG,JFrog Ltd,30966,1386,1.37M,61.27K,+4.7%,<.01%
723762100,XPMAX,Pioneer Municipal High Income Advantage,189503,7317,1.54M,59.62K,+4%,<.01%
29670G102,WTRG,Essential Utilities Inc,62437,1575,2.31M,58.35K,+2.6%,<.01%
42824C109,HPE,Hewlett Packard Enterprise Co,81971,3182,1.45M,56.4K,+4%,<.01%
92847W103,VITL,Vital Farms Inc,3772,2320,88K,54.13K,+159.8%,<.01%
00217D100,ASTS,AST SpaceMobile Inc,59365,18606,172K,53.91K,+45.6%,<.01%
89346D107,TAC,TransAlta Corp,82469,8374,530K,53.82K,+11.3%,<.01%
M87915274,TSEM,Tower Semiconductor Ltd,35398,1584,1.18M,52.98K,+4.7%,<.01%
670837103,OGE,OGE Energy Corp,50747,1539,1.74M,52.8K,+3.1%,<.01%
649604840,ADAM,New York Mortgage Trust Inc,578929,7316,4.17M,52.67K,+1.3%,<.01%
092113109,BKH,Black Hills Corp,16091,920,879K,50.26K,+6.1%,<.01%
451107106,IDA,IDACORP Inc,12426,539,1.15M,50.06K,+4.5%,<.01%
67000B104,NOVT,Novanta Inc,508,282,89K,49.41K,+124.8%,<.01%
092479104,BYM,BlackRock Municipal Income Quality Trus,198524,4247,2.3M,49.27K,+2.2%,<.01%
M5216V106,GLBE,Global-e Online Ltd,30159,1349,1.1M,49.02K,+4.7%,<.01%
78440X887,SLG,SL Green Realty Corp,28405,888,1.57M,48.96K,+3.2%,<.01%
14316J108,CG,Carlyle Group Inc/The,16967,1035,796K,48.56K,+6.5%,<.01%
05589T104,DMF,BNY Mellon Municipal Income Inc,164393,6995,1.12M,47.78K,+4.4%,<.01%
35243J101,FBRT,Franklin BSP Realty Trust Inc,493681,3567,6.6M,47.66K,+0.7%,<.01%
70931T103,PMT,PennyMac Mortgage Investment Trust,463002,3192,6.8M,46.86K,+0.7%,0.01%
11275Q107,BIPC.TO,Brookfield Infrastructure Corp,28153,1262,1.01M,45.5K,+4.7%,<.01%
88146M101,TRNO,Terreno Realty Corp,16292,678,1.08M,45.03K,+4.3%,<.01%
736508847,POR,Portland General Electric Co,23928,1072,1M,45.03K,+4.7%,<.01%
29109X106,AZPN,Aspen Technology Inc,380,211,81K,44.98K,+124.9%,<.01%
84857L101,SR,Spire Inc,12289,701,754K,43.01K,+6%,<.01%
92552V100,VSAT,Viasat Inc,16845,2368,305K,42.88K,+16.4%,<.01%
92763W103,VIPS,Vipshop Holdings Ltd,32771,2496,542K,41.28K,+8.2%,<.01%
19239V302,CCOI,Cogent Communications Holdings Inc,9229,630,602K,41.09K,+7.3%,<.01%
29415F104,NVST,Envista Holdings Corp,7557,1911,162K,40.97K,+33.8%,<.01%
723763108,MHI,Pioneer Municipal High Income Fund Trus,179907,4635,1.59M,40.96K,+2.6%,<.01%
640491106,NEOG,Neogen Corp,419743,2544,6.62M,40.15K,+0.6%,0.01%
505743104,LADR,Ladder Capital Corp,824595,3562,9.18M,39.65K,+0.4%,0.01%
92189F643,MOAT,VanEck Morningstar Wide Moat ETF,531,419,48K,37.88K,+374.1%,<.01%
68235P108,OGS,ONE Gas Inc,12992,582,838K,37.54K,+4.7%,<.01%
73939C106,PWSC,PowerSchool Holdings Inc,15447,1739,329K,37.04K,+12.7%,<.01%
40434L105,HPQ,HP Inc,31369,1218,948K,36.81K,+4%,<.01%
49271V100,KDP,Keurig Dr Pepper Inc,9201,1186,282K,36.35K,+14.8%,<.01%
018522300,ALE,ALLETE Inc,13603,609,811K,36.31K,+4.7%,<.01%
87151X101,SYM,Symbotic Inc,1300,797,59K,36.17K,+158.4%,<.01%
683344105,ONTO,Onto Innovation Inc,354,197,64K,35.62K,+125.5%,<.01%
021369103,ALTR,Altair Engineering Inc,746,415,64K,35.6K,+125.4%,<.01%
G45667105,,Hollysys Automation Technologies Ltd,2489,1383,64K,35.56K,+125%,<.01%
05379B107,AVA,Avista Corp,18249,1008,639K,35.3K,+5.8%,<.01%
518415104,LSCC,Lattice Semiconductor Corp,804,447,63K,35.03K,+125.2%,<.01%
69349H107,TXNM,PNM Resources Inc,20179,904,760K,34.05K,+4.7%,<.01%
33741X102,SDVY,First Trust SMID Cap Rising Dividend Ac,963,963,34K,34K,NEW,<.01%
668074305,NWE,Northwestern Energy Group Inc,15048,652,766K,33.19K,+4.5%,<.01%
70014A104,PKE,Park Aerospace Corp,8229,1993,137K,33.18K,+32%,<.01%
00217Y104,ATS,ATS Corp,1720,956,58K,32.24K,+125.1%,<.01%
M20791105,CAMT,Camtek Ltd/Israel,8565,384,717K,32.15K,+4.7%,<.01%
97717X669,DGRW,WisdomTree U.S. Quality Dividend Growth,426,426,32K,32K,NEW,<.01%
97717X594,IHDG,WisdomTree International Hedged Quality,706,706,32K,32K,NEW,<.01%
55277P104,MGEE,MGE Energy Inc,8588,385,676K,30.31K,+4.7%,<.01%
12504L109,CBRE,CBRE Group Inc,19026,305,1.85M,29.66K,+1.6%,<.01%
723760104,MIO,Pioneer Municipal High Income Opportuni,133493,2592,1.51M,29.32K,+2%,<.01%
92189F353,HYEM,VanEck Emerging Markets High Yield Bond,3679,1540,70K,29.3K,+72%,<.01%
98138H101,WDAY,Workday Inc,5335,105,1.46M,28.64K,+2%,<.01%
715684106,TLK,Telkom Indonesia Persero Tbk PT,73835,1266,1.64M,28.19K,+1.7%,<.01%
20451Q104,CODI,Compass Diversified Holdings,6286,1168,151K,28.06K,+22.8%,<.01%
05351W103,AGR,Avangrid Inc,17806,755,649K,27.52K,+4.4%,<.01%
M5425M103,INMD,Inmode Ltd,28118,1259,608K,27.22K,+4.7%,<.01%
71844V201,PECO,Phillips Edison & Co Inc,17260,723,619K,25.93K,+4.4%,<.01%
464289420,IWX,iShares Russell Top 200 Value ETF,366,332,28K,25.4K,+976.5%,<.01%
353469109,FC,Franklin Covey Co,6794,640,267K,25.15K,+10.4%,<.01%
G037AX101,AMBA,Ambarella Inc,889,494,45K,25.01K,+125.1%,<.01%
45337C102,INCY,Incyte Corp,156972,432,8.94M,24.61K,+0.3%,0.01%
44107P104,HST,HOST HOTELS & RESORTS INC,101114,1187,2.09M,24.55K,+1.2%,<.01%
464289438,IWY,iShares Russell Top 200 Growth ETF,136,120,27K,23.82K,+750%,<.01%
04280A100,ARWR,Arrowhead Pharmaceuticals Inc,3230,835,92K,23.78K,+34.9%,<.01%
02081G201,ATEC,Alphatec Holdings Inc,10975,1702,151K,23.42K,+18.4%,<.01%
344419106,FMX,Fomento Economico Mexicano SAB de CV,496,178,65K,23.33K,+56%,<.01%
004239109,AKR,Acadia Realty Trust,14405,1307,245K,22.23K,+10%,<.01%
78377T107,RHP,Ryman Hospitality Properties Inc,8372,192,968K,22.2K,+2.3%,<.01%
18270D106,CMTG,Claros Mortgage Trust Inc,324363,2190,3.17M,21.38K,+0.7%,<.01%
66765N105,NWN,Northwest Natural Holding Co,8643,570,322K,21.24K,+7.1%,<.01%
875465106,SKT,Tanger Inc,15007,684,443K,20.19K,+4.8%,<.01%
009066101,ABNB,Airbnb Inc,3022,118,499K,19.48K,+4.1%,<.01%
88557W101,QFIN,360 DigiTech Inc,9587,1039,177K,19.18K,+12.2%,<.01%
90364P105,PATH,UiPath Inc,12145,781,275K,17.68K,+6.9%,<.01%
70451X104,PAYO,Payoneer Global Inc,79459,3554,386K,17.26K,+4.7%,<.01%
38046C109,GOGO,Gogo Inc,30297,1965,266K,17.25K,+6.9%,<.01%
030420103,AWK,American Water Works Co Inc,52715,137,6.44M,16.74K,+0.3%,<.01%
72703X106,PL,Planet Labs PBC,91817,6543,234K,16.68K,+7.7%,<.01%
L44385109,GLOB,Globant SA,245,83,49K,16.6K,+51.2%,<.01%
98954M200,Z,Zillow Group Inc,8683,337,424K,16.46K,+4%,<.01%
05278C107,ATHM,Autohome Inc,5747,623,151K,16.37K,+12.2%,<.01%
683715106,OTEX,Open Text Corp,17507,411,680K,15.96K,+2.4%,<.01%
49803T300,KRG,Kite Realty Group Trust,31233,715,677K,15.5K,+2.3%,<.01%
M9T951109,ZIM,ZIM Integrated Shipping Services Ltd,34192,1529,346K,15.47K,+4.7%,<.01%
90400D108,RARE,Ultragenyx Pharmaceutical Inc,1908,330,89K,15.39K,+20.9%,<.01%
M78673114,PERI,Perion Network Ltd,15072,674,339K,15.16K,+4.7%,<.01%
222795502,CUZ,Cousins Properties Inc,24664,626,593K,15.05K,+2.6%,<.01%
G7T16G103,SPNS,Sapiens International Corp NV,10032,448,323K,14.42K,+4.7%,<.01%
464287465,EFA,iShares MSCI EAFE ETF,179,179,14K,14K,NEW,<.01%
29670E107,EPRT,Essential Properties Realty Trust Inc,22374,512,596K,13.64K,+2.3%,<.01%
803866300,SSL,Sasol Ltd,34439,1743,269K,13.61K,+5.3%,<.01%
60741F104,MBLY,Mobileye Global Inc,9200,411,296K,13.22K,+4.7%,<.01%
419870100,HE,Hawaiian Electric Industries Inc,25999,1165,293K,13.13K,+4.7%,<.01%
48203R104,JNPR,Juniper Networks Inc,9075,352,336K,13.03K,+4%,<.01%
M8744T106,TBLA,Taboola.com Ltd,65500,2932,291K,13.03K,+4.7%,<.01%
89377M109,TMDX,TransMedics Group Inc,1763,175,130K,12.9K,+11%,<.01%
88025U109,TXG,10X Genomics Inc,2233,325,84K,12.23K,+17%,<.01%
554382101,MAC,Macerich Co/The,31002,709,534K,12.21K,+2.3%,<.01%
256135203,RDY,Dr Reddy's Laboratories Ltd,501,164,37K,12.11K,+48.7%,<.01%
92189H730,SMOT,Vaneck Morningstar SMID Moat ETF,548,348,19K,12.07K,+174%,<.01%
92204A702,VGT,Vanguard Information Technology ETF,22,22,12K,12K,NEW,<.01%
45378A106,IRT,Independence Realty Trust Inc,32367,740,522K,11.93K,+2.3%,<.01%
52567D107,LMND,Lemonade Inc,15859,709,260K,11.62K,+4.7%,<.01%
03784Y200,APLE,Apple Hospitality REIT Inc,30931,707,507K,11.59K,+2.3%,<.01%
668771108,GEN,Gen Digital Inc,13049,506,292K,11.32K,+4%,<.01%
M4R82T106,FVRR,Fiverr International Ltd,11975,536,252K,11.28K,+4.7%,<.01%
387437114,,Granite Real Estate Investment Trust,8641,197,493K,11.24K,+2.3%,<.01%
78573L106,SBRA,Sabra Health Care REIT Inc,33205,759,490K,11.2K,+2.3%,<.01%
50540R409,,Laboratory Corp of America Holdings,1305,51,285K,11.14K,+4.1%,<.01%
M6372Q113,KRNT,Kornit Digital Ltd,13713,614,248K,11.1K,+4.7%,<.01%
G6674U108,NVCR,Novocure Ltd,15774,706,247K,11.06K,+4.7%,<.01%
81369Y803,XLK,Technology Select Sector SPDR Fund,53,53,11K,11K,NEW,<.01%
37954Y632,AIQ,Global X Artificial Intelligence & Tech,329,329,11K,11K,NEW,<.01%
09627Y109,BPMC,Blueprint Medicines Corp,985,113,93K,10.67K,+13%,<.01%
26884U109,EPR,EPR Properties,10732,245,456K,10.41K,+2.3%,<.01%
98980A105,ZTO,ZTO Express Cayman Inc,1135,468,24K,9.9K,+70.2%,<.01%
M85548101,SSYS,Stratasys Ltd,18677,836,217K,9.71K,+4.7%,<.01%
852312305,STAA,STAAR Surgical Co,3691,253,141K,9.66K,+7.4%,<.01%
11135E203,BNL,Broadstone Net Lease Inc,26967,616,423K,9.66K,+2.3%,<.01%
400506101,PAC,Grupo Aeroportuario del Pacifico SAB de,131,60,21K,9.62K,+84.5%,<.01%
45781V101,IIPR,Innovative Industrial Properties Inc,4006,92,415K,9.53K,+2.4%,<.01%
174610105,CFG,Citizens Financial Group Inc,6730,262,244K,9.5K,+4.1%,<.01%
63008G203,NNDM,Nano Dimension Ltd,76184,3409,212K,9.49K,+4.7%,<.01%
82981J109,,SITE Centers Corp,27342,625,401K,9.17K,+2.3%,<.01%
292104106,ESRT,Empire State Realty Trust Inc,22497,895,228K,9.07K,+4.1%,<.01%
89612W102,,Tricon Residential Inc,35081,803,390K,8.93K,+2.3%,<.01%
22002T108,CDP,COPT Defense Properties,19014,367,460K,8.88K,+2%,<.01%
559222401,MGA,Magna International Inc,4156,161,226K,8.76K,+4%,<.01%
450056106,IRTC,iRhythm Technologies Inc,608,74,71K,8.64K,+13.9%,<.01%
63633D104,NHI,National Health Investors Inc,5988,137,376K,8.6K,+2.3%,<.01%
529043101,LXP,LXP Industrial Trust,41565,951,375K,8.58K,+2.3%,<.01%
M70700105,NNOX,Nano-X Imaging Ltd,19538,874,191K,8.54K,+4.7%,<.01%
518613203,LAUR,Laureate Education Inc,1518,581,22K,8.42K,+62%,<.01%
629377508,NRG,NRG ENERGY INC,3207,124,217K,8.39K,+4%,<.01%
465562106,ITUB,Itau Unibanco Holding SA,3602,1195,25K,8.29K,+49.6%,<.01%
024013104,AAT,American Assets Trust Inc,8071,365,176K,7.96K,+4.7%,<.01%
72815L107,PLTK,Playtika Holding Corp,25121,1124,177K,7.92K,+4.7%,<.01%
49427F108,KRC,Kilroy Realty Corp,19609,216,714K,7.86K,+1.1%,<.01%
M51474118,GILT,Gilat Satellite Networks Ltd,37894,1451,205K,7.85K,+4%,<.01%
913903100,UHS,Universal Health Services Inc,1113,43,203K,7.84K,+4%,<.01%
26622P107,DOCS,Doximity Inc,2163,287,58K,7.7K,+15.3%,<.01%
68375N103,OPK,Opko Health Inc,139163,6228,167K,7.47K,+4.7%,<.01%
707569109,PENN,Penn National Gaming Inc,23582,407,429K,7.4K,+1.8%,<.01%
35086T109,FCPT,Four Corners Property Trust Inc,12978,297,318K,7.28K,+2.3%,<.01%
405217100,HAIN,Hain Celestial Group Inc/The,9601,924,75K,7.22K,+10.6%,<.01%
22266T109,CPNG,Coupang Inc,767,394,14K,7.19K,+105.6%,<.01%
90138F102,TWLO,Twilio Inc,2971,115,182K,7.04K,+4%,<.01%
875372203,TNDM,Tandem Diabetes Care Inc,6098,198,216K,7.01K,+3.4%,<.01%
02005N100,ALLY,Ally Financial Inc,4238,165,172K,6.7K,+4.1%,<.01%
252784301,DRH,DiamondRock Hospitality Co,30163,690,290K,6.63K,+2.3%,<.01%
M81873107,RDWR,RADWARE Ltd,7873,352,147K,6.57K,+4.7%,<.01%
05465P101,AXNX,Axonics Inc,2287,95,158K,6.56K,+4.3%,<.01%
91704F104,UE,Urban Edge Properties,16481,377,285K,6.52K,+2.3%,<.01%
464287432,TLT,iShares 20 Year Treasury Bond ETF,106,66,10K,6.23K,+165%,<.01%
92189F676,SMH,VanEck Semiconductor ETF,57,27,13K,6.16K,+90%,<.01%
67421J108,,Oatly Group AB,106263,5445,120K,6.15K,+5.4%,<.01%
03750L109,AIRC,Apartment Income REIT Corp,21211,187,689K,6.07K,+0.9%,<.01%
531229755,FWONK,Liberty Media Corp-Liberty Formula One,5925,92,389K,6.04K,+1.6%,<.01%
70509V100,PEB,Pebblebrook Hotel Trust,17055,390,263K,6.01K,+2.3%,<.01%
922042858,VWO,Vanguard FTSE Emerging Markets ETF,141,141,6K,6K,NEW,<.01%
46124J201,IVT,InvenTrust Properties Corp,9752,223,251K,5.74K,+2.3%,<.01%
M8737E108,,Taro Pharmaceutical Industries Ltd,2977,133,126K,5.63K,+4.7%,<.01%
157210105,CEVA,Ceva Inc,5515,248,125K,5.62K,+4.7%,<.01%
25960P109,DEI,Douglas Emmett Inc,26469,403,367K,5.59K,+1.5%,<.01%
493267108,KEY,KeyCorp,8805,342,139K,5.4K,+4%,<.01%
880345103,TNC,Tennant Co,29181,44,3.55M,5.35K,+0.2%,<.01%
128246105,CVGW,Calavo Growers Inc,1960,188,55K,5.28K,+10.6%,<.01%
76131N101,ROIC,Retail Opportunity Investments Corp,17657,404,226K,5.17K,+2.3%,<.01%
92189F841,HAP,VanEck Natural Resources ETF,108,91,6K,5.06K,+535.3%,<.01%
379378201,GNL,Global Net Lease Inc,27918,639,217K,4.97K,+2.3%,<.01%
40131M109,GH,Guardant Health Inc,2938,236,61K,4.9K,+8.7%,<.01%
M6158M104,ITRN,Ituran Location and Control Ltd,3988,174,112K,4.89K,+4.6%,<.01%
247361702,DAL,Delta Air Lines Inc,2632,102,126K,4.88K,+4%,<.01%
773122106,RKLB,Rocket Lab USA Inc,96890,1186,398K,4.87K,+1.2%,<.01%
56600D107,MRVI,Maravai LifeSciences Holdings Inc,2853,529,25K,4.64K,+22.8%,<.01%
45826J105,NTLA,Intellia Therapeutics Inc,2103,161,58K,4.44K,+8.3%,<.01%
720190206,PDM,Piedmont Office Realty Trust Inc,21307,624,150K,4.39K,+3%,<.01%
08862E109,BYND,Beyond Meat Inc,9889,528,82K,4.38K,+5.6%,<.01%
502175102,LTC,LTC Properties Inc,5882,134,191K,4.35K,+2.3%,<.01%
92189Y402,IBOT,VanEck Robotics ETF,315,97,14K,4.31K,+44.5%,<.01%
374297109,GTY,Getty Realty Corp,6846,156,187K,4.26K,+2.3%,<.01%
G4412G101,HLF,Herbalife Nutrition Ltd,7876,420,79K,4.21K,+5.6%,<.01%
92189F486,FLTR,VanEck IG Floating Rate ETF,264,158,7K,4.19K,+149.1%,<.01%
64119V303,NTST,NETSTREIT Corp,9921,227,182K,4.16K,+2.3%,<.01%
44332N106,HTHT,Huazhu Group Ltd,205,105,8K,4.1K,+105%,<.01%
939653101,ELME,Elme Communities,12607,289,175K,4.01K,+2.3%,<.01%
554489104,VRE,VERIS RESIDENTIAL INC,11348,260,173K,3.96K,+2.3%,<.01%
8676EP108,STKL,SunOpta Inc,14363,574,99K,3.96K,+4.2%,<.01%
014491104,ALEX,Alexander & Baldwin Inc,10403,238,171K,3.91K,+2.3%,<.01%
G0751N103,,Atlantica Sustainable Infrastructure PL,23674,210,437K,3.88K,+0.9%,<.01%
69924R108,PGRE,Paramount Group Inc,31517,810,147K,3.78K,+2.6%,<.01%
81761L102,SVC,Service Properties Trust,23654,541,160K,3.66K,+2.3%,<.01%
87918A105,TDOC,Teladoc Health Inc,3817,228,58K,3.46K,+6.4%,<.01%
489398107,KW,Kennedy-Wilson Holdings Inc,17166,393,147K,3.37K,+2.3%,<.01%
87165B103,SYF,Synchrony Financial,15503,77,668K,3.32K,+0.5%,<.01%
78646V107,SAFE,iStar Inc,6979,160,144K,3.3K,+2.3%,<.01%
74965L101,RLJ,RLJ Lodging Trust,21994,277,260K,3.27K,+1.3%,<.01%
264147109,DCO,Ducommun Inc,5120,63,263K,3.24K,+1.2%,<.01%
105368203,BDN,Brandywine Realty Trust,28025,671,134K,3.21K,+2.5%,<.01%
205826209,CMTL,Comtech Telecommunications Corp,12156,922,42K,3.19K,+8.2%,<.01%
867892101,SHO,Sunstone Hotel Investors Inc,29484,283,328K,3.15K,+1%,<.01%
68213N109,OMCL,Omnicell Inc,1049,105,31K,3.1K,+11.1%,<.01%
530307305,LBRDK,Liberty Broadband Corp,1371,53,78K,3.02K,+4%,<.01%
27616P103,DEA,Easterly Government Properties Inc,16133,257,185K,2.95K,+1.6%,<.01%
15202L107,CSR,Centerspace,2168,50,124K,2.86K,+2.4%,<.01%
444097109,HPP,Hudson Pacific Properties Inc,22827,429,147K,2.76K,+1.9%,<.01%
784305104,HTO,SJW Group,7513,47,425K,2.66K,+0.6%,<.01%
95058W100,WEN,Wendy's/Arby's Group Inc,3031,141,57K,2.65K,+4.9%,<.01%
39813G109,GDYN,Grid Dynamics Holdings Inc,521,220,6K,2.53K,+73.1%,<.01%
65341D102,NXRT,NexPoint Residential Trust Inc,3237,74,104K,2.38K,+2.3%,<.01%
423403104,MOMO,Hello Group Inc,8240,384,51K,2.38K,+4.9%,<.01%
90184D100,TWST,Twist Bioscience Corp,614,68,21K,2.33K,+12.5%,<.01%
20369C106,CHCT,Community Healthcare Trust Inc,3827,87,102K,2.32K,+2.3%,<.01%
04208T108,AHRT,Armada Hoffler Properties Inc,9662,221,100K,2.29K,+2.3%,<.01%
866082100,INN,Summit Hotel Properties Inc,15031,344,98K,2.24K,+2.3%,<.01%
37611X100,DNA.MX,Ginkgo Bioworks Holdings Inc,25506,1769,30K,2.08K,+7.5%,<.01%
64049M209,NEO,NeoGenomics Inc,2506,132,39K,2.05K,+5.6%,<.01%
N2451R105,CVAC,CureVac NV,3460,700,10K,2.02K,+25.4%,<.01%
30050B101,EVH,Evolent Health Inc,2378,61,78K,2K,+2.6%,<.01%
36315X101,LKFT,Galapagos NV,1209,62,39K,2K,+5.4%,<.01%
92189F767,GLIN,VanEck India Growth Leaders ETF,32,32,2K,2K,NEW,<.01%
69404D108,PACB,Pacific Biosciences of California Inc,4916,506,18K,1.85K,+11.5%,<.01%
029899101,AWR,American States Water Co,8722,24,630K,1.73K,+0.3%,<.01%
63888U108,NGVC,Natural Grocers by Vitamin Cottage Inc,2247,93,41K,1.7K,+4.3%,<.01%
71944F106,PHR,Phreesia Inc,1164,68,28K,1.64K,+6.2%,<.01%
130788102,CWT,California Water Service Group,13603,35,632K,1.63K,+0.3%,<.01%
92189F593,MOTI,VanEck Morningstar International Moat E,322,51,10K,1.58K,+18.8%,<.01%
03748R747,AIV,Apartment Investment and Management Co,20682,186,169K,1.52K,+0.9%,<.01%
984017103,XHR,Xenia Hotels & Resorts Inc,15145,92,227K,1.38K,+0.6%,<.01%
114340102,AZTA,Azenta Inc,1131,17,68K,1.02K,+1.5%,<.01%
92189H789,DGIN,Vaneck Digital India ETF,38,38,1K,1000,NEW,<.01%
25754A201,DPZ,Domino's Pizza Inc,561,2,279K,994.65,+0.4%,<.01%
92189H409,HYD,VanEck High Yield Muni ETF,587,7,31K,369.68,+1.2%,<.01%
92189H201,ITM,VanEck Intermediate Muni ETF,652,7,30K,322.09,+1.1%,<.01%
74762E102,PWR,Quanta Services Inc,1777,1,462K,259.99,+0.1%,<.01%
92189F536,MLN,VanEck Long Muni ETF,1141,10,21K,184.05,+0.9%,<.01%
844895102,SWX,Southwest Gas Holdings Inc,630,2,48K,152.38,+0.3%,<.01%
65341B106,XIFR,NextEra Energy Partners LP,1553,3,47K,90.79,+0.2%,<.01%
864482104,SPH,Suburban Propane Partners LP,564,2,12K,42.55,+0.4%,<.01%
02217A102,AMPS,Altus Power Inc,1400,5,7K,25,+0.4%,<.01%
15961R105,CHPT,ChargePoint Holdings Inc,3170,11,6K,20.82,+0.3%,<.01%
61218C103,MNTK,Montauk Renewables Inc,1265,5,5K,19.76,+0.4%,<.01%
78397Q109,SES,SES AI Corp,2710,9,5K,16.61,+0.3%,<.01%
35952H601,FCEL,FuelCell Energy Inc,3967,13,5K,16.39,+0.3%,<.01%
867652406,,SunPower Corp,1542,5,5K,16.21,+0.3%,<.01%
184499101,CLNE,Clean Energy Fuels Corp,1963,6,5K,15.28,+0.3%,<.01%
30052F100,EVGO,EVgo Inc,912,3,2K,6.58,+0.3%,<.01%
92189H698,,Vaneck Ethereum Strategy Etf,450000,0,12.68M,0,NO CHANGE,0.02%
92189H821,DAPP,VanEck Digital Transformation ETF,375000,0,4.37M,0,NO CHANGE,<.01%
92189H813,SMI,VanEck HIP Sustainable Muni ETF,50000,0,2.31M,0,NO CHANGE,<.01%
92189Y105,MOTE,Vaneck Morningstar ESG Moat ETF,50000,0,1.36M,0,NO CHANGE,<.01%
36118L106,FUTU,Futu Holdings Ltd,18000,0,975K,0,NO CHANGE,<.01%
464285204,IAU,iShares Gold Trust,6254,0,263K,0,NO CHANGE,<.01%
91531W106,TIGR,Up Fintech Holding Ltd,74181,0,255K,0,NO CHANGE,<.01%
896239100,TRMB,Trimble Inc,3532,0,227K,0,NO CHANGE,<.01%
92189F411,BIZD,VanEck BDC Income ETF,3996,0,68K,0,NO CHANGE,<.01%
477839104,JBTM,John Bean Technologies Corp,642,0,67K,0,NO CHANGE,<.01%
92189F429,PFXF,VanEck Preferred Securities ex Financia,3795,0,67K,0,NO CHANGE,<.01%
08579W103,BERY,Berry Plastics Group Inc,696,0,42K,0,NO CHANGE,<.01%
88830M102,TWI,Titan International Inc,3380,0,42K,0,NO CHANGE,<.01%
368736104,GNRC,Generac Holdings Inc,310,0,39K,0,NO CHANGE,<.01%
07373V105,BEAM,Beam Therapeutics Inc,1145,0,38K,0,NO CHANGE,<.01%
G16258108,BEP,Brookfield Renewable Partners LP,1200,0,28K,0,NO CHANGE,<.01%
92189F460,XMPT,VanEck CEF Muni Income ETF,742,0,16K,0,NO CHANGE,<.01%
761624105,REX,REX American Resources Corp,154,0,9K,0,NO CHANGE,<.01%
87266J104,TPICQ,TPI Composites Inc,2500,0,7K,0,NO CHANGE,<.01%
92189F114,ESPO,VanEck Video Gaming and eSports ETF,84,0,5K,0,NO CHANGE,<.01%
92189F387,SHYD,VanEck Short High Yield MuniETF,232,0,5K,0,NO CHANGE,<.01%
92942W107,KLG,WK Kellogg Co,195,0,4K,0,NO CHANGE,<.01%
50202P105,,Li-Cycle Holdings Corp,2760,0,3K,0,NO CHANGE,<.01%
92189F726,BBH,VanEck Biotech ETF,21,0,3K,0,NO CHANGE,<.01%
80880W106,SCLX,Scilex Holding Co,1610,0,2K,0,NO CHANGE,<.01%
92189F601,NLR,VanEck Uranium Nuclear Energy ETF,29,0,2K,0,NO CHANGE,<.01%
53960E205,LOCL,Local Bounti Corp,427,0,1K,0,NO CHANGE,<.01%
058498106,BALL,Ball Corp,10902,-2,734K,-134.65,-0%,<.01%
92766K106,SPCE.MX,Virgin Galactic Holdings Inc,141956,-374,210K,-553.27,-0.3%,<.01%
431284108,HIW,Highwoods Properties Inc,16828,-25,441K,-655.16,-0.1%,<.01%
911163103,UNFI,United Natural Foods Inc,5868,-60,67K,-685.07,-1%,<.01%
450047303,IRS,IRSA Inversiones y Representaciones SA,0,-132,0,-1K,CLOSE,0%
40637H109,HALO,Halozyme Therapeutics Inc,18337,-25,746K,-1.02K,-0.1%,<.01%
03152W109,FOLD,Amicus Therapeutics Inc,4564,-93,54K,-1.1K,-2%,<.01%
532746104,LMNR,Limoneira Co,1953,-62,38K,-1.21K,-3.1%,<.01%
294628102,EQC,Equity Commonwealth,2984,-101,56K,-1.9K,-3.3%,<.01%
92189H797,,VanEck Future of Food ETF,0,-151,0,-2K,CLOSE,0%
37954Y285,,Global X Telemedicine & Digital Health,0,-177,0,-2K,CLOSE,0%
700517105,PK,Park Hotels & Resorts Inc,30056,-117,526K,-2.05K,-0.4%,<.01%
92189F502,SMOG,VanEck Low Carbon Energy ETF,34,-25,3K,-2.21K,-42.4%,<.01%
817070501,SENEA,Seneca Foods Corp,549,-47,31K,-2.65K,-7.9%,<.01%
26922A420,QTUM,Defiance Quantum ETF,108,-46,7K,-2.98K,-29.9%,<.01%
37950E416,SOCL,Global X Social Media ETF,0,-66,0,-3K,CLOSE,0%
92189Y204,EMET,VanEck Green Metals ETF,0,-137,0,-3K,CLOSE,0%
92189F692,PPH,VanEck Pharmaceutical ETF,30,-34,3K,-3.4K,-53.1%,<.01%
37954Y442,CLOU,Global X Cloud Computing ETF,0,-163,0,-4K,CLOSE,0%
92189H805,REMX,VanEck Rare Earth and Strategic Metals,0,-62,0,-4K,CLOSE,0%
428291108,HXL,Hexcel Corp,4109,-62,299K,-4.51K,-1.5%,<.01%
91325V108,UNIT,Uniti Group Inc,46023,-770,272K,-4.55K,-1.6%,<.01%
7591EP100,RF,Regions Financial Corp,23475,-233,494K,-4.9K,-1%,<.01%
37954Y780,SNSR,Global X Internet of Things ETF,0,-136,0,-5K,CLOSE,0%
46137V100,PPA,Invesco Aerospace & Defense ETF,0,-51,0,-5K,CLOSE,0%
92189Y303,,Vaneck Bitcoin Strategy ETF,0,-117,0,-5K,CLOSE,0%
00857U107,AGL,agilon health Inc,923,-813,6K,-5.28K,-46.8%,<.01%
45826H109,ITGR,Integer Holdings Corp,1350,-46,158K,-5.38K,-3.3%,<.01%
314211103,FHI,Federated Hermes Inc,897,-155,32K,-5.53K,-14.7%,<.01%
831865209,AOS,A O Smith Corp,17686,-65,1.58M,-5.81K,-0.4%,<.01%
440452100,HRL,Hormel Foods Corp,3162,-168,110K,-5.84K,-5%,<.01%
26922A289,UFOX,Defiance Next Gen Connectivity ETF,0,-161,0,-6K,CLOSE,0%
68629Y103,ONL,Orion Office REIT Inc,0,-999,0,-6K,CLOSE,0%
744320102,PRU,Prudential Financial Inc,9112,-59,1.07M,-6.93K,-0.6%,<.01%
74051N102,PINC,Premier Inc,2970,-319,66K,-7.09K,-9.7%,<.01%
02361E108,AMRC,Ameresco Inc,301,-319,7K,-7.42K,-51.5%,<.01%
457730109,INSP,Inspire Medical Systems Inc,957,-39,206K,-8.39K,-3.9%,<.01%
81725T100,SXT,Sensient Technologies Corp,3497,-135,242K,-9.34K,-3.7%,<.01%
47759T100,JKS,JinkoSolar Holding Co Ltd,13415,-374,338K,-9.42K,-2.7%,<.01%
67623C109,OPI,Office Properties Income Trust,0,-1370,0,-10K,CLOSE,0%
G9451V109,VINP,Vinci Partners Investments Ltd,14382,-1008,163K,-11.42K,-6.5%,<.01%
377322102,GKOS,Glaukos Corp,1838,-123,173K,-11.58K,-6.3%,<.01%
44842L103,HCM,Hutchmed China Ltd,0,-669,0,-12K,CLOSE,0%
G4863A108,BRSL,International Game Technology PLC,27809,-539,628K,-12.17K,-1.9%,<.01%
77634L105,,R1 RCM Inc,5140,-1001,66K,-12.85K,-16.3%,<.01%
74767V109,QS,QuantumScape Corp,119370,-2058,751K,-12.95K,-1.7%,<.01%
46590V100,JBGS,JBG SMITH Properties,14695,-886,236K,-14.23K,-5.7%,<.01%
29444U700,EQIX,Equinix Inc,17281,-18,14.26M,-14.86K,-0.1%,0.02%
39986L109,GRWG,GrowGeneration Corp,0,-8273,0,-21K,CLOSE,0%
637870106,NSA,National Storage Affiliates Trust,10860,-538,425K,-21.05K,-4.7%,<.01%
74167P108,PRMW,Primo Water Corp,0,-1473,0,-22K,CLOSE,0%
922908363,VOO,Vanguard S&P 500 ETF,55056,-48,26.46M,-23.07K,-0.1%,0.04%
126633205,UAN,CVR Partners LP,0,-363,0,-24K,CLOSE,0%
60510V108,AVO,Mission Produce Inc,0,-2389,0,-24K,CLOSE,0%
502160104,LXU,LSB Industries Inc,0,-2731,0,-25K,CLOSE,0%
354613101,BEN,Franklin Resources Inc,4183,-924,118K,-26.07K,-18.1%,<.01%
718546104,PSX,Phillips 66,28406,-164,4.64M,-26.79K,-0.6%,<.01%
19247A100,CNS,Cohen & Steers Inc,0,-357,0,-27K,CLOSE,0%
31154R109,FPI,Farmland Partners Inc,0,-2428,0,-30K,CLOSE,0%
92189F452,MORT,VanEck Mortgage REIT Income ETF,0,-2556,0,-30K,CLOSE,0%
204409601,CIG,Cia Energetica de Minas Gerais,396558,-12284,979K,-30.33K,-3%,<.01%
98980G102,ZS,Zscaler Inc,797,-160,154K,-30.92K,-16.7%,<.01%
82489T104,SWAV,Shockwave Medical Inc,3040,-95,990K,-30.94K,-3%,<.01%
226406106,CRESY,Cresud SACIF y A,0,-3311,0,-31K,CLOSE,0%
013091103,ACI,Albertsons Cos Inc,4593,-1471,98K,-31.39K,-24.3%,<.01%
G01125106,AFYA,Afya Ltd,11606,-1763,216K,-32.81K,-13.2%,<.01%
23703Q203,DQ,Daqo New Energy Corp,21492,-1183,605K,-33.3K,-5.2%,<.01%
05501U106,AZULQ,Azul SA,64763,-4420,503K,-34.33K,-6.4%,<.01%
23345M107,DTM,DT Midstream Inc,30404,-563,1.86M,-34.41K,-1.8%,<.01%
78409V104,SPGI,S&P Global Inc,7823,-85,3.33M,-36.16K,-1.1%,<.01%
92189H300,EMLC,VanEck J.P. Morgan EM Local Currency,270,-1411,7K,-36.58K,-83.9%,<.01%
83175M205,SNN,Smith & Nephew PLC,7789,-1447,198K,-36.78K,-15.7%,<.01%
10949T109,BRSP,BrightSpire Capital Inc,792263,-5527,5.46M,-38.08K,-0.7%,<.01%
V7780T103,RCL,Royal Caribbean Cruises Ltd,1579,-280,219K,-38.83K,-15.1%,<.01%
L00849106,AGRO,adecoagro sa,34525,-3537,380K,-38.93K,-9.3%,<.01%
G9470A102,VTEX,VTEX,28423,-4803,232K,-39.2K,-14.5%,<.01%
465741106,ITRI,Itron Inc,400,-450,37K,-41.62K,-52.9%,<.01%
G27907107,DOLE,Dole PLC,0,-3440,0,-42K,CLOSE,0%
G8232Y101,PENG,SMART Global Holdings Inc,18616,-1661,490K,-43.72K,-8.2%,<.01%
015857105,AQN,Algonquin Power & Utilities Corp,0,-6902,0,-44K,CLOSE,0%
871332102,SLVM,Sylvamo Corp,0,-886,0,-44K,CLOSE,0%
29275Y102,ENS,EnerSys,10936,-481,1.03M,-45.43K,-4.2%,<.01%
125523100,CI,Cigna Group/The,14247,-129,5.17M,-46.85K,-0.9%,<.01%
68571X301,ORC,Orchid Island Capital Inc,398366,-5293,3.56M,-47.26K,-1.3%,<.01%
46187W107,INVH,Invitation Homes Inc,236772,-1412,8.43M,-50.28K,-0.6%,0.01%
01609W102,BABA,Alibaba Group Holding Ltd,0,-665,0,-52K,CLOSE,0%
535555106,LNN,Lindsay Corp,1975,-448,233K,-52.85K,-18.5%,<.01%
585464100,MLCO,Melco Resorts & Entertainment Ltd,39642,-7328,286K,-52.87K,-15.6%,<.01%
644393100,NFE,New Fortress Energy Inc,1805,-1741,55K,-53.05K,-49.1%,<.01%
G36738105,DMC,Fresh Del Monte Produce Inc,0,-2109,0,-55K,CLOSE,0%
811543107,SEB,Seaboard Corp,0,-16,0,-57K,CLOSE,0%
887399103,MTUS,TimkenSteel Corp,48972,-2562,1.09M,-57.02K,-5%,<.01%
690742101,OC,Owens Corning,38946,-348,6.5M,-58.04K,-0.9%,<.01%
67066V101,NAD,Nuveen Quality Municipal Income Fund,1679665,-5224,19.25M,-59.87K,-0.3%,0.03%
02376R102,AAL,American Airlines Group Inc,24159,-3909,371K,-60.03K,-13.9%,<.01%
09263B108,BKSY,BlackSky Technology Inc,0,-43346,0,-61K,CLOSE,0%
68162K106,ZEUS,Olympic Steel Inc,12422,-872,880K,-61.77K,-6.6%,<.01%
723484101,PNW,Pinnacle West Capital Corp,26868,-832,2.01M,-62.18K,-3%,<.01%
646025106,NJR,New Jersey Resources Corp,0,-1421,0,-63K,CLOSE,0%
682680103,OKE,Oneok Inc,159229,-805,12.77M,-64.53K,-0.5%,0.02%
015658107,ASTL,Algoma Steel Group Inc,116088,-7633,986K,-64.83K,-6.2%,<.01%
370334104,GIS,General Mills Inc,6763,-1026,473K,-71.76K,-13.2%,<.01%
86722A103,SXC,SunCoke Energy Inc,93479,-6541,1.05M,-73.75K,-6.5%,<.01%
166764100,CVX,Chevron Corp,173620,-474,27.39M,-74.77K,-0.3%,0.04%
670657105,NEA,Nuveen AMT-Free Quality Municipal Incom,1725391,-6756,19.1M,-74.79K,-0.4%,0.03%
494368103,KMB,Kimberly-Clark Corp,4298,-582,556K,-75.29K,-11.9%,<.01%
78410G104,SBAC,SBA Communications Corp,20927,-350,4.54M,-75.85K,-1.6%,<.01%
636180101,NFG,National Fuel Gas Co,0,-1509,0,-76K,CLOSE,0%
91359E105,UHT,Universal Health Realty Income Trust,0,-1803,0,-78K,CLOSE,0%
29452E101,EQH,Equitable Holdings Inc,0,-2401,0,-80K,CLOSE,0%
20440T300,LND,Cia Brasileira de Distribuicao,0,-101665,0,-81K,CLOSE,0%
92189F445,IHY,VanEck International High Yield Bond ET,0,-4041,0,-84K,CLOSE,0%
171484108,CHDN,Churchill Downs Inc,12185,-683,1.51M,-84.53K,-5.3%,<.01%
902681105,UGI,UGI Corp,0,-3493,0,-86K,CLOSE,0%
393222104,GPRE,Green Plains Inc,55314,-3878,1.28M,-89.67K,-6.6%,<.01%
783754104,RYZ,Ryerson Holding Corp,37959,-2848,1.27M,-95.44K,-7%,<.01%
737630103,PCH,PotlatchDeltic Corp,0,-1969,0,-97K,CLOSE,0%
103304101,BYD,Boyd Gaming Corp,14605,-1446,983K,-97.32K,-9%,<.01%
92189H102,DURA,VanEck Durable High Dividend ETF,151046,-3109,4.88M,-100.43K,-2%,<.01%
V5633W109,MMYT,MakeMyTrip Ltd,13372,-1416,950K,-100.6K,-9.6%,<.01%
034164103,ANDE,Andersons Inc/The,0,-1779,0,-102K,CLOSE,0%
20441A102,SBS,Cia de Saneamento Basico do Estado de S,0,-6840,0,-104K,CLOSE,0%
576485205,MTDR,Matador Resources Co,0,-1828,0,-104K,CLOSE,0%
626717102,MUR,Murphy Oil Corp,0,-2444,0,-104K,CLOSE,0%
125141101,CECO,Ceco Environmental Corp,68703,-4539,1.58M,-104.52K,-6.2%,<.01%
674215207,CHRD,Oasis Petroleum Inc,0,-663,0,-110K,CLOSE,0%
845467109,SWN,Southwestern Energy Co,0,-17290,0,-113K,CLOSE,0%
984245100,YPF,YPF SA,0,-6548,0,-113K,CLOSE,0%
371927104,GEL,Genesis Energy LP,17704,-10259,197K,-114.16K,-36.7%,<.01%
64110Y108,NLOP,NET Lease Office Properties,363,-4630,9K,-114.79K,-92.7%,<.01%
626755102,MUSA,Murphy USA Inc,0,-326,0,-116K,CLOSE,0%
80874P109,LNWO,Light & Wonder Inc,14138,-1141,1.44M,-116.46K,-7.5%,<.01%
81617J301,WTTR,Select Energy Services Inc,2468653,-12657,22.79M,-116.83K,-0.5%,0.03%
46591M109,JOYY,YY Inc,0,-2936,0,-117K,CLOSE,0%
30161N101,EXC,Exelon Corp,236044,-3289,8.87M,-123.57K,-1.4%,0.01%
296006109,ERO,ERO Copper Corp,106588,-6472,2.06M,-124.84K,-5.7%,<.01%
754907103,RYN,RAYONIER INC,0,-3741,0,-125K,CLOSE,0%
10552T107,BRFS,BRF SA,0,-46013,0,-128K,CLOSE,0%
609207105,MDLZ,Mondelez International Inc,135576,-1854,9.49M,-129.78K,-1.3%,0.01%
48251W104,KKR,KKR & Co Inc,13766,-1311,1.39M,-131.9K,-8.7%,<.01%
128030202,CALM,Cal-Maine Foods Inc,4865,-2276,286K,-133.8K,-31.9%,<.01%
G7S00T104,PNR,Pentair PLC,990,-1650,85K,-141.67K,-62.5%,<.01%
810186106,SMG,Scotts Miracle-Gro Co/The,0,-2344,0,-149K,CLOSE,0%
92932M101,,WNS Holdings Ltd,0,-2411,0,-152K,CLOSE,0%
502431109,LHX,L3Harris Technologies Inc,1272,-718,271K,-152.97K,-36.1%,<.01%
74971D101,,RPT Realty,0,-11917,0,-153K,CLOSE,0%
453038408,IMO,Imperial Oil Ltd,0,-2788,0,-159K,CLOSE,0%
G491BT108,IVZ,Invesco Ltd,0,-8967,0,-160K,CLOSE,0%
921078101,OUNZ,VanEck Merk Gold Shares,907502,-7461,19.49M,-160.26K,-0.8%,0.03%
443628102,HBM,HudBay Minerals Inc,283986,-23117,1.99M,-161.83K,-7.5%,<.01%
29355A107,ENPH,Enphase Energy Inc,64890,-1352,7.85M,-163.56K,-2%,0.01%
67071L106,NVG,Nuveen AMT-Free Municipal Credit Income,1577909,-13651,19.17M,-165.86K,-0.9%,0.03%
136635109,CSIQ,Canadian Solar Inc,56326,-8755,1.11M,-173K,-13.5%,<.01%
88033G407,THC,Tenet Healthcare Corp,7755,-1707,815K,-179.39K,-18%,<.01%
03743Q108,APA,APA Corp,0,-5093,0,-183K,CLOSE,0%
374689107,ROCK,Gibraltar Industries Inc,33969,-2377,2.74M,-191.45K,-6.5%,<.01%
66979W842,NMG,Nouveau Monde Graphite Inc,318921,-85242,730K,-195.12K,-21.1%,<.01%
020764106,AMR,Alpha Metallurgical Resources Inc,8427,-610,2.79M,-202.03K,-6.8%,<.01%
235851102,DHR,Danaher Corp,12937,-830,3.23M,-207.29K,-6%,<.01%
69047Q102,OVV,Ovintiv Inc,2923,-4016,152K,-208.84K,-57.9%,<.01%
115637209,BF.B,Brown-Forman Corp,146610,-4046,7.57M,-208.85K,-2.7%,0.01%
252131107,DXCM,DexCom Inc,16442,-1517,2.28M,-210.45K,-8.4%,<.01%
27829L105,EOT,Eaton Vance National Municipal Opportun,98791,-13228,1.64M,-219.46K,-11.8%,<.01%
670695105,NUW,Nuveen AMT-Free Municipal Value Fund,115446,-16407,1.56M,-221.56K,-12.4%,<.01%
09250B103,BTA,Blackrock Long-Term Municipal Advantage,61840,-22475,618K,-224.6K,-26.7%,<.01%
205887102,CAG,Conagra Brands Inc,16058,-8060,476K,-238.92K,-33.4%,<.01%
057665200,BCPC,Balchem Corp,64344,-1553,9.97M,-240.63K,-2.4%,0.02%
09247D105,BKN,BlackRock Investment Quality Municipal,104088,-20232,1.29M,-251.13K,-16.3%,<.01%
82489W107,SHLS,Shoals Technologies Group Inc,139863,-22778,1.56M,-254.71K,-14%,<.01%
67058H102,,NuStar Energy LP,15684,-10957,365K,-254.99K,-41.1%,<.01%
18539C204,CWEN,Clearway Energy Inc,67761,-11089,1.56M,-255.62K,-14.1%,<.01%
863667101,SYK,Stryker Corp,12614,-727,4.51M,-260.16K,-5.4%,<.01%
72201A103,XPMQX,PIMCO Municipal Income Fund III,203768,-35187,1.52M,-262.82K,-14.7%,<.01%
695156109,PKG,Packaging Corp of America,12979,-1393,2.46M,-264.35K,-9.7%,<.01%
96145D105,,Westrock Co,0,-6440,0,-267K,CLOSE,0%
746823103,PMM,Putnam Managed Municipal Income Trust,290742,-44652,1.74M,-267.54K,-13.3%,<.01%
237266101,DAR,Darling Ingredients Inc,438318,-5777,20.39M,-268.69K,-1.3%,0.03%
56585A102,MPC,Marathon Petroleum Corp,21210,-1336,4.27M,-269.22K,-5.9%,<.01%
H1467J104,CB,Chubb Ltd,11984,-1044,3.1M,-270.5K,-8%,<.01%
09073M104,TECH,Bio-Techne Corp,138836,-4065,9.77M,-286.15K,-2.8%,0.01%
90353T100,UBER,Uber Technologies Inc,7905,-3902,609K,-300.61K,-33%,<.01%
98419M100,XYL,Xylem Inc/NY,7085,-2337,915K,-301.81K,-24.8%,<.01%
371901109,GNTX,Gentex Corp,153667,-8437,5.55M,-304.72K,-5.2%,<.01%
50202M102,LI,Li Auto Inc,202585,-10089,6.13M,-305.48K,-4.7%,<.01%
72200R107,PMF,PIMCO Municipal Income Fund,117320,-33073,1.09M,-308.69K,-22%,<.01%
127097103,CTRA,Coterra Energy Inc,0,-12313,0,-314K,CLOSE,0%
706327103,PBA,Pembina Pipeline Corp,169793,-8897,6M,-314.29K,-5%,<.01%
60937P106,MDB,MongoDB Inc,0,-781,0,-319K,CLOSE,0%
759916109,RGEN,Repligen Corp,44781,-1755,8.24M,-322.77K,-3.8%,0.01%
773903109,ROK,Rockwell Automation Inc,62606,-1118,18.24M,-325.71K,-1.8%,0.03%
26142V105,DKNG,DraftKings Inc,98689,-7207,4.48M,-327.24K,-6.8%,<.01%
233331107,DTE,DTE Energy Co,0,-2987,0,-329K,CLOSE,0%
746922103,PMO,Putnam Municipal Opportunities Trust,203372,-32911,2.07M,-334.33K,-13.9%,<.01%
460146103,IP,International Paper Co,8297,-8722,324K,-340.6K,-51.2%,<.01%
337738108,FISV,Fiserv Inc,21863,-2154,3.49M,-344.24K,-9%,<.01%
00827B106,AFRM,Affirm Holdings Inc,16357,-9410,609K,-350.35K,-36.5%,<.01%
146869102,CVNA,Carvana Co,12117,-3997,1.06M,-351.31K,-24.8%,<.01%
27829U105,ETX,Eaton Vance Municipal Income 2028 Term,56531,-19925,1.01M,-355.63K,-26.1%,<.01%
09857L108,BKNG,Booking Holdings Inc,918,-100,3.33M,-362.75K,-9.8%,<.01%
05577W200,DOO,BRP Inc,8513,-5435,572K,-365.19K,-39%,<.01%
15118V207,CELH,Celsius Holdings Inc,6778,-4479,562K,-371.38K,-39.8%,<.01%
46132X101,OIA,Invesco Municipal Income Opportunities,203649,-58064,1.33M,-379.21K,-22.2%,<.01%
101137107,BSX,BOSTON SCIENTIFIC CORP,46471,-5934,3.18M,-406.45K,-11.3%,<.01%
89417E109,TRV,Travelers Cos Inc/The,0,-2141,0,-408K,CLOSE,0%
279158109,EC,Ecopetrol SA,0,-34302,0,-409K,CLOSE,0%
16679L109,CHWY,Chewy Inc,0,-17572,0,-415K,CLOSE,0%
20440W105,SID,Cia Siderurgica Nacional SA,1570768,-132612,4.92M,-415.12K,-7.8%,<.01%
013872106,AA,Alcoa Corp,127218,-12784,4.3M,-432K,-9.1%,<.01%
500688106,KOS,Kosmos Energy Ltd,2853381,-73485,17.01M,-437.97K,-2.5%,0.03%
33830Q109,FEAM,5E Advanced Materials Inc,0,-314920,0,-444K,CLOSE,0%
71943U104,,Physicians Realty Trust,0,-33361,0,-444K,CLOSE,0%
443201108,HWM,Howmet Aerospace Inc,0,-8265,0,-447K,CLOSE,0%
68902V107,OTIS,Otis Worldwide Corp,68257,-4602,6.78M,-456.85K,-6.3%,0.01%
665859104,NTRS,Northern Trust Corp,72909,-5171,6.48M,-459.87K,-6.6%,<.01%
026874784,AIG,American International Group Inc,8790,-6010,687K,-469.72K,-40.6%,<.01%
44955L106,IAUX,i-80 Gold Corp,10539762,-362143,14.12M,-485.26K,-3.3%,0.02%
02043Q107,ALNY,Alnylam Pharmaceuticals Inc,57923,-3310,8.66M,-494.65K,-5.4%,0.01%
62914V106,NIO,NIO Inc,425984,-110790,1.92M,-498.57K,-20.6%,<.01%
83056P715,SKE,Skeena Resources Ltd,4406842,-110083,20.28M,-506.52K,-2.4%,0.03%
55336V100,MPLX,MPLX LP,43673,-12372,1.81M,-514.17K,-22.1%,<.01%
500754106,KHC,Kraft Heinz Co/The,36933,-13964,1.36M,-515.34K,-27.4%,<.01%
159864107,CRL,Charles River Laboratories Internationa,55637,-2042,15.07M,-553.29K,-3.5%,0.02%
92343E102,VRSN,VERISIGN INC,27792,-2950,5.27M,-559.07K,-9.6%,<.01%
29336T100,ENLC,EnLink Midstream LLC,36513,-42123,498K,-574.51K,-53.6%,<.01%
001084102,AGCO,AGCO Corp,164737,-4675,20.27M,-575.12K,-2.8%,0.03%
72651A207,PAGP,Plains GP Holdings LP,28099,-32214,513K,-588.13K,-53.4%,<.01%
565788106,MARA,Marathon Digital Holdings Inc,633683,-26100,14.31M,-589.31K,-4%,0.02%
42809H107,HES,Hess Corp,66099,-3913,10.09M,-597.26K,-5.6%,0.02%
743315103,PGR,Progressive Corp/The,15694,-2951,3.25M,-610.36K,-15.8%,<.01%
72200W106,PML,PIMCO Municipal Income Fund II,354001,-73108,3.01M,-621.42K,-17.1%,<.01%
49456B101,KMI,Kinder Morgan Inc,564464,-34193,10.35M,-627.08K,-5.7%,0.02%
988498101,YUM,Yum! Brands Inc,91859,-4577,12.74M,-634.59K,-4.7%,0.02%
72919P202,PLUG,Plug Power Inc,2499235,-185121,8.6M,-636.79K,-6.9%,0.01%
892672106,TW,Tradeweb Markets Inc,86269,-6118,8.99M,-637.27K,-6.6%,0.01%
86771W105,RUN,Sunrun Inc,214141,-48997,2.82M,-645.69K,-18.6%,<.01%
68389X105,ORCL,Oracle Corp,29757,-5183,3.74M,-651.08K,-14.8%,<.01%
373737105,GGB,Gerdau SA,1144093,-148282,5.06M,-655.42K,-11.5%,<.01%
189054109,CLX,Clorox Co/The,80483,-4286,12.32M,-656.19K,-5.1%,0.02%
703395103,PDCO,Patterson Cos Inc,63954,-23821,1.77M,-658.53K,-27.1%,<.01%
03938L203,MT,ArcelorMittal SA,221426,-24575,6.11M,-677.79K,-10%,<.01%
29270J100,ERII,Energy Recovery Inc,99334,-43221,1.57M,-682.25K,-30.3%,<.01%
67062F100,NXP,Nuveen Select Tax-Free Income Portfolio,210133,-47847,3.03M,-690.84K,-18.5%,<.01%
444859102,HUM,HUMANA INC,0,-1512,0,-692K,CLOSE,0%
40412C101,HCA,HCA Healthcare Inc,0,-2585,0,-700K,CLOSE,0%
40171V100,GWRE,Guidewire Software Inc,85549,-6067,9.98M,-708.05K,-6.6%,0.02%
842587107,SO,Southern Co/The,273212,-9994,19.6M,-716.96K,-3.5%,0.03%
11284V105,BEPC.TO,Brookfield Renewable Corp,138727,-29882,3.41M,-733.66K,-17.7%,<.01%
46434G848,PICK,iShares MSCI Global Metals & Mining Pro,42692,-17600,1.78M,-733.81K,-29.2%,<.01%
056752108,BIDU,Baidu Inc,46164,-6973,4.86M,-734.1K,-13.1%,<.01%
009158106,APD,Air Products and Chemicals Inc,24723,-3162,5.99M,-766.1K,-11.3%,<.01%
553368101,MP,MP Materials Corp,3068533,-53691,43.88M,-767.78K,-1.7%,0.07%
136385101,CNQ,Canadian Natural Resources Ltd,51189,-10141,3.91M,-773.81K,-16.5%,<.01%
09254E103,MYI,BlackRock MuniYield Quality Fund III In,417490,-67789,4.78M,-776.79K,-14%,<.01%
726503105,PAA,Plains All American Pipeline LP,82556,-44395,1.45M,-779.75K,-35%,<.01%
194162103,CL,Colgate-Palmolive Co,38547,-8693,3.47M,-782.77K,-18.4%,<.01%
04271T100,ARRY,Array Technologies Inc,1325991,-52675,19.77M,-785.36K,-3.8%,0.03%
67098H104,OI,O-I Glass Inc,131044,-47910,2.17M,-794.82K,-26.8%,<.01%
29250N105,ENB,Enbridge Inc,525201,-22002,19.02M,-796.96K,-4%,0.03%
293792107,EPD,Enterprise Products Partners LP,63327,-28818,1.85M,-840.96K,-31.3%,<.01%
21036P108,STZ,Constellation Brands Inc,56107,-3104,15.25M,-843.51K,-5.2%,0.02%
59318D104,CXE,MFS High Income Municipal Trust,0,-238902,0,-848K,CLOSE,0%
G97822103,PRGO,Perrigo Co PLC,110761,-26771,3.56M,-861.66K,-19.5%,<.01%
099724106,BWA,BorgWarner Inc,58471,-24924,2.03M,-865.74K,-29.9%,<.01%
84860W300,UNITDSPR,Spirit Realty Capital Inc,0,-19909,0,-870K,CLOSE,0%
025816109,AXP,American Express Co,49274,-3837,11.22M,-873.63K,-7.2%,0.02%
35137L105,FOXA,Fox Corp,68908,-28199,2.15M,-881.88K,-29%,<.01%
674599105,OXY,Occidental Petroleum Corp,13497,-13743,877K,-892.98K,-50.5%,<.01%
87807B107,TRP,TC Energy Corp,268357,-22243,10.79M,-894.34K,-7.7%,0.02%
892356106,TSCO,Tractor Supply Co,30656,-3431,8.02M,-898.04K,-10.1%,0.01%
29977A105,EVR,Evercore Inc,25933,-4793,4.99M,-923K,-15.6%,<.01%
686688102,ORA,Ormat Technologies Inc,422885,-14089,27.99M,-932.56K,-3.2%,0.04%
09173B107,KEEL,Bitfarms Ltd/Canada,3758897,-420978,8.38M,-938.74K,-10.1%,0.01%
12572Q105,CME,CME Group Inc,79947,-4398,17.21M,-946.86K,-5.2%,0.03%
87612G101,TRGP,Targa Resources Corp,60074,-8540,6.73M,-956.44K,-12.4%,0.01%
165167735,EXE,Chesapeake Energy Corp,338690,-10844,30.09M,-963.28K,-3.1%,0.05%
09254F100,MQY,BlackRock MuniYield Quality Fund Inc,437708,-78857,5.36M,-966.01K,-15.3%,<.01%
26884L109,EQT,EQT Corp,935030,-26170,34.66M,-970.11K,-2.7%,0.05%
67079X102,NDMO,Nuveen Dynamic Municipal Opportunities,301546,-90358,3.28M,-984.05K,-23.1%,<.01%
71654V408,PBR,Petroleo Brasileiro SA,0,-62003,0,-990K,CLOSE,0%
53681K100,,Lithium Americas Argentina Corp,2310356,-183930,12.45M,-991.32K,-7.4%,0.02%
497266106,KEX,KIRBY CORP,391030,-10410,37.27M,-992.28K,-2.6%,0.06%
92189F700,MOO,VanEck Agribusiness ETF,32354,-13250,2.43M,-995.57K,-29.1%,<.01%
071734107,BHC,Bausch Health Cos Inc,291092,-94392,3.09M,-1M,-24.5%,<.01%
958669103,WES,Western Midstream Partners LP,29010,-29005,1.03M,-1.03M,-50%,<.01%
92189H862,MIG,VanEck Moody's Analytics IG Corporate B,175580,-49060,3.73M,-1.04M,-21.8%,<.01%
82509L107,SHOP,Shopify Inc,52323,-13628,4.04M,-1.05M,-20.7%,<.01%
912909108,X,United States Steel Corp,131259,-25807,5.35M,-1.05M,-16.4%,<.01%
655844108,NSC,Norfolk Southern Corp,30385,-4205,7.74M,-1.07M,-12.2%,0.01%
92189F205,SLX,VanEck Steel ETF,36460,-15050,2.65M,-1.09M,-29.2%,<.01%
09254J102,MUA,BlackRock MuniAssets Fund Inc,173465,-99052,1.92M,-1.1M,-36.3%,<.01%
37954Y673,PAVE,Global X US Infrastructure Development,67571,-27850,2.69M,-1.11M,-29.2%,<.01%
74347M108,PUMP,ProPetro Holding Corp,1279912,-137559,10.34M,-1.11M,-9.7%,0.02%
04041L106,WES,Aris Water Solution Inc,107702,-79772,1.52M,-1.13M,-42.6%,<.01%
260003108,DOV,Dover Corp,32851,-6375,5.82M,-1.13M,-16.3%,<.01%
16411R208,LNG,Cheniere Energy Inc,105724,-7039,17.05M,-1.14M,-6.2%,0.03%
82835P103,SVM,Silvercorp Metals Inc,8749353,-356907,28.52M,-1.16M,-3.9%,0.04%
G7500M104,RNW,ReNew Energy Global PLC,1011765,-194816,6.07M,-1.17M,-16.1%,<.01%
74623V103,PCT,PureCycle Technologies Inc,0,-297842,0,-1.21M,CLOSE,0%
760759100,RSG,Republic Services Inc,43027,-6360,8.24M,-1.22M,-12.9%,0.01%
880890108,TX,Ternium SA,119855,-30150,4.99M,-1.25M,-20.1%,<.01%
670682103,NMZ,Nuveen Municipal High Income Opportunit,674361,-121323,7.12M,-1.28M,-15.2%,0.01%
262037104,DRQ,Dril-Quip Inc,507683,-57387,11.44M,-1.29M,-10.2%,0.02%
144285103,CRS,Carpenter Technology Corp,72069,-18135,5.15M,-1.3M,-20.1%,<.01%
G6095L109,,Aptiv PLC,0,-14556,0,-1.31M,CLOSE,0%
461202103,INTU,Intuit Inc,25621,-2023,16.65M,-1.31M,-7.3%,0.03%
95082P105,WCC,WESCO International Inc,11615,-7682,1.99M,-1.32M,-39.8%,<.01%
29273V100,ET,Energy Transfer LP,117039,-83842,1.84M,-1.32M,-41.7%,<.01%
23918K108,DVA,DaVita Inc,7044,-9576,972K,-1.32M,-57.6%,<.01%
302491303,FMC,FMC Corp,255998,-20784,16.31M,-1.32M,-7.5%,0.02%
857477103,STT,State Street Corp,90722,-17134,7.01M,-1.32M,-15.9%,0.01%
002824100,ABT,Abbott Laboratories,29662,-11841,3.37M,-1.35M,-28.5%,<.01%
784117103,SEIC,SEI Investments Co,47359,-19162,3.4M,-1.38M,-28.8%,<.01%
891092108,TTC,Toro Co/The,221283,-15038,20.28M,-1.38M,-6.4%,0.03%
92189H607,OIH,VanEck Oil Services ETF,25744,-4100,8.66M,-1.38M,-13.7%,0.01%
68622V106,OGN,Organon & Co,171910,-73681,3.23M,-1.39M,-30%,<.01%
G2519Y108,BAP,Credicorp Ltd,88075,-8324,14.92M,-1.41M,-8.6%,0.02%
G0084W101,ADNT,Adient plc,0,-38851,0,-1.41M,CLOSE,0%
94106B101,WCN,Waste Connections Inc,45959,-8278,7.91M,-1.42M,-15.3%,0.01%
770700102,HOOD,Robinhood Markets Inc,78345,-72124,1.58M,-1.45M,-47.9%,<.01%
759509102,RS,Reliance Steel & Aluminum Co,26654,-4350,8.91M,-1.45M,-14%,0.01%
92534K107,VRTX,Vertex Energy Inc,0,-430699,0,-1.46M,CLOSE,0%
922908553,VNQ,Vanguard Real Estate ETF,42590,-17029,3.68M,-1.47M,-28.6%,<.01%
770323103,RHI,Robert Half Inc,18976,-18603,1.5M,-1.47M,-49.5%,<.01%
833635105,SQM,Sociedad Quimica y Minera de Chile SA,635322,-30333,31.23M,-1.49M,-4.6%,0.05%
35969L108,YMM,Full Truck Alliance Co Ltd,1340656,-205480,9.75M,-1.49M,-13.3%,0.01%
72147K108,PPC,Pilgrim's Pride Corp,1254644,-44669,43.06M,-1.53M,-3.4%,0.07%
127203107,WHD,Cactus Inc,1509126,-30656,75.59M,-1.54M,-2%,0.11%
201723103,CMC,Commercial Metals Co,139141,-27282,8.18M,-1.6M,-16.4%,0.01%
92189F106,GDX,VanEck Gold Miners ETF/USA,34473,-50767,1.09M,-1.61M,-59.6%,<.01%
91688R108,URG,Ur-Energy Inc,0,-1044167,0,-1.61M,CLOSE,0%
934550203,WMG,Warner Music Group Corp,0,-46684,0,-1.67M,CLOSE,0%
615111101,ONT,Montrose Environmental Group Inc,39222,-42842,1.54M,-1.68M,-52.2%,<.01%
928881101,VNT,Vontier Corp,0,-49689,0,-1.72M,CLOSE,0%
G65431127,NE,Noble Corp PLC,2109338,-35417,102.28M,-1.72M,-1.7%,0.15%
81762P102,NOW,ServiceNow Inc,14853,-2255,11.32M,-1.72M,-13.2%,0.02%
41068X100,HASI,Hannon Armstrong Sustainable Infrastruc,1822124,-61413,51.75M,-1.74M,-3.3%,0.08%
66981J102,MNSO,MINISO Group Holding Ltd,529665,-85808,10.86M,-1.76M,-13.9%,0.02%
15234Q207,AXIAY,Centrais Eletricas Brasileiras SA,236887,-211092,1.98M,-1.76M,-47.1%,<.01%
91913Y100,VLO,Valero Energy Corp,413339,-10400,70.55M,-1.78M,-2.5%,0.11%
78468R556,XOP,SPDR S&P Oil & Gas Exploration & Produc,28654,-11700,4.44M,-1.81M,-29%,<.01%
G54950103,LIN,Linde PLC,12964,-3926,6.02M,-1.82M,-23.2%,<.01%
731068102,PII,POLARIS INC,73244,-18244,7.33M,-1.83M,-19.9%,0.01%
751212101,RL,Ralph Lauren Corp,0,-13062,0,-1.88M,CLOSE,0%
H2906T109,GRMN,Garmin Ltd,24481,-13044,3.65M,-1.94M,-34.8%,<.01%
34964C106,FBIN,Fortune Brands Innovations Inc,3183,-23011,270K,-1.95M,-87.8%,<.01%
G6683N103,NU,NU Holdings Ltd/Cayman Islands,737301,-163629,8.8M,-1.95M,-18.2%,0.01%
185899101,CLF,Cleveland-Cliffs Inc,249584,-89795,5.67M,-2.04M,-26.5%,<.01%
92189H870,EINC,VanEck Energy Income ETF,66096,-26843,5.08M,-2.06M,-28.9%,<.01%
042315705,ARR,ARMOUR Residential REIT Inc,301506,-104866,5.96M,-2.07M,-25.8%,<.01%
81369Y506,XLE,Energy Select Sector SPDR Fund,54401,-22250,5.14M,-2.1M,-29%,<.01%
148806102,CTLT,Catalent Inc,91620,-37678,5.17M,-2.13M,-29.1%,<.01%
22822V101,CCI,Crown Castle Inc,95286,-20672,10.08M,-2.19M,-17.8%,0.02%
04040Y109,ARIS,Aris Mining Corp,6095086,-617414,21.88M,-2.22M,-9.2%,0.03%
368036109,GATO,Gatos Silver Inc,1763488,-264382,14.8M,-2.22M,-13%,0.02%
25278X109,FANG,Diamondback Energy Inc,209366,-11348,41.49M,-2.25M,-5.1%,0.06%
767204100,RIO,Rio Tinto PLC,679961,-35868,43.34M,-2.29M,-5%,0.07%
64110L106,NFLX,Netflix Inc,6885,-3776,4.18M,-2.29M,-35.4%,<.01%
01741R102,ATI,ATI Inc,96403,-46647,4.93M,-2.39M,-32.6%,<.01%
412822108,HOG,Harley-Davidson Inc,184130,-56060,8.05M,-2.45M,-23.3%,0.01%
84265V105,SCCO,Southern Copper Corp,228592,-23438,24.35M,-2.5M,-9.3%,0.04%
42330P107,HLX,Helix Energy Solutions Group Inc,2672732,-233877,28.97M,-2.54M,-8%,0.04%
51655R101,LNZA,LanzaTech Global Inc,0,-510257,0,-2.57M,CLOSE,0%
G6359F137,NBR,Nabors Industries Ltd,184555,-29860,15.89M,-2.57M,-13.9%,0.02%
68634K106,ORLA,Orla Mining Ltd,8363684,-690157,31.7M,-2.62M,-7.6%,0.05%
28176E108,EW,Edwards Lifesciences Corp,142082,-28012,13.58M,-2.68M,-16.5%,0.02%
345370860,F,Ford Motor Co,135859,-213635,1.8M,-2.84M,-61.1%,<.01%
03062D100,USAS,Americas Gold & Silver Corp,0,-11179533,0,-2.84M,CLOSE,0%
89832Q109,TFC,Truist Financial Corp,23621,-73414,921K,-2.86M,-75.7%,<.01%
670928100,NUV,Nuveen Municipal Value Fund Inc,1133417,-336250,9.87M,-2.93M,-22.9%,0.01%
21037T109,CEG,Constellation Energy Corp,64430,-15871,11.91M,-2.93M,-19.8%,0.02%
18452B209,CLSK,Cleanspark Inc,798269,-139638,16.93M,-2.96M,-14.9%,0.03%
G50871105,JAZZ,Jazz Pharmaceuticals PLC,51693,-26315,6.22M,-3.17M,-33.7%,<.01%
83417M104,SEDG,SolarEdge Technologies Inc,92486,-47452,6.56M,-3.37M,-33.9%,<.01%
92556V106,VTRS,Viatris Inc,967175,-282195,11.55M,-3.37M,-22.6%,0.02%
67092P706,NURE,Nuveen Short-Term REIT ETF,0,-110995,0,-3.43M,CLOSE,0%
28414H103,ELAN,Elanco Animal Health Inc,1159811,-211228,18.88M,-3.44M,-15.4%,0.03%
125269100,CF,CF Industries Holdings Inc,828036,-47237,68.9M,-3.93M,-5.4%,0.1%
012653101,ALB,Albemarle Corp,302211,-29889,39.81M,-3.94M,-9%,0.06%
464288372,IGF,iShares Global Infrastructure ETF,202750,-82850,9.65M,-3.95M,-29%,0.01%
72016P105,PLL,Piedmont Lithium Inc,242866,-296199,3.23M,-3.95M,-54.9%,<.01%
60770K107,MRNA,Moderna Inc,233246,-37528,24.86M,-4M,-13.9%,0.04%
46625H100,JPM,JPMorgan Chase & Co,0,-24168,0,-4.11M,CLOSE,0%
92189F775,AFK,VanEck Egypt Index ETF,0,-175000,0,-4.24M,CLOSE,0%
N20944109,CNH,CNH Industrial NV,2332515,-336317,30.23M,-4.36M,-12.6%,0.05%
35671D857,FCX,Freeport-McMoRan Inc,2526655,-95049,118.8M,-4.47M,-3.6%,0.18%
46266C105,IQV,IQVIA Holdings Inc,99179,-18244,25.08M,-4.61M,-15.5%,0.04%
G4705A100,ICLR,ICON PLC,59361,-14342,19.94M,-4.82M,-19.5%,0.03%
482497104,BEKE,KE Holdings Inc,738858,-358821,10.14M,-4.93M,-32.7%,0.02%
244199105,DE,Deere & Co,197959,-12406,81.31M,-5.1M,-5.9%,0.12%
30069T101,EE,Excelerate Energy Inc,169795,-318515,2.72M,-5.1M,-65.2%,<.01%
023135106,AMZN,Amazon.com Inc,1352826,-29594,244.02M,-5.34M,-2.1%,0.37%
85859N102,,Stem Inc,0,-1413576,0,-5.49M,CLOSE,0%
881624209,TEVA,Teva Pharmaceutical Industries Ltd,1546984,-395458,21.83M,-5.58M,-20.4%,0.03%
92556H305,,Paramount Global,0,-317083,0,-5.93M,CLOSE,0%
969904101,WSM,Williams-Sonoma Inc,0,-29527,0,-5.96M,CLOSE,0%
92189H771,PIT,VanEck Commodity Strategy ETF,342513,-141014,16.86M,-6.94M,-29.2%,0.03%
98850P109,YUMC,Yum China Holdings Inc,49397,-176684,1.95M,-6.96M,-78.2%,<.01%
67077M108,NTR,Nutrien Ltd,1494498,-131342,81.17M,-7.13M,-8.1%,0.12%
05722G100,BKR,Baker Hughes Co,6720707,-214545,225.14M,-7.19M,-3.1%,0.34%
46431W614,,iShares Gold Strategy ETF,20683,-124923,1.21M,-7.29M,-85.8%,<.01%
H11356104,BG,Bunge Global SA,517294,-72037,53.03M,-7.39M,-12.2%,0.08%
61945C103,MOS,Mosaic Co/The,1173490,-230015,38.09M,-7.47M,-16.4%,0.06%
62955J103,NOV,NOV Inc,5292461,-395095,103.31M,-7.71M,-6.9%,0.16%
594972408,MSTR,MicroStrategy Inc,18403,-4525,31.37M,-7.71M,-19.7%,0.05%
703481101,PTEN,Patterson-UTI Energy Inc,7849826,-655725,93.73M,-7.83M,-7.7%,0.14%
75886F107,REGN,Regeneron Pharmaceuticals Inc,55339,-8998,53.26M,-8.66M,-14%,0.08%
92532F100,VRTX,Vertex Pharmaceuticals Inc,151898,-22329,63.49M,-9.33M,-12.8%,0.1%
53115L104,LBRT,Liberty Energy Inc,2430974,-455373,50.37M,-9.44M,-15.8%,0.08%
64782A107,NEWP,New Pacific Metals Corp,0,-5016920,0,-9.51M,CLOSE,0%
20825C104,COP,ConocoPhillips,519820,-75695,66.16M,-9.63M,-12.7%,0.1%
86745K104,NOVAQ,Sunnova Energy International Inc,1078,-1562242,7K,-10.14M,-99.9%,<.01%
294429105,EFX,Equifax Inc,1531901,-40945,409.81M,-10.95M,-2.6%,0.62%
40415F101,HDB,HDFC Bank Ltd,188913,-196322,10.57M,-10.99M,-51%,0.02%
565849106,MRO,Marathon Oil Corp,449560,-399395,12.74M,-11.32M,-47%,0.02%
423452101,HP,Helmerich & Payne Inc,1595457,-291660,67.11M,-12.27M,-15.5%,0.1%
G48833118,WFRD,Weatherford International PLC,964429,-108875,111.31M,-12.57M,-10.1%,0.17%
03831W108,APP,AppLovin Corp,615899,-199887,42.63M,-13.84M,-24.5%,0.06%
81141R100,SE,Sea Ltd,651307,-281868,34.98M,-15.14M,-30.2%,0.05%
88031M109,TS,Tenaris SA,2870114,-403455,112.71M,-15.84M,-12.3%,0.17%
031162100,AMGN,Amgen Inc,267784,-56033,76.14M,-15.93M,-17.3%,0.12%
007903107,AMD,Advanced Micro Devices Inc,5666454,-89833,1.02B,-16.21M,-1.6%,1.5%
G9460G101,VAL,Valaris Ltd,1389704,-230367,104.59M,-17.34M,-14.2%,0.16%
15872M104,CHX,ChampionX Corp,2924002,-505570,104.94M,-18.15M,-14.7%,0.16%
29446M102,EQNR,Equinor ASA,338505,-693755,9.15M,-18.75M,-67.2%,0.01%
58733R102,MELI,MercadoLibre Inc,24285,-12735,36.72M,-19.25M,-34.4%,0.06%
19260Q107,COIN,Coinbase Global Inc,82656,-74665,21.91M,-19.8M,-47.5%,0.03%
00130H204,,AES Corp/The,0,-328121,0,-24.96M,CLOSE,0%
53814L108,NUGN,Livent Corp,0,-1461469,0,-26.28M,CLOSE,0%
806857108,SLB,Schlumberger NV,8483341,-559948,464.97M,-30.69M,-6.2%,0.7%
962879102,WPM,Wheaton Precious Metals Corp,19787558,-733507,932.58M,-34.57M,-3.6%,1.4%
351858105,FNV,Franco-Nevada Corp,8475170,-302957,1.01B,-36.1M,-3.5%,1.5%
406216101,HAL,Halliburton Co,6173192,-940211,243.35M,-37.06M,-13.2%,0.37%
G87110105,FTI,TechnipFMC PLC,5119330,-1692338,128.55M,-42.49M,-24.8%,0.19%
008474108,AEM,Agnico Eagle Mines Ltd,22261404,-797606,1.33B,-47.58M,-3.5%,2%
91912E105,VALE,Vale SA,2588391,-4583998,31.55M,-55.88M,-63.9%,0.05%
067901108,B,Barrick Gold Corp,77502272,-3431245,1.29B,-57.1M,-4.2%,1.9%
651639106,NEM,Newmont Corp,49628982,-1661487,1.78B,-59.55M,-3.2%,2.7%
11777Q209,BTG,B2Gold Corp,140332908,-25561495,366.29M,-66.72M,-15.4%,0.55%
487836108,K,Kellanova,90223,-2637941,5.17M,-151.13M,-96.7%,<.01%
88579Y101,MMM,3M Co,115651,-1547813,12.27M,-164.18M,-93%,0.02%
49338L103,KEYS,Keysight Technologies Inc,1298949,-1084194,203.13M,-169.55M,-45.5%,0.31%
45866F104,ICE,Intercontinental Exchange Inc,1691844,-1266122,232.51M,-174M,-42.8%,0.35%
278865100,ECL,Ecolab Inc,1024879,-830251,236.65M,-191.71M,-44.8%,0.36%
09247X101,,BlackRock Inc,31858,-231093,26.56M,-192.66M,-87.9%,0.04%
949746101,WFC,Wells Fargo & Co,3937124,-3442293,228.19M,-199.51M,-46.6%,0.34%
254687106,DIS,Walt Disney Co/The,2147221,-1660840,262.73M,-203.22M,-43.6%,0.4%
574599106,MAS,MASCO CORP,2915527,-2659449,229.98M,-209.78M,-47.7%,0.35%
79466L302,CRM,Salesforce.com Inc,735527,-704190,221.53M,-212.09M,-48.9%,0.33%
67066G104,NVDA,NVIDIA Corp,4752839,-572911,4.29B,-517.66M,-10.8%,6.5%
Total,,,,,66.16B,5.92B,+10.8%,100%
