CUSIP,Ticker,Company,Shares,Delta_Shares,Value,Delta_Value,Delta,Portfolio%
G65431127,NE,Noble Corp PLC,2857801,2854469,112.8M,112.67M,+85668.3%,0.26%
487836108,K,Kellogg Co,2981036,1638764,199.61M,109.73M,+122.1%,0.45%
45866F104,ICE,Intercontinental Exchange Inc,2006238,1044790,209.23M,108.96M,+108.7%,0.48%
461202103,INTU,Intuit Inc,258267,237747,115.14M,105.99M,+1158.6%,0.26%
25754A201,DPZ,Domino's Pizza Inc,310487,310487,102.42M,102.42M,NEW,0.23%
776696106,ROP,Roper Technologies Inc,266051,232204,117.25M,102.33M,+686%,0.27%
21036P108,STZ,Constellation Brands Inc,507190,449672,114.57M,101.58M,+781.8%,0.26%
38059T106,GFI,Gold Fields Ltd,57730989,7500380,768.98M,99.91M,+14.9%,1.8%
717081103,PFE,Pfizer Inc,3844070,2326950,156.84M,94.94M,+153.4%,0.36%
874039100,TSM,Taiwan Semiconductor Manufacturing Co L,10876895,953346,1.01B,88.68M,+9.6%,2.3%
780287108,RGLD,Royal Gold Inc,4651775,659652,603.38M,85.56M,+16.5%,1.4%
035128206,,AngloGold Ashanti Ltd,27073882,3486910,654.92M,84.35M,+14.8%,1.5%
902973304,USB,US Bancorp,4371825,2330403,157.6M,84.01M,+114.2%,0.36%
806857108,SLB,Schlumberger NV,10867523,1293615,533.6M,63.52M,+13.5%,1.2%
697900108,PAAS,Pan American Silver Corp,24829558,2965528,451.9M,53.97M,+13.6%,1%
N07059210,ASML,ASML Holding NV,762556,77246,519.08M,52.58M,+11.3%,1.2%
458140100,INTC,Intel Corp,15327725,1608266,500.76M,52.54M,+11.7%,1.1%
68827L101,OR,Osisko Gold Royalties Ltd,21407682,3282065,338.67M,51.92M,+18.1%,0.77%
882508104,TXN,Texas Instruments Inc,2680006,275974,498.51M,51.33M,+11.5%,1.1%
747525103,QCOM,QUALCOMM Inc,3735798,367487,476.61M,46.88M,+10.9%,1.1%
89679M104,TFPM,Triple Flag Precious Metals Corp,3113381,3113381,46.77M,46.77M,NEW,0.11%
011532108,AGI,Alamos Gold Inc,48587562,3686948,594.22M,45.09M,+8.2%,1.4%
023135106,AMZN,Amazon.com Inc,2375197,394801,245.33M,40.78M,+19.9%,0.56%
459506101,IFF,International Flavors & Fragrances Inc,2059682,426939,189.41M,39.26M,+26.1%,0.43%
02079K305,GOOGL,Alphabet Inc,2676950,359204,277.68M,37.26M,+15.5%,0.63%
406216101,HAL,Halliburton Co,9984732,1165732,315.92M,36.88M,+13.2%,0.72%
G5960L103,MDT,Medtronic PLC,2660028,450953,214.45M,36.36M,+20.4%,0.49%
11777Q209,BTG,B2Gold Corp,120018144,9146020,472.88M,36.04M,+8.2%,1.1%
422704106,HL,Hecla Mining Co,60912197,5686975,385.57M,36M,+10.3%,0.88%
496902404,KGC,Kinross Gold Corp,146172105,7285051,688.47M,34.31M,+5.2%,1.6%
88579Y101,MMM,3M Co,1774092,298486,186.47M,31.37M,+20.2%,0.42%
254687106,DIS,Walt Disney Co/The,1998737,301123,200.13M,30.15M,+17.7%,0.46%
784730103,SSRM,SSR Mining Inc,23115902,1992473,349.51M,30.13M,+9.4%,0.8%
594918104,MSFT,Microsoft Corp,1259031,90715,362.98M,26.15M,+7.8%,0.83%
89400J107,TRU,TransUnion,3141884,417842,195.24M,25.96M,+15.3%,0.44%
32076V103,AG,First Majestic Silver Corp,29511019,3199855,212.77M,23.07M,+12.2%,0.48%
902252105,TYL,Tyler Technologies Inc,586994,64917,208.17M,23.02M,+12.4%,0.47%
04271T100,ARRY,Array Technologies Inc,1209306,1045548,26.46M,22.88M,+638.5%,0.06%
500688106,KOS,Kosmos Energy Ltd,3215947,3010447,23.93M,22.4M,+1464.9%,0.05%
98462Y100,,Yamana Gold Inc,103116205,3822235,603.22M,22.36M,+3.8%,1.4%
278865100,ECL,Ecolab Inc,1266437,133731,209.63M,22.14M,+11.8%,0.48%
949746101,WFC,Wells Fargo & Co,4511927,589540,168.66M,22.04M,+15%,0.38%
922475108,VEEV,Veeva Systems Inc,1115644,116660,205.04M,21.44M,+11.7%,0.47%
G87110105,FTI,TechnipFMC PLC,10919212,1564453,149.05M,21.35M,+16.7%,0.34%
780259305,SHEL,Shell PLC,789290,371040,45.42M,21.35M,+88.7%,0.1%
574599106,MAS,MASCO CORP,4081598,429357,202.94M,21.35M,+11.8%,0.46%
20030N101,CMCSA,Comcast Corp,5617340,545438,212.95M,20.68M,+10.8%,0.48%
204448104,BVN,Cia de Minas Buenaventura SAA,27436975,2337772,224.43M,19.12M,+9.3%,0.51%
98956P102,ZBH,Zimmer Biomet Holdings Inc,1590850,138623,205.54M,17.91M,+9.5%,0.47%
29786A106,ETSY,Etsy Inc,1577737,153861,175.65M,17.13M,+10.8%,0.4%
450913108,IAG,IAMGOLD Corp,51174133,6269790,138.68M,16.99M,+14%,0.32%
29446Y502,EQX,Equinox Gold Corp,32347265,3263817,166.59M,16.81M,+11.2%,0.38%
81762P102,NOW,ServiceNow Inc,460279,35008,213.9M,16.27M,+8.2%,0.49%
512807108,LRCX.MX,Lam Research Corp,1158167,29472,613.97M,15.62M,+2.6%,1.4%
192108504,CDE,Coeur Mining Inc,29788157,3901050,118.86M,15.57M,+15.1%,0.27%
731068102,PII,POLARIS INC,1828114,139194,202.24M,15.4M,+8.2%,0.46%
294429105,EFX,Equifax Inc,956251,72248,193.97M,14.65M,+8.2%,0.44%
291011104,EMR,Emerson Electric Co,2350601,165777,204.83M,14.45M,+7.6%,0.47%
80013R206,SAND,Sandstorm Gold Ltd,31380650,2478664,182.32M,14.4M,+8.6%,0.42%
828363101,SILV,SilverCrest Metals Inc,17065507,1850115,121.85M,13.21M,+12.2%,0.28%
803607100,SRPT,Sarepta Therapeutics Inc,92434,90800,12.74M,12.51M,+5556.9%,0.03%
152006102,CGAU,Centerra Gold Inc,17883219,1918307,115.51M,12.39M,+12%,0.26%
349915108,,Fortuna Silver Mines Inc,33098915,2974014,126.44M,11.36M,+9.9%,0.29%
30161N101,EXC,Exelon Corp,256628,256628,10.75M,10.75M,NEW,0.02%
92189H771,PIT,VanEck Commodity Strategy ETF,525245,221767,25.42M,10.73M,+73.1%,0.06%
09247X101,,BlackRock Inc,176254,15948,117.94M,10.67M,+9.9%,0.27%
04010L103,ARCC,Ares Capital Corp,6303081,571583,115.19M,10.45M,+10%,0.26%
88031M109,TS,Tenaris SA,4214351,362756,119.77M,10.31M,+9.4%,0.27%
892672106,TW,Tradeweb Markets Inc,1521789,124277,120.25M,9.82M,+8.9%,0.27%
G54950103,LIN,Linde PLC,27302,27302,9.7M,9.7M,NEW,0.02%
91912E105,VALE,Vale SA,6213528,609755,98.05M,9.62M,+10.9%,0.22%
857477103,STT,State Street Corp,1360243,124274,102.96M,9.41M,+10.1%,0.23%
13646K108,CP,Canadian Pacific Railway Ltd,115152,115152,8.87M,8.87M,NEW,0.02%
032654105,ADI,Analog Devices Inc,2065102,44468,407.28M,8.77M,+2.2%,0.93%
91332U101,U,Unity Software Inc,1243234,248274,40.33M,8.05M,+25%,0.09%
284902509,EGO,Eldorado Gold Corp,20631141,722413,213.74M,7.48M,+3.6%,0.49%
773903109,ROK,Rockwell Automation Inc,414507,25387,121.64M,7.45M,+6.5%,0.28%
35671D857,FCX,Freeport-McMoRan Inc,2063552,179194,84.42M,7.33M,+9.5%,0.19%
29258Y103,EXK,Endeavour Silver Corp,21668423,1879509,84.07M,7.29M,+9.5%,0.19%
084670702,BRK.B,Berkshire Hathaway Inc,301487,22798,93.09M,7.04M,+8.2%,0.21%
19247G206,,Coherent Corp,39122,39122,6.83M,6.82M,NEW,0.02%
64440N103,NFGC,New Found Gold Corp,4810033,1371234,23.77M,6.78M,+39.9%,0.05%
039483102,ADM,Archer-Daniels-Midland Co,952249,84209,75.86M,6.71M,+9.7%,0.17%
644535106,NGD,New Gold Inc,72242626,5959821,79.47M,6.56M,+9%,0.18%
896442308,TRIN,Trinity Capital Inc,505602,505602,6.44M,6.44M,NEW,0.01%
09062X103,BIIB,Biogen Inc,810378,22820,225.31M,6.34M,+2.9%,0.51%
437076102,HD,Home Depot Inc/The,291448,21074,86.01M,6.22M,+7.8%,0.2%
79466L302,CRM,Salesforce.com Inc,1241087,30055,247.94M,6M,+2.5%,0.56%
75886F107,REGN,Regeneron Pharmaceuticals Inc,58770,7267,48.29M,5.97M,+14.1%,0.11%
423452101,HP,Helmerich & Payne Inc,2510514,164125,89.75M,5.87M,+7%,0.2%
15872M104,CHX,ChampionX Corp,4851521,214590,131.62M,5.82M,+4.6%,0.3%
00724F101,ADBE,Adobe Inc,646108,14900,248.99M,5.74M,+2.4%,0.57%
482497104,BEKE,KE Holdings Inc,681815,289594,12.85M,5.46M,+73.8%,0.03%
82835P103,SVM,Silvercorp Metals Inc,9789481,1423408,37.4M,5.44M,+17%,0.09%
031162100,AMGN,Amgen Inc,291701,21269,70.52M,5.14M,+7.9%,0.16%
46625H100,JPM,JPMorgan Chase & Co,41764,37928,5.44M,4.94M,+988.7%,0.01%
69331C140,,PG&E Corp,286975,34120,40.84M,4.86M,+13.5%,0.09%
553368101,MP,MP Materials Corp,2200829,169726,62.04M,4.78M,+8.4%,0.14%
22160K105,COST,Costco Wholesale Corp,100062,9176,49.72M,4.56M,+10.1%,0.11%
037833100,AAPL,Apple Inc,727973,27432,120.04M,4.52M,+3.9%,0.27%
649604840,ADAM,New York Mortgage Trust Inc,453817,453817,4.52M,4.52M,NEW,0.01%
92189Y303,,Vaneck Bitcoin Strategy ETF,350141,150000,10.02M,4.29M,+74.9%,0.02%
65339F739,,NextEra Energy Inc,717438,86401,35.04M,4.22M,+13.7%,0.08%
060505104,BAC,Bank of America Corp,345962,141931,9.89M,4.06M,+69.6%,0.02%
92343V104,VZ,Verizon Communications Inc,679408,104183,26.42M,4.05M,+18.1%,0.06%
92189F775,AFK,VanEck Egypt Index ETF,225000,225000,4.04M,4.04M,NEW,<.01%
65339F713,NEEPRR,NextEra Energy Inc,717438,86401,33.25M,4M,+13.7%,0.08%
969457100,WMB,Williams Cos Inc/The,362757,130837,10.83M,3.91M,+56.4%,0.02%
92532F100,VRTX,Vertex Pharmaceuticals Inc,175664,12001,55.35M,3.78M,+7.3%,0.13%
69121K104,OBDC,Owl Rock Capital Corp,5282956,294625,66.62M,3.72M,+5.9%,0.15%
04016X101,ARGX,Argenx SE,59432,9950,22.14M,3.71M,+20.1%,0.05%
002824100,ABT,Abbott Laboratories,260518,35707,26.38M,3.62M,+15.9%,0.06%
767204100,RIO,Rio Tinto PLC,212343,49251,14.57M,3.38M,+30.2%,0.03%
075887406,,Becton Dickinson & Co,538077,64799,26.75M,3.22M,+13.7%,0.06%
12572Q105,CME,CME Group Inc,92971,16501,17.81M,3.16M,+21.6%,0.04%
907818108,UNP,Union Pacific Corp,221646,15451,44.61M,3.11M,+7.5%,0.1%
67071L106,NVG,Nuveen AMT-Free Municipal Credit Income,1347026,244442,15.87M,2.88M,+22.2%,0.04%
38173M102,GBDC,Golub Capital BDC Inc,2015336,210379,27.33M,2.85M,+11.7%,0.06%
98138H101,WDAY,Workday Inc,1044946,13527,215.82M,2.79M,+1.3%,0.49%
811916105,SA,Seabridge Gold Inc,3885056,213652,50.31M,2.77M,+5.8%,0.11%
61174X109,MNST,Monster Beverage Corp,96936,50391,5.24M,2.72M,+108.3%,0.01%
65339F101,NEE,NextEra Energy Inc,597903,35191,46.09M,2.71M,+6.3%,0.1%
57636Q104,MA,Mastercard Inc,143619,7289,52.19M,2.65M,+5.3%,0.12%
878742204,TECK,Teck Resources Ltd,263311,72254,9.6M,2.63M,+37.8%,0.02%
101137206,,BOSTON SCIENTIFIC CORP,180471,21734,21.84M,2.63M,+13.7%,0.05%
26441C204,DUK,Duke Energy Corp,263450,26957,25.41M,2.6M,+11.4%,0.06%
302635206,FSK,FS KKR Capital Corp,4077544,139944,75.44M,2.59M,+3.6%,0.17%
064058100,BNY,Bank of New York Mellon Corp/The,355403,55919,16.15M,2.54M,+18.7%,0.04%
892356106,TSCO,Tractor Supply Co,33940,10749,7.98M,2.53M,+46.3%,0.02%
G66721104,NCLH,NU Holdings Ltd/Cayman Islands,597674,494912,3.04M,2.52M,+481.6%,<.01%
931142103,WMT,Walmart Inc,91160,16905,13.44M,2.49M,+22.8%,0.03%
670657105,NEA,Nuveen AMT-Free Quality Municipal Incom,1414541,223383,15.73M,2.48M,+18.8%,0.04%
38147U107,GSBD,Goldman Sachs BDC Inc,1495428,181957,20.41M,2.48M,+13.9%,0.05%
74348T102,PSEC,Prospect Capital Corp,3740090,355522,26.03M,2.47M,+10.5%,0.06%
565788106,MARA,Marathon Digital Holdings Inc,645773,283044,5.63M,2.47M,+78%,0.01%
842587107,SO,Southern Co/The,384478,35445,26.75M,2.47M,+10.2%,0.06%
968223206,WLY,John Wiley & Sons Inc,329069,63400,12.76M,2.46M,+23.9%,0.03%
17253J106,CIFR,Cipher Mining Inc,1078652,1038790,2.51M,2.42M,+2606%,<.01%
36467W109,GME,GameStop Corp,1169758,103700,26.93M,2.39M,+9.7%,0.06%
92826C839,V,Visa Inc,274170,10583,61.81M,2.39M,+4%,0.14%
743315103,PGR,Progressive Corp/The,16647,16647,2.38M,2.38M,NEW,<.01%
91324P102,UNH,UnitedHealth Group Inc,117813,5004,55.68M,2.36M,+4.4%,0.13%
891160509,TD,Toronto-Dominion Bank/The,259169,39321,15.52M,2.35M,+17.9%,0.04%
60770K107,MRNA,Moderna Inc,192878,15285,29.62M,2.35M,+8.6%,0.07%
26875P101,EOG,EOG Resources Inc,29883,20392,3.43M,2.34M,+214.9%,<.01%
98850P109,YUMC,Yum China Holdings Inc,275505,36399,17.38M,2.3M,+15.2%,0.04%
67066V101,NAD,Nuveen Quality Municipal Income Fund,1353036,198160,15.6M,2.28M,+17.2%,0.04%
67070X101,NZF,Nuveen Municipal Credit Income Fund,1096346,187446,13.1M,2.24M,+20.6%,0.03%
G1757E113,CMCL,Caledonia Mining Corp PLC,678615,147252,10.31M,2.24M,+27.7%,0.02%
34959E109,FTNT,Fortinet Inc,3416042,32819,227.03M,2.18M,+1%,0.52%
02079K107,GOOG,Alphabet Inc,524979,20776,54.6M,2.16M,+4.1%,0.12%
373737105,GGB,Gerdau SA,1237411,430046,6.1M,2.12M,+53.3%,0.01%
81141R100,SE,Sea Ltd,612573,24269,53.02M,2.1M,+4.1%,0.12%
201723103,CMC,Commercial Metals Co,145810,42842,7.13M,2.09M,+41.6%,0.02%
75513E101,RTX,Raytheon Technologies Corp,20957,20957,2.05M,2.05M,NEW,<.01%
00130H204,,AES Corp/The,187072,22529,16.75M,2.02M,+13.7%,0.04%
02209S103,MO,Altria Group Inc,371232,45018,16.57M,2.01M,+13.8%,0.04%
912909108,X,United States Steel Corp,267268,76514,6.97M,2M,+40.1%,0.02%
68634K106,ORLA,Orla Mining Ltd,10422376,417950,49.43M,1.98M,+4.2%,0.11%
65473P121,,NiSource Inc,154698,18631,16.16M,1.95M,+13.7%,0.04%
191216100,KO,Coca-Cola Co/The,556511,31310,34.52M,1.94M,+6%,0.08%
62955J103,NOV,NOV Inc,5952761,102583,110.19M,1.9M,+1.8%,0.25%
189054109,CLX,Clorox Co/The,100665,11718,15.93M,1.85M,+13.2%,0.04%
02557T307,,American Electric Power Co Inc,304911,36720,15.35M,1.85M,+13.7%,0.03%
13321L108,CCJ,Cameco Corp,283771,69585,7.43M,1.82M,+32.5%,0.02%
16115Q407,GTLSPB,Chart Industries Inc,144384,33953,7.72M,1.82M,+30.7%,0.02%
042315507,ARR.MX,ARMOUR Residential REIT Inc,943065,339206,4.95M,1.78M,+56.2%,0.01%
116794108,BRKR,Bruker Corp,25445,22269,2.01M,1.76M,+701.2%,<.01%
89832Q109,TFC,Truist Financial Corp,195146,50854,6.65M,1.73M,+35.2%,0.02%
916896103,UEC,Uranium Energy Corp,1059239,592928,3.05M,1.71M,+127.2%,<.01%
G1151C101,ACN,Accenture PLC,103539,5969,29.59M,1.71M,+6.1%,0.07%
185899101,CLF,Cleveland-Cliffs Inc,655567,92359,12.02M,1.69M,+16.4%,0.03%
72919P202,PLUG,Plug Power Inc,1348721,141030,15.81M,1.65M,+11.7%,0.04%
12008R107,BLDR,Builders FirstSource Inc,24752,18295,2.2M,1.62M,+283.3%,<.01%
88080T104,WULF,Terawulf Inc,2850598,1730128,2.67M,1.62M,+154.4%,<.01%
83056P715,SKE,Skeena Resources Ltd,4026152,263544,24.66M,1.61M,+7%,0.06%
009158106,APD,Air Products and Chemicals Inc,36536,5614,10.49M,1.61M,+18.2%,0.02%
518439104,EL,Estee Lauder Cos Inc/The,72414,6208,17.85M,1.53M,+9.4%,0.04%
375558103,GILD,Gilead Sciences Inc,2000205,18287,165.96M,1.52M,+0.9%,0.38%
670682103,NMZ,Nuveen Municipal High Income Opportunit,491978,140189,5.31M,1.51M,+39.9%,0.01%
761152107,RMD,ResMed Inc,27098,6845,5.93M,1.5M,+33.8%,0.01%
015857873,,Algonquin Power & Utilities Corp,412527,49681,12.32M,1.48M,+13.7%,0.03%
00507V109,ATVI,Activision Blizzard Inc,701147,17128,60.01M,1.47M,+2.5%,0.14%
51655R101,LNZA,LanzaTech Global Inc,375902,375902,1.46M,1.46M,NEW,<.01%
609207105,MDLZ,Mondelez International Inc,261723,20707,18.25M,1.44M,+8.6%,0.04%
82489W107,SHLS,Shoals Technologies Group Inc,165875,62684,3.78M,1.43M,+60.7%,<.01%
808513105,SCHW,Charles Schwab Corp/The,161115,27115,8.44M,1.42M,+20.2%,0.02%
45168D104,IDXX,IDEXX Laboratories Inc,15258,2625,7.63M,1.31M,+20.8%,0.02%
194162103,CL,Colgate-Palmolive Co,47519,17450,3.57M,1.31M,+58%,<.01%
09257P105,BTT,BlackRock Municipal 2030 Target Term Tr,368513,59598,8M,1.29M,+19.3%,0.02%
562750109,MANH,Manhattan Associates Inc,12794,8290,1.98M,1.28M,+184.1%,<.01%
637417106,NNN,National Retail Properties Inc,47627,29032,2.1M,1.28M,+156.1%,<.01%
243537107,DECK,DECKERS OUTDOOR CORP,3806,2814,1.71M,1.27M,+283.7%,<.01%
248356107,DNN,Denison Mines Corp,2349690,1151281,2.56M,1.25M,+96.1%,<.01%
59124U605,MTA,Metalla Royalty & Streaming Ltd,2374403,223517,13.27M,1.25M,+10.4%,0.03%
548661107,LOW,Lowe's Cos Inc,84153,6225,16.83M,1.24M,+8%,0.04%
78409V104,SPGI,S&P Global Inc,26838,3597,9.25M,1.24M,+15.5%,0.02%
615369105,MCO,Moody's Corp,49764,3987,15.23M,1.22M,+8.7%,0.03%
292671708,UUUU,Energy Fuels Inc/Canada,429977,214575,2.4M,1.2M,+99.6%,<.01%
03027X100,AMT,American Tower Corp,105007,5809,21.46M,1.19M,+5.9%,0.05%
025816109,AXP,American Express Co,58371,7137,9.63M,1.18M,+13.9%,0.02%
44955L106,IAUX,i-80 Gold Corp,7497921,480710,18.25M,1.17M,+6.9%,0.04%
670346105,NUE,Nucor Corp,97604,7536,15.08M,1.16M,+8.4%,0.03%
82489T104,SWAV,Shockwave Medical Inc,9822,5357,2.13M,1.16M,+120%,<.01%
064149107,BNS,Bank of Nova Scotia/The,175743,22732,8.85M,1.14M,+14.9%,0.02%
22822V101,CCI,Crown Castle Inc,104528,8454,13.99M,1.13M,+8.8%,0.03%
942622200,WSO,watsco inc,4789,3539,1.52M,1.13M,+283.1%,<.01%
140501107,CSWC,Capital Southwest Corp,502208,62981,8.93M,1.12M,+14.3%,0.02%
75524B203,,RBC Bearings Inc,82505,9936,9.3M,1.12M,+13.7%,0.02%
013872106,AA,Alcoa Corp,85520,26164,3.64M,1.11M,+44.1%,<.01%
17275R102,CSCO,Cisco Systems Inc,905093,21055,47.31M,1.1M,+2.4%,0.11%
126650100,CVS,CVS Health Corp,130595,14650,9.71M,1.09M,+12.6%,0.02%
252131107,DXCM,DexCom Inc,19955,9326,2.32M,1.08M,+87.7%,<.01%
654106103,NKE,NIKE Inc,236689,8703,29.03M,1.07M,+3.8%,0.07%
05605H100,BWXT,BWX Technologies Inc,60032,16759,3.79M,1.06M,+38.7%,<.01%
38149E101,GLDG,GoldMining Inc,9298728,871961,11.25M,1.06M,+10.3%,0.03%
647551100,NMFC,New Mountain Finance Corp,1335216,86318,16.25M,1.05M,+6.9%,0.04%
69331C108,PCG,PG&E Corp,736636,64589,11.91M,1.04M,+9.6%,0.03%
92343E102,VRSN,VERISIGN INC,39696,4934,8.39M,1.04M,+14.2%,0.02%
09253N104,MHD,BlackRock MuniHoldings Fund Inc,380810,86046,4.59M,1.04M,+29.2%,0.01%
654110105,NKLA,Nikola Corp,2995523,848772,3.62M,1.03M,+39.5%,<.01%
90187B804,TWO,Two Harbors Investment Corp,453746,69696,6.67M,1.03M,+18.1%,0.02%
03938L203,MT,ArcelorMittal SA,226084,34013,6.81M,1.02M,+17.7%,0.02%
81617J301,WTTR,Select Energy Services Inc,3421133,146222,23.81M,1.02M,+4.5%,0.05%
28176E108,EW,Edwards Lifesciences Corp,135825,12295,11.24M,1.02M,+10%,0.03%
09261X102,BXSL,Blackstone Secured Lending Fund,1073870,40719,26.77M,1.02M,+3.9%,0.06%
64125C109,NBIX,Neurocrine Biosciences Inc,9986,9986,1.01M,1.01M,NEW,<.01%
93627C101,HCC,Warrior Met Coal Inc,93461,27294,3.43M,1M,+41.3%,<.01%
941848103,WAT,Waters Corp,4929,3221,1.53M,997.21K,+188.6%,<.01%
866674104,SUI,Sun Communities Inc,40529,7059,5.71M,994.52K,+21.1%,0.01%
008492100,ADC,Agree Realty Corp,23548,14471,1.62M,993.08K,+159.4%,<.01%
713448108,PEP,PepsiCo Inc,164202,5430,29.93M,989.89K,+3.4%,0.07%
47215P106,JD,JD.com Inc,139938,22544,6.14M,989.48K,+19.2%,0.01%
70806A106,PFLT,PennantPark Floating Rate Capital Ltd,678827,93258,7.2M,989.42K,+15.9%,0.02%
533900106,LECO,Lincoln Electric Holdings Inc,7854,5805,1.33M,981.54K,+283.3%,<.01%
84265V105,SCCO,Southern Copper Corp,220751,12703,16.83M,968.59K,+6.1%,0.04%
33829M101,FIVE,Five Below Inc,6331,4679,1.3M,963.74K,+283.2%,<.01%
09253X102,MUI,BlackRock Municipal Income Fund Inc,532768,82495,6.22M,963.58K,+18.3%,0.01%
09257W100,BXMT,Blackstone Mortgage Trust Inc,439429,53551,7.84M,955.91K,+13.9%,0.02%
G16962105,,Bunge Ltd,1009880,9926,96.46M,948.13K,+1%,0.22%
858119100,STLD,Steel Dynamics Inc,87153,8377,9.85M,947.15K,+10.6%,0.02%
697435105,PANW,Palo Alto Networks Inc,43222,4687,8.63M,936.16K,+12.2%,0.02%
09254F100,MQY,BlackRock MuniYield Quality Fund Inc,478586,78835,5.67M,933.33K,+19.7%,0.01%
18915M107,NET,Cloudflare Inc,14899,14899,919K,919K,NEW,<.01%
05759B107,BKKT,Bakkt Holdings Inc,1460612,533344,2.51M,917.62K,+57.5%,<.01%
20440W105,SID,Cia Siderurgica Nacional SA,2017319,298350,6.19M,915.91K,+17.4%,0.01%
21037T109,CEG,Constellation Energy Corp,52159,11612,4.09M,911.43K,+28.6%,<.01%
12541W209,CHRW,CH Robinson Worldwide Inc,93487,9151,9.29M,909.26K,+10.9%,0.02%
025537101,AEP,American Electric Power Co Inc,133778,9990,12.17M,908.96K,+8.1%,0.03%
704326107,PAYX,Paychex Inc,60014,7836,6.88M,897.93K,+15%,0.02%
49338L103,KEYS,Keysight Technologies Inc,46862,5540,7.57M,894.57K,+13.4%,0.02%
15961R105,CHPT,ChargePoint Holdings Inc,85364,85364,894K,894K,NEW,<.01%
05577W200,DOO,BRP Inc,32908,11339,2.58M,887.26K,+52.6%,<.01%
053015103,ADP,Automatic Data Processing Inc,93554,3977,20.83M,885.4K,+4.4%,0.05%
883556102,TMO,THERMO FISHER SCIENTIFIC INC,14167,1533,8.16M,883.53K,+12.1%,0.02%
115637209,BF.B,Brown-Forman Corp,141863,13646,9.12M,877.07K,+10.6%,0.02%
052769106,ADSK,Autodesk Inc,35227,4164,7.33M,866.68K,+13.4%,0.02%
74767V109,QS,QuantumScape Corp,105549,105549,863K,863K,NEW,<.01%
345370860,F,Ford Motor Co,343194,67740,4.33M,853.67K,+24.6%,<.01%
371901109,GNTX,Gentex Corp,54153,30212,1.52M,846.89K,+126.2%,<.01%
988498101,YUM,Yum! Brands Inc,61838,6364,8.17M,840.5K,+11.5%,0.02%
45073V108,ITT,ITT Inc,18017,9680,1.55M,835.46K,+116.1%,<.01%
16359R103,CHE,Chemed Corp,4138,1529,2.23M,822.14K,+58.6%,<.01%
144285103,CRS,Carpenter Technology Corp,65831,18314,2.95M,819.85K,+38.5%,<.01%
665859104,NTRS,Northern Trust Corp,77643,9177,6.84M,808.81K,+13.4%,0.02%
134748102,CAN,Canaan Inc,1021811,293918,2.76M,793.61K,+40.4%,<.01%
H2906T109,GRMN,Garmin Ltd,28082,7858,2.83M,793.02K,+38.9%,<.01%
537008104,LFUS,Littelfuse Inc,5585,2914,1.5M,781.07K,+109.1%,<.01%
03062D100,USAS,Americas Gold & Silver Corp,11404792,1620750,5.47M,777.92K,+16.6%,0.01%
29084Q100,EME,EMCOR GROUP INC,6451,4768,1.05M,775.33K,+283.3%,<.01%
693475105,PNC,PNC Financial Services Group Inc/The,18976,6094,2.41M,774.6K,+47.3%,<.01%
72016P105,PLL,Piedmont Lithium Inc,657042,12853,39.45M,771.82K,+2%,0.09%
46120E602,ISRG,Intuitive Surgical Inc,48100,2997,12.29M,765.64K,+6.6%,0.03%
816851109,SRE,Sempra Energy,80802,5062,12.21M,765.17K,+6.7%,0.03%
515098101,LSTR,Landstar System Inc,5735,4239,1.03M,759.84K,+283.4%,<.01%
58039P305,MUX,McEwen Mining Inc,2180000,89246,18.46M,755.93K,+4.3%,0.04%
27827X101,EIM,Eaton Vance Municipal Bond Fund,468148,72373,4.87M,752.72K,+18.3%,0.01%
063671101,BMO,Bank of Montreal,28062,8380,2.51M,748.95K,+42.6%,<.01%
27579R104,EWBC,East West Bancorp Inc,18176,13435,1.01M,745.81K,+283.4%,<.01%
76169C100,REXR,Rexford Industrial Realty Inc,60438,12450,3.6M,742.62K,+25.9%,<.01%
09254E103,MYI,BlackRock MuniYield Quality Fund III In,445251,65426,5.05M,741.91K,+17.2%,0.01%
78709Y105,SAIA,Saia Inc,3667,2711,998K,737.82K,+283.6%,<.01%
058586108,BLDP,Ballard Power Systems Inc,1784335,132364,9.94M,737.29K,+8%,0.02%
05588W108,LEO,BNY Mellon Strategic Municipals Inc,393816,114383,2.46M,713.63K,+40.9%,<.01%
03761U502,MFIC,MidCap Financial Investment Corp,951558,61713,10.85M,703.54K,+6.9%,0.02%
74965L200,RLJPA,RLJ Lodging Trust,231015,27821,5.79M,697.17K,+13.7%,0.01%
00123Q104,AGNC,AGNC INVESTMENT CORP,1390496,68713,14.02M,692.62K,+5.2%,0.03%
640491106,NEOG,Neogen Corp,631479,37360,11.7M,691.91K,+6.3%,0.03%
413216300,HMY,Harmony Gold Mining Co Ltd,58627033,168513,240.37M,690.9K,+0.3%,0.55%
49714P108,KNSL,Kinsale Capital Group Inc,3044,2250,914K,675.59K,+283.4%,<.01%
88162G103,TTEK,Tetra Tech Inc,21979,4596,3.23M,675.21K,+26.4%,<.01%
171779309,CIEN,Ciena Corp,17330,12809,910K,672.6K,+283.3%,<.01%
26817Q886,DX,Dynex Capital Inc,323068,55314,3.92M,670.48K,+20.7%,<.01%
89531P105,TREX,Trex Co Inc,18293,13521,890K,657.83K,+283.3%,<.01%
224441105,CXT,Crane NXT Co,11617,5707,1.32M,647.98K,+96.6%,<.01%
92556H305,,Paramount Global,179359,21600,5.37M,646.7K,+13.7%,0.01%
11133T103,BR,Broadridge Financial Solutions Inc,5914,4406,867K,645.93K,+292.2%,<.01%
46132C107,VMO,Invesco Municipal Opportunity Trust,438137,65643,4.3M,643.94K,+17.6%,<.01%
28852N109,EFC,Ellington Financial Inc,324961,52498,3.97M,641.04K,+19.3%,<.01%
92936U109,WPC,WP Carey Inc,64198,8223,4.97M,636.85K,+14.7%,0.01%
85571B105,STWD,Starwood Property Trust Inc,751677,35813,13.3M,633.52K,+5%,0.03%
680223104,ORI,Old Republic International Corp,34186,25269,854K,631.24K,+283.4%,<.01%
136069101,CM,Canadian Imperial Bank of Commerce,98334,14713,4.15M,621.53K,+17.6%,<.01%
231561101,CW,Curtiss-Wright Corp,4664,3516,822K,619.67K,+306.3%,<.01%
89055F103,BLD,TopBuild Corp,3970,2935,826K,610.66K,+283.6%,<.01%
65340P106,NXE,NexGen Energy Ltd,711566,159319,2.73M,610.13K,+28.8%,<.01%
64782A107,NEWP,New Pacific Metals Corp,4970358,225737,13.42M,609.58K,+4.8%,0.03%
172755100,CRUS,CIRRUS LOGIC INC,7509,5550,821K,606.81K,+283.3%,<.01%
04041L106,WES,Aris Water Solution Inc,164229,76661,1.28M,597.03K,+87.5%,<.01%
91307C102,UTHR,United Therapeutics Corp,4182,2642,937K,591.95K,+171.6%,<.01%
302941109,FCN,FTI CONSULTING INC,4035,2983,796K,588.47K,+283.6%,<.01%
55903Q104,MAG,MAG Silver Corp,3930180,46326,49.8M,586.95K,+1.2%,0.11%
46132P108,IIM,Invesco Value Municipal Income Trust,303123,47865,3.7M,583.94K,+18.8%,<.01%
650111107,NYT,New York Times Co/The,20315,15016,790K,583.94K,+283.4%,<.01%
204409601,CIG,Cia Energetica de Minas Gerais,2027537,259661,4.54M,581.68K,+14.7%,0.01%
117043109,BC,Brunswick Corp/DE,9578,7080,785K,580.27K,+283.4%,<.01%
10552T107,BRFS,BRF SA,503847,452996,645K,579.9K,+890.8%,<.01%
82982L103,SITE,SiteOne Landscape Supply Inc,5711,4222,782K,578.11K,+283.5%,<.01%
047649108,ATKR,Atkore Inc,5533,4090,777K,574.36K,+283.4%,<.01%
00508Y102,AYI,Acuity Brands Inc,4215,3115,770K,569.05K,+283.2%,<.01%
29977A105,EVR,Evercore Inc,11438,4904,1.32M,565.52K,+75.1%,<.01%
45778Q107,NSP,Insperity Inc,6293,4652,765K,565.51K,+283.5%,<.01%
655844108,NSC,Norfolk Southern Corp,35951,2665,7.62M,565.01K,+8%,0.02%
09259E108,TCPC,BlackRock TCP Capital Corp,839830,54418,8.65M,560.55K,+6.9%,0.02%
78377T107,RHP,Ryman Hospitality Properties Inc,13918,6243,1.25M,560.25K,+81.3%,<.01%
09248F109,BFK,BlackRock Municipal Income Trust,325605,54342,3.32M,554.76K,+20%,<.01%
58506Q109,MEDP,Medpace Holdings Inc,3982,2943,749K,553.57K,+283.3%,<.01%
374689107,ROCK,Gibraltar Industries Inc,41780,11402,2.03M,552.91K,+37.5%,<.01%
30214U102,EXPO,Exponent Inc,7485,5532,746K,551.35K,+283.3%,<.01%
09249N101,BLE,BlackRock Municipal Income Trust II,321161,51366,3.45M,551.15K,+19%,<.01%
74164M108,PRI,Primerica Inc,4299,3178,740K,547.04K,+283.5%,<.01%
459200101,IBM,International Business Machines Corp,121809,4163,15.97M,545.73K,+3.5%,0.04%
42726M106,,Heritage-Crystal Clean Inc,60625,15283,2.16M,544.26K,+33.7%,<.01%
860630102,SF,Stifel Financial Corp,12416,9178,734K,542.58K,+283.4%,<.01%
15643U104,LEU,USEC INC,32041,16814,1.03M,541.03K,+110.4%,<.01%
316500107,FDUS,Fidus Investment Corp,344553,27934,6.57M,532.73K,+8.8%,0.01%
48020Q107,JLL,Jones Lang LaSalle Inc,7751,3640,1.13M,529.73K,+88.5%,<.01%
235851102,DHR,Danaher Corp,14145,2100,3.56M,529.27K,+17.4%,<.01%
92939U106,WEC,WEC Energy Group Inc,81501,5561,7.73M,527.16K,+7.3%,0.02%
38071H106,GROY,Gold Royalty Corp,5897645,243951,12.74M,526.94K,+4.3%,0.03%
95766M105,MMU,Western Asset Managed Municipals Fund I,314565,51208,3.23M,526.46K,+19.4%,<.01%
46131J103,VKQ,Invesco Municipal Trust,357495,52603,3.55M,521.77K,+17.3%,<.01%
872280102,CGBD,TCG BDC Inc,685461,38148,9.34M,519.58K,+5.9%,0.02%
31847R102,FAF,First American Financial Corp,12618,9327,702K,518.91K,+283.4%,<.01%
90278Q108,UFPI,UFP Industries Inc,8768,6481,697K,515.2K,+283.4%,<.01%
83413U100,SLRC,SLR Investment Corp,682048,34222,10.26M,514.7K,+5.3%,0.02%
17259U204,CION,CION Investment Corp,802480,52129,7.92M,514.48K,+6.9%,0.02%
26969P108,EXP,EAGLE MATERIALS INC,4731,3497,694K,512.98K,+283.4%,<.01%
N53745100,LYB,LyondellBasell Industries NV,44383,5456,4.17M,512.25K,+14%,<.01%
829073105,SSD,Simpson Manufacturing Co Inc,6320,4671,693K,512.18K,+283.3%,<.01%
571748102,MRSH,Marsh & McLennan Cos Inc,75776,3063,12.62M,510.12K,+4.2%,0.03%
368036109,GATO,Gatos Silver Inc,1876020,78050,12.25M,509.65K,+4.3%,0.03%
46133G107,IQI,Invesco Quality Municipal Income Trust,342405,50968,3.42M,508.63K,+17.5%,<.01%
783754104,RYZ,Ryerson Holding Corp,50197,13893,1.83M,505.38K,+38.3%,<.01%
739276103,POWI,Power Integrations Inc,8050,5951,681K,503.43K,+283.5%,<.01%
03820C105,AIT,Applied Industrial Technologies Inc,4788,3539,681K,503.35K,+283.3%,<.01%
70450Y103,PYPL,PayPal Holdings Inc,43381,6611,3.29M,501.99K,+18%,<.01%
05684B107,BCSF,Bain Capital Specialty Finance Inc,648117,41982,7.72M,500.39K,+6.9%,0.02%
67079K100,SMR,Nuscale Power Corp.,55045,55045,500K,500K,NEW,<.01%
743606105,PB,Prosperity Bancshares Inc,10969,8108,675K,498.94K,+283.4%,<.01%
06759L103,BBDC,Barings BDC Inc,1359317,62783,10.79M,498.5K,+4.8%,0.02%
012653101,ALB,Albemarle Corp,9169,2253,2.03M,498.07K,+32.6%,<.01%
70432V102,PAYC,Paycom Software Inc,8430,1638,2.56M,498.01K,+24.1%,<.01%
46131M106,VGM,Invesco Trust for Investment Grade Muni,348852,49961,3.47M,496.67K,+16.7%,<.01%
816300107,SIGI,Selective Insurance Group Inc,7044,5206,672K,496.65K,+283.2%,<.01%
09662E109,DSM,BNY Mellon Strategic Municipal Bond Fun,359885,82614,2.16M,496.53K,+29.8%,<.01%
302081104,EXLS,ExlService Holdings Inc,4138,3058,670K,495.13K,+283.1%,<.01%
441593100,HLI,Houlihan Lokey Inc,7587,5608,664K,490.8K,+283.4%,<.01%
46655E100,DC,Dakota Gold Corp,3087967,134961,11.18M,488.54K,+4.6%,0.03%
749607107,RLI,RLI Corp,4931,3644,655K,484.04K,+283.1%,<.01%
55306N104,MKSI,MKS Instruments Inc,7361,5441,652K,481.94K,+283.4%,<.01%
199908104,FIX,Comfort Systems USA Inc,4458,3295,651K,481.17K,+283.3%,<.01%
704551100,BTU,Peabody Energy Corp,54705,18742,1.4M,479.64K,+52.1%,<.01%
56501R106,MFC,Manulife Financial Corp,224015,26098,4.11M,478.82K,+13.2%,<.01%
87807B107,TRP,TC Energy Corp,271049,12294,10.54M,478.25K,+4.8%,0.02%
00402L107,ASO,Academy Sports & Outdoors Inc,9803,7246,640K,473.06K,+283.4%,<.01%
74758T303,QLYS,Qualys Inc,4922,3638,640K,473.04K,+283.3%,<.01%
980745103,WWD,Woodward Inc,6542,4835,637K,470.79K,+283.2%,<.01%
45765U103,NSIT,Insight Enterprises Inc,4450,3289,636K,470.07K,+283.3%,<.01%
617700109,MORN,Morningstar Inc,3091,2285,628K,464.24K,+283.5%,<.01%
25659T107,DLB,Dolby Laboratories Inc,7344,5428,627K,463.42K,+283.3%,<.01%
780087102,RY,Royal Bank of Canada,38079,4805,3.67M,462.72K,+14.4%,<.01%
693483109,PKX,POSCO Holdings Inc,99092,6637,6.91M,462.55K,+7.2%,0.02%
858912108,SRCL,Stericycle Inc,57566,10587,2.51M,461.62K,+22.5%,<.01%
86800U104,SUPER,Super Micro Computer Inc,5850,4324,623K,460.49K,+283.4%,<.01%
35138V102,FOXF,Fox Factory Holding Corp,5108,3776,620K,458.32K,+283.5%,<.01%
82509L107,SHOP,Shopify Inc,75077,9543,3.6M,457.59K,+14.6%,<.01%
05329W102,AN,AutoNation Inc,4608,3406,619K,457.53K,+283.4%,<.01%
376546107,GAIN,Gladstone Investment Corp,484374,34448,6.42M,456.44K,+7.7%,0.01%
58463J304,MPT,Medical Properties Trust Inc,217408,55296,1.79M,454.51K,+34.1%,<.01%
026874784,AIG,American International Group Inc,16937,8998,853K,453.17K,+113.3%,<.01%
72200W106,PML,PIMCO Municipal Income Fund II,238593,48232,2.24M,452.82K,+25.3%,<.01%
69608A108,PLTR,Palantir Technologies Inc,220369,53527,1.86M,452.27K,+32.1%,<.01%
233331107,DTE,DTE Energy Co,4117,4117,451K,451K,NEW,<.01%
78573M203,,Sabre Corp,59009,7106,3.7M,445.56K,+13.7%,<.01%
806882106,RDUS,Schnitzer Steel Industries Inc,83593,14317,2.6M,445.3K,+20.7%,<.01%
29362U104,ENTG,Entegris Inc,49285,5385,4.04M,441.64K,+12.3%,<.01%
942749102,WTS,WATTS WATER TECHNOLOGIES INC,3823,2612,643K,439.32K,+215.7%,<.01%
278642103,EBAY,eBay Inc,14872,9893,660K,439.04K,+198.7%,<.01%
670663103,NMCO,Nuveen Municipal Credit Opportunities F,247205,38430,2.82M,438.55K,+18.4%,<.01%
911312106,UPS,United Parcel Service Inc,13458,2254,2.61M,437.3K,+20.1%,<.01%
438516106,HON,Honeywell International Inc,93586,2275,17.89M,434.79K,+2.5%,0.04%
624756102,MLI,Mueller Industries Inc,7999,5912,588K,434.59K,+283.3%,<.01%
G3198U102,ESNT,Essent Group Ltd,14553,10757,583K,430.93K,+283.4%,<.01%
885160101,THO,Thor Industries Inc,7247,5357,577K,426.52K,+283.4%,<.01%
83012A109,TSLX,Sixth Street Specialty Lending Inc,1124118,23281,20.57M,426.03K,+2.1%,0.05%
546347105,LPX,Louisiana-Pacific Corp,12761,7849,692K,425.63K,+159.8%,<.01%
G3323L100,FN,Fabrinet,4796,3545,570K,421.32K,+283.4%,<.01%
27826U108,EVN,Eaton Vance Municipal Income Trust,258392,41491,2.62M,420.38K,+19.1%,<.01%
744320102,PRU,Prudential Financial Inc,33952,5080,2.81M,420.29K,+17.6%,<.01%
87161C501,SNV,Synovus Financial Corp,18346,13560,566K,418.35K,+283.3%,<.01%
260557103,DOW,Dow Inc,11853,7617,650K,417.7K,+179.8%,<.01%
89677Y100,TPVG,TriplePoint Venture Growth BDC Corp,513892,34427,6.21M,415.89K,+7.2%,0.01%
379577208,GMED,Globus Medical Inc,11908,7277,674K,411.88K,+157.1%,<.01%
233368109,KTF,DWS Municipal Income Trust,295051,46274,2.63M,411.85K,+18.6%,<.01%
29444U700,EQIX,Equinix Inc,13869,567,10M,408.83K,+4.3%,0.02%
38526M106,LOPE,Grand Canyon Education Inc,4844,3581,552K,408.07K,+283.5%,<.01%
100557107,SAM,Boston Beer Co Inc/The,1840,1239,605K,407.39K,+206.2%,<.01%
53223X107,,Life Storage Inc,26089,3089,3.42M,404.94K,+13.4%,<.01%
744573106,PEG,Public Service Enterprise Group Inc,208489,6467,13.02M,403.86K,+3.2%,0.03%
257651109,DCI,Donaldson Co Inc,50819,6178,3.32M,403.61K,+13.8%,<.01%
32020R109,FFIN,First Financial Bankshares Inc,17065,12614,544K,402.11K,+283.4%,<.01%
989701107,ZION,Zions Bancorporation,18189,13444,544K,402.09K,+283.3%,<.01%
37637Q105,GBCI,Glacier Bancorp Inc,12844,9494,540K,399.16K,+283.4%,<.01%
410867105,THG,Hanover Insurance Group Inc/The,4197,3102,539K,398.37K,+283.3%,<.01%
136375102,CNI,Canadian National Railway Co,142913,3373,16.86M,397.97K,+2.4%,0.04%
01864U106,AFB,AllianceBernstein National Municipal In,211243,35574,2.31M,389.52K,+20.3%,<.01%
09253T101,MVT,BlackRock MuniVest Fund II Inc,155071,35921,1.67M,386.15K,+30.1%,<.01%
553530106,MSM,MSC Industrial Direct Co Inc,7434,4544,624K,381.42K,+157.2%,<.01%
513847103,MZTI,Lancaster Colony Corp,2530,1870,513K,379.17K,+283.3%,<.01%
126408103,CSX,CSX Corp,273184,12662,8.18M,379.09K,+4.9%,0.02%
254543101,DIOD,Diodes Inc,5518,4078,512K,378.39K,+283.2%,<.01%
98585X104,YETI,YETI Holdings Inc,12725,9405,509K,376.2K,+283.3%,<.01%
09254C107,MUE,BlackRock MuniHoldings Quality Fund II,162332,37395,1.63M,375.49K,+29.9%,<.01%
001744101,AMN,AMN Healthcare Services Inc,6079,4494,504K,372.59K,+283.5%,<.01%
552848103,MTG,MGIC Investment Corp,37558,27761,504K,372.53K,+283.4%,<.01%
46132E103,VKI,Invesco Advantage Municipal Income Trus,285823,41539,2.55M,370.16K,+17%,<.01%
133131102,CPT,Camden Property Trust,34634,3503,3.63M,367.25K,+11.3%,<.01%
896288107,TNET,TriNet Group Inc,6146,4543,495K,365.89K,+283.4%,<.01%
229663109,CUBE,CubeSmart,68771,7854,3.18M,363.06K,+12.9%,<.01%
98156Q108,,World Wrestling Entertainment Inc,5327,3938,486K,359.28K,+283.5%,<.01%
957638109,WAL,Western Alliance Bancorp,13644,10085,485K,358.49K,+283.4%,<.01%
436893200,HOMB,Home Bancshares Inc/AR,22238,16438,483K,357.03K,+283.4%,<.01%
007800105,,Aerojet Rocketdyne Holdings Inc,8591,6350,483K,357.01K,+283.4%,<.01%
90138F102,TWLO,Twilio Inc,5355,5355,357K,357K,NEW,<.01%
009066101,ABNB,Airbnb Inc,6432,2857,800K,355.35K,+79.9%,<.01%
666807102,NOC,Northrop Grumman Corp,19388,769,8.95M,355.07K,+4.1%,0.02%
866796105,SLF,Sun Life Financial Inc,50352,7534,2.35M,351.92K,+17.6%,<.01%
723763108,MHI,Pioneer Municipal High Income Fund Trus,169430,39580,1.51M,351.81K,+30.5%,<.01%
34964C106,FBIN,Fortune Brands Innovations Inc,21085,5983,1.24M,351.57K,+39.6%,<.01%
353514102,FELE,Franklin Electric Co Inc,5461,3730,514K,351.07K,+215.5%,<.01%
06417N103,OZK,Bank OZK,13886,10263,475K,351.07K,+283.3%,<.01%
69351T106,PPL,PPL Corp,189938,12608,5.28M,350.42K,+7.1%,0.01%
76954A103,RIVN,Rivian Automotive Inc,208226,22557,3.22M,349.15K,+12.1%,<.01%
670928100,NUV,Nuveen Municipal Value Fund Inc,921267,39399,8.12M,347.09K,+4.5%,0.02%
092479104,BYM,BlackRock Municipal Income Quality Trus,174816,30129,2M,344.69K,+20.8%,<.01%
403949100,DINO,HF Sinclair Corp,43143,7124,2.09M,344.62K,+19.8%,<.01%
686688102,ORA,Ormat Technologies Inc,478349,4062,40.55M,344.33K,+0.9%,0.09%
98980G102,ZS,Zscaler Inc,3949,2943,461K,343.56K,+292.5%,<.01%
16934Q208,,Chimera Investment Corp,1134109,60716,6.4M,342.42K,+5.7%,0.01%
075887109,BDX,Becton Dickinson & Co,10452,1380,2.59M,341.57K,+15.2%,<.01%
27829U105,ETX,Eaton Vance Municipal Income 2028 Term,54677,19008,973K,338.26K,+53.3%,<.01%
24610T108,VFL,Delaware Investments National Municipal,79933,31632,853K,337.56K,+65.5%,<.01%
737630103,PCH,PotlatchDeltic Corp,11555,6761,572K,334.69K,+141%,<.01%
78440X887,SLG,SL Green Realty Corp,20787,14110,489K,331.93K,+211.3%,<.01%
928881101,VNT,Vontier Corp,12046,12046,329K,329K,NEW,<.01%
023608102,AEE,Ameren Corp,65703,3773,5.68M,325.94K,+6.1%,0.01%
88339J105,TTD,Trade Desk Inc/The,5339,5339,325K,325K,NEW,<.01%
13100M509,CALX,Calix Inc,8200,6062,439K,324.54K,+283.5%,<.01%
615111101,ONT,Montrose Environmental Group Inc,62787,9054,2.24M,323.01K,+16.8%,<.01%
03762U105,ARI,Apollo Commercial Real Estate Finance I,598937,34578,5.58M,321.92K,+6.1%,0.01%
78454L100,SM,SM Energy Co,15404,11386,434K,320.79K,+283.4%,<.01%
55405Y100,MTSI,MACOM Technology Solutions Holdings Inc,6105,4512,432K,319.28K,+283.2%,<.01%
594972408,MSTR,MicroStrategy Inc,13437,1091,3.93M,318.93K,+8.8%,<.01%
801056102,SANM,Sanmina-SCI Corp,6999,5173,427K,315.6K,+283.3%,<.01%
H1467J104,CB,Chubb Ltd,12015,1620,2.33M,314.56K,+15.6%,<.01%
848637104,,Splunk Inc,3265,3265,313K,313K,NEW,<.01%
015658107,ASTL,Algoma Steel Group Inc,140551,38686,1.14M,312.68K,+38%,<.01%
G6095L109,,Aptiv PLC,2781,2781,312K,312K,NEW,<.01%
04247X102,AWI,Armstrong World Industries Inc,5902,4362,420K,310.41K,+283.2%,<.01%
29250N105,ENB,Enbridge Inc,489157,8154,18.61M,310.27K,+1.7%,0.04%
03940R107,ARCH,Arch Resources Inc,7766,2354,1.02M,309.48K,+43.5%,<.01%
30034W106,EVRG,Evergy Inc,58487,5003,3.58M,305.81K,+9.4%,<.01%
294600101,,Equitrans Midstream Corp,192586,52685,1.11M,304.48K,+37.7%,<.01%
37940X102,GPN,Global Payments Inc,11466,2864,1.21M,301.24K,+33.3%,<.01%
845467109,SWN,Southwestern Energy Co,75555,59650,378K,298.43K,+375%,<.01%
48123V102,ZD,j2 Global Inc,5134,3795,401K,296.42K,+283.4%,<.01%
09247D105,BKN,BlackRock Investment Quality Municipal,92905,24529,1.12M,295.97K,+35.9%,<.01%
887399103,MTUS,TimkenSteel Corp,59571,15953,1.09M,292.7K,+36.6%,<.01%
056525108,BMI,Badger Meter Inc,11121,2376,1.35M,289.28K,+27.2%,<.01%
030420103,AWK,American Water Works Co Inc,47680,1968,6.99M,288.31K,+4.3%,0.02%
457187102,INGR,Ingredion Inc,19739,2830,2.01M,287.89K,+16.7%,<.01%
20854L108,CEIX,CONSOL Energy Inc,15453,4939,900K,287.65K,+47%,<.01%
86722A103,SXC,SunCoke Energy Inc,113198,31393,1.02M,282.04K,+38.4%,<.01%
72201A103,XPMQX,PIMCO Municipal Income Fund III,127393,33769,1.06M,280.72K,+36.1%,<.01%
446150104,HBAN,Huntington Bancshares Inc/OH,66051,24923,739K,278.85K,+60.6%,<.01%
200340107,CMA,Comerica Inc,9689,6403,421K,278.22K,+194.9%,<.01%
55261F104,MTB,M&T Bank Corp,2315,2315,277K,277K,NEW,<.01%
742718109,PG,Procter & Gamble Co/The,16202,1852,2.41M,275.37K,+12.9%,<.01%
35243J101,FBRT,Franklin BSP Realty Trust Inc,389765,23033,4.65M,274.79K,+6.3%,0.01%
46982L108,J,Jacobs Solutions Inc,2331,2331,274K,274K,NEW,<.01%
09253W104,MYD,BlackRock MuniYield Fund Inc,307322,25407,3.3M,273.15K,+9%,<.01%
90984P303,UCB,United Community Banks Inc/GA,13000,9609,366K,270.53K,+283.4%,<.01%
19260Q107,COIN,Coinbase Global Inc,110338,3989,7.46M,269.55K,+3.8%,0.02%
552738106,MFM,MFS Municipal Income Trust,307530,50445,1.64M,269.34K,+19.6%,<.01%
09739D100,BCC,Boise Cascade Co,6926,4246,438K,268.52K,+158.4%,<.01%
314211103,FHI,Federated Hermes Inc,11714,6672,470K,267.7K,+132.3%,<.01%
11284V105,BEPC.TO,Brookfield Renewable Corp,183283,7651,6.41M,267.5K,+4.4%,0.01%
64828T201,RITM,Rithm Capital Corp,1212929,33356,9.7M,266.84K,+2.8%,0.02%
02319V103,ABEV,AMBEV SA,590788,94493,1.67M,266.47K,+19%,<.01%
453836108,INDB,Independent Bank Corp,5398,3990,354K,261.66K,+283.4%,<.01%
090040106,BILI,Bilibili Inc,919337,11016,21.6M,258.87K,+1.2%,0.05%
260003108,DOV,Dover Corp,20360,1684,3.09M,255.83K,+9%,<.01%
462222100,IONS,Ionis Pharmaceuticals Inc,19175,7133,685K,254.82K,+59.2%,<.01%
203607106,CBU,Community Bank System Inc,6526,4823,343K,253.49K,+283.2%,<.01%
505743104,LADR,Ladder Capital Corp,643610,26151,6.08M,247.12K,+4.2%,0.01%
64124P101,NBH,Neuberger Berman Municipal Fund Inc,123029,22473,1.35M,246.05K,+22.3%,<.01%
70931T103,PMT,PennyMac Mortgage Investment Trust,376883,19920,4.65M,245.62K,+5.6%,0.01%
09254G108,MQT,BlackRock MuniYield Quality Fund II Inc,148563,23589,1.54M,244.68K,+18.9%,<.01%
09662W109,DMB,BNY Mellon Municipal Bond Infrastructur,93848,21022,1.09M,243.71K,+28.9%,<.01%
384802104,GWW,WW Grainger Inc,8571,351,5.9M,241.78K,+4.3%,0.01%
018802108,LNT,Alliant Energy Corp,64802,4495,3.46M,240.07K,+7.5%,<.01%
15189T107,CNP,CenterPoint Energy Inc,159750,8141,4.71M,239.82K,+5.4%,0.01%
020764106,AMR,Alpha Metallurgical Resources Inc,6101,1509,952K,235.46K,+32.9%,<.01%
427096508,HTGC,Hercules Capital Inc,1787434,18198,23.04M,234.57K,+1%,0.05%
723762100,XPMAX,Pioneer Municipal High Income Advantage,175304,28462,1.44M,234.28K,+19.4%,<.01%
172908105,CTAS,Cintas Corp,12714,504,5.88M,233.21K,+4.1%,0.01%
032095101,APH,Amphenol Corp,71708,2846,5.86M,232.58K,+4.1%,0.01%
08862E109,BYND,Beyond Meat Inc,210362,14328,3.41M,232.53K,+7.3%,<.01%
55272X607,MFA,MFA Financial Inc,425437,23105,4.22M,229.18K,+5.7%,<.01%
150870103,CE,Celanese Corp,20211,2052,2.2M,223.47K,+11.3%,<.01%
784117103,SEIC,SEI Investments Co,27189,3880,1.56M,223.33K,+16.6%,<.01%
443628102,HBM,HudBay Minerals Inc,119185,41951,625K,219.99K,+54.3%,<.01%
68162K106,ZEUS,Olympic Steel Inc,15104,4187,789K,218.72K,+38.4%,<.01%
928563402,,VMware Inc,43344,1719,5.41M,214.6K,+4.1%,0.01%
427866108,HSY,Hershey Co/The,21025,834,5.35M,212.18K,+4.1%,0.01%
169656105,CMG,Chipotle Mexican Grill Inc,3311,124,5.66M,211.82K,+3.9%,0.01%
72200R107,PMF,PIMCO Municipal Income Fund,96972,20857,965K,207.55K,+27.4%,<.01%
126600105,CVBF,CVB Financial Corp,16493,12191,275K,203.27K,+283.4%,<.01%
G8994E103,TT,Trane Technologies plc,27766,1101,5.11M,202.55K,+4.1%,0.01%
34959J108,FTV,Fortive Corp,9472,2954,646K,201.47K,+45.3%,<.01%
670837103,OGE,OGE Energy Corp,53208,5172,2M,194.8K,+10.8%,<.01%
H84989104,TEL,TE Connectivity Ltd,36972,1467,4.85M,192.4K,+4.1%,0.01%
254709108,DFS,Discover Financial Services,6052,1945,598K,192.19K,+47.4%,<.01%
679580100,ODFL,Old Dominion Freight Line Inc,14179,562,4.83M,191.56K,+4.1%,0.01%
00846U101,A,Agilent Technologies Inc,57757,1375,7.99M,190.24K,+2.4%,0.02%
44812T102,,Hut 8 Mining Corp,1605106,101827,2.97M,188.42K,+6.8%,<.01%
03957W106,AROC,Archrock Inc,19233,19233,188K,188K,NEW,<.01%
78410G104,SBAC,SBA Communications Corp,21022,718,5.49M,187.44K,+3.5%,0.01%
12504L109,CBRE,CBRE Group Inc,61446,2556,4.47M,186.11K,+4.3%,0.01%
35137L105,FOXA,Fox Corp,22328,5403,761K,184.15K,+31.9%,<.01%
311900104,FAST,Fastenal Co,84898,3368,4.58M,181.65K,+4.1%,0.01%
68571X301,ORC,Orchid Island Capital Inc,214134,16909,2.3M,181.46K,+8.6%,<.01%
718172109,PM,Philip Morris International Inc,56093,1855,5.46M,180.4K,+3.4%,0.01%
934550203,WMG,Warner Music Group Corp,19524,5305,652K,177.16K,+37.3%,<.01%
758075402,RWT,Redwood Trust Inc,526047,26148,3.55M,176.26K,+5.2%,<.01%
723760104,MIO,Pioneer Municipal High Income Opportuni,121573,15987,1.33M,174.63K,+15.1%,<.01%
001055102,AFL,Aflac Inc,67106,2663,4.33M,171.83K,+4.1%,<.01%
217204106,CPRT,Copart Inc,57281,2273,4.31M,170.95K,+4.1%,<.01%
05589T104,DMF,BNY Mellon Municipal Income Inc,156936,26286,1.02M,170.68K,+20.1%,<.01%
18270D106,CMTG,Claros Mortgage Trust Inc,263643,14377,3.07M,167.47K,+5.8%,<.01%
036752103,ELV,Elevance Health Inc,5243,359,2.41M,165.09K,+7.4%,<.01%
92345Y106,VRSK,Verisk Analytics Inc,21318,845,4.09M,162.12K,+4.1%,<.01%
192446102,CTSH,Cognizant Technology Solutions Corp,75070,2643,4.57M,161.04K,+3.6%,0.01%
231021106,CMI,Cummins Inc,17000,674,4.06M,161.01K,+4.1%,<.01%
09250B103,BTA,Blackrock Long-Term Municipal Advantage,67691,16167,674K,160.97K,+31.4%,<.01%
296006109,ERO,ERO Copper Corp,79236,9053,1.4M,160.18K,+12.9%,<.01%
369550108,GD,General Dynamics Corp,28164,694,6.43M,158.37K,+2.5%,0.01%
57667L107,MTCH,Match Group Inc,4114,4114,158K,158K,NEW,<.01%
29415F104,NVST,Envista Holdings Corp,3819,3819,156K,156K,NEW,<.01%
45687V106,IR,Ingersoll Rand Inc,11081,2668,645K,155.3K,+31.7%,<.01%
G3421J106,,Ferguson PLC,28896,1146,3.87M,153.28K,+4.1%,<.01%
876030107,TPR,Tapestry Inc,15739,3489,679K,150.52K,+28.5%,<.01%
11135B100,,Broadmark Realty Capital Inc,713278,31968,3.35M,150.23K,+4.7%,<.01%
77543R102,ROKU,Roku Inc,11798,2253,777K,148.38K,+23.6%,<.01%
74144T108,TROW,T Rowe Price Group Inc,37269,1306,4.21M,147.42K,+3.6%,<.01%
26614N102,DD,DuPont de Nemours Inc,8944,2042,642K,146.57K,+29.6%,<.01%
G4474Y214,JHG,Janus Henderson Group PLC,17570,5456,468K,145.33K,+45%,<.01%
95082P105,WCC,WESCO International Inc,4261,929,658K,143.46K,+27.9%,<.01%
59318D104,CXE,MFS High Income Municipal Trust,233077,38867,851K,141.91K,+20%,<.01%
41068X100,HASI,Hannon Armstrong Sustainable Infrastruc,660484,4888,18.89M,139.8K,+0.7%,0.04%
29670G102,WTRG,Essential Utilities Inc,61643,3185,2.69M,139.04K,+5.4%,<.01%
070830104,BBWI,Bath & Body Works Inc,26653,3770,975K,137.91K,+16.5%,<.01%
04013V108,ACRE,Ares Commercial Real Estate Corp,327691,15017,2.98M,136.52K,+4.8%,<.01%
099502106,BAH,Booz Allen Hamilton Holding Corp,16144,1454,1.5M,134.74K,+9.9%,<.01%
78467J100,SSNC,SS&C Technologies Holdings Inc,15620,2362,882K,133.37K,+17.8%,<.01%
896945201,TRIP,TripAdvisor Inc,15631,6631,310K,131.51K,+73.7%,<.01%
398905109,GPI,Group 1 Automotive Inc,3009,572,681K,129.46K,+23.5%,<.01%
78646V107,SAFE,iStar Inc,4394,4394,129K,129K,NEW,<.01%
302130109,EXPD,Expeditors International of Washington,30852,1168,3.4M,128.6K,+3.9%,<.01%
746922103,PMO,Putnam Municipal Opportunities Trust,121362,12262,1.26M,127K,+11.2%,<.01%
043436104,ABG,Asbury Automotive Group Inc,3112,589,654K,123.78K,+23.3%,<.01%
099724106,BWA,BorgWarner Inc,17987,2470,883K,121.25K,+15.9%,<.01%
001084102,AGCO,AGCO Corp,192730,893,26.06M,120.73K,+0.5%,0.06%
955306105,WST,West Pharmaceutical Services Inc,13139,330,4.55M,114.33K,+2.6%,0.01%
56035L104,MAIN,Main Street Capital Corp,665072,2880,26.24M,113.65K,+0.4%,0.06%
23918K108,DVA,DaVita Inc,4259,1389,345K,112.52K,+48.4%,<.01%
G0084W101,ADNT,Adient plc,15736,2721,645K,111.53K,+20.9%,<.01%
015271109,ARE,Alexandria Real Estate Equities Inc,55299,874,6.95M,109.77K,+1.6%,0.02%
29472R108,ELS,Equity LifeStyle Properties Inc,58412,1595,3.92M,107.07K,+2.8%,<.01%
577081102,MAT,Mattel Inc,18171,5778,335K,106.52K,+46.6%,<.01%
62944T105,NVR,NVR Inc,552,19,3.08M,105.88K,+3.6%,<.01%
378973408,GSAT,Globalstar Inc,267521,88212,310K,102.22K,+49.2%,<.01%
14316J108,CG,Carlyle Group Inc/The,20864,3186,648K,98.95K,+18%,<.01%
655664100,JWN,Nordstrom Inc,18182,6061,296K,98.67K,+50%,<.01%
49456B101,KMI,Kinder Morgan Inc,600633,5515,10.52M,96.57K,+0.9%,0.02%
171340102,CHD,Church & Dwight Co Inc,27461,1089,2.43M,96.29K,+4.1%,<.01%
74251V102,PFG,Principal Financial Group Inc,32557,1292,2.42M,96.04K,+4.1%,<.01%
538034109,LYV,Live Nation Entertainment Inc,4391,1373,307K,95.99K,+45.5%,<.01%
48251K100,KREF,KKR Real Estate Finance Trust Inc,265907,8394,3.03M,95.62K,+3.3%,<.01%
219350105,GLW,Corning Inc,31632,2686,1.12M,94.76K,+9.3%,<.01%
681936100,OHI,Omega Healthcare Investors Inc,67161,3433,1.84M,94.1K,+5.4%,<.01%
12532H104,GIB,CGI Inc,24418,968,2.35M,93.28K,+4.1%,<.01%
G0751N103,,Atlantica Sustainable Infrastructure PL,96505,3015,2.85M,89.13K,+3.2%,<.01%
94106L109,WM,Waste Management Inc,47298,542,7.72M,88.44K,+1.2%,0.02%
45784P101,PODD,Insulet Corp,3751,277,1.2M,88.32K,+8%,<.01%
G33856108,GSM,Ferroglobe PLC,47071,17127,233K,84.78K,+57.2%,<.01%
92189F536,MLN,VanEck Long Muni ETF,18298,4615,330K,83.23K,+33.7%,<.01%
42226K105,HR,Healthcare Realty Trust Inc,116829,4204,2.26M,81.25K,+3.7%,<.01%
29414B104,EPAM,EPAM Systems Inc,6819,270,2.04M,80.73K,+4.1%,<.01%
23345M107,DTM,DT Midstream Inc,25725,1626,1.27M,80.27K,+6.7%,<.01%
525327102,LDOS,Leidos Holdings Inc,862,862,79K,79K,NEW,<.01%
73278L105,POOL,Pool Corp,6676,230,2.29M,78.76K,+3.6%,<.01%
45167R104,IEX,IDEX Corp,8547,339,1.98M,78.33K,+4.1%,<.01%
72703X106,PL,Planet Labs PBC,71643,19771,282K,77.82K,+38.1%,<.01%
74623V103,PCT,PureCycle Technologies Inc,376236,11027,2.63M,77.2K,+3%,<.01%
88262P102,TPL,Texas Pacific Land Corp,1114,45,1.9M,76.55K,+4.2%,<.01%
67421J108,,Oatly Group AB,105335,31423,255K,76.07K,+42.5%,<.01%
445658107,JBHT,JB Hunt Transport Services Inc,10713,426,1.88M,74.76K,+4.1%,<.01%
88146M101,TRNO,Terreno Realty Corp,8823,1115,570K,72.03K,+14.5%,<.01%
92763W103,VIPS,Vipshop Holdings Ltd,21043,4716,319K,71.49K,+28.9%,<.01%
303075105,FDS,Factset Research Systems Inc,4342,172,1.8M,71.38K,+4.1%,<.01%
770323103,RHI,Robert Half International Inc,21778,882,1.75M,71.08K,+4.2%,<.01%
20451Q104,CODI,Compass Diversified Holdings,3712,3712,71K,71K,NEW,<.01%
23331A109,DHI,DR Horton Inc,48767,723,4.76M,70.63K,+1.5%,0.01%
751212101,RL,Ralph Lauren Corp,2799,583,327K,68.11K,+26.3%,<.01%
053611109,AVY,Avery Dennison Corp,9422,375,1.69M,67.1K,+4.1%,<.01%
989207105,ZBRA,Zebra Technologies Corp,6444,211,2.05M,67.09K,+3.4%,<.01%
92189F106,GDX,VanEck Gold Miners ETF/USA,295368,2066,9.55M,66.83K,+0.7%,0.02%
44107P104,HST,HOST HOTELS & RESORTS INC,77887,4035,1.28M,66.52K,+5.5%,<.01%
460690100,IPG,Interpublic Group of Cos Inc/The,44591,1769,1.66M,65.89K,+4.1%,<.01%
66981J102,MNSO,MINISO Group Holding Ltd,4066,3624,72K,64.17K,+819.9%,<.01%
833034101,SNA,Snap-On Inc,6430,256,1.59M,63.22K,+4.1%,<.01%
44951Y102,,Hyzon Motors Inc,636091,76232,518K,62.08K,+13.6%,<.01%
426281101,JKHY,Jack Henry & Associates Inc,9929,394,1.5M,59.36K,+4.1%,<.01%
773122106,RKLB,Rocket Lab USA Inc,84575,14536,342K,58.78K,+20.8%,<.01%
L00849106,AGRO,adecoagro sa,53094,6864,430K,55.59K,+14.8%,<.01%
343498101,FLO,Flowers Foods Inc,11307,1992,310K,54.61K,+21.4%,<.01%
655663102,NDSN,Nordson Corp,6083,241,1.35M,53.56K,+4.1%,<.01%
058498106,BALL,Ball Corp,12412,966,684K,53.23K,+8.4%,<.01%
695156109,PKG,Packaging Corp of America,13763,380,1.91M,52.76K,+2.8%,<.01%
393222104,GPRE,Green Plains Inc,2571,1654,80K,51.47K,+180.4%,<.01%
85208M102,SFM,Sprouts Farmers Market Inc,11123,1420,390K,49.79K,+14.6%,<.01%
806407102,HSIC,Henry Schein Inc,15338,608,1.25M,49.59K,+4.1%,<.01%
48242W106,KBR,KBR Inc,863,863,48K,48K,NEW,<.01%
92189F460,XMPT,VanEck CEF Muni Income ETF,4933,2199,107K,47.7K,+80.4%,<.01%
81725T100,SXT,Sensient Technologies Corp,4102,621,314K,47.54K,+17.8%,<.01%
31620R303,FNF,Fidelity National Financial Inc,34190,1357,1.19M,47.39K,+4.1%,<.01%
831865209,AOS,A O Smith Corp,18965,673,1.31M,46.52K,+3.7%,<.01%
535555106,LNN,Lindsay Corp,2760,298,417K,45.02K,+12.1%,<.01%
574795100,MASI,Masimo Corp,6059,240,1.12M,44.28K,+4.1%,<.01%
775711104,ROL,Rollins Inc,29682,1178,1.11M,44.21K,+4.1%,<.01%
03064D108,COLD,Americold Realty Trust,29570,1532,841K,43.57K,+5.5%,<.01%
446413106,HII,Huntington Ingalls Industries Inc,208,208,43K,43K,NEW,<.01%
706327103,PBA,Pembina Pipeline Corp,159587,1291,5.17M,41.82K,+0.8%,0.01%
74340W103,PLD,Prologis Inc,329815,335,41.15M,41.8K,+0.1%,0.09%
192422103,CGNX,Cognex Corp,21128,838,1.05M,41.53K,+4.1%,<.01%
025932104,AFG,American Financial Group Inc/OH,8522,338,1.03M,41.05K,+4.1%,<.01%
G7S00T104,PNR,Pentair PLC,21809,722,1.21M,39.89K,+3.4%,<.01%
127190304,CACI,CACI International Inc,131,131,39K,39K,NEW,<.01%
277276101,EGP,EastGroup Properties Inc,4525,234,748K,38.68K,+5.5%,<.01%
G491BT108,IVZ,Invesco Ltd,12407,2313,203K,37.84K,+22.9%,<.01%
18452B209,CLSK,Cleanspark Inc,865026,13543,2.4M,37.65K,+1.6%,<.01%
70438V106,PCTY,Paylocity Holding Corp,4780,189,950K,37.56K,+4.1%,<.01%
11120U105,BRX,Brixmor Property Group Inc,32814,1700,706K,36.58K,+5.5%,<.01%
G9470A102,VTEX,VTEX,22914,9354,88K,35.92K,+69%,<.01%
00788A105,,Advent Technologies Holdings Inc,203743,33671,216K,35.7K,+19.8%,<.01%
87266J104,TPICQ,TPI Composites Inc,2719,2719,35K,35K,NEW,<.01%
85254J102,STAG,STAG Industrial Inc,19731,1022,667K,34.55K,+5.5%,<.01%
L4135L100,,FREYR Battery SA,1218832,3810,10.84M,33.87K,+0.3%,0.02%
38046C109,GOGO,Gogo Inc,20136,2332,292K,33.82K,+13.1%,<.01%
049560105,ATO,Atmos Energy Corp,35760,295,4.02M,33.15K,+0.8%,<.01%
920253101,VMI,Valmont Industries Inc,408,102,130K,32.5K,+33.3%,<.01%
368736104,GNRC,Generac Holdings Inc,7892,301,852K,32.5K,+4%,<.01%
84860W300,UNITDSPR,Spirit Realty Capital Inc,15309,793,610K,31.6K,+5.5%,<.01%
64157F103,NVRO,Nevro Corp,3516,872,127K,31.5K,+33%,<.01%
03750L109,AIRC,Apartment Income REIT Corp,16470,854,590K,30.59K,+5.5%,<.01%
29530P102,ERIE,Erie Indemnity Co,3279,130,760K,30.13K,+4.1%,<.01%
128030202,CALM,Cal-Maine Foods Inc,7012,494,427K,30.08K,+7.6%,<.01%
808625107,SAIC,Science Applications International Corp,280,280,30K,30K,NEW,<.01%
756109104,O,Realty Income Corp,204726,462,12.96M,29.25K,+0.2%,0.03%
27829L105,EOT,Eaton Vance National Municipal Opportun,69235,1638,1.22M,28.93K,+2.4%,<.01%
7591EP100,RF,Regions Financial Corp,28182,1535,523K,28.49K,+5.8%,<.01%
149123101,CAT,Caterpillar Inc,1405,120,322K,27.5K,+9.3%,<.01%
46269C102,IRDM,Iridium Communications Inc,34043,442,2.11M,27.37K,+1.3%,<.01%
98419M100,XYL,Xylem Inc/NY,8310,258,870K,27.01K,+3.2%,<.01%
L67359106,NEXA,Nexa Resources SA,19251,4139,121K,26.02K,+27.4%,<.01%
49803T300,KRG,Kite Realty Group Trust,23828,1234,498K,25.79K,+5.5%,<.01%
G0457F107,ARCO,Arcos Dorados Holdings Inc,67328,3314,519K,25.55K,+5.2%,<.01%
911163103,UNFI,United Natural Foods Inc,6206,892,164K,23.57K,+16.8%,<.01%
29452E101,EQH,Equitable Holdings Inc,51064,899,1.3M,22.83K,+1.8%,<.01%
896239100,TRMB,Trimble Inc,3532,433,185K,22.68K,+14%,<.01%
72352L106,PINS,Pinterest Inc,12645,831,345K,22.67K,+7%,<.01%
428103105,HESM,Hess Midstream LP,12156,781,352K,22.62K,+6.9%,<.01%
G4412G101,HLF,Herbalife Nutrition Ltd,8593,1357,138K,21.79K,+18.8%,<.01%
71844V201,PECO,Phillips Edison & Co Inc,12813,664,418K,21.66K,+5.5%,<.01%
49427F108,KRC,Kilroy Realty Corp,12786,663,414K,21.47K,+5.5%,<.01%
387437114,,Granite Real Estate Investment Trust,6573,341,407K,21.11K,+5.5%,<.01%
05465P101,AXNX,Axonics Inc,2440,386,133K,21.04K,+18.8%,<.01%
M8744T106,TBLA,Taboola.com Ltd,59103,7541,161K,20.54K,+14.6%,<.01%
637870106,NSA,National Storage Affiliates Trust,9339,483,390K,20.17K,+5.5%,<.01%
29670E107,EPRT,Essential Properties Realty Trust Inc,15373,796,382K,19.78K,+5.5%,<.01%
14448C104,CARR,Carrier Global Corp,107246,426,4.91M,19.49K,+0.4%,0.01%
92552V100,VSAT,Viasat Inc,11804,576,399K,19.47K,+5.1%,<.01%
71943U104,,Physicians Realty Trust,24930,1292,372K,19.28K,+5.5%,<.01%
03783T103,,AppHarvest Inc,61135,31492,37K,19.06K,+106.2%,<.01%
03784Y200,APLE,Apple Hospitality REIT Inc,23529,1219,365K,18.91K,+5.5%,<.01%
222795502,CUZ,Cousins Properties Inc,16615,861,355K,18.4K,+5.5%,<.01%
057665200,BCPC,Balchem Corp,76035,137,9.62M,17.33K,+0.2%,0.02%
11135E203,BNL,Broadstone Net Lease Inc,18927,981,322K,16.69K,+5.5%,<.01%
M22465104,CHKP,Check Point Software Technologies Ltd,42900,124,5.58M,16.12K,+0.3%,0.01%
26884U109,EPR,EPR Properties,8144,421,310K,16.03K,+5.5%,<.01%
589378108,MRCY,Mercury Systems Inc,318,318,16K,16K,NEW,<.01%
615394202,MOGA,Moog Inc,155,155,16K,16K,NEW,<.01%
14174T107,CTRE,CareTrust REIT Inc,10831,817,212K,15.99K,+8.2%,<.01%
529043101,LXP,LXP Industrial Trust,29761,1542,307K,15.91K,+5.5%,<.01%
700517105,PK,Park Hotels & Resorts Inc,24520,1270,303K,15.69K,+5.5%,<.01%
45826H109,ITGR,Integer Holdings Corp,1588,196,123K,15.18K,+14.1%,<.01%
22002T108,CDP,Corporate Office Properties Trust,12321,638,292K,15.12K,+5.5%,<.01%
78573L106,SBRA,Sabra Health Care REIT Inc,25243,1308,290K,15.03K,+5.5%,<.01%
70202L102,PSN,Parsons Corp,340,340,15K,15K,NEW,<.01%
477839104,JBTM,John Bean Technologies Corp,642,133,70K,14.5K,+26.1%,<.01%
963320106,WHR,WHIRLPOOL CORP,6933,108,915K,14.25K,+1.6%,<.01%
8676EP108,STKL,SunOpta Inc,12828,1843,99K,14.22K,+16.8%,<.01%
431284108,HIW,Highwoods Properties Inc,11428,592,265K,13.73K,+5.5%,<.01%
353469109,FC,Franklin Covey Co,5831,353,224K,13.56K,+6.4%,<.01%
554382101,MAC,Macerich Co/The,23556,1220,250K,12.95K,+5.5%,<.01%
35086T109,FCPT,Four Corners Property Trust Inc,9151,475,246K,12.77K,+5.5%,<.01%
29336T100,ENLC,EnLink Midstream LLC,66814,1163,724K,12.6K,+1.8%,<.01%
501889208,LKQ,LKQ Corp,7655,221,434K,12.53K,+3%,<.01%
63633D104,NHI,National Health Investors Inc,4568,237,236K,12.24K,+5.5%,<.01%
008073108,AVAV,AeroVironment Inc,134,134,12K,12K,NEW,<.01%
80880W106,SCLX,Scilex Holding Co,1610,1610,12K,12K,NEW,<.01%
45781V101,IIPR,Innovative Industrial Properties Inc,3037,157,231K,11.94K,+5.5%,<.01%
867892101,SHO,Sunstone Hotel Investors Inc,23199,1202,229K,11.87K,+5.5%,<.01%
25960P109,DEI,Douglas Emmett Inc,18594,963,229K,11.86K,+5.5%,<.01%
G8232Y101,PENG,SMART Global Holdings Inc,19649,665,339K,11.47K,+3.5%,<.01%
875465106,SKT,Tanger Factory Outlet Centers Inc,11090,575,218K,11.3K,+5.5%,<.01%
50540R409,,Laboratory Corp of America Holdings,5298,49,1.22M,11.24K,+0.9%,<.01%
489398107,KW,Kennedy-Wilson Holdings Inc,12915,669,214K,11.09K,+5.5%,<.01%
50077B207,KTOS,Kratos Defense & Security Solutions Inc,822,822,11K,11K,NEW,<.01%
98980F104,GTM,ZoomInfo Technologies Inc,7913,435,196K,10.77K,+5.8%,<.01%
89612W102,,Tricon Residential Inc,26682,1382,207K,10.72K,+5.5%,<.01%
70509V100,PEB,Pebblebrook Hotel Trust,14205,735,199K,10.3K,+5.5%,<.01%
08579W103,BERY,Berry Plastics Group Inc,696,174,41K,10.25K,+33.3%,<.01%
82981J109,,SITE Centers Corp,21005,807,258K,9.91K,+4%,<.01%
91704F104,UE,Urban Edge Properties,12513,648,188K,9.74K,+5.5%,<.01%
G04553106,,Arco Platform Ltd,6951,888,76K,9.71K,+14.6%,<.01%
74965L101,RLJ,RLJ Lodging Trust,17541,909,186K,9.64K,+5.5%,<.01%
252784301,DRH,DiamondRock Hospitality Co,22939,1188,186K,9.63K,+5.5%,<.01%
76131N101,ROIC,Retail Opportunity Investments Corp,13189,683,184K,9.53K,+5.5%,<.01%
72651A207,PAGP,Plains GP Holdings LP,59673,713,783K,9.36K,+1.2%,<.01%
81761L102,SVC,Service Properties Trust,17963,931,179K,9.28K,+5.5%,<.01%
46590V100,JBGS,JBG SMITH Properties,11753,609,177K,9.17K,+5.5%,<.01%
745867101,PHM,PulteGroup Inc,34563,157,2.01M,9.15K,+0.5%,<.01%
128246105,CVGW,Calavo Growers Inc,2174,313,63K,9.07K,+16.8%,<.01%
33830Q109,FEAM,5E Advanced Materials Inc,349410,1670,1.89M,9.05K,+0.5%,<.01%
46124J201,IVT,InvenTrust Properties Corp,7411,384,173K,8.96K,+5.5%,<.01%
939653101,ELME,Elme Communities,9561,496,171K,8.87K,+5.5%,<.01%
88830M102,TWI,Titan International Inc,3380,845,35K,8.75K,+33.3%,<.01%
374297109,GTY,Getty Realty Corp,4613,239,166K,8.6K,+5.5%,<.01%
984017103,XHR,Xenia Hotels & Resorts Inc,12510,648,164K,8.49K,+5.5%,<.01%
405217100,HAIN,Hain Celestial Group Inc/The,9183,468,157K,8K,+5.4%,<.01%
502175102,LTC,LTC Properties Inc,4371,227,154K,8K,+5.5%,<.01%
014491104,ALEX,Alexander & Baldwin Inc,7922,411,150K,7.78K,+5.5%,<.01%
379378201,GNL,Global Net Lease Inc,11396,590,147K,7.61K,+5.5%,<.01%
004239109,AKR,Acadia Realty Trust,10187,527,142K,7.35K,+5.5%,<.01%
554489104,VRE,VERIS RESIDENTIAL INC,9420,488,138K,7.15K,+5.5%,<.01%
27616P103,DEA,Easterly Government Properties Inc,9971,517,137K,7.1K,+5.5%,<.01%
M51474118,GILT,Gilat Satellite Networks Ltd,35391,1381,182K,7.1K,+4.1%,<.01%
852312305,STAA,STAAR Surgical Co,2061,105,132K,6.72K,+5.4%,<.01%
03748R747,AIV,Apartment Investment and Management Co,16379,849,126K,6.53K,+5.5%,<.01%
35969L108,YMM,Full Truck Alliance Co Ltd,765,765,6K,6K,NEW,<.01%
671044105,OSIS,OSI Systems Inc,85,85,6K,6K,NEW,<.01%
88025U109,TXG,10X Genomics Inc,1632,107,91K,5.97K,+7%,<.01%
64119V303,NTST,NETSTREIT Corp,6027,312,110K,5.69K,+5.5%,<.01%
91325V108,UNIT,Uniti Group Inc,46489,1589,165K,5.64K,+3.5%,<.01%
674599105,OXY,Occidental Petroleum Corp,26685,90,1.67M,5.62K,+0.3%,<.01%
65341D102,NXRT,NexPoint Residential Trust Inc,2475,128,108K,5.59K,+5.5%,<.01%
444097109,HPP,Hudson Pacific Properties Inc,15135,784,101K,5.23K,+5.5%,<.01%
024013104,AAT,American Assets Trust Inc,5400,279,100K,5.17K,+5.4%,<.01%
720190206,PDM,Piedmont Office Realty Trust Inc,13444,697,98K,5.08K,+5.5%,<.01%
20369C106,CHCT,Community Healthcare Trust Inc,2593,134,95K,4.91K,+5.4%,<.01%
292104106,ESRT,Empire State Realty Trust Inc,14550,754,94K,4.87K,+5.5%,<.01%
69924R108,PGRE,Paramount Group Inc,20481,1061,93K,4.82K,+5.5%,<.01%
02607T109,,Necessity Retail REIT Inc/The,14615,757,92K,4.77K,+5.5%,<.01%
15202L107,CSR,Centerspace,1647,85,90K,4.64K,+5.4%,<.01%
G2519Y108,BAP,Credicorp Ltd,63048,35,8.35M,4.63K,+0.1%,0.02%
817070501,SENEA,Seneca Foods Corp,619,89,32K,4.6K,+16.8%,<.01%
09260D107,BX,Blackstone Inc,94391,52,8.29M,4.57K,+0.1%,0.02%
74971D101,,RPT Realty,9240,479,88K,4.56K,+5.5%,<.01%
105368203,BDN,Brandywine Realty Trust,18562,961,88K,4.56K,+5.5%,<.01%
38045R206,GOQN,Gol Linhas Aereas Inteligentes SA,77038,1716,203K,4.52K,+2.3%,<.01%
04208T108,AHRT,Armada Hoffler Properties Inc,7339,380,87K,4.5K,+5.5%,<.01%
39986L109,GRWG,GrowGeneration Corp,9153,1316,31K,4.46K,+16.8%,<.01%
N2451R105,CVAC,CureVac NV,2204,635,15K,4.32K,+40.5%,<.01%
866082100,INN,Summit Hotel Properties Inc,11456,594,80K,4.15K,+5.5%,<.01%
63888U108,NGVC,Natural Grocers by Vitamin Cottage Inc,2390,344,28K,4.03K,+16.8%,<.01%
92707Y108,VFF,Village Farms International Inc,14775,4747,12K,3.86K,+47.3%,<.01%
95040Q104,WELL,Welltower Inc,177933,52,12.76M,3.73K,+0%,0.03%
03676B102,AM,Antero Midstream Corp,89983,350,944K,3.67K,+0.4%,<.01%
03152W109,FOLD,Amicus Therapeutics Inc,3311,323,37K,3.61K,+10.8%,<.01%
69404D108,PACB,Pacific Biosciences of California Inc,2768,303,32K,3.5K,+12.3%,<.01%
91359E105,UHT,Universal Health Realty Income Trust,1401,72,67K,3.44K,+5.4%,<.01%
67623C109,OPI,Office Properties Income Trust,5241,271,64K,3.31K,+5.5%,<.01%
30050B101,EVH,Evolent Health Inc,2036,99,66K,3.21K,+5.1%,<.01%
G1117K114,BIOX,Bioceres Crop Solutions Corp,1802,271,21K,3.16K,+17.7%,<.01%
450056106,IRTC,iRhythm Technologies Inc,569,25,71K,3.12K,+4.6%,<.01%
74834L100,DGX,QUEST DIAGNOSTICS INC,14791,21,2.09M,2.97K,+0.1%,<.01%
05501U106,AZULQ,Azul SA,65509,386,468K,2.76K,+0.6%,<.01%
56600D107,MRVI,Maravai LifeSciences Holdings Inc,1879,198,26K,2.74K,+11.8%,<.01%
64049M209,NEO,NeoGenomics Inc,2174,125,38K,2.18K,+6.1%,<.01%
517097101,LGO,Largo Inc,18589,414,96K,2.14K,+2.3%,<.01%
95058W100,WEN,Wendy's/Arby's Group Inc,3127,85,68K,1.85K,+2.8%,<.01%
74051N102,PINC,Premier Inc,2724,39,88K,1.26K,+1.5%,<.01%
M6158M104,ITRN,Ituran Location and Control Ltd,2502,57,54K,1.23K,+2.3%,<.01%
04280A100,ARWR,Arrowhead Pharmaceuticals Inc,2132,46,54K,1.17K,+2.2%,<.01%
92189F692,PPH,VanEck Pharmaceutical ETF,64,13,5K,1.02K,+25.5%,<.01%
53960E106,LOCL,Local Bounti Corp,5552,1388,4K,1K,+33.3%,<.01%
16955F107,FUTU,Chindata Group Holdings Ltd,10298,130,72K,908.91,+1.3%,<.01%
92189H797,,VanEck Future of Food ETF,151,41,3K,814.57,+37.3%,<.01%
83307B101,SNDL,SNDL Inc,17291,497,28K,804.81,+3%,<.01%
46185L103,,Invitae Corp,3601,427,5K,592.89,+13.5%,<.01%
74762E102,PWR,Quanta Services Inc,1914,3,319K,500,+0.2%,<.01%
G01125106,AFYA,Afya Ltd,21132,41,236K,457.88,+0.2%,<.01%
92189F726,BBH,VanEck Biotech ETF,21,2,3K,285.71,+10.5%,<.01%
46137V100,PPA,Invesco Aerospace & Defense ETF,69,3,6K,260.87,+4.5%,<.01%
G9451V109,VINP,Vinci Partners Investments Ltd,15793,32,128K,259.36,+0.2%,<.01%
88557W101,QFIN,360 DigiTech Inc,4235,10,82K,193.62,+0.2%,<.01%
65341B106,XIFR,NextEra Energy Partners LP,1182,3,72K,182.74,+0.3%,<.01%
L44385109,GLOB,Globant SA,342,1,56K,163.74,+0.3%,<.01%
844895102,SWX,Southwest Gas Holdings Inc,350,2,22K,125.71,+0.6%,<.01%
952845105,WFG,West Fraser Timber Co Ltd,1628,1,116K,71.25,+0.1%,<.01%
61218C103,MNTK,Montauk Renewables Inc,750,5,6K,40,+0.7%,<.01%
761624105,REX,REX American Resources Corp,91,1,3K,32.97,+1.1%,<.01%
78397Q109,SES,SES AI Corp,1598,10,5K,31.29,+0.6%,<.01%
02217A102,AMPS,Altus Power Inc,829,5,5K,30.16,+0.6%,<.01%
184499101,CLNE,Clean Energy Fuels Corp,1161,6,5K,25.84,+0.5%,<.01%
87968A104,TELL,Tellurian Inc,2949,17,4K,23.06,+0.6%,<.01%
864482104,SPH,Suburban Propane Partners LP,331,1,5K,15.11,+0.3%,<.01%
374396406,GEVO,Gevo Inc,1239,8,2K,12.91,+0.6%,<.01%
92189F486,FLTR,VanEck IG Floating Rate ETF,495100,0,12.36M,0,NO CHANGE,0.03%
92189H854,MBBB,Vaneck Moody's Analytics BBB Corporate,327000,0,6.91M,0,NO CHANGE,0.02%
92189H862,MIG,VanEck Moody's Analytics IG Corporate B,284000,0,6M,0,NO CHANGE,0.01%
92189H102,DURA,VanEck Durable High Dividend ETF,152770,0,4.79M,0,NO CHANGE,0.01%
36118L106,FUTU,Futu Holdings Ltd,54500,0,2.83M,0,NO CHANGE,<.01%
92189H813,SMI,VanEck HIP Sustainable Muni ETF,50000,0,2.3M,0,NO CHANGE,<.01%
92189Y105,MOTE,Vaneck Morningstar ESG Moat ETF,50000,0,1.17M,0,NO CHANGE,<.01%
92189H409,HYD,VanEck High Yield Muni ETF,13933,0,721K,0,NO CHANGE,<.01%
92189H763,,Vaneck Digital Asset Mining ETF,40000,0,451K,0,NO CHANGE,<.01%
91531W106,TIGR,Up Fintech Holding Ltd,74181,0,247K,0,NO CHANGE,<.01%
464285204,IAU,iShares Gold Trust,6254,0,234K,0,NO CHANGE,<.01%
98149E303,GLDM,SPDR Gold MiniShares Trust,5993,0,234K,0,NO CHANGE,<.01%
92189F387,SHYD,VanEck Short High Yield MuniETF,5781,0,129K,0,NO CHANGE,<.01%
92189F437,ANGL,VanEck Fallen Angel High Yield Bond ETF,3612,0,101K,0,NO CHANGE,<.01%
205826209,CMTL,Comtech Telecommunications Corp,7722,0,96K,0,NO CHANGE,<.01%
70014A104,PKE,Park Aerospace Corp,4657,0,63K,0,NO CHANGE,<.01%
89455T109,TMCI,Treace Medical Concepts Inc,2274,0,57K,0,NO CHANGE,<.01%
92189F445,IHY,VanEck International High Yield Bond ET,2694,0,54K,0,NO CHANGE,<.01%
G16258108,BEP,Brookfield Renewable Partners LP,1200,0,38K,0,NO CHANGE,<.01%
92189H300,EMLC,VanEck J.P. Morgan EM Local Currency,1052,0,27K,0,NO CHANGE,<.01%
92189F353,HYEM,VanEck Emerging Markets High Yield Bond,1426,0,26K,0,NO CHANGE,<.01%
27827Y109,,Eaton Vance New York Municipal Bond Fun,2238,0,22K,0,NO CHANGE,<.01%
64123C101,,Neuberger Berman California Municipal F,1951,0,22K,0,NO CHANGE,<.01%
670980101,,Nuveen Ohio Quality Municipal Income Fu,1701,0,22K,0,NO CHANGE,<.01%
082490111,BHLWQ,Benson Hill Inc,241400,0,21K,0,NO CHANGE,<.01%
59318B108,CXH,MFS Investment Grade Municipal Trust,2806,0,21K,0,NO CHANGE,<.01%
67069Y102,NXJ,Nuveen New Jersey Quality Municipal Inc,1739,0,20K,0,NO CHANGE,<.01%
670972108,NQP,Nuveen Pennsylvania Quality Municipal I,1776,0,20K,0,NO CHANGE,<.01%
59318E102,CMU,MFS High Yield Municipal Trust,6033,0,19K,0,NO CHANGE,<.01%
90184D100,TWST,Twist Bioscience Corp,782,0,12K,0,NO CHANGE,<.01%
92189F502,SMOG,VanEck Low Carbon Energy ETF,63,0,8K,0,NO CHANGE,<.01%
26922A420,QTUM,Defiance Quantum ETF,154,0,7K,0,NO CHANGE,<.01%
400506101,PAC,Grupo Aeroportuario del Pacifico SAB de,33,0,6K,0,NO CHANGE,<.01%
26922A289,UFOX,Defiance Next Gen Connectivity ETF,161,0,5K,0,NO CHANGE,<.01%
37954Y780,SNSR,Global X Internet of Things ETF,136,0,5K,0,NO CHANGE,<.01%
92189F114,ESPO,VanEck Video Gaming and eSports ETF,84,0,4K,0,NO CHANGE,<.01%
92189Y204,EMET,VanEck Green Metals ETF,155,0,4K,0,NO CHANGE,<.01%
05968L102,CIB,BanColombia SA,130,0,3K,0,NO CHANGE,<.01%
37954Y442,CLOU,Global X Cloud Computing ETF,163,0,3K,0,NO CHANGE,<.01%
37954Y624,DRIV,Global X Autonomous & Electric Vehicles,144,0,3K,0,NO CHANGE,<.01%
37954Y715,BOTZ,Global X Robotics & Artificial Intellig,120,0,3K,0,NO CHANGE,<.01%
37950E416,SOCL,Global X Social Media ETF,66,0,2K,0,NO CHANGE,<.01%
37954Y285,,Global X Telemedicine & Digital Health,177,0,2K,0,NO CHANGE,<.01%
518613203,LAUR,Laureate Education Inc,187,0,2K,0,NO CHANGE,<.01%
92189F676,SMH,VanEck Semiconductor ETF,8,0,2K,0,NO CHANGE,<.01%
00214Q203,ARKQ,ARK Autonomous Technology & Robotics ET,26,0,1K,0,NO CHANGE,<.01%
39813G109,GDYN,Grid Dynamics Holdings Inc,127,0,1K,0,NO CHANGE,<.01%
00650F109,ADPT,Adaptive Biotechnologies Corp,1787,-6,16K,-53.72,-0.3%,<.01%
22266T109,CPNG,Coupang Inc,235,-5,4K,-85.11,-2.1%,<.01%
36165L108,GDS,GDS Holdings Ltd,210,-5,4K,-95.24,-2.3%,<.01%
256135203,RDY,Dr Reddy's Laboratories Ltd,125,-2,7K,-112,-1.6%,<.01%
44842L103,HCM,Hutchmed China Ltd,550,-10,7K,-127.27,-1.8%,<.01%
98887Q104,ZLAB,Zai Lab Ltd,138,-4,5K,-144.93,-2.8%,<.01%
056752108,BIDU,Baidu Inc,61,-1,9K,-147.54,-1.6%,<.01%
98980A105,ZTO,ZTO Express Cayman Inc,282,-6,8K,-170.21,-2.1%,<.01%
344419106,FMX,Fomento Economico Mexicano SAB de CV,78,-2,7K,-179.49,-2.5%,<.01%
02361E108,AMRC,Ameresco Inc,508,-6,25K,-295.28,-1.2%,<.01%
97651M109,WIT,Wipro Ltd,16298,-92,73K,-412.08,-0.6%,<.01%
465741106,ITRI,Itron Inc,703,-9,39K,-499.29,-1.3%,<.01%
18539C204,CWEN,Clearway Energy Inc,1273,-16,40K,-502.75,-1.2%,<.01%
74167P108,PRMW,Primo Water Corp,1611,-39,25K,-605.21,-2.4%,<.01%
46121Y201,IPI,Intrepid Potash Inc,627,-25,17K,-677.83,-3.8%,<.01%
59151K108,MEOH,Methanex Corp,723,-16,34K,-752.42,-2.2%,<.01%
538146101,LPSN,LivePerson Inc,14364,-201,63K,-881.58,-1.4%,<.01%
92189H821,DAPP,VanEck Digital Transformation ETF,375000,-190,1.74M,-881.6,-0.1%,<.01%
M8737E108,,Taro Pharmaceutical Industries Ltd,2766,-39,67K,-944.69,-1.4%,<.01%
71944F106,PHR,Phreesia Inc,779,-31,25K,-994.87,-3.8%,<.01%
00848K101,UAVS,AgEagle Aerial Systems Inc,0,-2532,0,-1K,CLOSE,0%
89484T104,NEXN,Tremor International Ltd,13813,-194,72K,-1.01K,-1.4%,<.01%
871332102,SLVM,Sylvamo Corp,1106,-23,51K,-1.06K,-2%,<.01%
07373V105,BEAM,Beam Therapeutics Inc,1088,-36,33K,-1.09K,-3.2%,<.01%
68213N109,OMCL,Omnicell Inc,836,-19,49K,-1.11K,-2.2%,<.01%
559166103,MGIC,Magic Software Enterprises Ltd,6074,-85,83K,-1.16K,-1.4%,<.01%
457730109,INSP,Inspire Medical Systems Inc,741,-5,173K,-1.17K,-0.7%,<.01%
03044L105,AMWL,American Well Corp,4485,-479,11K,-1.17K,-9.6%,<.01%
M70700105,NNOX,Nano-X Imaging Ltd,15562,-218,90K,-1.26K,-1.4%,<.01%
015857105,AQN,Algonquin Power & Utilities Corp,7121,-157,60K,-1.32K,-2.2%,<.01%
20441A102,SBS,Cia de Saneamento Basico do Estado de S,7140,-146,71K,-1.45K,-2%,<.01%
19247A100,CNS,Cohen & Steers Inc,485,-24,31K,-1.53K,-4.7%,<.01%
M15342104,AUDC,AudioCodes Ltd,7335,-102,111K,-1.54K,-1.4%,<.01%
019770106,ALLO,Allogene Therapeutics Inc,2208,-323,11K,-1.61K,-12.8%,<.01%
36315X101,LKFT,Galapagos NV,956,-42,37K,-1.63K,-4.2%,<.01%
92847W103,VITL,Vital Farms Inc,1675,-113,26K,-1.75K,-6.3%,<.01%
60510V108,AVO,Mission Produce Inc,2813,-169,31K,-1.86K,-5.7%,<.01%
754907103,RYN,RAYONIER INC,4315,-58,144K,-1.94K,-1.3%,<.01%
03236M200,AAPL,Amyris Inc,0,-990,0,-2K,CLOSE,0%
000380204,,Abcam PLC,3386,-150,46K,-2.04K,-4.2%,<.01%
030371108,AVD,American Vanguard Corp,1856,-101,41K,-2.23K,-5.2%,<.01%
626755102,MUSA,Murphy USA Inc,283,-9,73K,-2.32K,-3.1%,<.01%
31154R109,FPI,Farmland Partners Inc,3343,-219,36K,-2.36K,-6.1%,<.01%
157210105,CEVA,Ceva Inc,5663,-79,172K,-2.4K,-1.4%,<.01%
465562106,ITUB,Itau Unibanco Holding SA,610,-496,3K,-2.44K,-44.8%,<.01%
52661A108,DRS,Leonardo DRS Inc,13927,-195,181K,-2.53K,-1.4%,<.01%
77634L105,,R1 RCM Inc,4031,-178,60K,-2.65K,-4.2%,<.01%
G7T16G103,SPNS,Sapiens International Corp NV,9613,-134,209K,-2.91K,-1.4%,<.01%
68375N103,OPK,Opko Health Inc,142171,-1993,208K,-2.92K,-1.4%,<.01%
377322102,GKOS,Glaukos Corp,2515,-60,126K,-3.01K,-2.3%,<.01%
M20791105,CAMT,Camtek Ltd/Israel,7870,-110,223K,-3.12K,-1.4%,<.01%
52567D107,LMND,Lemonade Inc,16197,-227,231K,-3.24K,-1.4%,<.01%
M81873107,RDWR,RADWARE Ltd,10900,-152,235K,-3.28K,-1.4%,<.01%
502160104,LXU,LSB Industries Inc,3606,-329,37K,-3.38K,-8.4%,<.01%
63008G203,NNDM,Nano Dimension Ltd,83240,-1167,241K,-3.38K,-1.4%,<.01%
670704105,,NUVASIVE INC,2929,-82,121K,-3.39K,-2.7%,<.01%
811543107,SEB,Seaboard Corp,17,-1,64K,-3.76K,-5.6%,<.01%
M6372Q113,KRNT,Kornit Digital Ltd,13990,-196,271K,-3.8K,-1.4%,<.01%
72815L107,PLTK,Playtika Holding Corp,24162,-339,272K,-3.82K,-1.4%,<.01%
87918A105,TDOC,Teladoc Health Inc,2733,-152,71K,-3.95K,-5.3%,<.01%
25243Q205,DEO,Diageo PLC,0,-25,0,-4K,CLOSE,0%
M85548101,SSYS,Stratasys Ltd,18236,-256,301K,-4.23K,-1.4%,<.01%
644393100,NFE,New Fortress Energy Inc,2207,-150,65K,-4.42K,-6.4%,<.01%
875372203,TNDM,Tandem Diabetes Care Inc,4084,-113,166K,-4.59K,-2.7%,<.01%
034164103,ANDE,Andersons Inc/The,2110,-113,87K,-4.66K,-5.1%,<.01%
G36738105,DMC,Fresh Del Monte Produce Inc,2504,-159,75K,-4.76K,-6%,<.01%
388689101,GPK,Graphic Packaging Holding Co,8963,-189,228K,-4.81K,-2.1%,<.01%
M4R82T106,FVRR,Fiverr International Ltd,9811,-138,343K,-4.82K,-1.4%,<.01%
00790R104,WMS,Advanced Drainage Systems Inc,727,-59,61K,-4.95K,-7.5%,<.01%
92189F429,PFXF,VanEck Preferred Securities ex Financia,2530,-292,45K,-5.19K,-10.3%,<.01%
70451X104,PAYO,Payoneer Global Inc,59748,-838,375K,-5.26K,-1.4%,<.01%
66765N105,NWN,Northwest Natural Holding Co,8176,-115,389K,-5.47K,-1.4%,<.01%
83422N105,SLDP,Solid Power Inc,217860,-1820,656K,-5.48K,-0.8%,<.01%
92766K106,SPCE.MX,Virgin Galactic Holdings Inc,58845,-1407,238K,-5.69K,-2.3%,<.01%
264147109,DCO,Ducommun Inc,3222,-110,176K,-6.01K,-3.3%,<.01%
M6191J100,FROG,JFrog Ltd,22143,-311,436K,-6.12K,-1.4%,<.01%
871829107,SYY,Sysco Corp,56489,-82,4.36M,-6.33K,-0.1%,<.01%
09627Y109,BPMC,Blueprint Medicines Corp,825,-161,37K,-7.22K,-16.3%,<.01%
92343X100,VRNT,Verint Systems Inc,13961,-196,520K,-7.3K,-1.4%,<.01%
M78673114,PERI,Perion Network Ltd,13447,-189,532K,-7.48K,-1.4%,<.01%
435763107,,Holly Energy Partners LP,4505,-453,78K,-7.84K,-9.1%,<.01%
38747R108,COMB,GraniteShares Bloomberg Commodity Broad,0,-357,0,-8K,CLOSE,0%
60741F104,MBLY,Mobileye Global Inc,13199,-185,571K,-8K,-1.4%,<.01%
984245100,YPF,YPF SA,5637,-738,62K,-8.12K,-11.6%,<.01%
674215207,CHRD,Oasis Petroleum Inc,573,-61,77K,-8.2K,-9.6%,<.01%
37611X100,DNA.MX,Ginkgo Bioworks Holdings Inc,9005,-6228,12K,-8.3K,-40.9%,<.01%
531229854,,Liberty Media Corp-Liberty Formula One,4441,-112,332K,-8.37K,-2.5%,<.01%
85859N102,,Stem Inc,1714976,-1540,9.72M,-8.73K,-0.1%,0.02%
810186106,SMG,Scotts Miracle-Gro Co/The,2754,-127,192K,-8.85K,-4.4%,<.01%
576485205,MTDR,Matador Resources Co,1575,-186,75K,-8.86K,-10.6%,<.01%
922280102,VRNS,Varonis Systems Inc,24336,-341,633K,-8.87K,-1.4%,<.01%
29415B103,EVA,Enviva Inc,2018,-312,58K,-8.97K,-13.4%,<.01%
64135A408,NBCM,Neuberger Berman Commodity Strategy ETF,0,-400,0,-9K,CLOSE,0%
M9T951109,ZIM,ZIM Integrated Shipping Services Ltd,27398,-384,646K,-9.05K,-1.4%,<.01%
784305104,HTO,SJW Group,6623,-122,504K,-9.28K,-1.8%,<.01%
68389X105,ORCL,Oracle Corp,28984,-100,2.69M,-9.29K,-0.3%,<.01%
636180101,NFG,National Fuel Gas Co,1257,-160,73K,-9.29K,-11.3%,<.01%
55277P104,MGEE,MGE Energy Inc,8585,-120,667K,-9.32K,-1.4%,<.01%
17888H103,CIVI,Bonanza Creek Energy Inc,1041,-138,71K,-9.41K,-11.7%,<.01%
05351W103,AGR,Avangrid Inc,17763,-236,709K,-9.42K,-1.3%,<.01%
92932M101,,WNS Holdings Ltd,696,-103,65K,-9.62K,-12.9%,<.01%
M5216V106,GLBE,Global-e Online Ltd,21985,-308,709K,-9.93K,-1.4%,<.01%
83587F202,SRNE,Sorrento Therapeutics Inc,0,-11418,0,-10K,CLOSE,0%
371927104,GEL,Genesis Energy LP,8873,-893,100K,-10.06K,-9.1%,<.01%
M7S64H106,MNDY,Monday.com Ltd,5110,-71,729K,-10.13K,-1.4%,<.01%
05379B107,AVA,Avista Corp,17399,-245,739K,-10.41K,-1.4%,<.01%
626717102,MUR,Murphy Oil Corp,2115,-284,78K,-10.47K,-11.8%,<.01%
668074305,NWE,NorthWestern Corp,13983,-190,809K,-10.99K,-1.3%,<.01%
127537207,CDZI,Cadiz Inc,0,-4329,0,-11K,CLOSE,0%
92189F411,BIZD,VanEck BDC Income ETF,2664,-744,40K,-11.17K,-21.8%,<.01%
130788102,CWT,California Water Service Group,13364,-192,778K,-11.18K,-1.4%,<.01%
M5425M103,INMD,Inmode Ltd,25014,-351,799K,-11.21K,-1.4%,<.01%
M7516K103,NVMI,Nova Ltd,7800,-109,815K,-11.39K,-1.4%,<.01%
029899101,AWR,American States Water Co,9088,-130,808K,-11.56K,-1.4%,<.01%
84857L101,SR,Spire Inc,12024,-169,843K,-11.85K,-1.4%,<.01%
81730H109,S,SentinelOne Inc,51770,-726,847K,-11.88K,-1.4%,<.01%
75281A109,RRC,Range Resources Corp,3358,-455,89K,-12.06K,-11.9%,<.01%
018522300,ALE,ALLETE Inc,13519,-190,870K,-12.23K,-1.4%,<.01%
855244109,SBUX,Starbucks Corp,110161,-120,11.47M,-12.5K,-0.1%,0.03%
02215L209,KNTK,Kinetik Holdings Inc,6777,-411,212K,-12.86K,-5.7%,<.01%
33813J106,FSRNQ,Fisker Inc,57138,-2135,351K,-13.12K,-3.6%,<.01%
082490103,,Benson Hill Inc,1304048,-11622,1.5M,-13.37K,-0.9%,<.01%
G6674U108,NVCR,Novocure Ltd,16151,-226,971K,-13.59K,-1.4%,<.01%
092113109,BKH,Black Hills Corp,15330,-216,967K,-13.63K,-1.4%,<.01%
803866300,SSL,Sasol Ltd,38363,-1026,524K,-14.01K,-2.6%,<.01%
68235P108,OGS,ONE Gas Inc,12681,-178,1M,-14.11K,-1.4%,<.01%
V5633W109,MMYT,MakeMyTrip Ltd,11146,-585,273K,-14.33K,-5%,<.01%
460146103,IP,International Paper Co,10226,-400,369K,-14.43K,-3.8%,<.01%
46132X101,OIA,Invesco Municipal Income Opportunities,165186,-2187,1.1M,-14.52K,-1.3%,<.01%
736508847,POR,Portland General Electric Co,21100,-297,1.03M,-14.53K,-1.4%,<.01%
11275Q107,BIPC.TO,Brookfield Infrastructure Corp,23127,-325,1.07M,-14.98K,-1.4%,<.01%
96145D105,,Westrock Co,9255,-500,282K,-15.24K,-5.1%,<.01%
934423104,WBD,Warner Bros Discovery Inc,56059,-1042,847K,-15.74K,-1.8%,<.01%
114340102,AZTA,Azenta Inc,1161,-355,52K,-15.9K,-23.4%,<.01%
87663X102,TTCFQ,Tattooed Chef Inc,0,-12746,0,-16K,CLOSE,0%
19239V302,CCOI,Cogent Communications Holdings Inc,9960,-253,635K,-16.13K,-2.5%,<.01%
M3760D101,ESLT,Elbit Systems Ltd,6824,-96,1.16M,-16.35K,-1.4%,<.01%
03674X106,AR,Antero Resources Corp,3715,-708,86K,-16.39K,-16%,<.01%
M98068105,WIX,Wix.com Ltd,11800,-165,1.18M,-16.47K,-1.4%,<.01%
68404L201,OPCH,OPTION CARE HEALTH INC,8387,-529,266K,-16.78K,-5.9%,<.01%
629377508,NRG,NRG ENERGY INC,2218,-500,76K,-17.13K,-18.4%,<.01%
451107106,IDA,IDACORP Inc,12202,-165,1.32M,-17.88K,-1.3%,<.01%
136635109,CSIQ,Canadian Solar Inc,17056,-476,679K,-18.95K,-2.7%,<.01%
219798105,QDEL,QuidelOrtho Corp,11492,-213,1.02M,-18.98K,-1.8%,<.01%
M87915274,TSEM,Tower Semiconductor Ltd,32262,-453,1.37M,-19.24K,-1.4%,<.01%
03076C106,AMP,Ameriprise Financial Inc,17319,-66,5.31M,-20.23K,-0.4%,0.01%
29109X106,AZPN,Aspen Technology Inc,399,-90,91K,-20.53K,-18.4%,<.01%
66979W842,NMG,Nouveau Monde Graphite Inc,448943,-4030,2.3M,-20.67K,-0.9%,<.01%
35952H601,FCEL,FuelCell Energy Inc,136222,-7383,388K,-21.03K,-5.1%,<.01%
36262G101,GXO,GXO Logistics Inc,2186,-424,110K,-21.34K,-16.2%,<.01%
682680103,OKE,Oneok Inc,117834,-338,7.49M,-21.48K,-0.3%,0.02%
419870100,HE,Hawaiian Electric Industries Inc,28274,-565,1.09M,-21.7K,-2%,<.01%
03743Q108,APA,APA Corp,4585,-606,165K,-21.81K,-11.7%,<.01%
708062104,PNNT,PennantPark Investment Corp,0,-3822,0,-22K,CLOSE,0%
453038408,IMO,Imperial Oil Ltd,2544,-435,129K,-22.06K,-14.6%,<.01%
67058H102,,NuStar Energy LP,7520,-1411,118K,-22.14K,-15.8%,<.01%
02005N100,ALLY,Ally Financial Inc,3986,-898,102K,-22.98K,-18.4%,<.01%
M2682V108,CYBR,CyberArk Software Ltd,11850,-167,1.75M,-24.72K,-1.4%,<.01%
00857U107,AGL,agilon health Inc,1683,-1055,40K,-25.07K,-38.5%,<.01%
428291108,HXL,Hexcel Corp,4400,-371,300K,-25.3K,-7.8%,<.01%
913903100,UHS,Universal Health Services Inc,919,-207,117K,-26.35K,-18.4%,<.01%
G5480U120,,Liberty Global PLC,5921,-1334,121K,-27.26K,-18.4%,<.01%
087266J10,,TPI Composites Inc,0,-2718,0,-28K,CLOSE,0%
16411R208,LNG,Cheniere Energy Inc,66124,-183,10.42M,-28.84K,-0.3%,0.02%
90353T100,UBER,Uber Technologies Inc,16256,-917,515K,-29.05K,-5.3%,<.01%
V7780T103,RCL,Royal Caribbean Cruises Ltd,2214,-473,145K,-30.98K,-17.6%,<.01%
872540109,TJX,TJX Cos Inc/The,249112,-403,19.52M,-31.58K,-0.2%,0.04%
45378A106,IRT,Independence Realty Trust Inc,63706,-2017,1.02M,-32.33K,-3.1%,<.01%
042735100,ARW,Arrow Electronics Inc,9899,-261,1.24M,-32.59K,-2.6%,<.01%
29275Y102,ENS,EnerSys,12598,-381,1.09M,-33.12K,-2.9%,<.01%
902681105,UGI,UGI Corp,5483,-955,191K,-33.27K,-14.8%,<.01%
69047Q102,OVV,Ovintiv Inc,5594,-925,202K,-33.4K,-14.2%,<.01%
12662P108,CVI,CVR ENERGY INC,11687,-1022,383K,-33.49K,-8%,<.01%
354613101,BEN,Franklin Resources Inc,7316,-1270,197K,-34.2K,-14.8%,<.01%
929042109,VNO,Vornado Realty Trust,53906,-2255,829K,-34.68K,-4%,<.01%
040413106,,Arista Networks Inc,33477,-207,5.62M,-34.74K,-0.6%,0.01%
127097103,CTRA,Coterra Energy Inc,11082,-1422,272K,-34.9K,-11.4%,<.01%
45780R101,IBP,Installed Building Products Inc,5635,-310,643K,-35.37K,-5.2%,<.01%
23311P100,,DCP Midstream LP,8869,-885,370K,-36.92K,-9.1%,<.01%
670695105,NUW,Nuveen AMT-Free Municipal Value Fund,92532,-2689,1.27M,-37.02K,-2.8%,<.01%
64110D104,NTAP,NETAPP INC,2637,-593,168K,-37.78K,-18.4%,<.01%
134429109,CPB,Campbell Soup Co,3528,-692,194K,-38.05K,-16.4%,<.01%
559222401,MGA,Magna International Inc,3174,-715,170K,-38.3K,-18.4%,<.01%
G02602103,DOX,Amdocs Ltd,28560,-401,2.74M,-38.51K,-1.4%,<.01%
29082K105,EMBC,Embecta Corp,0,-1537,0,-39K,CLOSE,0%
418056107,HAS,Hasbro Inc,9313,-739,500K,-39.68K,-7.4%,<.01%
47759T100,JKS,JinkoSolar Holding Co Ltd,13826,-801,705K,-40.84K,-5.5%,<.01%
958669103,WES,Western Midstream Partners LP,19864,-1598,524K,-42.15K,-7.4%,<.01%
436440101,HOLX,HOLOGIC INC,39400,-534,3.18M,-43.1K,-1.3%,<.01%
253868103,DLR,Digital Realty Trust Inc,101213,-439,9.95M,-43.16K,-0.4%,0.02%
48203R104,JNPR,Juniper Networks Inc,5611,-1263,193K,-43.44K,-18.4%,<.01%
00751Y106,AAP,Advance Auto Parts Inc,2322,-363,282K,-44.09K,-13.5%,<.01%
23703Q203,DQ,Daqo New Energy Corp,24170,-944,1.13M,-44.21K,-3.8%,<.01%
40637H109,HALO,Halozyme Therapeutics Inc,22983,-1194,878K,-45.61K,-4.9%,<.01%
226344208,,Crestwood Equity Partners LP,8597,-1862,214K,-46.35K,-17.8%,<.01%
683715106,OTEX,Open Text Corp,5445,-1226,210K,-47.28K,-18.4%,<.01%
746823103,PMM,Putnam Managed Municipal Income Trust,174769,-7798,1.07M,-47.79K,-4.3%,<.01%
82968B103,SIRI,Sirius XM Holdings Inc,56708,-12075,225K,-47.91K,-17.6%,<.01%
369604301,GE,General Electric Co,3418,-503,327K,-48.12K,-12.8%,<.01%
09254J102,MUA,BlackRock MuniAssets Fund Inc,201228,-4600,2.12M,-48.44K,-2.2%,<.01%
92189H201,ITM,VanEck Intermediate Muni ETF,15509,-1051,721K,-48.86K,-6.3%,<.01%
15135U109,CVE,Cenovus Energy Inc,19463,-2906,340K,-50.77K,-13%,<.01%
653656108,NICE,Nice Ltd,15940,-224,3.65M,-51.28K,-1.4%,<.01%
65473P105,NI,NiSource Inc,110951,-1851,3.1M,-51.75K,-1.6%,<.01%
G7997R103,STX,Seagate Technology Holdings PLC,3490,-786,231K,-52.02K,-18.4%,<.01%
867652406,,SunPower Corp,94222,-3763,1.3M,-52.08K,-3.8%,<.01%
03990B101,ARES,Ares Management Corp,5100,-632,426K,-52.79K,-11%,<.01%
02665T306,AMH,American Homes 4 Rent,97359,-1700,3.06M,-53.47K,-1.7%,<.01%
723484101,PNW,Pinnacle West Capital Corp,29957,-679,2.37M,-53.81K,-2.2%,<.01%
20440T300,LND,Cia Brasileira de Distribuicao,91785,-19271,270K,-56.69K,-17.4%,<.01%
68269G107,,1Life Healthcare Inc,0,-3423,0,-57K,CLOSE,0%
726503105,PAA,Plains All American Pipeline LP,45753,-4602,571K,-57.43K,-9.1%,<.01%
24703L202,DELL,Dell Technologies Inc,6421,-1447,258K,-58.14K,-18.4%,<.01%
443201108,HWM,Howmet Aerospace Inc,10744,-1373,455K,-58.15K,-11.3%,<.01%
125896100,CMS,CMS Energy Corp,68695,-967,4.22M,-59.35K,-1.4%,<.01%
071813109,BAX,Baxter International Inc,6060,-1517,246K,-61.58K,-20%,<.01%
863667101,SYK,Stryker Corp,10895,-220,3.11M,-62.8K,-2%,<.01%
38141G104,GS,Goldman Sachs Group Inc/The,1215,-194,397K,-63.39K,-13.8%,<.01%
83175M205,SNN,Smith & Nephew PLC,4701,-2284,131K,-63.65K,-32.7%,<.01%
494368103,KMB,Kimberly-Clark Corp,7971,-486,1.07M,-65.24K,-5.7%,<.01%
349553107,FTS,Fortis Inc/Canada,113355,-1595,4.82M,-67.79K,-1.4%,0.01%
83304A106,SNAP,Snap Inc,66185,-6190,742K,-69.4K,-8.6%,<.01%
71654V408,PBR,Petroleo Brasileiro SA,53334,-6975,556K,-72.71K,-11.6%,<.01%
G5509L101,LIVN,LivaNova PLC,6018,-1729,262K,-75.27K,-22.3%,<.01%
32054K103,FR,First Industrial Realty Trust Inc,37751,-1433,2.01M,-76.22K,-3.7%,<.01%
00653Q102,AHCO,AdaptHealth Corp,8152,-5170,126K,-79.91K,-38.8%,<.01%
78645L100,,Safehold Inc,0,-2793,0,-80K,CLOSE,0%
92189F452,MORT,VanEck Mortgage REIT Income ETF,50237,-7414,568K,-83.83K,-12.9%,<.01%
549498103,LCID,Lucid Group Inc,424467,-10659,3.41M,-85.71K,-2.4%,<.01%
867224107,SU,Suncor Energy Inc,19335,-2784,600K,-86.39K,-12.6%,<.01%
958102105,WDC,Western Digital Corp,10289,-2317,388K,-87.37K,-18.4%,<.01%
15135B101,CNC,Centene Corp,6199,-1396,392K,-88.28K,-18.4%,<.01%
281020107,EIX,Edison International,89216,-1255,6.3M,-88.59K,-1.4%,0.01%
30040W108,ES,Eversource Energy,81774,-1151,6.4M,-90.08K,-1.4%,0.01%
617446448,MS,Morgan Stanley,31656,-1029,2.78M,-90.37K,-3.1%,<.01%
92189F528,SMB,VanEck Short Muni ETF,7054,-5447,120K,-92.66K,-43.6%,<.01%
681919106,OMC,Omnicom Group Inc,30572,-990,2.88M,-93.39K,-3.1%,<.01%
60871R209,TAP,Molson Coors Beverage Co,8039,-1811,415K,-93.49K,-18.4%,<.01%
30052F100,EVGO,EVgo Inc,1024710,-12260,7.98M,-95.5K,-1.2%,0.02%
44930G107,ICUI,ICU Medical Inc,2103,-580,347K,-95.7K,-21.6%,<.01%
636518102,,National Instruments Corp,0,-2597,0,-96K,CLOSE,0%
313745101,FRT,Federal Realty Investment Trust,25057,-989,2.48M,-97.73K,-3.8%,<.01%
101121101,BXP,BOSTON PROPERTIES INC,46481,-1834,2.52M,-99.27K,-3.8%,<.01%
89417E109,TRV,Travelers Cos Inc/The,3045,-587,522K,-100.63K,-16.2%,<.01%
G9440A109,VSTA,Vasta Platform Ltd,695171,-31643,2.22M,-100.96K,-4.4%,<.01%
98422D105,XPEV,XPeng Inc,214990,-9192,2.39M,-102.14K,-4.1%,<.01%
526057104,LEN,LENNAR CORP,4336,-977,456K,-102.75K,-18.4%,<.01%
962166104,WY,Weyerhaeuser Co,34289,-3411,1.03M,-102.76K,-9%,<.01%
550241103,LUMN,Lumen Technologies Inc,0,-20505,0,-107K,CLOSE,0%
02376R102,AAL,American Airlines Group Inc,24279,-7314,358K,-107.85K,-23.2%,<.01%
278768106,ECHO,EchoStar Corp,9750,-5922,178K,-108.11K,-37.8%,<.01%
536797103,LAD,Lithia Motors Inc,1359,-483,311K,-110.53K,-26.2%,<.01%
209115104,ED,Consolidated Edison Inc,84214,-1185,8.06M,-113.37K,-1.4%,0.02%
205887102,CAG,Conagra Brands Inc,22410,-3047,841K,-114.35K,-12%,<.01%
315616102,FFIV,F5 Inc,2037,-795,297K,-115.91K,-28.1%,<.01%
086516101,BBY,Best Buy Co Inc,59731,-1481,4.67M,-115.91K,-2.4%,0.01%
592688105,MTD,Mettler-Toledo International Inc,668,-79,1.02M,-120.87K,-10.6%,<.01%
98389B100,XEL,Xcel Energy Inc,129416,-1821,8.73M,-122.81K,-1.4%,0.02%
277432100,EMN,Eastman Chemical Co,3643,-1497,307K,-126.15K,-29.1%,<.01%
42250P103,DOC,Healthpeak Properties Interim Inc,184553,-5768,4.05M,-126.73K,-3%,<.01%
30069T101,EE,Excelerate Energy Inc,530150,-5740,11.74M,-127.09K,-1.1%,0.03%
559080106,,Magellan Midstream Partners LP,21963,-2407,1.19M,-130.64K,-9.9%,<.01%
902653104,UDR,UDR INC,105532,-3200,4.33M,-131.39K,-2.9%,<.01%
87612G101,TRGP,Targa Resources Corp,64837,-1837,4.73M,-134.01K,-2.8%,0.01%
03769M106,APO,Apollo Global Management Inc,9136,-2126,577K,-134.27K,-18.9%,<.01%
758849103,REG,Regency Centers Corp,54083,-2199,3.31M,-134.54K,-3.9%,<.01%
101137107,BSX,BOSTON SCIENTIFIC CORP,52435,-2752,2.62M,-137.67K,-5%,<.01%
337932107,FE,FirstEnergy Corp,149171,-3472,5.97M,-139.07K,-2.3%,0.01%
86745K104,NOVAQ,Sunnova Energy International Inc,133300,-8983,2.08M,-140.37K,-6.3%,<.01%
01741R102,ATI,ATI Inc,150173,-3607,5.93M,-142.34K,-2.3%,0.01%
456788108,INFY,Infosys Ltd,139543,-8277,2.43M,-144.37K,-5.6%,<.01%
94419L101,W,Wayfair Inc,0,-4429,0,-146K,CLOSE,0%
038169207,APLD,Applied Blockchain Inc,915005,-65366,2.05M,-146.38K,-6.7%,<.01%
872590104,TMUS,T-Mobile US Inc,17560,-1017,2.54M,-147.28K,-5.5%,<.01%
143130102,KMX,CARMAX INC,0,-2442,0,-149K,CLOSE,0%
68629Y103,ONL,Orion Office REIT Inc,0,-17646,0,-151K,CLOSE,0%
136385101,CNQ,Canadian Natural Resources Ltd,15507,-2796,858K,-154.7K,-15.3%,<.01%
40434L105,HPQ,HP Inc,23602,-5315,693K,-156.06K,-18.4%,<.01%
24665A103,DK,Delek US Holdings Inc,15833,-6953,363K,-159.41K,-30.5%,<.01%
853606101,SLI,Standard Lithium Ltd,2993215,-42365,11.37M,-160.98K,-1.4%,0.03%
55336V100,MPLX,MPLX LP,33365,-4709,1.15M,-162.17K,-12.4%,<.01%
718546104,PSX,Phillips 66,31900,-1636,3.23M,-165.86K,-4.9%,<.01%
23804L103,DDOG,Datadog Inc,0,-2259,0,-166K,CLOSE,0%
67092P706,NURE,Nuveen Short-Term REIT ETF,37489,-5626,1.11M,-167.18K,-13%,<.01%
443510607,HUBB,Hubbell Inc,0,-732,0,-172K,CLOSE,0%
147448104,CWST,Casella Waste Systems Inc,28743,-2102,2.38M,-173.76K,-6.8%,<.01%
49446R109,KIM,Kimco Realty Corp,202766,-8910,3.96M,-174.01K,-4.2%,<.01%
42824C109,HPE,Hewlett Packard Enterprise Co,50429,-11357,803K,-180.84K,-18.4%,<.01%
37045V100,GM,General Motors Co,22465,-5060,824K,-185.6K,-18.4%,<.01%
580135101,MCD,McDonald's Corp,9232,-674,2.58M,-188.43K,-6.8%,<.01%
30212P303,EXPE,Expedia Group Inc,0,-2153,0,-189K,CLOSE,0%
69318G106,PBF,PBF Energy Inc,24818,-4363,1.08M,-189.16K,-15%,<.01%
293792107,EPD,Enterprise Products Partners LP,50293,-7378,1.3M,-191.15K,-12.8%,<.01%
G7500M104,RNW,ReNew Energy Global PLC,1221217,-35020,6.86M,-196.81K,-2.8%,0.02%
G4863A108,BRSL,International Game Technology PLC,51385,-7475,1.38M,-200.31K,-12.7%,<.01%
29273V100,ET,Energy Transfer LP,99440,-16096,1.24M,-200.71K,-13.9%,<.01%
G8473T100,STE,STERIS PLC,11633,-1077,2.23M,-205.99K,-8.5%,<.01%
50202P105,,Li-Cycle Holdings Corp,429362,-36632,2.42M,-206.21K,-7.9%,<.01%
10949T109,BRSP,BrightSpire Capital Inc,445519,-35127,2.63M,-207.28K,-7.3%,<.01%
G1144A105,BTBT,Bit Digital Inc,1596730,-137851,2.46M,-212.29K,-7.9%,<.01%
48251W104,KKR,KKR & Co Inc,12198,-4073,641K,-214.03K,-25%,<.01%
285512109,EA,Electronic Arts Inc,341005,-1801,41.07M,-216.93K,-0.5%,0.09%
82575P107,SBSW,Sibanye Stillwater Ltd,3127639,-26426,26.02M,-219.86K,-0.8%,0.06%
500754106,KHC,Kraft Heinz Co/The,45481,-5726,1.76M,-221.33K,-11.2%,<.01%
59522J103,MAA,Mid-America Apartment Communities Inc,38462,-1474,5.81M,-222.62K,-3.7%,0.01%
92276F100,VTR,Ventas Inc,148178,-5361,6.42M,-232.42K,-3.5%,0.01%
98980L101,ZM,Zoom Video Communications Inc,4971,-3169,367K,-233.96K,-38.9%,<.01%
000957100,ABM,ABM Industries Inc,47792,-5213,2.15M,-234.3K,-9.8%,<.01%
688239201,OSK,Oshkosh Corp,0,-2690,0,-237K,CLOSE,0%
693718108,PCAR,PACCAR Inc,0,-2393,0,-237K,CLOSE,0%
43366H704,HIVE,Hive Blockchain Technologies Ltd,783304,-73853,2.58M,-242.97K,-8.6%,<.01%
46187W107,INVH,Invitation Homes Inc,194930,-7795,6.09M,-243.45K,-3.8%,0.01%
038923108,ABR,Arbor Realty Trust Inc,607230,-21352,6.98M,-245.33K,-3.4%,0.02%
550021109,LULU,Lululemon Athletica Inc,29921,-682,10.9M,-248.38K,-2.2%,0.02%
297178105,ESS,Essex Property Trust Inc,21915,-1195,4.58M,-249.91K,-5.2%,0.01%
57778K105,,Maxar Technologies Inc,11605,-4914,593K,-251.1K,-29.7%,<.01%
67062F100,NXP,Nuveen Select Tax-Free Income Portfolio,175345,-17937,2.51M,-256.66K,-9.3%,<.01%
86771W105,RUN,Sunrun Inc,217243,-12764,4.38M,-257.23K,-5.5%,<.01%
62914V106,NIO,NIO Inc,558497,-24577,5.87M,-258.31K,-4.2%,0.01%
50202M102,LI,Li Auto Inc,236196,-10394,5.89M,-259.33K,-4.2%,0.01%
565849106,MRO,Marathon Oil Corp,940582,-10843,22.54M,-259.79K,-1.1%,0.05%
172967424,C,Citigroup Inc,85262,-5549,4M,-260.2K,-6.1%,<.01%
585464100,MLCO,Melco Resorts & Entertainment Ltd,84286,-20863,1.07M,-265.6K,-19.8%,<.01%
008252108,AMG,Affiliated Managers Group Inc,0,-1683,0,-267K,CLOSE,0%
29476L107,EQR,Equity Residential,119064,-4451,7.14M,-267.07K,-3.6%,0.02%
760759100,RSG,Republic Services Inc,55673,-1990,7.53M,-269.08K,-3.5%,0.02%
69327R101,,PDC Energy Inc,352230,-4205,22.61M,-269.88K,-1.2%,0.05%
294628102,EQC,Equity Commonwealth,0,-10868,0,-271K,CLOSE,0%
29270J100,ERII,Energy Recovery Inc,98732,-11762,2.28M,-271.14K,-10.6%,<.01%
125141101,CECO,Ceco Environmental Corp,98490,-19700,1.38M,-275.63K,-16.7%,<.01%
92189H607,OIH,VanEck Oil Services ETF,13764,-1001,3.81M,-277.38K,-6.8%,<.01%
14149Y108,CAH,Cardinal Health Inc,19129,-3756,1.44M,-283.53K,-16.4%,<.01%
30225T102,EXR,Extra Space Storage Inc,45069,-1771,7.34M,-288.55K,-3.8%,0.02%
20441B605,ELP,Cia Paranaense de Energia,25944,-44079,174K,-295.63K,-62.9%,<.01%
09253R105,MVF,BlackRock MuniVest Fund Inc,458567,-43724,3.17M,-302.54K,-8.7%,<.01%
707569109,PENN,Penn National Gaming Inc,45196,-10219,1.34M,-303.21K,-18.4%,<.01%
690742101,OC,Owens Corning,28882,-3217,2.77M,-308.2K,-10%,<.01%
60937P106,MDB,MongoDB Inc,0,-1591,0,-313K,CLOSE,0%
72147K108,PPC,Pilgrim's Pride Corp,149450,-13561,3.46M,-314.32K,-8.3%,<.01%
94106B101,WCN,Waste Connections Inc,53394,-2273,7.42M,-316.08K,-4.1%,0.02%
64110L106,NFLX,Netflix Inc,10694,-978,3.69M,-337.92K,-8.4%,<.01%
56585A102,MPC,Marathon Petroleum Corp,88493,-2520,11.93M,-339.76K,-2.8%,0.03%
75574U101,RC,Ready Capital Corp,505595,-33555,5.14M,-341.26K,-6.2%,0.01%
09857L108,BKNG,Booking Holdings Inc,1001,-129,2.65M,-342.15K,-11.4%,<.01%
497266106,KEX,KIRBY CORP,446810,-5030,31.14M,-350.59K,-1.1%,0.07%
053484101,AVB,AvalonBay Communities Inc,47524,-2098,7.99M,-352.6K,-4.2%,0.02%
90384S303,ULTA,Ulta Beauty Inc,12217,-656,6.67M,-357.94K,-5.1%,0.02%
143658300,CCL,Carnival Corp,78766,-35303,799K,-358.11K,-30.9%,<.01%
80874P109,LNWO,Light & Wonder Inc,26951,-5974,1.62M,-358.65K,-18.1%,<.01%
67079X102,NDMO,Nuveen Dynamic Municipal Opportunities,222571,-33995,2.35M,-359.39K,-13.3%,<.01%
45826J105,NTLA,Intellia Therapeutics Inc,83811,-9879,3.12M,-368.12K,-10.5%,<.01%
09227Q100,BLKB,Blackbaud Inc,146897,-5660,10.18M,-392.24K,-3.7%,0.02%
46431W614,,iShares Gold Strategy ETF,4367,-6760,258K,-399.38K,-60.8%,<.01%
22788C105,CRWD,Crowdstrike Holdings Inc,4533,-2965,622K,-406.85K,-39.5%,<.01%
00206R102,T,AT&T Inc,233077,-21182,4.49M,-407.78K,-8.3%,0.01%
125523100,CI,Cigna Group/The,12776,-1620,3.27M,-414K,-11.3%,<.01%
103304101,BYD,Boyd Gaming Corp,27739,-6542,1.78M,-419.56K,-19.1%,<.01%
832696405,SJM,J M Smucker Co/The,2393,-2672,377K,-420.95K,-52.8%,<.01%
770700102,HOOD,Robinhood Markets Inc,43426,-43750,422K,-425.15K,-50.2%,<.01%
12769G100,CZR,Caesars Entertainment Inc,54328,-8725,2.65M,-425.91K,-13.8%,<.01%
46434G848,PICK,iShares MSCI Global Metals & Mining Pro,68036,-10208,2.91M,-436.01K,-13%,<.01%
880345103,TNC,Tennant Co,32281,-6492,2.21M,-444.85K,-16.7%,<.01%
337738108,FISV,Fiserv Inc,31584,-3973,3.57M,-449.08K,-11.2%,<.01%
501044101,KR,Kroger Co/The,78312,-9414,3.87M,-464.74K,-10.7%,<.01%
759509102,RS,Reliance Steel & Aluminum Co,23842,-1857,6.12M,-476.75K,-7.2%,0.01%
093712107,BE,Bloom Energy Corp,768106,-23986,15.31M,-478.03K,-3%,0.03%
256677105,DG,Dollar General Corp,18505,-2293,3.9M,-482.64K,-11%,<.01%
H17182108,CRSP,CRISPR Therapeutics AG,82626,-10715,3.74M,-484.62K,-11.5%,<.01%
78468R556,XOP,SPDR S&P Oil & Gas Exploration & Produc,40732,-3855,5.2M,-491.86K,-8.6%,0.01%
74460D109,PSA,Public Storage,72772,-1630,21.99M,-492.48K,-2.2%,0.05%
37954Y673,PAVE,Global X US Infrastructure Development,116922,-17545,3.31M,-497.44K,-13%,<.01%
16115Q308,GTLS,Chart Industries Inc,255444,-4120,32.03M,-516.65K,-1.6%,0.07%
880890108,TX,Ternium SA,145263,-13403,5.99M,-553.05K,-8.4%,0.01%
92189F205,SLX,VanEck Steel ETF,58132,-8729,3.71M,-556.34K,-13.1%,<.01%
715684106,TLK,Telkom Indonesia Persero Tbk PT,71832,-20529,1.96M,-559.87K,-22.2%,<.01%
828806109,SPG,Simon Property Group Inc,110405,-5030,12.36M,-563.21K,-4.4%,0.03%
171484108,CHDN,Churchill Downs Inc,11798,-2211,3.03M,-568.4K,-15.8%,<.01%
035710839,NLY,Annaly Capital Management Inc,1058850,-30047,20.23M,-574.21K,-2.8%,0.05%
516544103,LNTH,Lantheus Holdings Inc,0,-11348,0,-578K,CLOSE,0%
778296103,ROST,Ross Stores Inc,28503,-5504,3.02M,-584.14K,-16.2%,<.01%
384109104,GGG,Graco Inc,4476,-8289,327K,-605.56K,-64.9%,<.01%
30057T105,,Evoqua Water Technologies Corp,51930,-12483,2.58M,-620.66K,-19.4%,<.01%
256746108,DLTR,Dollar Tree Inc,17769,-4390,2.55M,-630.25K,-19.8%,<.01%
931427108,WBA,Walgreens Boots Alliance Inc,94611,-18248,3.27M,-631.08K,-16.2%,<.01%
767292105,RIOT,Riot Platforms Inc,478011,-63662,4.78M,-635.94K,-11.8%,0.01%
92534K107,VRTX,Vertex Energy Inc,173493,-64703,1.71M,-639.22K,-27.2%,<.01%
26142V105,DKNG,DraftKings Inc,264845,-33056,5.13M,-639.91K,-11.1%,0.01%
12653C108,CNX,CNX Resources Corp,0,-38541,0,-649K,CLOSE,0%
20825C104,COP,ConocoPhillips,526123,-6543,52.2M,-649.14K,-1.2%,0.12%
184496107,CLH,Clean Harbors Inc,16192,-4568,2.31M,-651.12K,-22%,<.01%
92189F700,MOO,VanEck Agribusiness ETF,51169,-7685,4.45M,-667.59K,-13.1%,0.01%
09173B107,KEEL,Bitfarms Ltd/Canada,2510683,-715059,2.44M,-693.79K,-22.2%,<.01%
81369Y506,XLE,Energy Select Sector SPDR Fund,79116,-8395,6.55M,-695.34K,-9.6%,0.01%
020002101,ALL,Allstate Corp/The,0,-5134,0,-696K,CLOSE,0%
42809H107,HES,Hess Corp,444379,-5351,58.81M,-708.15K,-1.2%,0.13%
759916109,RGEN,Repligen Corp,60807,-4206,10.24M,-708.16K,-6.5%,0.02%
36168Q104,GFL,GFL Environmental Inc,72017,-20853,2.48M,-718.1K,-22.5%,<.01%
92556H206,PSKY,Paramount Global,51734,-32516,1.15M,-725.32K,-38.6%,<.01%
452308109,ITW,Illinois Tool Works Inc,43419,-3008,10.57M,-732.27K,-6.5%,0.02%
G46188101,,Horizon Therapeutics Plc,8695,-6767,949K,-738.57K,-43.8%,<.01%
Q4982L109,IREN,Iris Energy Ltd,809583,-242082,2.48M,-740.67K,-23%,<.01%
053332102,AZO,AutoZone Inc,1599,-311,3.93M,-764.57K,-16.3%,<.01%
862121100,,STORE Capital Corp,0,-26502,0,-850K,CLOSE,0%
166764100,CVX,Chevron Corp,162431,-5224,26.5M,-852.34K,-3.1%,0.06%
87612E106,TGT,Target Corp,102190,-5551,16.93M,-919.43K,-5.2%,0.04%
00404A109,ACHC,Acadia Healthcare Co Inc,0,-11455,0,-943K,CLOSE,0%
67103H107,ORLY,O'Reilly Automotive Inc,6397,-1126,5.43M,-955.96K,-15%,0.01%
632307104,NTRA,Natera Inc,117199,-17544,6.51M,-973.91K,-13%,0.01%
G29183103,ETN,Eaton Corp PLC,0,-6248,0,-981K,CLOSE,0%
G9087Q102,TROX,Tronox Holdings PLC,1410051,-68371,20.28M,-983.2K,-4.6%,0.05%
92189H870,EINC,VanEck Energy Income ETF,108827,-16373,6.63M,-997.48K,-13.1%,0.02%
552953101,MGM,MGM Resorts International,100136,-23142,4.45M,-1.03M,-18.8%,0.01%
983134107,WYNN,Wynn Resorts Ltd,29810,-9365,3.34M,-1.05M,-23.9%,<.01%
539830109,LMT,Lockheed Martin Corp,36389,-2268,17.2M,-1.07M,-5.9%,0.04%
237266101,DAR,Darling Ingredients Inc,809750,-19638,47.29M,-1.15M,-2.4%,0.11%
30231G102,XOM,Exxon Mobil Corp,63881,-10575,7M,-1.16M,-14.2%,0.02%
91913Y100,VLO,Valero Energy Corp,704794,-8326,98.39M,-1.16M,-1.2%,0.22%
26916J106,GWH,ESS Tech Inc,0,-488630,0,-1.19M,CLOSE,0%
852234103,XYZ,Block Inc,57930,-17406,3.98M,-1.19M,-23.1%,<.01%
981811102,WOR,Worthington Industries Inc,67273,-18519,4.35M,-1.2M,-21.6%,<.01%
336433107,FSLR,First Solar Inc,58717,-5539,12.77M,-1.2M,-8.6%,0.03%
922908553,VNQ,Vanguard Real Estate ETF,100807,-15115,8.37M,-1.26M,-13%,0.02%
16119P108,CHTR,Charter Communications Inc,0,-3764,0,-1.28M,CLOSE,0%
452327109,ILMN,Illumina Inc,110583,-5719,25.72M,-1.33M,-4.9%,0.06%
595112103,MU,Micron Technology Inc,5877766,-22685,354.67M,-1.37M,-0.4%,0.81%
891092108,TTC,Toro Co/The,296345,-12782,32.94M,-1.42M,-4.1%,0.07%
88160R101,TSLA,Tesla Inc,111472,-6867,23.13M,-1.42M,-5.8%,0.05%
244199105,DE,Deere & Co,273369,-3498,112.87M,-1.44M,-1.3%,0.26%
31620M106,FIS,Fidelity National Information Services,14882,-26922,809K,-1.46M,-64.4%,<.01%
34379V103,FLNC,Fluence Energy Inc,0,-89510,0,-1.53M,CLOSE,0%
125269100,CF,CF Industries Holdings Inc,475793,-21516,34.49M,-1.56M,-4.3%,0.08%
N20944109,CNH,CNH Industrial NV,3303577,-104200,50.45M,-1.59M,-3.1%,0.11%
925652109,VICI,VICI Properties Inc,496680,-48792,16.2M,-1.59M,-8.9%,0.04%
159864107,CRL,Charles River Laboratories Internationa,53249,-7950,10.75M,-1.6M,-13%,0.02%
14040H105,COF,Capital One Financial Corp,4551,-16783,438K,-1.62M,-78.7%,<.01%
703395103,PDCO,Patterson Cos Inc,84347,-60365,2.26M,-1.62M,-41.7%,<.01%
09075V102,BNTX,BioNTech SE,136646,-13030,17.02M,-1.62M,-8.7%,0.04%
82837P408,SICP,Silvergate Capital Corp,0,-93660,0,-1.63M,CLOSE,0%
302491303,FMC,FMC Corp,536621,-13567,65.54M,-1.66M,-2.5%,0.15%
15234Q207,AXIAY,Centrais Eletricas Brasileiras SA,299812,-252065,1.99M,-1.67M,-45.7%,<.01%
517834107,LVS,Las Vegas Sands Corp,122584,-30717,7.04M,-1.76M,-20%,0.02%
46266C105,IQV,IQVIA Holdings Inc,113611,-8955,22.6M,-1.78M,-7.3%,0.05%
09073M104,TECH,Bio-Techne Corp,164256,-24551,12.19M,-1.82M,-13%,0.03%
53680Q207,,Lithium Americas Corp,1516437,-84933,33M,-1.85M,-5.3%,0.08%
921078101,OUNZ,VanEck Merk Gold Shares,1264956,-98268,24.16M,-1.88M,-7.2%,0.06%
40131M109,GH,Guardant Health Inc,1647,-83518,39K,-1.98M,-98.1%,<.01%
25746U109,D,Dominion Energy Inc,1730022,-35403,96.73M,-1.98M,-2%,0.22%
30063P105,EXAS,EXACT SCIENCES CORP,167782,-30116,11.38M,-2.04M,-15.2%,0.03%
833445109,SNOW,Snowflake Inc,5833,-13720,900K,-2.12M,-70.2%,<.01%
90346E103,SLCA,US Silica Holdings Inc,2133320,-177410,25.47M,-2.12M,-7.7%,0.06%
02043Q107,ALNY,Alnylam Pharmaceuticals Inc,81281,-11099,16.28M,-2.22M,-12%,0.04%
464288372,IGF,iShares Global Infrastructure ETF,326726,-48999,15.59M,-2.34M,-13%,0.04%
42330P107,HLX,Helix Energy Solutions Group Inc,4325985,-307782,33.48M,-2.38M,-6.6%,0.08%
69349H107,TXNM,PNM Resources Inc,20152,-49228,981K,-2.4M,-71%,<.01%
071734107,BHC,Bausch Health Cos Inc,356481,-301015,2.89M,-2.44M,-45.8%,<.01%
92189H805,REMX,VanEck Rare Earth and Strategic Metals,69,-28719,6K,-2.5M,-99.8%,<.01%
28414H103,ELAN,Elanco Animal Health Inc,1389065,-268476,13.06M,-2.52M,-16.2%,0.03%
833635105,SQM,Sociedad Quimica y Minera de Chile SA,489362,-31408,39.67M,-2.55M,-6%,0.09%
40415F101,HDB,HDFC Bank Ltd,468335,-38791,31.22M,-2.59M,-7.6%,0.07%
09061G101,BMRN,BioMarin Pharmaceutical Inc,164837,-26611,16.03M,-2.59M,-13.9%,0.04%
22052L104,CTVA,Corteva Inc,2228669,-44812,134.41M,-2.7M,-2%,0.31%
92189F791,GDXJ,VanEck Junior Gold Miners ETF,0,-75836,0,-2.7M,CLOSE,0%
G4705A100,ICLR,ICON PLC,85351,-12854,18.23M,-2.75M,-13.1%,0.04%
N72482123,1QGEN.MI,QIAGEN NV,238801,-60624,10.97M,-2.78M,-20.2%,0.02%
45337C102,INCY,Incyte Corp,175376,-39039,12.67M,-2.82M,-18.2%,0.03%
826599102,SGML,Sigma Lithium Corp,995662,-76628,37.46M,-2.88M,-7.1%,0.09%
262037104,DRQ,Dril-Quip Inc,721735,-103246,20.71M,-2.96M,-12.5%,0.05%
74736K101,QRVO,Qorvo Inc,443385,-29752,45.03M,-3.02M,-6.3%,0.1%
N22717107,,Core Laboratories NV,852347,-142793,18.8M,-3.15M,-14.3%,0.04%
36467J108,GLPI,Gaming and Leisure Properties Inc,101791,-60895,5.3M,-3.17M,-37.4%,0.01%
29364G103,ETR,Entergy Corp,53306,-30178,5.74M,-3.25M,-36.1%,0.01%
28414H202,,Elanco Animal Health Inc,0,-173535,0,-3.39M,CLOSE,0%
G97822103,PRGO,Perrigo Co PLC,130766,-95050,4.69M,-3.41M,-42.1%,0.01%
53814L108,NUGN,Livent Corp,1663550,-161725,36.13M,-3.51M,-8.9%,0.08%
07725L102,ONC,BeiGene Ltd,76542,-16409,16.5M,-3.54M,-17.7%,0.04%
874054109,TTWO,Take-Two Interactive Software Inc,315218,-29983,37.61M,-3.58M,-8.7%,0.09%
91822M106,,VEON Ltd,0,-7364667,0,-3.61M,CLOSE,0%
74347M108,PUMP,ProPetro Holding Corp,2383308,-512095,17.14M,-3.68M,-17.7%,0.04%
G9460G101,VAL,Valaris Ltd,1694548,-63218,110.25M,-4.11M,-3.6%,0.25%
91347P105,OLED,Universal Display Corp,263446,-26895,40.87M,-4.17M,-9.3%,0.09%
66987E206,NG,Novagold Resources Inc,9069620,-674864,56.41M,-4.2M,-6.9%,0.13%
G0176J109,ALLE,Allegion PLC,932184,-39997,99.49M,-4.27M,-4.1%,0.23%
649604501,,New York Mortgage Trust Inc,0,-1728669,0,-4.42M,CLOSE,0%
68622V106,OGN,Organon & Co,264203,-192039,6.21M,-4.52M,-42.1%,0.01%
26152H301,DRD,DRDGOLD Ltd,6662189,-497754,63.82M,-4.77M,-7%,0.15%
30303M102,META,Meta Platforms Inc,1600645,-23270,339.24M,-4.93M,-1.4%,0.77%
749660106,RES,RPC Inc,3976011,-672943,30.57M,-5.17M,-14.5%,0.07%
652526203,NEWT,NewtekOne Inc,0,-330655,0,-5.37M,CLOSE,0%
127203107,WHD,Cactus Inc,1804813,-137257,74.41M,-5.66M,-7.1%,0.17%
64110W102,NTES,NetEase Inc,491319,-64866,43.45M,-5.74M,-11.7%,0.1%
81181C104,,SeaGen Inc,112546,-30610,22.79M,-6.2M,-21.4%,0.05%
13645T100,CP.TO,Canadian Pacific Railway Ltd,0,-86795,0,-6.47M,CLOSE,0%
G50871105,JAZZ,Jazz Pharmaceuticals PLC,65752,-45271,9.62M,-6.62M,-40.8%,0.02%
38068T105,GORO,Gold Resource Corp,0,-4455083,0,-6.82M,CLOSE,0%
61945C103,MOS,Mosaic Co/The,1279705,-155171,58.71M,-7.12M,-10.8%,0.13%
29355A107,ENPH,Enphase Energy Inc,220792,-34045,46.43M,-7.16M,-13.4%,0.11%
675232102,OII,Oceaneering International Inc,2603276,-408957,45.9M,-7.21M,-13.6%,0.1%
148806102,CTLT,Catalent Inc,153035,-111068,10.06M,-7.3M,-42.1%,0.02%
838518306,,South Jersey Industries Inc,0,-105886,0,-7.31M,CLOSE,0%
03073E105,COR,AmerisourceBergen Corp,122265,-48513,19.58M,-7.77M,-28.4%,0.04%
880770102,TER,Teradyne Inc,2761659,-76191,296.91M,-8.19M,-2.7%,0.68%
37733W204,GSK,GSK PLC,507871,-236042,18.07M,-8.4M,-31.7%,0.04%
G5494J103,,Linde PLC,0,-25840,0,-8.43M,CLOSE,0%
58155Q103,MCK,McKesson Corp,61095,-23895,21.75M,-8.51M,-28.1%,0.05%
881624209,TEVA,Teva Pharmaceutical Industries Ltd,1673720,-969380,14.81M,-8.58M,-36.7%,0.03%
532457108,LLY,Eli Lilly & Co,185822,-25360,63.81M,-8.71M,-12%,0.15%
609839105,MPWR,Monolithic Power Systems Inc,518531,-18835,259.55M,-9.43M,-3.5%,0.59%
66987V109,NVS,Novartis AG,214777,-102878,19.76M,-9.46M,-32.4%,0.04%
G6359F137,NBR,Nabors Industries Ltd,265015,-80739,32.31M,-9.84M,-23.4%,0.07%
046353108,AZN,AstraZeneca PLC,278989,-144229,19.36M,-10.01M,-34.1%,0.04%
67077M108,NTR,Nutrien Ltd,1696202,-135894,125.27M,-10.04M,-7.4%,0.29%
110122108,BMY,Bristol-Myers Squibb Co,340772,-145080,23.62M,-10.06M,-29.9%,0.05%
92556V106,VTRS,Viatris Inc,1241766,-1056139,11.95M,-10.16M,-46%,0.03%
771049103,RBLX,ROBLOX Corp,902753,-226403,40.61M,-10.18M,-20.1%,0.09%
00287Y109,ABBV,AbbVie Inc,157354,-65003,25.08M,-10.36M,-29.2%,0.06%
478160104,JNJ,Johnson & Johnson,571687,-69873,88.61M,-10.83M,-10.9%,0.2%
53115L104,LBRT,Liberty Energy Inc,6059851,-872706,77.63M,-11.18M,-12.6%,0.18%
80105N105,SNY,Sanofi,337803,-209228,18.38M,-11.39M,-38.2%,0.04%
165167735,EXE,Chesapeake Energy Corp,387034,-153537,29.43M,-11.67M,-28.4%,0.07%
65290C105,,NexTier Oilfield Solutions Inc,6359169,-1485984,50.55M,-11.81M,-18.9%,0.12%
36168Q120,,GFL Environmental Inc,0,-184871,0,-11.96M,CLOSE,0%
92189H748,CLOI,Vaneck CLO ETF,80000,-240000,4.11M,-12.32M,-75%,<.01%
703481101,PTEN,Patterson-UTI Energy Inc,5553899,-1063770,64.98M,-12.45M,-16.1%,0.15%
405552100,HLN,Haleon PLC,2048069,-1539438,16.67M,-12.53M,-42.9%,0.04%
874060205,TAK,Takeda Pharmaceutical Co Ltd,1016855,-768351,16.76M,-12.66M,-43%,0.04%
57776F405,,Maverix Metals Inc,0,-2817356,0,-13.19M,CLOSE,0%
922908363,VOO,Vanguard S&P 500 ETF,0,-37712,0,-13.25M,CLOSE,0%
969904101,WSM,Williams-Sonoma Inc,12401,-112696,1.51M,-13.71M,-90.1%,<.01%
11135F101,AVGO,Broadcom Inc,787615,-21402,505.29M,-13.73M,-2.6%,1.2%
46138B103,DBC,Invesco DB Commodity Index Tracking Fun,0,-560166,0,-13.81M,CLOSE,0%
670100205,NVO,Novo Nordisk A/S,143864,-88798,22.89M,-14.13M,-38.2%,0.05%
58933Y105,MRK,Merck & Co Inc,587352,-138519,62.49M,-14.74M,-19.1%,0.14%
83088M102,SWKS,Skyworks Solutions Inc,913952,-127566,107.83M,-15.05M,-12.2%,0.25%
678026105,OIS,Oil States International Inc,0,-2133219,0,-15.91M,CLOSE,0%
26884L109,EQT,EQT Corp,1002442,-563222,31.99M,-17.97M,-36%,0.07%
83417M104,SEDG,SolarEdge Technologies Inc,286183,-59644,86.99M,-18.13M,-17.2%,0.2%
05722G100,BKR,Baker Hughes Co,7743225,-769198,223.47M,-22.2M,-9%,0.51%
682189105,ON,ON Semiconductor Corp,2030225,-278009,167.13M,-22.89M,-12%,0.38%
25278X109,FANG,Diamondback Energy Inc,242479,-171618,32.78M,-23.2M,-41.4%,0.07%
723787107,,Pioneer Natural Resources Co,96817,-113732,19.77M,-23.23M,-54%,0.05%
573874104,MRVL,Marvell Technology Group Ltd,4195716,-547862,181.67M,-23.72M,-11.5%,0.41%
67401P405,OCSL,Oaktree Specialty Lending Corp,1041165,-1277291,19.54M,-23.98M,-55.1%,0.04%
25179M103,DVN,Devon Energy Corp,527176,-505969,26.68M,-25.61M,-49%,0.06%
861012102,STM,STMicroelectronics NV,3885208,-526383,207.82M,-28.16M,-11.9%,0.47%
29446M102,EQNR,Equinor ASA,1146610,-1021410,32.6M,-29.04M,-47.1%,0.07%
127387108,CDNS,Cadence Design Systems Inc,1393896,-146285,292.84M,-30.73M,-9.5%,0.67%
007903107,AMD,Advanced Micro Devices Inc,5759325,-319682,564.47M,-31.33M,-5.3%,1.3%
98978V103,ZTS,Zoetis Inc,797130,-189536,132.67M,-31.55M,-19.2%,0.3%
871607107,SNPS,SYNOPSYS INC,798982,-84490,308.61M,-32.63M,-9.6%,0.7%
902494103,TSN,Tyson Foods Inc,835107,-560984,49.54M,-33.28M,-40.2%,0.11%
65339F770,,NextEra Energy Inc,0,-788796,0,-39.99M,CLOSE,0%
595017104,MCHP,Microchip Technology Inc,3998872,-485620,335.03M,-40.69M,-10.8%,0.76%
N6596X109,NXPI,NXP Semiconductors NV,1343324,-220891,250.5M,-41.19M,-14.1%,0.57%
H8817H100,RIG,Transocean Ltd,17012490,-8118817,108.2M,-51.64M,-32.3%,0.25%
959802109,WU,Western Union Co/The,7461474,-5067599,83.19M,-56.5M,-40.4%,0.19%
962879102,WPM,Wheaton Precious Metals Corp,19412944,-1379562,934.93M,-66.44M,-6.6%,2.1%
008474108,AEM,Agnico Eagle Mines Ltd,20305268,-1752920,1.03B,-89.35M,-7.9%,2.4%
067901108,B,Barrick Gold Corp,76909291,-4870719,1.43B,-90.45M,-6%,3.3%
40171V100,GWRE,Guidewire Software Inc,85111,-1157037,6.98M,-94.94M,-93.1%,0.02%
038222105,AMAT,Applied Materials Inc,3469431,-798603,426.15M,-98.09M,-18.7%,0.97%
651639106,NEM,Newmont Corp,33949248,-2109183,1.66B,-103.39M,-5.8%,3.8%
58733R102,MELI,MercadoLibre Inc,159725,-81501,210.53M,-107.42M,-33.8%,0.48%
67066G104,NVDA,NVIDIA Corp,4904671,-418890,1.36B,-116.36M,-7.9%,3.1%
097023105,BA,Boeing Co/The,493474,-562171,104.83M,-119.42M,-53.3%,0.24%
351858105,FNV,Franco-Nevada Corp,8316810,-829354,1.21B,-120.92M,-9.1%,2.8%
57060D108,MKTX,MarketAxess Holdings Inc,30391,-329395,11.89M,-128.89M,-91.6%,0.03%
482480100,KLAC,KLA Corp,702167,-372276,280.28M,-148.6M,-34.6%,0.64%
Total,,,,,43.92B,739.49M,+1.9%,100%
