CUSIP,Ticker,Company,Shares,Delta_Shares,Value,Delta_Value,Delta,Portfolio%
G0378L100,AU,ANGLOGOLD ASHANTI PLC,24900771,24900771,393.43M,393.43M,NEW,0.86%
874039100,TSM,Taiwan Semiconductor Manufacturing Co L,14795582,3381514,1.29B,293.85M,+29.6%,2.8%
22052L104,CTVA,Corteva Inc,7645091,3366106,391.12M,172.21M,+78.7%,0.86%
808513105,SCHW,Charles Schwab Corp/The,5300286,3038517,290.99M,166.81M,+134.3%,0.64%
N07059210,ASML,ASML Holding NV,1067413,274562,628.34M,161.62M,+34.6%,1.4%
57060D108,MKTX,MarketAxess Holdings Inc,1265784,752111,270.42M,160.68M,+146.4%,0.59%
00846U101,A,Agilent Technologies Inc,2596227,1420430,290.31M,158.83M,+120.8%,0.64%
654106103,NKE,NIKE Inc,2986441,1610273,285.56M,153.97M,+117%,0.63%
438516106,HON,Honeywell International Inc,887629,794489,163.98M,146.77M,+853%,0.36%
134429109,CPB,Campbell Soup Co,3715761,3558933,152.64M,146.2M,+2269.3%,0.33%
49338L103,KEYS,Keysight Technologies Inc,1159449,1090763,153.41M,144.32M,+1588%,0.34%
518439104,EL,Estee Lauder Cos Inc/The,1735740,988829,250.9M,142.94M,+132.4%,0.55%
11135F101,AVGO,Broadcom Inc,927121,163696,770.05M,135.96M,+21.4%,1.7%
75513E101,RTX,RTX Corp,1766294,1745344,127.12M,125.61M,+8331%,0.28%
G48833118,WFRD,Weatherford International PLC,1266800,1266800,114.43M,114.43M,NEW,0.25%
007903107,AMD,Advanced Micro Devices Inc,5886220,881140,605.22M,90.6M,+17.6%,1.3%
717081103,PFE,Pfizer Inc,9718874,2273275,322.38M,75.4M,+30.5%,0.71%
254687106,DIS,Walt Disney Co/The,3535470,872829,286.55M,70.74M,+32.8%,0.63%
459506101,IFF,International Flavors & Fragrances Inc,3927108,996629,267.71M,67.94M,+34%,0.59%
29786A106,ETSY,Etsy Inc,3649213,1047811,235.67M,67.67M,+40.3%,0.52%
38059T106,GFI,Gold Fields Ltd,46158985,6053995,501.29M,65.75M,+15.1%,1.1%
487836108,K,Kellogg Co,4890952,1051922,291.06M,62.6M,+27.4%,0.64%
09062X103,BIIB,Biogen Inc,1189546,233889,305.73M,60.11M,+24.5%,0.67%
747525103,QCOM,QUALCOMM Inc,4674502,521115,519.15M,57.88M,+12.5%,1.1%
375558103,GILD,Gilead Sciences Inc,4534839,702342,339.84M,52.63M,+18.3%,0.75%
G0176J109,ALLE,Allegion PLC,2773767,467772,289.03M,48.74M,+20.3%,0.63%
88579Y101,MMM,3M Co,2944135,506654,275.63M,47.43M,+20.8%,0.6%
949746101,WFC,Wells Fargo & Co,7103120,1156106,290.23M,47.24M,+19.4%,0.64%
902973304,USB,US Bancorp,8677378,1410324,286.87M,46.63M,+19.4%,0.63%
294429105,EFX,Equifax Inc,1366809,246390,250.37M,45.13M,+22%,0.55%
880770102,TER,Teradyne Inc,3437479,419838,345.33M,42.18M,+13.9%,0.76%
703481101,PTEN,Patterson-UTI Energy Inc,7986292,3013692,110.53M,41.71M,+60.6%,0.24%
697900108,PAAS,Pan American Silver Corp,40990828,2798867,593.55M,40.53M,+7.3%,1.3%
98956P102,ZBH,Zimmer Biomet Holdings Inc,2295214,359506,257.57M,40.34M,+18.6%,0.57%
G5960L103,MDT,Medtronic PLC,3586188,510020,281.01M,39.97M,+16.6%,0.62%
574599106,MAS,MASCO CORP,5320936,711988,284.4M,38.06M,+15.4%,0.62%
125269100,CF,CF Industries Holdings Inc,891216,441995,76.41M,37.9M,+98.4%,0.17%
11777Q209,BTG,B2Gold Corp,155923072,12836388,450.6M,37.1M,+9%,0.99%
833635105,SQM,Sociedad Quimica y Minera de Chile SA,1070851,599728,63.9M,35.79M,+127.3%,0.14%
45866F104,ICE,Intercontinental Exchange Inc,2754738,304492,303.08M,33.5M,+12.4%,0.67%
20030N101,CMCSA,Comcast Corp,7304103,729437,323.86M,32.34M,+11.1%,0.71%
278865100,ECL,Ecolab Inc,1699979,190589,287.98M,32.29M,+12.6%,0.63%
902252105,TYL,Tyler Technologies Inc,767228,82128,296.26M,31.71M,+12%,0.65%
40171V100,GWRE,Guidewire Software Inc,2115994,294631,190.44M,26.52M,+16.2%,0.42%
34959E109,FTNT,Fortinet Inc,2488448,446294,146.02M,26.19M,+21.9%,0.32%
595017104,MCHP,Microchip Technology Inc,4462638,322540,348.31M,25.17M,+7.8%,0.76%
892672106,TW,Tradeweb Markets Inc,2199460,289613,176.4M,23.23M,+15.2%,0.39%
882508104,TXN,Texas Instruments Inc,3286507,142634,522.59M,22.68M,+4.5%,1.1%
79466L302,CRM,Salesforce.com Inc,1384908,110688,280.83M,22.45M,+8.7%,0.62%
084670702,BRK.B,Berkshire Hathaway Inc,429447,60787,150.44M,21.29M,+16.5%,0.33%
09247X101,,BlackRock Inc,253557,32414,163.92M,20.96M,+14.7%,0.36%
064058100,BNY,Bank of New York Mellon Corp/The,3541938,488675,151.06M,20.84M,+16%,0.33%
060505104,BAC,Bank of America Corp,5236713,723357,143.38M,19.81M,+16%,0.31%
72147K108,PPC,Pilgrim's Pride Corp,970653,830555,22.16M,18.96M,+592.8%,0.05%
02079K305,GOOGL,Alphabet Inc,2903551,143777,379.96M,18.81M,+5.2%,0.83%
941848103,WAT,Waters Corp,550746,68407,151.02M,18.76M,+14.2%,0.33%
284902509,EGO,Eldorado Gold Corp,21446611,2094276,191.09M,18.66M,+10.8%,0.42%
031162100,AMGN,Amgen Inc,923132,66399,248.1M,17.85M,+7.8%,0.54%
67066G104,NVDA,NVIDIA Corp,5008668,36401,2.18B,15.83M,+0.7%,4.8%
04040Y109,ARIS,ARIS MNG CORP,6871015,6871015,15.64M,15.64M,NEW,0.03%
776696106,ROP,Roper Technologies Inc,311589,29112,150.9M,14.1M,+10.3%,0.33%
670100205,NVO,Novo Nordisk A/S,273286,153755,24.85M,13.98M,+128.6%,0.05%
04010L103,ARCC,Ares Capital Corp,7441256,708568,144.88M,13.8M,+10.5%,0.32%
81141R100,SE,Sea Ltd,951940,299423,41.84M,13.16M,+45.9%,0.09%
G9460G101,VAL,Valaris Ltd,1704357,172780,127.79M,12.95M,+11.3%,0.28%
532457108,LLY,Eli Lilly & Co,209554,23950,112.56M,12.86M,+12.9%,0.25%
032654105,ADI,Analog Devices Inc,2532127,69181,443.35M,12.11M,+2.8%,0.97%
922475108,VEEV,Veeva Systems Inc,1447403,57520,294.47M,11.7M,+4.1%,0.65%
594918104,MSFT,Microsoft Corp,868833,36154,274.33M,11.42M,+4.3%,0.6%
71424F105,PR,Centennial Resource Development Inc/DE,766300,766300,10.7M,10.7M,NEW,0.02%
61945C103,MOS,Mosaic Co/The,1570331,292850,55.9M,10.43M,+22.9%,0.12%
68827L101,OR,Osisko Gold Royalties Ltd,20064306,810979,235.75M,9.53M,+4.2%,0.52%
89400J107,TRU,TransUnion,3709136,130991,266.28M,9.4M,+3.7%,0.58%
69121K104,OBDC,Blue Owl Capital Corp,6179743,663061,85.59M,9.18M,+12%,0.19%
302635206,FSK,FS KKR Capital Corp,4710646,456657,92.75M,8.99M,+10.7%,0.2%
83417M104,SEDG,SolarEdge Technologies Inc,119582,68820,15.49M,8.91M,+135.6%,0.03%
65339F713,NEEPRR,NextEra Energy Inc,1165927,235128,44.11M,8.89M,+25.3%,0.1%
553368101,MP,MP Materials Corp,2710453,452501,51.77M,8.64M,+20%,0.11%
88031M109,TS,Tenaris SA,4279660,256547,135.24M,8.11M,+6.4%,0.3%
771049103,RBLX,ROBLOX Corp,1334876,279664,38.66M,8.1M,+26.5%,0.08%
86745K104,NOVAQ,Sunnova Energy International Inc,696615,670970,7.29M,7.03M,+2616.4%,0.02%
042315705,ARR,ARMOUR Residential REIT Inc,1455027,1455027,6.18M,6.18M,NEW,0.01%
05722G100,BKR,Baker Hughes Co,7214165,170140,254.8M,6.01M,+2.4%,0.56%
780287108,RGLD,Royal Gold Inc,4280676,54449,455.17M,5.79M,+1.3%,1%
32076V103,AG,First Majestic Silver Corp,29631966,1079150,152.01M,5.54M,+3.8%,0.33%
29446Y502,EQX,Equinox Gold Corp,31040175,1292168,131.3M,5.47M,+4.3%,0.29%
03831W108,APP,AppLovin Corp,758653,134906,30.32M,5.39M,+21.6%,0.07%
816851109,SRE,Sempra,158902,75986,10.81M,5.17M,+91.6%,0.02%
056752108,BIDU,Baidu Inc,41468,37903,5.57M,5.09M,+1063.2%,0.01%
65473P121,,NiSource Inc,251413,50710,24.5M,4.94M,+25.3%,0.05%
110122108,BMY,Bristol-Myers Squibb Co,451615,83599,26.21M,4.85M,+22.7%,0.06%
478160104,JNJ,Johnson & Johnson,553595,29871,86.22M,4.65M,+5.7%,0.19%
713448108,PEP,PepsiCo Inc,235153,27087,39.84M,4.59M,+13%,0.09%
038222105,AMAT,Applied Materials Inc,3529689,32622,488.69M,4.52M,+0.9%,1.1%
046353108,AZN,AstraZeneca PLC,321589,65154,21.78M,4.41M,+25.4%,0.05%
55903Q104,MAG,MAG Silver Corp,9746401,406335,101.07M,4.21M,+4.4%,0.22%
037833100,AAPL,Apple Inc,735676,23949,125.95M,4.1M,+3.4%,0.28%
452327109,ILMN,Illumina Inc,141567,29123,19.43M,4M,+25.9%,0.04%
69331C108,PCG,PG&E Corp,984423,243233,15.88M,3.92M,+32.8%,0.03%
91912E105,VALE,Vale SA,6724828,289495,90.11M,3.88M,+4.5%,0.2%
450913108,IAG,IAMGOLD Corp,46749294,1779306,100.51M,3.83M,+4%,0.22%
00130H204,,AES Corp/The,304032,61327,18.55M,3.74M,+25.3%,0.04%
192108504,CDE,Coeur Mining Inc,32722099,1681708,72.64M,3.73M,+5.4%,0.16%
13321L108,CCJ,Cameco Corp,506669,94046,20.1M,3.73M,+22.8%,0.04%
05605H100,BWXT,BWX Technologies Inc,136781,48403,10.26M,3.63M,+54.8%,0.02%
56035L104,MAIN,Main Street Capital Corp,805063,88802,32.71M,3.61M,+12.4%,0.07%
744573106,PEG,Public Service Enterprise Group Inc,270373,62194,15.39M,3.54M,+29.9%,0.03%
58933Y105,MRK,Merck & Co Inc,639393,34220,65.83M,3.52M,+5.7%,0.14%
874060205,TAK,Takeda Pharmaceutical Co Ltd,1278300,226754,19.77M,3.51M,+21.6%,0.04%
66987E206,NG,Novagold Resources Inc,9209665,898800,35.37M,3.45M,+10.8%,0.08%
767204100,RIO,Rio Tinto PLC,245756,54038,15.64M,3.44M,+28.2%,0.03%
826599102,SGML,Sigma Lithium Corp,887543,104630,28.79M,3.39M,+13.4%,0.06%
30225T102,EXR,Extra Space Storage Inc,75557,27887,9.19M,3.39M,+58.5%,0.02%
405552100,HLN,Haleon PLC,2470295,389194,20.58M,3.24M,+18.7%,0.05%
166764100,CVX,Chevron Corp,188778,19165,31.83M,3.23M,+11.3%,0.07%
91324P102,UNH,UnitedHealth Group Inc,134069,6345,67.6M,3.2M,+5%,0.15%
16115Q407,GTLSPB,Chart Industries Inc,234657,47334,15.65M,3.16M,+25.3%,0.03%
21037T109,CEG,Constellation Energy Corp,79938,27534,8.72M,3M,+52.5%,0.02%
66987V109,NVS,Novartis AG,220109,29252,22.42M,2.98M,+15.3%,0.05%
75524B203,,RBC Bearings Inc,134080,27039,14.76M,2.98M,+25.3%,0.03%
911312106,UPS,United Parcel Service Inc,127544,18856,19.88M,2.94M,+17.3%,0.04%
015857873,,Algonquin Power & Utilities Corp,670421,135212,14.47M,2.92M,+25.3%,0.03%
482480100,KLAC,KLA Corp,697904,6298,320.1M,2.89M,+0.9%,0.7%
422704106,HL,Hecla Mining Co,55641910,728881,217.56M,2.85M,+1.3%,0.48%
670928100,NUV,Nuveen Municipal Value Fund Inc,1275571,339999,10.54M,2.81M,+36.3%,0.02%
217204106,CPRT,Copart Inc,125857,65025,5.42M,2.8M,+106.9%,0.01%
03073E105,COR,AmerisourceBergen Corp,129979,15448,23.39M,2.78M,+13.5%,0.05%
92826C839,V,Visa Inc,307140,11851,70.65M,2.73M,+4%,0.16%
65339F101,NEE,NextEra Energy Inc,655093,46814,37.53M,2.68M,+7.7%,0.08%
136385101,CNQ,Canadian Natural Resources Ltd,61779,40403,4M,2.61M,+189%,<.01%
60770K107,MRNA,Moderna Inc,227128,24698,23.46M,2.55M,+12.2%,0.05%
285512109,EA,Electronic Arts Inc,384708,20731,46.32M,2.5M,+5.7%,0.1%
37733W204,GSK,GSK PLC,586181,67892,21.25M,2.46M,+13.1%,0.05%
969904101,WSM,Williams-Sonoma Inc,34648,15649,5.38M,2.43M,+82.4%,0.01%
784730103,SSRM,SSR Mining Inc,21178035,180685,281.45M,2.4M,+0.9%,0.62%
44955L106,IAUX,i-80 Gold Corp,10073073,1506395,15.41M,2.3M,+17.6%,0.03%
09261X102,BXSL,Blackstone Secured Lending Fund,1181353,83932,32.32M,2.3M,+7.6%,0.07%
852234103,XYZ,Block Inc,151161,51568,6.69M,2.28M,+51.8%,0.01%
292671708,UUUU,Energy Fuels Inc/Canada,792982,277175,6.52M,2.28M,+53.7%,0.01%
580135101,MCD,McDonald's Corp,17772,8586,4.68M,2.26M,+93.5%,0.01%
192446102,CTSH,Cognizant Technology Solutions Corp,118836,32358,8.05M,2.19M,+37.4%,0.02%
74348T102,PSEC,Prospect Capital Corp,4884389,360385,29.55M,2.18M,+8%,0.06%
69608A108,PLTR,Palantir Technologies Inc,444389,135189,7.11M,2.16M,+43.7%,0.02%
204448104,BVN,Cia de Minas Buenaventura SAA,25467733,251159,216.99M,2.14M,+1%,0.48%
248356107,DNN,Denison Mines Corp,3919530,1294007,6.46M,2.13M,+49.3%,0.01%
02079K107,GOOG,Alphabet Inc,481158,15942,63.44M,2.1M,+3.4%,0.14%
80105N105,SNY,Sanofi,409007,38926,21.94M,2.09M,+10.5%,0.05%
038169207,APLD,Applied Blockchain Inc,799862,332565,4.99M,2.08M,+71.2%,0.01%
58155Q103,MCK,McKesson Corp,63112,4691,27.44M,2.04M,+8%,0.06%
25809K105,DASH,DoorDash Inc,33661,25608,2.67M,2.04M,+318%,<.01%
126650100,CVS,CVS Health Corp,174929,29033,12.21M,2.03M,+19.9%,0.03%
902494103,TSN,Tyson Foods Inc,779022,39910,39.33M,2.02M,+5.4%,0.09%
371901109,GNTX,Gentex Corp,134860,61536,4.39M,2M,+83.9%,<.01%
70806A106,PFLT,PennantPark Floating Rate Capital Ltd,913933,187337,9.74M,2M,+25.8%,0.02%
538034109,LYV,Live Nation Entertainment Inc,30593,24040,2.54M,2M,+366.9%,<.01%
65340P106,NXE,NexGen Energy Ltd,1210228,327166,7.23M,1.95M,+37%,0.02%
83012A109,TSLX,Sixth Street Specialty Lending Inc,1446198,95269,29.56M,1.95M,+7.1%,0.06%
23918K108,DVA,DaVita Inc,27216,20563,2.57M,1.94M,+309.1%,<.01%
539830109,LMT,Lockheed Martin Corp,41182,4722,16.84M,1.93M,+13%,0.04%
412822108,HOG,Harley-Davidson Inc,308025,58198,10.18M,1.92M,+23.3%,0.02%
427096508,HTGC,Hercules Capital Inc,2033429,116684,33.39M,1.92M,+6.1%,0.07%
896442308,TRIN,Trinity Capital Inc,692656,135738,9.64M,1.89M,+24.4%,0.02%
099502106,BAH,Booz Allen Hamilton Holding Corp,44555,17076,4.87M,1.87M,+62.1%,0.01%
14040H105,COF,Capital One Financial Corp,29212,19152,2.83M,1.86M,+190.4%,<.01%
525327102,LDOS,Leidos Holdings Inc,52814,20073,4.87M,1.85M,+61.3%,0.01%
29977A105,EVR,Evercore Inc,28473,13227,3.93M,1.82M,+86.8%,<.01%
74965L200,RLJPA,RLJ Lodging Trust,375322,75699,9.03M,1.82M,+25.3%,0.02%
020764106,AMR,Alpha Metallurgical Resources Inc,6984,6984,1.81M,1.81M,NEW,<.01%
043436104,ABG,Asbury Automotive Group Inc,15330,7843,3.53M,1.8M,+104.8%,<.01%
G1144A105,BTBT,Bit Digital Inc,2041295,842256,4.37M,1.8M,+70.2%,<.01%
501044101,KR,Kroger Co/The,122638,39261,5.49M,1.76M,+47.1%,0.01%
35671D857,FCX,Freeport-McMoRan Inc,2207564,47029,82.32M,1.75M,+2.2%,0.18%
67098H104,OI,O-I GLASS INC,129826,104576,2.17M,1.75M,+414.2%,<.01%
086516101,BBY,Best Buy Co Inc,94282,24763,6.55M,1.72M,+35.6%,0.01%
537008104,LFUS,Littelfuse Inc,14369,6922,3.55M,1.71M,+93%,<.01%
231561101,CW,Curtiss-Wright Corp,22694,8559,4.44M,1.67M,+60.6%,<.01%
38173M102,GBDC,Golub Capital BDC Inc,2275245,113617,33.38M,1.67M,+5.3%,0.07%
345370860,F,Ford Motor Co,1264838,134121,15.71M,1.67M,+11.9%,0.03%
117043109,BC,Brunswick Corp/DE,31145,21066,2.46M,1.66M,+209%,<.01%
67401P405,OCSL,Oaktree Specialty Lending Corp,1277429,79137,25.7M,1.59M,+6.6%,0.06%
140501107,CSWC,Capital Southwest Corp,661405,69265,15.15M,1.59M,+11.7%,0.03%
51655R101,LNZA,LanzaTech Global Inc,334967,334967,1.56M,1.56M,NEW,<.01%
G2519Y108,BAP,Credicorp Ltd,97074,12163,12.42M,1.56M,+14.3%,0.03%
100557107,SAM,Boston Beer Co Inc/The,7339,3981,2.86M,1.55M,+118.6%,<.01%
20825C104,COP,ConocoPhillips,828339,12872,99.23M,1.54M,+1.6%,0.22%
72352L106,PINS,Pinterest Inc,100191,56885,2.71M,1.54M,+131.4%,<.01%
784117103,SEIC,SEI Investments Co,60723,25242,3.66M,1.52M,+71.1%,<.01%
09257P105,BTT,BlackRock Municipal 2030 Target Term Tr,455963,78053,8.85M,1.51M,+20.7%,0.02%
260003108,DOV,Dover Corp,39344,10844,5.49M,1.51M,+38%,0.01%
462222100,IONS,Ionis Pharmaceuticals Inc,64687,33326,2.93M,1.51M,+106.3%,<.01%
11120U105,BRX,Brixmor Property Group Inc,106126,72246,2.21M,1.5M,+213.2%,<.01%
85254J102,STAG,STAG Industrial Inc,63635,43313,2.2M,1.49M,+213.1%,<.01%
00287Y109,ABBV,AbbVie Inc,168906,10015,25.18M,1.49M,+6.3%,0.06%
H2906T109,GRMN,Garmin Ltd,47320,14126,4.98M,1.49M,+42.6%,0.01%
35137L105,FOXA,Fox Corp,82594,47163,2.58M,1.47M,+133.1%,<.01%
185899101,CLF,Cleveland-Cliffs Inc,418727,93791,6.54M,1.47M,+28.9%,0.01%
26614N102,DD,DuPont de Nemours Inc,35097,19627,2.62M,1.46M,+126.9%,<.01%
934550203,WMG,Warner Music Group Corp,85923,46587,2.7M,1.46M,+118.4%,<.01%
159864107,CRL,Charles River Laboratories Internationa,63097,7461,12.37M,1.46M,+13.4%,0.03%
G6095L109,,Aptiv PLC,25575,14827,2.52M,1.46M,+138%,<.01%
57636Q104,MA,Mastercard Inc,144370,3687,57.16M,1.46M,+2.6%,0.13%
278642103,EBAY,eBay Inc,57424,32819,2.53M,1.45M,+133.4%,<.01%
878742204,TECK,Teck Resources Ltd,321615,33530,13.85M,1.44M,+11.6%,0.03%
277276101,EGP,EastGroup Properties Inc,13598,8635,2.26M,1.44M,+174%,<.01%
670346105,NUE,Nucor Corp,98085,9147,15.34M,1.43M,+10.3%,0.03%
72016P105,PLL,Piedmont Lithium Inc,589907,36016,23.42M,1.43M,+6.5%,0.05%
N53745100,LYB,LyondellBasell Industries NV,26954,15071,2.55M,1.43M,+126.8%,<.01%
G0084W101,ADNT,Adient plc,66967,38604,2.46M,1.42M,+136.1%,<.01%
099724106,BWA,BorgWarner Inc,63034,35008,2.54M,1.41M,+124.9%,<.01%
34959J108,FTV,Fortive Corp,34711,18764,2.57M,1.39M,+117.7%,<.01%
219350105,GLW,Corning Inc,96254,45001,2.93M,1.37M,+87.8%,<.01%
770323103,RHI,Robert Half Inc,38095,18646,2.79M,1.37M,+95.9%,<.01%
78467J100,SSNC,SS&C Technologies Holdings Inc,48142,25459,2.53M,1.34M,+112.2%,<.01%
070830104,BBWI,Bath & Body Works Inc,87836,39522,2.97M,1.34M,+81.8%,<.01%
891160509,TD,Toronto-Dominion Bank/The,260770,21989,15.72M,1.33M,+9.2%,0.03%
38147U107,GSBD,Goldman Sachs BDC Inc,1707323,89227,24.86M,1.3M,+5.5%,0.05%
457187102,INGR,Ingredion Inc,35685,13196,3.51M,1.3M,+58.7%,<.01%
G0457F107,ARCO,Arcos Dorados Holdings Inc,787139,136951,7.45M,1.3M,+21.1%,0.02%
18452B209,CLSK,Cleanspark Inc,1200176,338190,4.57M,1.29M,+39.2%,0.01%
983134107,WYNN,Wynn Resorts Ltd,36756,13934,3.4M,1.29M,+61.1%,<.01%
681919106,OMC,Omnicom Group Inc,43301,17103,3.23M,1.27M,+65.3%,<.01%
876030107,TPR,Tapestry Inc,69160,44103,1.99M,1.27M,+176%,<.01%
254709108,DFS,Discover Financial Services,25106,14615,2.17M,1.27M,+139.3%,<.01%
536797103,LAD,Lithia Motors Inc,4274,4274,1.26M,1.26M,NEW,<.01%
95082P105,WCC,WESCO International Inc,15871,8647,2.28M,1.24M,+119.7%,<.01%
403949100,DINO,HF Sinclair Corp,80680,21848,4.59M,1.24M,+37.1%,0.01%
30212P303,EXPE,Expedia Group Inc,11981,11981,1.24M,1.24M,NEW,<.01%
28176E108,EW,Edwards Lifesciences Corp,145489,17597,10.08M,1.22M,+13.8%,0.02%
277432100,EMN,Eastman Chemical Co,15701,15701,1.21M,1.21M,NEW,<.01%
45841N107,IBKR,INTERACTIVE BROKERS GROUP IN,13910,13910,1.2M,1.2M,NEW,<.01%
828363101,SILV,SilverCrest Metals Inc,14670087,270192,64.69M,1.19M,+1.9%,0.14%
418056107,HAS,Hasbro Inc,21089,17951,1.4M,1.19M,+572.1%,<.01%
17259U204,CION,CION Investment Corp,901058,111819,9.52M,1.18M,+14.2%,0.02%
29250N105,ENB,Enbridge Inc,559474,35555,18.57M,1.18M,+6.8%,0.04%
94106L109,WM,Waste Management Inc,55201,7691,8.41M,1.17M,+16.2%,0.02%
G1151C101,ACN,Accenture PLC,113936,3735,34.99M,1.15M,+3.4%,0.08%
413216300,HMY,Harmony Gold Mining Co Ltd,53554327,301330,201.37M,1.13M,+0.6%,0.44%
134748102,CAN,Canaan Inc,2374354,622386,4.32M,1.13M,+35.5%,<.01%
670682103,NMZ,Nuveen Municipal High Income Opportunit,608083,122034,5.64M,1.13M,+25.1%,0.01%
916896103,UEC,Uranium Energy Corp,1421202,219239,7.32M,1.13M,+18.2%,0.02%
143130102,KMX,CARMAX INC,15924,15924,1.13M,1.13M,NEW,<.01%
47215P106,JD,JD.com Inc,198241,38508,5.78M,1.12M,+24.1%,0.01%
682680103,OKE,Oneok Inc,148538,17574,9.42M,1.11M,+13.4%,0.02%
647551100,NMFC,New Mountain Finance Corp,1405785,85873,18.2M,1.11M,+6.5%,0.04%
03938L203,MT,ArcelorMittal SA,242970,44170,6.08M,1.11M,+22.2%,0.01%
989207105,ZBRA,Zebra Technologies Corp,12156,4645,2.88M,1.1M,+61.8%,<.01%
294600101,,Equitrans Midstream Corp,378645,115195,3.55M,1.08M,+43.7%,<.01%
127190304,CACI,CACI International Inc,7850,3386,2.46M,1.06M,+75.9%,<.01%
92189F775,AFK,VanEck Egypt Index ETF,275000,50000,5.83M,1.06M,+22.2%,0.01%
92556H305,,Paramount Global,291474,58775,5.17M,1.04M,+25.3%,0.01%
29273V100,ET,Energy Transfer LP,195461,74210,2.74M,1.04M,+61.2%,<.01%
48242W106,KBR,KBR Inc,44371,17374,2.62M,1.02M,+64.4%,<.01%
74623V103,PCT,PureCycle Technologies Inc,465106,180525,2.61M,1.01M,+63.4%,<.01%
88162G103,TTEK,Tetra Tech Inc,28424,6547,4.32M,995.27K,+29.9%,<.01%
063671101,BMO,Bank of Montreal,98869,11486,8.34M,969.36K,+13.1%,0.02%
853606101,SLI,Standard Lithium Ltd,2660426,339189,7.53M,959.9K,+14.6%,0.02%
172967424,C,Citigroup Inc,262424,23316,10.79M,959.03K,+9.8%,0.02%
959802109,WU,Western Union Co/The,606828,72137,8M,950.77K,+13.5%,0.02%
257651109,DCI,Donaldson Co Inc,72254,15848,4.31M,945.12K,+28.1%,<.01%
15643U104,LEU,USEC INC,57615,16596,3.27M,941.92K,+40.5%,<.01%
60855R100,MOH,Molina Healthcare Inc,11251,2871,3.69M,941.35K,+34.3%,<.01%
446413106,HII,Huntington Ingalls Industries Inc,11882,4558,2.43M,932.54K,+62.2%,<.01%
456788108,INFY,Infosys Ltd,199003,54425,3.4M,931.23K,+37.6%,<.01%
615111101,ONT,Montrose Environmental Group Inc,86047,31788,2.52M,930.21K,+58.6%,<.01%
05577W200,DOO,BRP Inc,42692,11939,3.23M,904.12K,+38.8%,<.01%
50212V100,LPLA,LPL Financial Holdings Inc,17674,3798,4.2M,902.55K,+27.4%,<.01%
65473P105,NI,NiSource Inc,153743,36034,3.79M,889.47K,+30.6%,<.01%
03761U502,MFIC,MidCap Financial Investment Corp,1081719,64214,14.87M,882.96K,+6.3%,0.03%
22160K105,COST,Costco Wholesale Corp,90922,1535,51.37M,867.21K,+1.7%,0.11%
444859102,HUM,HUMANA INC,1768,1768,860K,860K,NEW,<.01%
89832Q109,TFC,Truist Financial Corp,255857,29642,7.32M,848.05K,+13.1%,0.02%
064149107,BNS,Bank of Nova Scotia/The,175894,18524,7.89M,830.61K,+11.8%,0.02%
053015103,ADP,Automatic Data Processing Inc,98889,3414,23.79M,821.35K,+3.6%,0.05%
T9224W109,STVN,STEVANATO GROUP S P A,27351,27351,813K,813K,NEW,<.01%
293792107,EPD,Enterprise Products Partners LP,89264,29610,2.44M,810.37K,+49.6%,<.01%
36467W109,GME,GameStop Corp,1231452,49139,20.27M,808.84K,+4.2%,0.04%
370334104,GIS,General Mills Inc,10710,10710,806K,806K,NEW,<.01%
302081104,EXLS,ExlService Holdings Inc,33279,28618,933K,802.33K,+614%,<.01%
29270J100,ERII,Energy Recovery Inc,120694,37430,2.56M,793.92K,+45%,<.01%
68404L201,OPCH,OPTION CARE HEALTH INC,34291,24328,1.11M,786.79K,+244.2%,<.01%
94106B101,WCN,Waste Connections Inc,61709,5857,8.29M,786.55K,+10.5%,0.02%
315616102,FFIV,F5 Inc,9259,4880,1.49M,786.37K,+111.4%,<.01%
756109104,O,Realty Income Corp,235625,15718,11.77M,784.95K,+7.1%,0.03%
01973R101,ALSN,Allison Transmission Holdings Inc,24003,13254,1.42M,782.99K,+123.3%,<.01%
87256C101,TKO,TKO GROUP HOLDINGS INC,9209,9209,774K,774K,NEW,<.01%
191216100,KO,Coca-Cola Co/The,629936,13555,35.26M,758.81K,+2.2%,0.08%
75574U101,RC,Ready Capital Corp,906095,74714,9.16M,755.39K,+9%,0.02%
751212101,RL,Ralph Lauren Corp,11035,6440,1.28M,747.59K,+140.2%,<.01%
872280102,CGBD,TCG BDC Inc,842038,51413,12.21M,745.45K,+6.5%,0.03%
40412C101,HCA,HCA Holdings Inc,3023,3023,744K,744K,NEW,<.01%
00123Q104,AGNC,AGNC INVESTMENT CORP,1752044,78253,16.54M,738.7K,+4.7%,0.04%
863667101,SYK,Stryker Corp,13515,2683,3.69M,733.13K,+24.8%,<.01%
88033G407,THC,TENET HEALTHCARE CORP,11068,11068,729K,729K,NEW,<.01%
693475105,PNC,PNC Financial Services Group Inc/The,67837,5924,8.33M,727.26K,+9.6%,0.02%
760759100,RSG,Republic Services Inc,59567,5055,8.49M,720.4K,+9.3%,0.02%
83413U100,SLRC,SLR Investment Corp,768482,46760,11.83M,719.64K,+6.5%,0.03%
37045V100,GM,General Motors Co,49457,21711,1.63M,715.55K,+78.2%,<.01%
95040Q104,WELL,Welltower Inc,184300,8657,15.1M,709.19K,+4.9%,0.03%
550021109,LULU,Lululemon Athletica Inc,32629,1832,12.58M,706.43K,+5.9%,0.03%
05684B107,BCSF,Bain Capital Specialty Finance Inc,738990,45973,11.31M,703.85K,+6.6%,0.02%
256677105,DG,Dollar General Corp,26009,6650,2.75M,703.63K,+34.4%,<.01%
45337C102,INCY,Incyte Corp,194481,12123,11.23M,700.34K,+6.6%,0.02%
09259E108,TCPC,BlackRock TCP Capital Corp,957629,59596,11.24M,699.62K,+6.6%,0.02%
68571X301,ORC,Orchid Island Capital Inc,358380,82191,3.05M,699.49K,+29.8%,<.01%
15677J108,DAY,Ceridian HCM Holding Inc,19070,10286,1.29M,697.96K,+117.1%,<.01%
78709Y105,SAIA,Saia Inc,5800,1739,2.31M,693.2K,+42.8%,<.01%
808625107,SAIC,Science Applications International Corp,16552,6531,1.75M,689.32K,+65.2%,<.01%
Q4982L109,IREN,Iris Energy Ltd,1117769,184039,4.15M,682.8K,+19.7%,<.01%
06759L103,BBDC,Barings BDC Inc,1530005,76390,13.63M,680.62K,+5.3%,0.03%
533900106,LECO,Lincoln Electric Holdings Inc,12577,3706,2.29M,673.9K,+41.8%,<.01%
260557103,DOW,Dow Inc,23656,13034,1.22M,672.2K,+122.7%,<.01%
67062F100,NXP,Nuveen Select Tax-Free Income Portfolio,223807,50410,2.98M,670.54K,+29.1%,<.01%
433921103,HIVE,Hive Blockchain Technologies Ltd,1319089,217686,4.06M,670.51K,+19.8%,<.01%
34964C106,FBIN,Fortune Brands Innovations Inc,35887,10729,2.23M,666.99K,+42.6%,<.01%
36168Q104,GFL,GFL Environmental Inc,88873,20745,2.82M,658.72K,+30.5%,<.01%
858912108,SRCL,Stericycle Inc,89398,14710,4M,657.69K,+19.7%,<.01%
122017106,BURL,Burlington Stores Inc,8606,4848,1.16M,655.71K,+129%,<.01%
68389X105,ORCL,Oracle Corp,35029,6187,3.71M,655.28K,+21.5%,<.01%
373737105,GGB,Gerdau SA,1104611,137101,5.27M,653.97K,+14.2%,0.01%
45073V108,ITT,ITT Inc,30721,6648,3.01M,650.93K,+27.6%,<.01%
928881101,VNT,Vontier Corp,41368,20790,1.28M,642.78K,+101%,<.01%
767292105,RIOT,Riot Platforms Inc,535150,68392,4.99M,638.1K,+14.7%,0.01%
693483109,PKX,POSCO Holdings Inc,79859,6202,8.19M,635.74K,+8.4%,0.02%
150870103,CE,Celanese Corp,10230,5053,1.28M,634.22K,+97.6%,<.01%
594972408,MSTR,MicroStrategy Inc,19953,1931,6.55M,633.89K,+10.7%,0.01%
931427108,WBA,Walgreens Boots Alliance Inc,129191,28400,2.87M,631.57K,+28.2%,<.01%
87807B107,TRP,TC Energy Corp,296979,18213,10.22M,626.65K,+6.5%,0.02%
29084Q100,EME,EMCOR GROUP INC,9927,2976,2.09M,626.26K,+42.8%,<.01%
82509L107,SHOP,Shopify Inc,76172,11352,4.16M,619.52K,+17.5%,<.01%
867224107,SU,Suncor Energy Inc,188426,17622,6.48M,606.21K,+10.3%,0.01%
67103H107,ORLY,O'Reilly Automotive Inc,7303,666,6.64M,605.26K,+10%,0.01%
931142103,WMT,Walmart Inc,89943,3778,14.38M,604.23K,+4.4%,0.03%
09173B107,KEEL,Bitfarms Ltd/Canada,3580369,561342,3.83M,600.64K,+18.6%,<.01%
17253J106,CIFR,Cipher Mining Inc,1403549,256097,3.27M,596.66K,+22.3%,<.01%
41068X100,HASI,Hannon Armstrong Sustainable Infrastruc,1299872,28051,27.56M,594.68K,+2.2%,0.06%
565788106,MARA,Marathon Digital Holdings Inc,540313,69753,4.59M,592.94K,+14.8%,0.01%
880890108,TX,Ternium SA,142325,14811,5.68M,590.98K,+11.6%,0.01%
880345103,TNC,Tennant Co,35889,7936,2.66M,588.42K,+28.4%,<.01%
147448104,CWST,Casella Waste Systems Inc,36796,7666,2.81M,584.8K,+26.3%,<.01%
44812T102,,Hut 8 Mining Corp,2198471,297552,4.29M,580.22K,+15.7%,<.01%
49714P108,KNSL,Kinsale Capital Group Inc,4618,1384,1.91M,573.02K,+42.8%,<.01%
67079X102,NDMO,Nuveen Dynamic Municipal Opportunities,294775,57214,2.89M,561.32K,+24.1%,<.01%
000957100,ABM,ABM Industries Inc,67585,14029,2.7M,561.28K,+26.2%,<.01%
316500107,FDUS,Fidus Investment Corp,396645,29098,7.62M,558.71K,+7.9%,0.02%
74340W103,PLD,Prologis Inc,352243,4916,39.53M,551.64K,+1.4%,0.09%
37940X102,GPN,Global Payments Inc,10198,4732,1.18M,546.14K,+86.6%,<.01%
27829L105,EOT,Eaton Vance National Municipal Opportun,94374,33498,1.53M,543.43K,+55%,<.01%
46120E602,ISRG,Intuitive Surgical Inc,53495,1822,15.64M,532.55K,+3.5%,0.03%
778296103,ROST,Ross Stores Inc,35077,4569,3.96M,516.08K,+15%,<.01%
26152H301,DRD,DRDGOLD Ltd,6060083,61500,50.3M,510.44K,+1%,0.11%
505743104,LADR,Ladder Capital Corp,809231,49643,8.3M,509.35K,+6.5%,0.02%
89055F103,BLD,TopBuild Corp,6587,1975,1.66M,496.82K,+42.8%,<.01%
376546107,GAIN,Gladstone Investment Corp,559626,38921,7.13M,495.88K,+7.5%,0.02%
00790R104,WMS,Advanced Drainage Systems Inc,14777,4301,1.68M,489.56K,+41.1%,<.01%
75281A109,RRC,Range Resources Corp,55146,14943,1.79M,484.5K,+37.2%,<.01%
09073M104,TECH,Bio-Techne Corp,165565,7096,11.27M,483.02K,+4.5%,0.02%
89531P105,TREX,Trex Co Inc,26041,7806,1.6M,481.11K,+42.8%,<.01%
136069101,CM,Canadian Imperial Bank of Commerce,104944,12376,4.05M,477.97K,+13.4%,<.01%
571748102,MRSH,Marsh & McLennan Cos Inc,82255,2504,15.65M,476.51K,+3.1%,0.03%
502431109,LHX,L3Harris Technologies Inc,2734,2734,476K,476K,NEW,<.01%
889478103,TOL,TOLL BROTHERS INC,21448,6429,1.59M,475.4K,+42.8%,<.01%
70202L102,PSN,Parsons Corp,21559,8724,1.17M,474.26K,+68%,<.01%
053332102,AZO,AutoZone Inc,1834,186,4.66M,472.4K,+11.3%,0.01%
515098101,LSTR,Landstar System Inc,8908,2670,1.58M,472.38K,+42.8%,<.01%
27579R104,EWBC,East West Bancorp Inc,29747,8916,1.57M,469.97K,+42.8%,<.01%
03762U105,ARI,Apollo Commercial Real Estate Finance I,750977,46215,7.61M,468.13K,+6.6%,0.02%
116794108,BRKR,Bruker Corp,33441,7443,2.08M,463.62K,+28.6%,<.01%
72919P202,PLUG,Plug Power Inc,1786925,60767,13.58M,461.84K,+3.5%,0.03%
56501R106,MFC,Manulife Financial Corp,217952,25075,3.98M,458.35K,+13%,<.01%
279158109,EC,Ecopetrol SA,38375,38375,444K,444K,NEW,<.01%
90278Q108,UFPI,UFP Industries Inc,14167,4246,1.45M,434.88K,+42.8%,<.01%
58506Q109,MEDP,Medpace Holdings Inc,5947,1783,1.44M,431.73K,+42.8%,<.01%
55336V100,MPLX,MPLX LP,51138,12128,1.82M,431.4K,+31.1%,<.01%
201723103,CMC,Commercial Metals Co,138504,8728,6.84M,431.28K,+6.7%,0.02%
670657105,NEA,Nuveen AMT-Free Quality Municipal Incom,1520429,44502,14.72M,430.79K,+3%,0.03%
000360206,AAON,AAON INC,14177,7559,806K,429.75K,+114.2%,<.01%
82982L103,SITE,SiteOne Landscape Supply Inc,8667,2598,1.42M,424.76K,+42.8%,<.01%
759509102,RS,Reliance Steel & Aluminum Co,30211,1616,7.92M,423.8K,+5.7%,0.02%
74758T303,QLYS,Qualys Inc,9272,2779,1.41M,423.8K,+42.8%,<.01%
74460D109,PSA,PUBLIC STORAGE,82084,1586,21.63M,417.95K,+2%,0.05%
05588W108,LEO,BNY Mellon Strategic Municipals Inc,416745,78385,2.22M,417.74K,+23.2%,<.01%
008073108,AVAV,AeroVironment Inc,8377,3738,934K,416.77K,+80.6%,<.01%
829073105,SSD,Simpson Manufacturing Co Inc,9055,2714,1.36M,406.73K,+42.8%,<.01%
549498103,LCID,Lucid Group Inc,626322,72663,3.5M,406.17K,+13.1%,<.01%
749607107,RLI,RLI Corp,9945,2981,1.35M,404.96K,+42.8%,<.01%
925652109,VICI,VICI Properties Inc,480083,13880,13.97M,403.9K,+3%,0.03%
03753U106,APLS,APELLIS PHARMACEUTICALS INC,10601,10601,403K,403K,NEW,<.01%
615394202,MOGA,Moog Inc,9003,3554,1.02M,401.47K,+65.2%,<.01%
74736K101,QRVO,Qorvo Inc,398961,4193,38.09M,400.31K,+1.1%,0.08%
72201A103,XPMQX,PIMCO Municipal Income Fund III,190524,61251,1.23M,396.39K,+47.4%,<.01%
047649108,ATKR,Atkore Inc,8702,2608,1.3M,389.01K,+42.8%,<.01%
35243J101,FBRT,Franklin BSP Realty Trust Inc,483802,29349,6.41M,388.61K,+6.5%,0.01%
74164M108,PRI,Primerica Inc,6667,1999,1.29M,387.69K,+42.8%,<.01%
199908104,FIX,Comfort Systems USA Inc,7570,2269,1.29M,386.66K,+42.8%,<.01%
892356106,TSCO,Tractor Supply Co,35768,1894,7.26M,384.54K,+5.6%,0.02%
89677Y100,TPVG,TriplePoint Venture Growth BDC Corp,587606,36675,6.15M,383.66K,+6.7%,0.01%
G3323L100,FN,Fabrinet,7668,2298,1.28M,383K,+42.8%,<.01%
26969P108,EXP,EAGLE MATERIALS INC,7544,2261,1.26M,376.43K,+42.8%,<.01%
09254J102,MUA,BlackRock MuniAssets Fund Inc,248813,41753,2.24M,375.72K,+20.2%,<.01%
16679L109,CHWY,Chewy Inc,20509,20509,374K,374K,NEW,<.01%
980745103,WWD,Woodward Inc,9970,2988,1.24M,371.33K,+42.8%,<.01%
349915108,,Fortuna Silver Mines Inc,30035190,135263,81.77M,368.24K,+0.5%,0.18%
576485205,MTDR,Matador Resources Co,23040,6156,1.37M,366.31K,+36.5%,<.01%
78463M107,SPSC,SPS Commerce Inc,7090,2125,1.21M,362.66K,+42.8%,<.01%
46431W614,,iShares Gold Strategy ETF,6574,6513,363K,359.63K,+10677%,<.01%
03820C105,AIT,Applied Industrial Technologies Inc,7757,2325,1.2M,359.38K,+42.8%,<.01%
860630102,SF,Stifel Financial Corp,19393,5813,1.19M,357.3K,+42.8%,<.01%
054540208,ACLS,Axcelis Technologies Inc,7187,2154,1.17M,351.26K,+42.8%,<.01%
302941109,FCN,FTI CONSULTING INC,6544,1961,1.17M,350.01K,+42.8%,<.01%
742718109,PG,Procter & Gamble Co/The,18513,2397,2.7M,349.59K,+14.9%,<.01%
441593100,HLI,Houlihan Lokey Inc,10850,3253,1.16M,348.39K,+42.8%,<.01%
49271V100,KDP,Keurig Dr Pepper Inc,11029,11029,348K,348K,NEW,<.01%
650111107,NYT,New York Times Co/The,28152,8439,1.16M,347.73K,+42.8%,<.01%
05759B107,BKKT,Bakkt Holdings Inc,1965802,295860,2.3M,346.16K,+17.7%,<.01%
531229755,FWONK,Liberty Media Corp-Liberty Formula One,5455,5455,340K,340K,NEW,<.01%
871829107,SYY,Sysco Corp,64710,5118,4.27M,338.04K,+8.6%,<.01%
093712107,BE,Bloom Energy Corp,730018,25407,9.68M,336.9K,+3.6%,0.02%
452308109,ITW,Illinois Tool Works Inc,43688,1456,10.06M,335.34K,+3.4%,0.02%
654110105,NKLA,Nikola Corp,4383269,213205,6.88M,334.74K,+5.1%,0.02%
18270D106,CMTG,Claros Mortgage Trust Inc,316708,30106,3.51M,333.56K,+10.5%,<.01%
M22465104,CHKP,Check Point Software Technologies Ltd,46535,2498,6.2M,332.98K,+5.7%,0.01%
816300107,SIGI,Selective Insurance Group Inc,10727,3215,1.11M,331.78K,+42.8%,<.01%
00508Y102,AYI,Acuity Brands Inc,6460,1936,1.1M,329.66K,+42.8%,<.01%
30214U102,EXPO,Exponent Inc,12726,3815,1.09M,326.46K,+42.8%,<.01%
035710839,NLY,Annaly Capital Management Inc,1328887,17350,25M,326.35K,+1.3%,0.05%
55272X607,MFA,MFA Financial Inc,674737,33682,6.48M,323.67K,+5.3%,0.01%
17888H103,CIVI,Bonanza Creek Energy Inc,14420,3986,1.17M,322.31K,+38.2%,<.01%
G3198U102,ESNT,Essent Group Ltd,22592,6772,1.07M,320.14K,+42.8%,<.01%
50077B207,KTOS,Kratos Defense & Security Solutions Inc,50013,21117,751K,317.09K,+73.1%,<.01%
866796105,SLF,Sun Life Financial Inc,64056,6461,3.13M,315.4K,+11.2%,<.01%
92534K107,VRTX,Vertex Energy Inc,323299,70849,1.44M,315.35K,+28.1%,<.01%
90384S303,ULTA,Ulta Beauty Inc,13834,783,5.53M,312.77K,+6%,0.01%
G8473T100,STE,STERIS PLC,12042,1424,2.64M,312.42K,+13.4%,<.01%
29444U700,EQIX,Equinix Inc,14685,429,10.66M,311.56K,+3%,0.02%
67079K100,SMR,NuScale Power Corp,158470,63519,777K,311.44K,+66.9%,<.01%
184496107,CLH,Clean Harbors Inc,17015,1850,2.85M,309.66K,+12.2%,<.01%
942749102,WTS,WATTS WATER TECHNOLOGIES INC,6088,1767,1.05M,305.34K,+40.9%,<.01%
12504L109,CBRE,CBRE Group Inc,34305,4132,2.53M,305.1K,+13.7%,<.01%
98389B100,XEL,Xcel Energy Inc,139635,5328,7.99M,304.87K,+4%,0.02%
27829U105,ETX,Eaton Vance Municipal Income 2028 Term,67175,17753,1.14M,301.01K,+35.9%,<.01%
624756102,MLI,Mueller Industries Inc,13298,3986,999K,299.44K,+42.8%,<.01%
758075402,RWT,Redwood Trust Inc,662925,41874,4.73M,298.58K,+6.7%,0.01%
858119100,STLD,Steel Dynamics Inc,85195,2772,9.13M,297.19K,+3.4%,0.02%
91688R108,URG,Ur-Energy Inc,876832,192947,1.35M,297.07K,+28.2%,<.01%
552848103,MTG,MGIC Investment Corp,59248,17760,989K,296.46K,+42.8%,<.01%
733174700,BPOP,Popular Inc,15658,4694,987K,295.89K,+42.8%,<.01%
649604840,ADAM,New York Mortgage Trust Inc,559377,34790,4.75M,295.36K,+6.6%,0.01%
16934Q208,,Chimera Investment Corp,1371464,53950,7.49M,294.56K,+4.1%,0.02%
59001A102,MTH,Meritage Homes Corp,8012,2401,981K,293.98K,+42.8%,<.01%
896288107,TNET,TriNet Group Inc,8401,2518,979K,293.43K,+42.8%,<.01%
169656105,CMG,Chipotle Mexican Grill Inc,3936,160,7.21M,293.09K,+4.2%,0.02%
920253101,VMI,Valmont Industries Inc,4455,1213,1.07M,291.34K,+37.4%,<.01%
443628102,HBM,HudBay Minerals Inc,226763,59657,1.1M,290.44K,+35.7%,<.01%
840441109,SSB,SouthState Corp,14338,4298,966K,289.57K,+42.8%,<.01%
09739D100,BCC,Boise Cascade Co,10565,2802,1.09M,288.55K,+36.1%,<.01%
666807102,NOC,Northrop Grumman Corp,19623,655,8.64M,288.33K,+3.5%,0.02%
013872106,AA,Alcoa Corp,106434,9914,3.09M,288.1K,+10.3%,<.01%
00206R102,T,AT&T Inc,299079,19005,4.49M,285.51K,+6.8%,<.01%
739276103,POWI,Power Integrations Inc,12430,3726,949K,284.47K,+42.8%,<.01%
553530106,MSM,MSC Industrial Direct Co Inc,11158,2863,1.09M,280.96K,+34.5%,<.01%
746922103,PMO,Putnam Municipal Opportunities Trust,204601,30471,1.88M,280.28K,+17.5%,<.01%
885160101,THO,Thor Industries Inc,9614,2882,915K,274.29K,+42.8%,<.01%
152006102,CGAU,Centerra Gold Inc,20237998,56029,98.98M,274.02K,+0.3%,0.22%
589378108,MRCY,Mercury Systems Inc,19137,7384,710K,273.95K,+62.8%,<.01%
379577208,GMED,Globus Medical Inc,18828,5467,935K,271.49K,+40.9%,<.01%
76954A103,RIVN,Rivian Automotive Inc,232678,11140,5.65M,270.46K,+5%,0.01%
743606105,PB,Prosperity Bancshares Inc,16263,4875,888K,266.19K,+42.8%,<.01%
05329W102,AN,AutoNation Inc,5860,1757,887K,265.95K,+42.8%,<.01%
25659T107,DLB,Dolby Laboratories Inc,11093,3325,879K,263.47K,+42.8%,<.01%
28852N109,EFC,Ellington Financial Inc,428071,21062,5.34M,262.64K,+5.2%,0.01%
22576C101,,Crescent Point Energy Corp,104980,31468,871K,261.08K,+42.8%,<.01%
101121101,BXP,BOSTON PROPERTIES INC,53440,4371,3.18M,260.02K,+8.9%,<.01%
G8994E103,TT,Trane Technologies plc,37478,1281,7.61M,259.94K,+3.5%,0.02%
35138V102,FOXF,Fox Factory Holding Corp,8629,2586,855K,256.23K,+42.8%,<.01%
38526M106,LOPE,Grand Canyon Education Inc,7294,2187,853K,255.76K,+42.8%,<.01%
68634K106,ORLA,Orla Mining Ltd,9838306,72209,34.78M,255.29K,+0.7%,0.08%
172755100,CRUS,CIRRUS LOGIC INC,11395,3416,843K,252.72K,+42.8%,<.01%
671044105,OSIS,OSI Systems Inc,5266,2092,622K,247.1K,+65.9%,<.01%
546347105,LPX,Louisiana-Pacific Corp,16955,4450,937K,245.92K,+35.6%,<.01%
670695105,NUW,Nuveen AMT-Free Municipal Value Fund,113362,18331,1.52M,245.63K,+19.3%,<.01%
053807103,AVT,Avnet Inc,16967,5086,818K,245.2K,+42.8%,<.01%
88146M101,TRNO,Terreno Realty Corp,13488,4308,766K,244.66K,+46.9%,<.01%
45765U103,NSIT,Insight Enterprises Inc,5576,1671,811K,243.04K,+42.8%,<.01%
056525108,BMI,Badger Meter Inc,13084,1679,1.88M,241.51K,+14.7%,<.01%
746823103,PMM,Putnam Managed Municipal Income Trust,296478,43961,1.62M,240.51K,+17.4%,<.01%
679580100,ODFL,Old Dominion Freight Line Inc,17563,586,7.19M,239.77K,+3.5%,0.02%
46655E100,DC,Dakota Gold Corp,3035405,92198,7.83M,237.86K,+3.1%,0.02%
224408104,CR,Crane Co,8925,2675,793K,237.68K,+42.8%,<.01%
14448C104,CARR,Carrier Global Corp,129063,4300,7.12M,237.35K,+3.4%,0.02%
98585X104,YETI,YETI Holdings Inc,16171,4847,780K,233.79K,+42.8%,<.01%
032095101,APH,Amphenol Corp,83585,2783,7.02M,233.73K,+3.4%,0.02%
314211103,FHI,Federated Hermes Inc,19463,6853,659K,232.04K,+54.3%,<.01%
053484101,AVB,AvalonBay Communities Inc,51534,1351,8.85M,232.01K,+2.7%,0.02%
706327103,PBA,Pembina Pipeline Corp,183396,7711,5.51M,231.88K,+4.4%,0.01%
06417N103,OZK,Bank OZK,20819,6241,772K,231.43K,+42.8%,<.01%
750236101,RDN,Radian Group Inc,30589,9169,768K,230.21K,+42.8%,<.01%
830830105,SKY,Skyline Champion Corp,12034,3607,767K,229.9K,+42.8%,<.01%
715684106,TLK,Telkom Indonesia Persero Tbk PT,82230,9416,1.98M,226.96K,+12.9%,<.01%
172908105,CTAS,Cintas Corp,14100,470,6.78M,226.07K,+3.4%,0.01%
001744101,AMN,AMN Healthcare Services Inc,8820,2644,751K,225.13K,+42.8%,<.01%
65342K105,NEXT,NEXTDECADE CORP,43783,43783,224K,224K,NEW,<.01%
197236102,COLB,Columbia Banking System Inc,36817,11036,747K,223.92K,+42.8%,<.01%
384802104,GWW,WW Grainger Inc,9408,323,6.51M,223.47K,+3.6%,0.01%
53680Q207,,Lithium Americas Argentina Corp,1663518,13108,28.3M,222.96K,+0.8%,0.06%
007973100,AEIS,Advanced Energy Industries Inc,7139,2140,736K,220.62K,+42.8%,<.01%
615369105,MCO,Moody's Corp,20805,694,6.58M,219.42K,+3.5%,0.01%
00402L107,ASO,Academy Sports & Outdoors Inc,15447,4630,730K,218.81K,+42.8%,<.01%
436893200,HOMB,Home Bancshares Inc/AR,34676,10394,726K,217.62K,+42.8%,<.01%
353514102,FELE,Franklin Electric Co Inc,8409,2435,750K,217.18K,+40.8%,<.01%
292562105,WIRE,Encore Wire Corp,3934,1179,718K,215.18K,+42.8%,<.01%
70931T103,PMT,PennyMac Mortgage Investment Trust,453847,17273,5.63M,214.2K,+4%,0.01%
254543101,DIOD,Diodes Inc,9040,2710,713K,213.74K,+42.8%,<.01%
48666K109,KBH,KB Home,15217,4562,704K,211.06K,+42.8%,<.01%
743315103,PGR,Progressive Corp/The,18067,1509,2.52M,210.23K,+9.1%,<.01%
78409V104,SPGI,S&P Global Inc,7671,574,2.8M,209.74K,+8.1%,<.01%
04247X102,AWI,Armstrong World Industries Inc,9553,2863,688K,206.19K,+42.8%,<.01%
23331A109,DHI,DR Horton Inc,50435,1912,5.42M,205.47K,+3.9%,0.01%
313855108,FSS,Federal Signal Corp,11458,3434,684K,205K,+42.8%,<.01%
758849103,REG,Regency Centers Corp,60366,3430,3.59M,203.87K,+6%,<.01%
32020R109,FFIN,First Financial Bankshares Inc,26725,8011,671K,201.14K,+42.8%,<.01%
513847103,MZTI,Lancaster Colony Corp,4012,1203,662K,198.5K,+42.8%,<.01%
737630103,PCH,PotlatchDeltic Corp,16647,4254,755K,192.93K,+34.3%,<.01%
76169C100,REXR,Rexford Industrial Realty Inc,68309,3907,3.37M,192.81K,+6.1%,<.01%
G4474Y214,JHG,Janus Henderson Group PLC,24770,7425,640K,191.84K,+42.8%,<.01%
04013V108,ACRE,Ares Commercial Real Estate Corp,384960,20087,3.67M,191.24K,+5.5%,<.01%
653656108,NICE,Nice Ltd,17610,1120,2.99M,190.42K,+6.8%,<.01%
61174X109,MNST,Monster Beverage Corp,107096,3567,5.67M,188.88K,+3.4%,0.01%
928298108,VSH,VISHAY INTERTECHNOLOGY INC,25439,7626,629K,188.56K,+42.8%,<.01%
001055102,AFL,Aflac Inc,73695,2456,5.66M,188.49K,+3.4%,0.01%
29355A107,ENPH,Enphase Energy Inc,65053,1565,7.82M,188.03K,+2.5%,0.02%
46982L108,J,Jacobs Solutions Inc,5592,1372,763K,187.2K,+32.5%,<.01%
872540109,TJX,TJX Cos Inc/The,257494,2079,22.89M,184.78K,+0.8%,0.05%
G3421J106,,Ferguson PLC,33430,1115,5.5M,183.38K,+3.5%,0.01%
03076C106,AMP,Ameriprise Financial Inc,16715,556,5.51M,183.32K,+3.4%,0.01%
02665T306,AMH,American Homes 4 Rent,110866,5380,3.73M,181.25K,+5.1%,<.01%
G02602103,DOX,Amdocs Ltd,33276,2117,2.81M,178.83K,+6.8%,<.01%
866674104,SUI,Sun Communities Inc,44485,1507,5.26M,178.33K,+3.5%,0.01%
311900104,FAST,Fastenal Co,96204,3205,5.26M,175.13K,+3.4%,0.01%
252131107,DXCM,DexCom Inc,20633,1877,1.93M,175.12K,+10%,<.01%
440452100,HRL,Hormel Foods Corp,4577,4577,174K,174K,NEW,<.01%
67071L106,NVG,Nuveen AMT-Free Municipal Credit Income,1420340,16787,14.64M,173.08K,+1.2%,0.03%
09662W109,DMB,BNY Mellon Municipal Bond Infrastructur,114923,17423,1.14M,172.83K,+17.9%,<.01%
231021106,CMI,Cummins Inc,21633,755,4.94M,172.48K,+3.6%,0.01%
07725L102,ONC,BeiGene Ltd,98150,957,17.65M,172.13K,+1%,0.04%
44980X109,IPGP,IPG Photonics Corp,5598,1678,568K,170.26K,+42.8%,<.01%
92345Y106,VRSK,Verisk Analytics Inc,21219,706,5.01M,166.79K,+3.4%,0.01%
296006109,ERO,ERO Copper Corp,97372,9664,1.68M,166.64K,+11%,<.01%
H84989104,TEL,TE Connectivity Ltd,40518,1342,5M,165.77K,+3.4%,0.01%
526057104,LEN,LENNAR CORP,37626,1475,4.22M,165.55K,+4.1%,<.01%
21867A105,CLB,Core Laboratories Inc,707868,6703,17M,160.94K,+1%,0.04%
14149Y108,CAH,Cardinal Health Inc,24955,1823,2.17M,158.3K,+7.9%,<.01%
70432V102,PAYC,Paycom Software Inc,12124,605,3.14M,156.84K,+5.3%,<.01%
427866108,HSY,Hershey Co/The,23348,779,4.67M,155.85K,+3.5%,0.01%
369550108,GD,General Dynamics Corp,31928,703,7.05M,155.34K,+2.3%,0.02%
194162103,CL,Colgate-Palmolive Co,49487,2139,3.52M,152.1K,+4.5%,<.01%
256746108,DLTR,Dollar Tree Inc,19997,1404,2.13M,149.48K,+7.6%,<.01%
72200W106,PML,PIMCO Municipal Income Fund II,263397,19147,2.03M,147.28K,+7.8%,<.01%
M2682V108,CYBR,CyberArk Software Ltd,13929,886,2.28M,145.09K,+6.8%,<.01%
125896100,CMS,CMS Energy Corp,73588,2707,3.91M,143.76K,+3.8%,<.01%
92763W103,VIPS,Vipshop Holdings Ltd,27302,8954,437K,143.32K,+48.8%,<.01%
77543R102,ROKU,Roku Inc,7708,2023,544K,142.78K,+35.6%,<.01%
67066V101,NAD,Nuveen Quality Municipal Income Fund,1458029,14014,14.78M,142.1K,+1%,0.03%
11275Q107,BIPC.TO,Brookfield Infrastructure Corp,27749,3983,981K,140.81K,+16.8%,<.01%
428103105,HESM,Hess Midstream LP,15352,4807,447K,139.96K,+45.6%,<.01%
704326107,PAYX,Paychex Inc,66061,1209,7.62M,139.44K,+1.9%,0.02%
50202M102,LI,Li Auto Inc,236462,3886,8.43M,138.54K,+1.7%,0.02%
H1467J104,CB,Chubb Ltd,12611,660,2.62M,137.38K,+5.5%,<.01%
82489W107,SHLS,Shoals Technologies Group Inc,179508,7441,3.28M,135.8K,+4.3%,<.01%
125523100,CI,Cigna Group/The,14268,474,4.08M,135.61K,+3.4%,<.01%
46269C102,IRDM,Iridium Communications Inc,37445,2967,1.7M,134.94K,+8.6%,<.01%
133131102,CPT,Camden Property Trust,38036,1392,3.6M,131.64K,+3.8%,<.01%
11284V105,BEPC.TO,Brookfield Renewable Corp,159475,5493,3.82M,131.54K,+3.6%,<.01%
62944T105,NVR,NVR Inc,650,21,3.88M,125.22K,+3.3%,<.01%
29476L107,EQR,Equity Residential,128031,2111,7.52M,123.94K,+1.7%,0.02%
45168D104,IDXX,IDEXX Laboratories Inc,13987,276,6.12M,120.68K,+2%,0.01%
302130109,EXPD,Expeditors International of Washington,31376,1042,3.6M,119.46K,+3.4%,<.01%
828806109,SPG,Simon Property Group Inc,117449,1061,12.69M,114.62K,+0.9%,0.03%
337738108,FISV,Fiserv Inc,23460,1010,2.65M,114.09K,+4.5%,<.01%
46591M109,JOYY,YY Inc,2967,2967,113K,113K,NEW,<.01%
02081G201,ATEC,ALPHATEC HLDGS INC,8703,8703,113K,113K,NEW,<.01%
42824C109,HPE,Hewlett Packard Enterprise Co,73492,6421,1.28M,111.57K,+9.6%,<.01%
745867101,PHM,PulteGroup Inc,38311,1493,2.84M,110.56K,+4.1%,<.01%
92936U109,WPC,WP Carey Inc,70225,2031,3.8M,109.81K,+3%,<.01%
681936100,OHI,Omega Healthcare Investors Inc,73690,3285,2.44M,108.95K,+4.7%,<.01%
379378201,GNL,Global Net Lease Inc,22794,11058,219K,106.24K,+94.2%,<.01%
09250B103,BTA,Blackrock Long-Term Municipal Advantage,72586,11448,651K,102.67K,+18.7%,<.01%
761152107,RMD,ResMed Inc,31562,693,4.67M,102.47K,+2.2%,0.01%
M3760D101,ESLT,Elbit Systems Ltd,8024,510,1.59M,101K,+6.8%,<.01%
726503105,PAA,Plains All American Pipeline LP,67997,6554,1.04M,100.43K,+10.7%,<.01%
770700102,HOOD,Robinhood Markets Inc,64181,10128,630K,99.42K,+18.7%,<.01%
548661107,LOW,Lowe's Cos Inc,80371,473,16.7M,98.31K,+0.6%,0.04%
03027X100,AMT,American Tower Corp,108748,591,17.88M,97.19K,+0.5%,0.04%
59522J103,MAA,Mid-America Apartment Communities Inc,41544,750,5.34M,96.49K,+1.8%,0.01%
500754106,KHC,Kraft Heinz Co/The,51001,2857,1.72M,96.13K,+5.9%,<.01%
12008R107,BLDR,Builders FirstSource Inc,23139,770,2.88M,95.87K,+3.4%,<.01%
008492100,ADC,Agree Realty Corp,26527,1732,1.47M,95.65K,+7%,<.01%
15135U109,CVE,Cenovus Energy Inc,218894,4590,4.56M,95.6K,+2.1%,0.01%
92766K106,SPCE.MX,Virgin Galactic Holdings Inc,132797,52683,239K,94.82K,+65.8%,<.01%
46187W107,INVH,Invitation Homes Inc,208619,2934,6.61M,92.98K,+1.4%,0.01%
171340102,CHD,Church & Dwight Co Inc,30228,1007,2.77M,92.28K,+3.4%,<.01%
49456B101,KMI,Kinder Morgan Inc,642529,5503,10.65M,91.24K,+0.9%,0.02%
12532H104,GIB,CGI Inc,27457,915,2.71M,90.21K,+3.4%,<.01%
929042109,VNO,Vornado Realty Trust,60556,3895,1.37M,88.38K,+6.9%,<.01%
88080T104,WULF,Terawulf Inc,2434668,70110,3.07M,88.35K,+3%,<.01%
718172109,PM,Philip Morris International Inc,54801,954,5.07M,88.33K,+1.8%,0.01%
26875P101,EOG,EOG Resources Inc,33628,693,4.26M,87.85K,+2.1%,<.01%
38141G104,GS,Goldman Sachs Group Inc/The,1232,270,399K,87.44K,+28.1%,<.01%
74767V109,QS,QuantumScape Corp,120738,13003,808K,87.02K,+12.1%,<.01%
M7S64H106,MNDY,Monday.com Ltd,8468,538,1.35M,85.64K,+6.8%,<.01%
M98068105,WIX,Wix.com Ltd,14503,922,1.33M,84.62K,+6.8%,<.01%
49446R109,KIM,Kimco Realty Corp,218645,4801,3.85M,84.45K,+2.2%,<.01%
74251V102,PFG,Principal Financial Group Inc,34468,1147,2.48M,82.66K,+3.4%,<.01%
83056P715,SKE,Skeena Resources Ltd,4710705,17672,21.55M,80.83K,+0.4%,0.05%
78440X887,SLG,SL Green Realty Corp,23747,2132,886K,79.54K,+9.9%,<.01%
646025106,NJR,New Jersey Resources Corp,1948,1948,79K,79K,NEW,<.01%
934423104,WBD,Warner Bros Discovery Inc,58403,7235,634K,78.54K,+14.1%,<.01%
88262P102,TPL,Texas Pacific Land Corp,1274,43,2.32M,78.41K,+3.5%,<.01%
49427F108,KRC,Kilroy Realty Corp,15676,2475,495K,78.15K,+18.7%,<.01%
38046C109,GOGO,Gogo Inc,26794,6410,320K,76.55K,+31.4%,<.01%
445658107,JBHT,JB Hunt Transport Services Inc,11966,399,2.26M,75.23K,+3.4%,<.01%
036752103,ELV,Elevance Health Inc,11044,172,4.81M,74.9K,+1.6%,0.01%
443510607,HUBB,Hubbell Inc,6991,233,2.19M,73.02K,+3.4%,<.01%
38149E101,GLDG,GoldMining Inc,8212142,91635,6.45M,71.98K,+1.1%,0.01%
958669103,WES,Western Midstream Partners LP,28378,2610,773K,71.09K,+10.1%,<.01%
668771108,GEN,Gen Digital Inc,106092,3917,1.88M,69.26K,+3.8%,<.01%
72200R107,PMF,PIMCO Municipal Income Fund,104092,8239,874K,69.18K,+8.6%,<.01%
45167R104,IEX,IDEX Corp,9830,326,2.04M,67.82K,+3.4%,<.01%
303075105,FDS,Factset Research Systems Inc,4707,155,2.06M,67.77K,+3.4%,<.01%
942622200,WSO,watsco inc,5371,178,2.03M,67.24K,+3.4%,<.01%
02376R102,AAL,American Airlines Group Inc,28158,5221,361K,66.94K,+22.8%,<.01%
042735100,ARW,Arrow Electronics Inc,10556,531,1.32M,66.5K,+5.3%,<.01%
053611109,AVY,Avery Dennison Corp,10931,364,2M,66.5K,+3.4%,<.01%
243537107,DECK,DECKERS OUTDOOR CORP,3887,129,2M,66.31K,+3.4%,<.01%
29414B104,EPAM,EPAM Systems Inc,7775,259,1.99M,66.22K,+3.4%,<.01%
45784P101,PODD,Insulet Corp,3615,413,577K,65.92K,+12.9%,<.01%
127097103,CTRA,Coterra Energy Inc,113399,2376,3.07M,64.28K,+2.1%,<.01%
040413106,,Arista Networks Inc,40419,348,7.43M,64.01K,+0.9%,0.02%
M5216V106,GLBE,Global-e Online Ltd,25058,1593,996K,63.32K,+6.8%,<.01%
97651M109,WIT,Wipro Ltd,36251,13086,175K,63.17K,+56.5%,<.01%
695156109,PKG,Packaging Corp of America,15010,411,2.3M,63.09K,+2.8%,<.01%
384109104,GGG,Graco Inc,25861,863,1.89M,62.9K,+3.5%,<.01%
872590104,TMUS,T-Mobile US Inc,17921,447,2.51M,62.61K,+2.6%,<.01%
40434L105,HPQ,HP Inc,27858,2434,716K,62.56K,+9.6%,<.01%
833034101,SNA,Snap-On Inc,7325,245,1.87M,62.48K,+3.5%,<.01%
368036109,GATO,Gatos Silver Inc,1729445,11884,8.96M,61.56K,+0.7%,0.02%
030420103,AWK,American Water Works Co Inc,49976,488,6.19M,60.43K,+1%,0.01%
47759T100,JKS,JinkoSolar Holding Co Ltd,14379,1987,437K,60.39K,+16%,<.01%
142339100,CSL,Carlisle Cos Inc,6836,228,1.77M,59.1K,+3.5%,<.01%
15961R105,CHPT,ChargePoint Holdings Inc,108235,11824,538K,58.77K,+12.3%,<.01%
73278L105,POOL,Pool Corp,7327,165,2.61M,58.75K,+2.3%,<.01%
460690100,IPG,Interpublic Group of Cos Inc/The,58378,2030,1.67M,58.18K,+3.6%,<.01%
01609W102,BABA,Alibaba Group Holding Ltd,665,665,58K,58K,NEW,<.01%
M87915274,TSEM,Tower Semiconductor Ltd,37094,2359,911K,57.94K,+6.8%,<.01%
22002T108,CDP,Corporate Office Properties Trust,15067,2407,359K,57.35K,+19%,<.01%
67058H102,,NuStar Energy LP,11702,3204,204K,55.86K,+37.7%,<.01%
962166104,WY,Weyerhaeuser Co,44576,1817,1.37M,55.72K,+4.2%,<.01%
44107P104,HST,HOST HOTELS & RESORTS INC,83497,3460,1.34M,55.61K,+4.3%,<.01%
423403104,MOMO,Hello Group Inc,7856,7856,55K,55K,NEW,<.01%
45780R101,IBP,Installed Building Products Inc,6554,440,819K,54.98K,+7.2%,<.01%
426281101,JKHY,Jack Henry & Associates Inc,10931,363,1.65M,54.86K,+3.4%,<.01%
15135B101,CNC,Centene Corp,9099,795,627K,54.78K,+9.6%,<.01%
36262G101,GXO,GXO Logistics Inc,3845,926,226K,54.43K,+31.7%,<.01%
70438V106,PCTY,Paylocity Holding Corp,6548,297,1.19M,53.98K,+4.8%,<.01%
05278C107,ATHM,Autohome Inc,4293,1774,130K,53.72K,+70.4%,<.01%
205887102,CAG,Conagra Brands Inc,25225,1944,691K,53.25K,+8.4%,<.01%
013091103,ACI,ALBERTSONS COS INC,2269,2269,52K,52K,NEW,<.01%
M5425M103,INMD,Inmode Ltd,26529,1688,808K,51.41K,+6.8%,<.01%
655663102,NDSN,Nordson Corp,6915,230,1.54M,51.32K,+3.4%,<.01%
29472R108,ELS,Equity LifeStyle Properties Inc,62583,804,3.99M,51.22K,+1.3%,<.01%
235851102,DHR,Danaher Corp,13924,204,3.46M,50.62K,+1.5%,<.01%
98980G102,ZS,Zscaler Inc,822,323,128K,50.3K,+64.7%,<.01%
22822V101,CCI,Crown Castle Inc,117914,542,10.85M,49.88K,+0.5%,0.02%
958102105,WDC,Western Digital Corp,12516,1093,571K,49.86K,+9.6%,<.01%
637417106,NNN,National Retail Properties Inc,51386,1398,1.82M,49.41K,+2.8%,<.01%
229663109,CUBE,CubeSmart,73964,1290,2.82M,49.18K,+1.8%,<.01%
60871R209,TAP,Molson Coors Beverage Co,8741,764,556K,48.6K,+9.6%,<.01%
92552V100,VSAT,Viasat Inc,15724,2628,290K,48.47K,+20.1%,<.01%
24703L202,DELL,Dell Technologies Inc,7969,696,549K,47.95K,+9.6%,<.01%
775711104,ROL,Rollins Inc,38391,1278,1.43M,47.7K,+3.4%,<.01%
83304A106,SNAP,Snap Inc,57305,5306,511K,47.31K,+10.2%,<.01%
10949T109,BRSP,BrightSpire Capital Inc,804934,7473,5.04M,46.78K,+0.9%,0.01%
60741F104,MBLY,Mobileye Global Inc,17691,1125,735K,46.74K,+6.8%,<.01%
226344208,,Crestwood Equity Partners LP,12119,1592,354K,46.5K,+15.1%,<.01%
23703Q203,DQ,Daqo New Energy Corp,26088,1537,789K,46.48K,+6.3%,<.01%
88557W101,QFIN,360 DigiTech Inc,7290,3013,112K,46.29K,+70.4%,<.01%
222795502,CUZ,Cousins Properties Inc,19362,2237,394K,45.52K,+13.1%,<.01%
00857U107,AGL,agilon health Inc,4111,2558,73K,45.42K,+164.7%,<.01%
831865209,AOS,A O Smith Corp,16643,674,1.1M,44.55K,+4.2%,<.01%
313745101,FRT,Federal Realty Investment Trust,27035,490,2.45M,44.41K,+1.8%,<.01%
87241L109,TFII,TFI International Inc,10306,343,1.32M,44.06K,+3.4%,<.01%
M7516K103,NVMI,Nova Ltd,6223,389,700K,43.76K,+6.7%,<.01%
31620R303,FNF,Fidelity National Financial Inc,31196,1039,1.29M,42.9K,+3.4%,<.01%
78410G104,SBAC,SBA Communications Corp,21956,213,4.39M,42.64K,+1%,<.01%
G27907107,DOLE,DOLE PLC,3587,3587,42K,42K,NEW,<.01%
806407102,HSIC,Henry Schein Inc,16880,564,1.25M,41.87K,+3.5%,<.01%
M6191J100,FROG,JFrog Ltd,25303,1609,642K,40.82K,+6.8%,<.01%
03064D108,COLD,Americold Realty Trust,31886,1322,970K,40.22K,+4.3%,<.01%
852312305,STAA,STAAR Surgical Co,3184,980,128K,39.4K,+44.5%,<.01%
431284108,HIW,Highwoods Properties Inc,13664,1889,281K,38.85K,+16%,<.01%
128030202,CALM,Cal-Maine Foods Inc,7775,798,376K,38.59K,+11.4%,<.01%
294628102,EQC,Equity Commonwealth,2077,2077,38K,38K,NEW,<.01%
29530P102,ERIE,Erie Indemnity Co,3753,125,1.1M,36.74K,+3.4%,<.01%
683715106,OTEX,Open Text Corp,15246,1041,535K,36.53K,+7.3%,<.01%
902653104,UDR,UDR INC,112509,1024,4.01M,36.52K,+0.9%,<.01%
457730109,INSP,Inspire Medical Systems Inc,853,178,169K,35.27K,+26.4%,<.01%
32054K103,FR,First Industrial Realty Trust Inc,40606,736,1.93M,35.02K,+1.8%,<.01%
025932104,AFG,American Financial Group Inc/OH,9285,311,1.04M,34.73K,+3.5%,<.01%
29670E107,EPRT,Essential Properties Realty Trust Inc,18267,1561,395K,33.75K,+9.3%,<.01%
M20791105,CAMT,Camtek Ltd/Israel,8381,533,522K,33.2K,+6.8%,<.01%
744320102,PRU,Prudential Financial Inc,9093,346,863K,32.84K,+4%,<.01%
42226K105,HR,Healthcare Realty Trust Inc,125652,2142,1.92M,32.71K,+1.7%,<.01%
89377M109,TMDX,TransMedics Group Inc,2127,597,116K,32.56K,+39%,<.01%
192422103,CGNX,Cognex Corp,23524,760,998K,32.24K,+3.3%,<.01%
78646V107,SAFE,iStar Inc,5127,1784,91K,31.66K,+53.4%,<.01%
M78673114,PERI,Perion Network Ltd,15847,1008,485K,30.85K,+6.8%,<.01%
253393102,DKS,Dick's Sporting Goods Inc,8586,284,932K,30.83K,+3.4%,<.01%
25960P109,DEI,Douglas Emmett Inc,21502,2413,274K,30.75K,+12.6%,<.01%
98419M100,XYL,Xylem Inc/NY,3728,338,339K,30.74K,+10%,<.01%
57667L107,MTCH,Match Group Inc,5828,734,228K,28.72K,+14.4%,<.01%
832696405,SJM,J M Smucker Co/The,2639,230,324K,28.24K,+9.5%,<.01%
371927104,GEL,Genesis Energy LP,12491,2622,129K,27.08K,+26.6%,<.01%
74144T108,TROW,T Rowe Price Group Inc,35236,258,3.69M,27.06K,+0.7%,<.01%
64110D104,NTAP,NETAPP INC,4006,350,304K,26.56K,+9.6%,<.01%
G7S00T104,PNR,Pentair PLC,7015,400,454K,25.89K,+6%,<.01%
92932M101,,WNS Holdings Ltd,1293,376,89K,25.88K,+41%,<.01%
05501U106,AZULQ,Azul SA,76731,3005,659K,25.81K,+4.1%,<.01%
27616P103,DEA,Easterly Government Properties Inc,12580,2184,144K,25K,+21%,<.01%
40637H109,HALO,Halozyme Therapeutics Inc,21477,654,820K,24.97K,+3.1%,<.01%
17275R102,CSCO,Cisco Systems Inc,1110141,464,59.68M,24.94K,+0%,0.13%
45826H109,ITGR,Integer Holdings Corp,1733,313,136K,24.56K,+22%,<.01%
075887109,BDX,Becton Dickinson & Co,10495,94,2.71M,24.3K,+0.9%,<.01%
78377T107,RHP,Ryman Hospitality Properties Inc,6766,280,563K,23.3K,+4.3%,<.01%
58463J304,MPT,Medical Properties Trust Inc,182391,4260,994K,23.22K,+2.4%,<.01%
84860W300,UNITDSPR,Spirit Realty Capital Inc,16635,689,558K,23.11K,+4.3%,<.01%
226406106,CRESY,Cresud SACIF y A,3473,3473,23K,23K,NEW,<.01%
49803T300,KRG,Kite Realty Group Trust,25500,1056,546K,22.61K,+4.3%,<.01%
M9T951109,ZIM,ZIM Integrated Shipping Services Ltd,33686,2143,352K,22.39K,+6.8%,<.01%
03750L109,AIRC,Apartment Income REIT Corp,17567,728,539K,22.34K,+4.3%,<.01%
70451X104,PAYO,Payoneer Global Inc,57430,3653,351K,22.33K,+6.8%,<.01%
87165B103,SYF,Synchrony Financial,13703,729,419K,22.29K,+5.6%,<.01%
292104106,ESRT,Empire State Realty Trust Inc,17475,2647,140K,21.21K,+17.9%,<.01%
29415F104,NVST,Envista Holdings Corp,4891,762,136K,21.19K,+18.5%,<.01%
640491106,NEOG,Neogen Corp,473088,1106,8.77M,20.51K,+0.2%,0.02%
393222104,GPRE,Green Plains Inc,58248,674,1.75M,20.3K,+1.2%,<.01%
48203R104,JNPR,Juniper Networks Inc,8201,716,228K,19.91K,+9.6%,<.01%
54975P102,,Lufax Holding Ltd,45030,18609,48K,19.84K,+70.4%,<.01%
69888T207,PARR,Par Pacific Holdings Inc,13588,541,488K,19.43K,+4.1%,<.01%
024013104,AAT,American Assets Trust Inc,6477,998,126K,19.41K,+18.2%,<.01%
71844V201,PECO,Phillips Edison & Co Inc,13818,573,463K,19.2K,+4.3%,<.01%
98954M200,Z,Zillow Group Inc,4715,412,218K,19.05K,+9.6%,<.01%
91307C102,UTHR,United Therapeutics Corp,9685,84,2.19M,18.98K,+0.9%,<.01%
7591EP100,RF,Regions Financial Corp,23375,1098,402K,18.88K,+4.9%,<.01%
69924R108,PGRE,Paramount Group Inc,24793,4026,114K,18.51K,+19.4%,<.01%
G8232Y101,PENG,SMART Global Holdings Inc,19320,735,470K,17.88K,+4%,<.01%
444097109,HPP,Hudson Pacific Properties Inc,18165,2661,121K,17.73K,+17.2%,<.01%
G7T16G103,SPNS,Sapiens International Corp NV,9787,623,278K,17.7K,+6.8%,<.01%
89455T109,TMCI,Treace Medical Concepts Inc,4093,1340,54K,17.68K,+48.7%,<.01%
95058W100,WEN,Wendy's/Arby's Group Inc,3975,848,81K,17.28K,+27.1%,<.01%
46590V100,JBGS,JBG SMITH Properties,13736,1184,199K,17.15K,+9.4%,<.01%
77634L105,,R1 RCM Inc,5097,1130,77K,17.07K,+28.5%,<.01%
058498106,BALL,Ball Corp,10780,342,537K,17.04K,+3.3%,<.01%
M8744T106,TBLA,Taboola.com Ltd,69769,4438,264K,16.79K,+6.8%,<.01%
559222401,MGA,Magna International Inc,3576,312,192K,16.75K,+9.6%,<.01%
M85548101,SSYS,Stratasys Ltd,20306,1199,276K,16.3K,+6.3%,<.01%
M4R82T106,FVRR,Fiverr International Ltd,10449,665,256K,16.29K,+6.8%,<.01%
03784Y200,APLE,Apple Hospitality REIT Inc,25254,1046,387K,16.03K,+4.3%,<.01%
64119V303,NTST,NETSTREIT Corp,7898,1020,123K,15.89K,+14.8%,<.01%
644393100,NFE,New Fortress Energy Inc,3623,482,119K,15.83K,+15.3%,<.01%
78573L106,SBRA,Sabra Health Care REIT Inc,27111,1124,378K,15.67K,+4.3%,<.01%
720190206,PDM,Piedmont Office Realty Trust Inc,16671,2808,93K,15.66K,+20.3%,<.01%
52567D107,LMND,Lemonade Inc,21203,1349,246K,15.65K,+6.8%,<.01%
387437114,,Granite Real Estate Investment Trust,7055,292,375K,15.52K,+4.3%,<.01%
G6674U108,NVCR,Novocure Ltd,15073,959,243K,15.46K,+6.8%,<.01%
343498101,FLO,Flowers Foods Inc,12505,696,277K,15.42K,+5.9%,<.01%
68375N103,OPK,Opko Health Inc,150771,9591,241K,15.33K,+6.8%,<.01%
26884U109,EPR,EPR Properties,8762,363,364K,15.08K,+4.3%,<.01%
72815L107,PLTK,Playtika Holding Corp,23357,1486,225K,14.31K,+6.8%,<.01%
71943U104,,Physicians Realty Trust,27876,1155,340K,14.09K,+4.3%,<.01%
344419106,FMX,Fomento Economico Mexicano SAB de CV,214,131,23K,14.08K,+157.8%,<.01%
105368203,BDN,Brandywine Realty Trust,22223,3120,100K,14.04K,+16.3%,<.01%
63008G203,NNDM,Nano Dimension Ltd,86304,5143,235K,14K,+6.3%,<.01%
M6372Q113,KRNT,Kornit Digital Ltd,11658,742,220K,14K,+6.8%,<.01%
92276F100,VTR,Ventas Inc,144085,331,6.07M,13.94K,+0.2%,0.01%
44842L103,HCM,Hutchmed China Ltd,1334,784,23K,13.52K,+142.5%,<.01%
644535106,NGD,New Gold Inc,65110687,14485,59.26M,13.18K,+0%,0.13%
11135E203,BNL,Broadstone Net Lease Inc,22018,912,315K,13.05K,+4.3%,<.01%
92556H206,PSKY,Paramount Global,49536,996,639K,12.85K,+2.1%,<.01%
529043101,LXP,LXP Industrial Trust,33936,1406,302K,12.51K,+4.3%,<.01%
637870106,NSA,National Storage Affiliates Trust,9424,391,299K,12.41K,+4.3%,<.01%
88105P103,,Terran Orbital Corp,57621,14242,48K,11.86K,+32.8%,<.01%
256135203,RDY,Dr Reddy's Laboratories Ltd,304,179,20K,11.78K,+143.2%,<.01%
629377508,NRG,NRG ENERGY INC,3400,297,131K,11.44K,+9.6%,<.01%
554382101,MAC,Macerich Co/The,25312,1049,276K,11.44K,+4.3%,<.01%
82981J109,,SITE Centers Corp,22324,925,275K,11.39K,+4.3%,<.01%
875465106,SKT,Tanger Factory Outlet Centers Inc,11968,496,270K,11.19K,+4.3%,<.01%
20441A102,SBS,Cia de Saneamento Basico do Estado de S,7961,921,96K,11.11K,+13.1%,<.01%
913903100,UHS,Universal Health Services Inc,1004,88,126K,11.04K,+9.6%,<.01%
M81873107,RDWR,RADWARE Ltd,10105,642,171K,10.86K,+6.8%,<.01%
G04553106,,Arco Platform Ltd,4293,765,59K,10.51K,+21.7%,<.01%
63633D104,NHI,National Health Investors Inc,4889,202,251K,10.37K,+4.3%,<.01%
96145D105,,Westrock Co,12143,289,435K,10.35K,+2.4%,<.01%
45781V101,IIPR,Innovative Industrial Properties Inc,3271,136,247K,10.27K,+4.3%,<.01%
71880K101,PHIN,PHINIA INC,380,380,10K,10K,NEW,<.01%
14174T107,CTRE,CareTrust REIT Inc,11730,486,240K,9.94K,+4.3%,<.01%
867892101,SHO,Sunstone Hotel Investors Inc,24399,1010,228K,9.44K,+4.3%,<.01%
02005N100,ALLY,Ally Financial Inc,4031,352,108K,9.43K,+9.6%,<.01%
35086T109,FCPT,Four Corners Property Trust Inc,10150,421,225K,9.33K,+4.3%,<.01%
174610105,CFG,Citizens Financial Group Inc,3881,339,104K,9.08K,+9.6%,<.01%
30050B101,EVH,Evolent Health Inc,2095,323,57K,8.79K,+18.2%,<.01%
89612W102,,Tricon Residential Inc,28642,1187,212K,8.79K,+4.3%,<.01%
M6158M104,ITRN,Ituran Location and Control Ltd,7661,292,229K,8.73K,+4%,<.01%
489398107,KW,Kennedy-Wilson Holdings Inc,14015,580,207K,8.57K,+4.3%,<.01%
91704F104,UE,Urban Edge Properties,13456,557,205K,8.49K,+4.3%,<.01%
G7709Q104,RPRX,Royalty Pharma PLC,3532,309,96K,8.4K,+9.6%,<.01%
252784301,DRH,DiamondRock Hospitality Co,24627,1020,198K,8.2K,+4.3%,<.01%
465562106,ITUB,Itau Unibanco Holding SA,2165,1456,12K,8.07K,+205.4%,<.01%
690742101,OC,Owens Corning,39566,59,5.4M,8.05K,+0.1%,0.01%
70509V100,PEB,Pebblebrook Hotel Trust,14227,590,193K,8K,+4.3%,<.01%
46124J201,IVT,InvenTrust Properties Corp,7962,330,190K,7.87K,+4.3%,<.01%
M70700105,NNOX,Nano-X Imaging Ltd,18409,1171,121K,7.7K,+6.8%,<.01%
400506101,PAC,Grupo Aeroportuario del Pacifico SAB de,78,45,13K,7.5K,+136.4%,<.01%
530307305,LBRDK,Liberty Broadband Corp,941,82,86K,7.49K,+9.5%,<.01%
76131N101,ROIC,Retail Opportunity Investments Corp,14416,597,178K,7.37K,+4.3%,<.01%
M8737E108,,Taro Pharmaceutical Industries Ltd,2934,187,111K,7.07K,+6.8%,<.01%
157210105,CEVA,Ceva Inc,5566,354,108K,6.87K,+6.8%,<.01%
81725T100,SXT,Sensient Technologies Corp,3940,116,230K,6.77K,+3%,<.01%
004239109,AKR,Acadia Realty Trust,10944,453,157K,6.5K,+4.3%,<.01%
502175102,LTC,LTC Properties Inc,4803,199,154K,6.38K,+4.3%,<.01%
554489104,VRE,VERIS RESIDENTIAL INC,9265,384,153K,6.34K,+4.3%,<.01%
81761L102,SVC,Service Properties Trust,19313,800,149K,6.17K,+4.3%,<.01%
374297109,GTY,Getty Realty Corp,5250,218,146K,6.06K,+4.3%,<.01%
014491104,ALEX,Alexander & Baldwin Inc,8493,352,142K,5.89K,+4.3%,<.01%
22266T109,CPNG,Coupang Inc,563,328,10K,5.83K,+139.6%,<.01%
875372203,TNDM,Tandem Diabetes Care Inc,5433,280,113K,5.82K,+5.4%,<.01%
939653101,ELME,Elme Communities,10293,427,140K,5.81K,+4.3%,<.01%
377322102,GKOS,Glaukos Corp,1934,75,146K,5.66K,+4%,<.01%
499049104,KNX,Swift Transportation Co,1276,112,64K,5.62K,+9.6%,<.01%
015857105,AQN,Algonquin Power & Utilities Corp,8027,930,48K,5.56K,+13.1%,<.01%
05465P101,AXNX,Axonics Inc,2565,99,144K,5.56K,+4%,<.01%
40131M109,GH,Guardant Health Inc,2088,187,62K,5.55K,+9.8%,<.01%
88025U109,TXG,10X Genomics Inc,1546,125,64K,5.17K,+8.8%,<.01%
03748R747,AIV,Apartment Investment and Management Co,17369,720,118K,4.89K,+4.3%,<.01%
98887Q104,ZLAB,Zai Lab Ltd,340,202,8K,4.75K,+146.4%,<.01%
74965L101,RLJ,RLJ Lodging Trust,18338,483,180K,4.74K,+2.7%,<.01%
20451Q104,CODI,Compass Diversified Holdings,4110,250,77K,4.68K,+6.5%,<.01%
05968L102,CIB,BanColombia SA,310,180,8K,4.65K,+138.5%,<.01%
8676EP108,STKL,SunOpta Inc,14822,1342,50K,4.53K,+10%,<.01%
15202L107,CSR,Centerspace,1770,73,107K,4.41K,+4.3%,<.01%
74971D101,,RPT Realty,10064,417,106K,4.39K,+4.3%,<.01%
700517105,PK,Park Hotels & Resorts Inc,25212,354,311K,4.37K,+1.4%,<.01%
435763107,,Holly Energy Partners LP,5292,199,116K,4.36K,+3.9%,<.01%
810186106,SMG,Scotts Miracle-Gro Co/The,2433,84,126K,4.35K,+3.6%,<.01%
984017103,XHR,Xenia Hotels & Resorts Inc,12869,342,152K,4.04K,+2.7%,<.01%
67623C109,OPI,Office Properties Income Trust,894,894,4K,4K,NEW,<.01%
20369C106,CHCT,Community Healthcare Trust Inc,2989,124,89K,3.69K,+4.3%,<.01%
465741106,ITRI,Itron Inc,895,61,54K,3.68K,+7.3%,<.01%
29336T100,ENLC,EnLink Midstream LLC,70674,295,864K,3.61K,+0.4%,<.01%
65341D102,NXRT,NexPoint Residential Trust Inc,2643,110,85K,3.54K,+4.3%,<.01%
518613203,LAUR,Laureate Education Inc,451,264,6K,3.51K,+141.2%,<.01%
74051N102,PINC,Premier Inc,2688,161,58K,3.47K,+6.4%,<.01%
535555106,LNN,Lindsay Corp,2630,29,309K,3.41K,+1.1%,<.01%
04208T108,AHRT,Armada Hoffler Properties Inc,7889,327,81K,3.36K,+4.3%,<.01%
69404D108,PACB,Pacific Biosciences of California Inc,3493,374,29K,3.11K,+12%,<.01%
034164103,ANDE,Andersons Inc/The,1866,60,96K,3.09K,+3.3%,<.01%
74834L100,DGX,QUEST DIAGNOSTICS INC,2547,25,311K,3.05K,+1%,<.01%
68629Y103,ONL,Orion Office REIT Inc,665,665,3K,3K,NEW,<.01%
866082100,INN,Summit Hotel Properties Inc,12272,508,71K,2.94K,+4.3%,<.01%
74167P108,PRMW,Primo Water Corp,1798,211,25K,2.93K,+13.3%,<.01%
N2451R105,CVAC,CureVac NV,2383,427,16K,2.87K,+21.8%,<.01%
89484T104,NEXN,Tremor International Ltd,12416,789,44K,2.8K,+6.8%,<.01%
91359E105,UHT,Universal Health Realty Income Trust,1507,63,61K,2.55K,+4.4%,<.01%
911163103,UNFI,United Natural Foods Inc,6260,169,89K,2.4K,+2.8%,<.01%
04041L106,WES,Aris Water Solution Inc,151604,239,1.51M,2.39K,+0.2%,<.01%
39813G109,GDYN,Grid Dynamics Holdings Inc,305,178,4K,2.33K,+140.2%,<.01%
18539C204,CWEN,Clearway Energy Inc,1609,109,34K,2.3K,+7.3%,<.01%
G9451V109,VINP,Vinci Partners Investments Ltd,16897,219,172K,2.23K,+1.3%,<.01%
91325V108,UNIT,Uniti Group Inc,48286,469,228K,2.21K,+1%,<.01%
428291108,HXL,Hexcel Corp,4556,33,297K,2.15K,+0.7%,<.01%
03152W109,FOLD,Amicus Therapeutics Inc,3784,161,46K,1.96K,+4.4%,<.01%
G36738105,DMC,Fresh Del Monte Produce Inc,2206,70,57K,1.81K,+3.3%,<.01%
02361E108,AMRC,Ameresco Inc,649,45,25K,1.73K,+7.5%,<.01%
233331107,DTE,DTE Energy Co,4134,17,410K,1.69K,+0.4%,<.01%
126633205,UAN,CVR Partners LP,381,19,31K,1.55K,+5.2%,<.01%
000380204,,Abcam PLC,3377,57,76K,1.28K,+1.7%,<.01%
128246105,CVGW,Calavo Growers Inc,1990,51,50K,1.28K,+2.6%,<.01%
019770106,ALLO,Allogene Therapeutics Inc,2337,371,7K,1.11K,+18.9%,<.01%
20440T300,LND,Cia Brasileira de Distribuicao,95735,1608,64K,1.07K,+1.7%,<.01%
90400D108,RARE,Ultragenyx Pharmaceutical Inc,1178,29,42K,1.03K,+2.5%,<.01%
G4412G101,HLF,Herbalife Nutrition Ltd,7722,72,108K,1.01K,+0.9%,<.01%
92189F601,NLR,VANECK ETF TRUST,21,21,1K,1K,NEW,<.01%
60510V108,AVO,Mission Produce Inc,2476,88,24K,852.99,+3.7%,<.01%
867652406,,SunPower Corp,2425,120,15K,742.27,+5.2%,<.01%
92847W103,VITL,Vital Farms Inc,1508,64,17K,721.49,+4.4%,<.01%
92189F536,MLN,VanEck Long Muni ETF,1121,41,19K,694.92,+3.8%,<.01%
030371108,AVD,American Vanguard Corp,1605,43,18K,482.24,+2.8%,<.01%
92189H409,HYD,VanEck High Yield Muni ETF,570,5,28K,245.61,+0.9%,<.01%
74762E102,PWR,Quanta Services Inc,1850,1,346K,187.03,+0.1%,<.01%
92189H201,ITM,VanEck Intermediate Muni ETF,640,3,28K,131.25,+0.5%,<.01%
92189F460,XMPT,VanEck CEF Muni Income ETF,742,5,14K,94.34,+0.7%,<.01%
844895102,SWX,Southwest Gas Holdings Inc,579,1,35K,60.45,+0.2%,<.01%
65341B106,XIFR,NextEra Energy Partners LP,1451,1,43K,29.63,+0.1%,<.01%
61218C103,MNTK,Montauk Renewables Inc,1166,2,11K,18.87,+0.2%,<.01%
184499101,CLNE,Clean Energy Fuels Corp,1809,2,7K,7.74,+0.1%,<.01%
29415B103,EVA,Enviva Inc,550,1,4K,7.27,+0.2%,<.01%
87968A104,TELL,Tellurian Inc,4567,5,5K,5.47,+0.1%,<.01%
02217A102,AMPS,Altus Power Inc,1290,1,7K,5.43,+0.1%,<.01%
78397Q109,SES,SES AI Corp,2484,2,6K,4.83,+0.1%,<.01%
374396406,GEVO,Gevo Inc,1925,2,2K,2.08,+0.1%,<.01%
92189Y303,,Vaneck Bitcoin Strategy ETF,350141,0,9.15M,0,NO CHANGE,0.02%
92189H854,MBBB,Vaneck Moody's Analytics BBB Corporate,327000,0,6.57M,0,NO CHANGE,0.01%
92189H102,DURA,VanEck Durable High Dividend ETF,154155,0,4.67M,0,NO CHANGE,0.01%
92189H813,SMI,VanEck HIP Sustainable Muni ETF,50000,0,2.19M,0,NO CHANGE,<.01%
92189H821,DAPP,VanEck Digital Transformation ETF,375000,0,2.06M,0,NO CHANGE,<.01%
92189Y105,MOTE,Vaneck Morningstar ESG Moat ETF,50000,0,1.15M,0,NO CHANGE,<.01%
91531W106,TIGR,Up Fintech Holding Ltd,74181,0,380K,0,NO CHANGE,<.01%
98149E303,GLDM,SPDR Gold MiniShares Trust,5993,0,220K,0,NO CHANGE,<.01%
464285204,IAU,iShares Gold Trust,6254,0,219K,0,NO CHANGE,<.01%
896239100,TRMB,Trimble Inc,3532,0,190K,0,NO CHANGE,<.01%
92189F437,ANGL,VanEck Fallen Angel High Yield Bond ETF,5418,0,147K,0,NO CHANGE,<.01%
67421J108,,Oatly Group AB,103928,0,94K,0,NO CHANGE,<.01%
405217100,HAIN,Hain Celestial Group Inc/The,8571,0,89K,0,NO CHANGE,<.01%
03662Q105,ANSS,ANSYS Inc,265,0,79K,0,NO CHANGE,<.01%
92189F445,IHY,VanEck International High Yield Bond ET,4041,0,79K,0,NO CHANGE,<.01%
477839104,JBTM,John Bean Technologies Corp,642,0,67K,0,NO CHANGE,<.01%
92189F411,BIZD,VanEck BDC Income ETF,3996,0,64K,0,NO CHANGE,<.01%
92189F429,PFXF,VanEck Preferred Securities ex Financia,3795,0,64K,0,NO CHANGE,<.01%
879360105,TDY,Teledyne Technologies Inc,147,0,60K,0,NO CHANGE,<.01%
69370C100,PTC,PTC Inc,415,0,59K,0,NO CHANGE,<.01%
811543107,SEB,Seaboard Corp,15,0,56K,0,NO CHANGE,<.01%
114340102,AZTA,Azenta Inc,1090,0,55K,0,NO CHANGE,<.01%
87918A105,TDOC,Teladoc Health Inc,2983,0,55K,0,NO CHANGE,<.01%
04280A100,ARWR,Arrowhead Pharmaceuticals Inc,1948,0,52K,0,NO CHANGE,<.01%
88830M102,TWI,Titan International Inc,3380,0,45K,0,NO CHANGE,<.01%
08579W103,BERY,Berry Plastics Group Inc,696,0,43K,0,NO CHANGE,<.01%
92189F353,HYEM,VanEck Emerging Markets High Yield Bond,2139,0,38K,0,NO CHANGE,<.01%
92189H300,EMLC,VanEck J.P. Morgan EM Local Currency,1578,0,38K,0,NO CHANGE,<.01%
29109X106,AZPN,Aspen Technology Inc,182,0,37K,0,NO CHANGE,<.01%
532746104,LMNR,Limoneira Co,2368,0,36K,0,NO CHANGE,<.01%
817070501,SENEA,Seneca Foods Corp,661,0,36K,0,NO CHANGE,<.01%
37611X100,DNA.MX,Ginkgo Bioworks Holdings Inc,19391,0,35K,0,NO CHANGE,<.01%
68213N109,OMCL,Omnicell Inc,788,0,35K,0,NO CHANGE,<.01%
09627Y109,BPMC,Blueprint Medicines Corp,679,0,34K,0,NO CHANGE,<.01%
368736104,GNRC,Generac Holdings Inc,310,0,34K,0,NO CHANGE,<.01%
36315X101,LKFT,Galapagos NV,956,0,33K,0,NO CHANGE,<.01%
63888U108,NGVC,Natural Grocers by Vitamin Cottage Inc,2390,0,31K,0,NO CHANGE,<.01%
92189F452,MORT,VanEck Mortgage REIT Income ETF,2556,0,29K,0,NO CHANGE,<.01%
67000B104,NOVT,Novanta Inc,185,0,27K,0,NO CHANGE,<.01%
07373V105,BEAM,Beam Therapeutics Inc,1088,0,26K,0,NO CHANGE,<.01%
39986L109,GRWG,GrowGeneration Corp,8756,0,26K,0,NO CHANGE,<.01%
G16258108,BEP,Brookfield Renewable Partners LP,1200,0,26K,0,NO CHANGE,<.01%
00217Y104,ATS,ATS Corp,493,0,21K,0,NO CHANGE,<.01%
021369103,ALTR,Altair Engineering Inc,282,0,18K,0,NO CHANGE,<.01%
518415104,LSCC,Lattice Semiconductor Corp,183,0,16K,0,NO CHANGE,<.01%
G037AX101,AMBA,Ambarella Inc,295,0,16K,0,NO CHANGE,<.01%
683344105,ONTO,Onto Innovation Inc,120,0,15K,0,NO CHANGE,<.01%
71944F106,PHR,Phreesia Inc,779,0,15K,0,NO CHANGE,<.01%
G45667105,,Hollysys Automation Technologies Ltd,781,0,15K,0,NO CHANGE,<.01%
90184D100,TWST,Twist Bioscience Corp,628,0,13K,0,NO CHANGE,<.01%
68989M202,OUST,Ouster Inc,2281,0,11K,0,NO CHANGE,<.01%
00650F109,ADPT,Adaptive Biotechnologies Corp,1787,0,10K,0,NO CHANGE,<.01%
826919102,SLAB,Silicon Laboratories Inc,82,0,10K,0,NO CHANGE,<.01%
864482104,SPH,Suburban Propane Partners LP,515,0,8K,0,NO CHANGE,<.01%
87266J104,TPICQ,TPI Composites Inc,2845,0,8K,0,NO CHANGE,<.01%
92189Y402,IBOT,VanEck Robotics ETF,218,0,8K,0,NO CHANGE,<.01%
26922A420,QTUM,Defiance Quantum ETF,154,0,7K,0,NO CHANGE,<.01%
88554D205,DDD,3D Systems Corp,1449,0,7K,0,NO CHANGE,<.01%
46137V100,PPA,Invesco Aerospace & Defense ETF,69,0,6K,0,NO CHANGE,<.01%
761624105,REX,REX American Resources Corp,141,0,6K,0,NO CHANGE,<.01%
26922A289,UFOX,Defiance Next Gen Connectivity ETF,161,0,5K,0,NO CHANGE,<.01%
92189F387,SHYD,VanEck Short High Yield MuniETF,232,0,5K,0,NO CHANGE,<.01%
92189F692,PPH,VanEck Pharmaceutical ETF,64,0,5K,0,NO CHANGE,<.01%
37954Y780,SNSR,Global X Internet of Things ETF,136,0,4K,0,NO CHANGE,<.01%
92189F114,ESPO,VanEck Video Gaming and eSports ETF,84,0,4K,0,NO CHANGE,<.01%
37954Y442,CLOU,Global X Cloud Computing ETF,163,0,3K,0,NO CHANGE,<.01%
92189F726,BBH,VanEck Biotech ETF,21,0,3K,0,NO CHANGE,<.01%
37950E416,SOCL,Global X Social Media ETF,66,0,2K,0,NO CHANGE,<.01%
37954Y285,,Global X Telemedicine & Digital Health,177,0,2K,0,NO CHANGE,<.01%
80880W106,SCLX,Scilex Holding Co,1610,0,2K,0,NO CHANGE,<.01%
92189F676,SMH,VanEck Semiconductor ETF,16,0,2K,0,NO CHANGE,<.01%
92189H797,,VanEck Future of Food ETF,151,0,2K,0,NO CHANGE,<.01%
53960E205,LOCL,Local Bounti Corp,427,0,1K,0,NO CHANGE,<.01%
754907103,RYN,RAYONIER INC,4585,-4,130K,-113.41,-0.1%,<.01%
952845105,WFG,West Fraser Timber Co Ltd,1712,-2,124K,-144.86,-0.1%,<.01%
19247A100,CNS,Cohen & Steers Inc,481,-4,30K,-249.48,-0.8%,<.01%
92189Y204,EMET,VanEck Green Metals ETF,137,-18,3K,-394.16,-11.6%,<.01%
92189F502,SMOG,VanEck Low Carbon Energy ETF,59,-4,6K,-406.78,-6.3%,<.01%
92189H805,REMX,VanEck Rare Earth and Strategic Metals,62,-7,4K,-451.61,-10.1%,<.01%
388689101,GPK,Graphic Packaging Holding Co,9457,-23,211K,-513.16,-0.2%,<.01%
845467109,SWN,Southwestern Energy Co,19312,-118,125K,-763.77,-0.6%,<.01%
31154R109,FPI,Farmland Partners Inc,2592,-97,27K,-1.01K,-3.6%,<.01%
871332102,SLVM,Sylvamo Corp,1093,-24,48K,-1.05K,-2.1%,<.01%
26622P107,DOCS,Doximity Inc,1909,-62,41K,-1.33K,-3.1%,<.01%
443201108,HWM,Howmet Aerospace Inc,9530,-33,441K,-1.53K,-0.3%,<.01%
460146103,IP,International Paper Co,10686,-46,379K,-1.63K,-0.4%,<.01%
56600D107,MRVI,Maravai LifeSciences Holdings Inc,2006,-167,20K,-1.67K,-7.7%,<.01%
03674X106,AR,Antero Resources Corp,5169,-73,131K,-1.85K,-1.4%,<.01%
130788102,CWT,California Water Service Group,14075,-50,666K,-2.37K,-0.4%,<.01%
64049M209,NEO,NeoGenomics Inc,1972,-202,24K,-2.46K,-9.3%,<.01%
33813J106,FSRNQ,Fisker Inc,57411,-401,369K,-2.58K,-0.7%,<.01%
784305104,HTO,SJW Group,7742,-43,465K,-2.58K,-0.6%,<.01%
502160104,LXU,LSB Industries Inc,2657,-270,27K,-2.74K,-9.2%,<.01%
98980F104,GTM,ZoomInfo Technologies Inc,6515,-228,107K,-3.74K,-3.4%,<.01%
70014A104,PKE,Park Aerospace Corp,7153,-257,111K,-3.99K,-3.5%,<.01%
20441B605,ELP,Cia Paranaense de Energia,29347,-479,257K,-4.19K,-1.6%,<.01%
636180101,NFG,National Fuel Gas Co,1637,-100,85K,-5.19K,-5.8%,<.01%
136635109,CSIQ,Canadian Solar Inc,17955,-216,442K,-5.32K,-1.2%,<.01%
902681105,UGI,UGI Corp,3882,-247,89K,-5.66K,-6%,<.01%
264147109,DCO,Ducommun Inc,6594,-132,287K,-5.75K,-2%,<.01%
984245100,YPF,YPF SA,7328,-473,90K,-5.81K,-6.1%,<.01%
626717102,MUR,Murphy Oil Corp,2765,-139,125K,-6.28K,-4.8%,<.01%
453038408,IMO,Imperial Oil Ltd,3413,-106,210K,-6.52K,-3%,<.01%
354613101,BEN,Franklin Resources Inc,7036,-280,173K,-6.88K,-3.8%,<.01%
205826209,CMTL,Comtech Telecommunications Corp,11081,-824,97K,-7.21K,-6.9%,<.01%
450056106,IRTC,iRhythm Technologies Inc,480,-89,45K,-8.34K,-15.6%,<.01%
674215207,CHRD,Oasis Petroleum Inc,748,-55,121K,-8.9K,-6.8%,<.01%
83422N105,SLDP,Solid Power Inc,204770,-4570,414K,-9.24K,-2.2%,<.01%
M51474118,GILT,Gilat Satellite Networks Ltd,40447,-1478,260K,-9.5K,-3.5%,<.01%
626755102,MUSA,Murphy USA Inc,364,-29,124K,-9.88K,-7.4%,<.01%
46132X101,OIA,Invesco Municipal Income Opportunities,179883,-1879,1.04M,-10.92K,-1%,<.01%
66765N105,NWN,Northwest Natural Holding Co,8331,-346,318K,-13.21K,-4%,<.01%
09263B108,BKSY,BlackSky Technology Inc,32645,-12004,38K,-13.97K,-26.9%,<.01%
03957W106,AROC,Archrock Inc,26489,-1120,334K,-14.12K,-4.1%,<.01%
29275Y102,ENS,EnerSys,12107,-158,1.15M,-14.96K,-1.3%,<.01%
03783T103,,AppHarvest Inc,0,-39524,0,-15K,CLOSE,0%
353469109,FC,Franklin Covey Co,6025,-351,259K,-15.09K,-5.5%,<.01%
092479104,BYM,BlackRock Municipal Income Quality Trus,173364,-1563,1.71M,-15.41K,-0.9%,<.01%
09857L108,BKNG,Booking Holdings Inc,991,-5,3.06M,-15.42K,-0.5%,<.01%
89417E109,TRV,Travelers Cos Inc/The,2947,-98,481K,-16K,-3.2%,<.01%
03743Q108,APA,APA Corp,5708,-390,235K,-16.06K,-6.4%,<.01%
02215L209,KNTK,Kinetik Holdings Inc,7121,-493,240K,-16.62K,-6.5%,<.01%
83175M205,SNN,Smith & Nephew PLC,6446,-674,160K,-16.73K,-9.5%,<.01%
24610T108,VFL,abrdn National Municipal Income Fund,82232,-2001,708K,-17.23K,-2.4%,<.01%
G9470A102,VTEX,VTEX,25834,-3499,129K,-17.47K,-11.9%,<.01%
33830Q109,FEAM,5E Advanced Materials Inc,328340,-7780,742K,-17.58K,-2.3%,<.01%
30069T101,EE,Excelerate Energy Inc,508674,-1066,8.67M,-18.17K,-0.2%,0.02%
08862E109,BYND,Beyond Meat Inc,193522,-1937,1.86M,-18.63K,-1%,<.01%
64440N103,NFGC,New Found Gold Corp,4457395,-4876,18.39M,-20.11K,-0.1%,0.04%
05351W103,AGR,Avangrid Inc,17564,-692,530K,-20.88K,-3.8%,<.01%
48251W104,KKR,KKR & Co Inc,12206,-377,752K,-23.23K,-3%,<.01%
05379B107,AVA,Avista Corp,17503,-728,567K,-23.58K,-4%,<.01%
55277P104,MGEE,MGE Energy Inc,8465,-352,580K,-24.12K,-4%,<.01%
029899101,AWR,American States Water Co,9023,-307,710K,-24.16K,-3.3%,<.01%
26817Q886,DX,Dynex Capital Inc,379827,-2073,4.54M,-24.75K,-0.5%,<.01%
42250P103,DOC,HEALTHPEAK PROPERTIES INC,193119,-1380,3.55M,-25.34K,-0.7%,<.01%
16955F107,FUTU,Chindata Group Holdings Ltd,7195,-3256,60K,-27.15K,-31.2%,<.01%
66979W842,NMG,Nouveau Monde Graphite Inc,421203,-10460,1.11M,-27.61K,-2.4%,<.01%
668074305,NWE,NORTHWESTERN CORP,14448,-581,694K,-27.91K,-3.9%,<.01%
84857L101,SR,Spire Inc,11957,-498,677K,-28.2K,-4%,<.01%
15234Q207,AXIAY,Centrais Eletricas Brasileiras SA,237652,-3882,1.74M,-28.37K,-1.6%,<.01%
V7780T103,RCL,Royal Caribbean Cruises Ltd,2849,-309,263K,-28.52K,-9.8%,<.01%
59151K108,MEOH,Methanex Corp,0,-702,0,-29K,CLOSE,0%
278768106,ECHO,EchoStar Corp,12175,-1746,204K,-29.26K,-12.5%,<.01%
437076102,HD,Home Depot Inc/The,71648,-97,21.65M,-29.31K,-0.1%,0.05%
018522300,ALE,ALLETE Inc,13409,-557,708K,-29.41K,-4%,<.01%
G01125106,AFYA,Afya Ltd,16139,-1948,255K,-30.78K,-10.8%,<.01%
72651A207,PAGP,Plains GP Holdings LP,59230,-1940,955K,-31.28K,-3.2%,<.01%
69047Q102,OVV,Ovintiv Inc,6988,-678,332K,-32.21K,-8.8%,<.01%
64124P101,NBH,Neuberger Berman Municipal Fund Inc,125167,-3515,1.15M,-32.38K,-2.7%,<.01%
092113109,BKH,Black Hills Corp,15461,-643,782K,-32.52K,-4%,<.01%
057665200,BCPC,Balchem Corp,71464,-270,8.87M,-33.49K,-0.4%,0.02%
98980L101,ZM,Zoom Video Communications Inc,6030,-502,422K,-35.13K,-7.7%,<.01%
68235P108,OGS,ONE Gas Inc,12806,-533,874K,-36.38K,-4%,<.01%
09247D105,BKN,BlackRock Investment Quality Municipal,115013,-3598,1.16M,-36.41K,-3%,<.01%
69349H107,TXNM,PNM Resources Inc,19890,-827,887K,-36.88K,-4%,<.01%
85208M102,SFM,Sprouts Farmers Market Inc,9686,-881,415K,-37.75K,-8.3%,<.01%
736508847,POR,Portland General Electric Co,22535,-938,912K,-37.96K,-4%,<.01%
L44385109,GLOB,Globant SA,145,-197,29K,-39.4K,-57.6%,<.01%
803607100,SRPT,Sarepta Therapeutics Inc,96465,-326,11.69M,-39.52K,-0.3%,0.03%
24665A103,DK,Delek US Holdings Inc,13303,-1416,378K,-40.24K,-9.6%,<.01%
46132E103,VKI,Invesco Advantage Municipal Income Trus,293802,-5472,2.18M,-40.55K,-1.8%,<.01%
297178105,ESS,Essex Property Trust Inc,22889,-197,4.86M,-41.79K,-0.9%,0.01%
419870100,HE,Hawaiian Electric Industries Inc,25627,-3536,315K,-43.46K,-12.1%,<.01%
378973408,GSAT,Globalstar Inc,289594,-33689,379K,-44.09K,-10.4%,<.01%
09254G108,MQT,BlackRock MuniYield Quality Fund II Inc,147641,-4919,1.33M,-44.21K,-3.2%,<.01%
42726M106,,Heritage-Crystal Clean Inc,60868,-980,2.76M,-44.44K,-1.6%,<.01%
811916105,SA,Seabridge Gold Inc,3387465,-4239,35.74M,-44.72K,-0.1%,0.08%
87612E106,TGT,Target Corp,54338,-409,6.01M,-45.22K,-0.7%,0.01%
46133G107,IQI,Invesco Quality Municipal Income Trust,351718,-5467,2.95M,-45.87K,-1.5%,<.01%
451107106,IDA,IDACORP Inc,12219,-491,1.14M,-45.97K,-3.9%,<.01%
03676B102,AM,Antero Midstream Corp,94722,-3882,1.14M,-46.52K,-3.9%,<.01%
803866300,SSL,Sasol Ltd,35627,-3442,487K,-47.05K,-8.8%,<.01%
082490111,BHLWQ,Benson Hill Inc,0,-241400,0,-48K,CLOSE,0%
G0751N103,,Atlantica Sustainable Infrastructure PL,24064,-2524,460K,-48.25K,-9.5%,<.01%
03769M106,APO,Apollo Global Management Inc,8892,-557,798K,-49.99K,-5.9%,<.01%
27826U108,EVN,Eaton Vance Municipal Income Trust,260663,-6118,2.32M,-54.52K,-2.3%,<.01%
73939C106,PWSC,PowerSchool Holdings Inc,10182,-2446,231K,-55.49K,-19.4%,<.01%
09662E109,DSM,BNY Mellon Strategic Municipal Bond Fun,328319,-11194,1.63M,-55.64K,-3.3%,<.01%
46132C107,VMO,Invesco Municipal Opportunity Trust,448758,-6867,3.69M,-56.51K,-1.5%,<.01%
09260D107,BX,Blackstone Inc,7289,-543,781K,-58.18K,-6.9%,<.01%
026874784,AIG,American International Group Inc,17254,-969,1.05M,-58.74K,-5.3%,<.01%
29670G102,WTRG,Essential Utilities Inc,64143,-1738,2.2M,-59.66K,-2.6%,<.01%
90353T100,UBER,Uber Technologies Inc,11737,-1346,540K,-61.93K,-10.3%,<.01%
773122106,RKLB,Rocket Lab USA Inc,79589,-14251,349K,-62.49K,-15.2%,<.01%
71654V408,PBR,Petroleo Brasileiro SA,69373,-4440,1.04M,-66.56K,-6%,<.01%
780087102,RY,Royal Bank of Canada,0,-704,0,-67K,CLOSE,0%
82835P103,SVM,Silvercorp Metals Inc,8412308,-28755,19.77M,-67.57K,-0.3%,0.04%
38071H106,GROY,Gold Royalty Corp,5372537,-53459,6.88M,-68.43K,-1%,0.02%
025816109,AXP,American Express Co,58768,-468,8.77M,-69.82K,-0.8%,0.02%
01741R102,ATI,ATI Inc,129275,-1746,5.32M,-71.85K,-1.3%,0.01%
46131M106,VGM,Invesco Trust for Investment Grade Muni,358999,-8645,3.05M,-73.47K,-2.4%,<.01%
86771W105,RUN,Sunrun Inc,243850,-5871,3.06M,-73.75K,-2.4%,<.01%
46131J103,VKQ,Invesco Municipal Trust,365395,-9084,3.05M,-75.75K,-2.4%,<.01%
101137107,BSX,BOSTON SCIENTIFIC CORP,50746,-1435,2.68M,-75.76K,-2.8%,<.01%
29258Y103,EXK,Endeavour Silver Corp,19663544,-31648,47.78M,-76.9K,-0.2%,0.1%
70450Y103,PYPL,PayPal Holdings Inc,58763,-1317,3.44M,-77.01K,-2.2%,<.01%
50202P105,,Li-Cycle Holdings Corp,391663,-22109,1.39M,-78.52K,-5.3%,<.01%
23345M107,DTM,DT Midstream Inc,30460,-1492,1.61M,-78.96K,-4.7%,<.01%
72703X106,PL,Planet Labs PBC,92847,-30734,241K,-79.78K,-24.9%,<.01%
670837103,OGE,OGE Energy Corp,52142,-2398,1.74M,-79.93K,-4.4%,<.01%
517097101,LGO,Largo Inc,0,-18920,0,-81K,CLOSE,0%
G1757E113,CMCL,Caledonia Mining Corp PLC,633263,-8502,6.24M,-83.83K,-1.3%,0.01%
64782A107,NEWP,New Pacific Metals Corp,4420059,-49257,7.62M,-84.89K,-1.1%,0.02%
31620M106,FIS,Fidelity National Information Services,0,-1551,0,-85K,CLOSE,0%
59318D104,CXE,MFS High Income Municipal Trust,208966,-27437,652K,-85.61K,-11.6%,<.01%
001084102,AGCO,AGCO Corp,180593,-732,21.36M,-86.58K,-0.4%,0.05%
009066101,ABNB,Airbnb Inc,3150,-648,432K,-88.87K,-17.1%,<.01%
19239V302,CCOI,Cogent Communications Holdings Inc,8776,-1449,543K,-89.65K,-14.2%,<.01%
115637209,BF.B,Brown-Forman Corp,146461,-1556,8.45M,-89.77K,-1.1%,0.02%
09253X102,MUI,BlackRock Municipal Income Fund Inc,483276,-9032,4.91M,-91.67K,-1.8%,0.01%
09254E103,MYI,BlackRock MuniYield Quality Fund III In,446302,-9664,4.26M,-92.29K,-2.1%,<.01%
09253W104,MYD,BlackRock MuniYield Fund Inc,307460,-10283,2.82M,-94.38K,-3.2%,<.01%
12541W209,CHRW,CH Robinson Worldwide Inc,89149,-1099,7.68M,-94.65K,-1.2%,0.02%
05589T104,DMF,BNY Mellon Municipal Income Inc,138493,-16872,785K,-95.63K,-10.9%,<.01%
V5633W109,MMYT,MakeMyTrip Ltd,17592,-2454,713K,-99.46K,-12.2%,<.01%
00653Q102,AHCO,AdaptHealth Corp,0,-8262,0,-101K,CLOSE,0%
253868103,DLR,Digital Realty Trust Inc,108561,-837,13.14M,-101.29K,-0.8%,0.03%
02607T109,,Necessity Retail REIT Inc/The,0,-15095,0,-102K,CLOSE,0%
03990B101,ARES,Ares Management Corp,4247,-1035,437K,-106.5K,-19.6%,<.01%
46132P108,IIM,Invesco Value Municipal Income Trust,305125,-10355,3.17M,-107.68K,-3.3%,<.01%
585464100,MLCO,Melco Resorts & Entertainment Ltd,50674,-10921,501K,-107.97K,-17.7%,<.01%
723484101,PNW,Pinnacle West Capital Corp,29293,-1469,2.16M,-108.22K,-4.8%,<.01%
G4863A108,BRSL,International Game Technology PLC,31379,-3578,951K,-108.44K,-10.2%,<.01%
27827X101,EIM,Eaton Vance Municipal Bond Fund,466974,-12298,4.18M,-110.19K,-2.6%,<.01%
015271109,ARE,Alexandria Real Estate Equities Inc,57210,-1112,5.73M,-111.32K,-1.9%,0.01%
723763108,MHI,Pioneer Municipal High Income Fund Trus,153708,-16502,1.11M,-119.28K,-9.7%,<.01%
G491BT108,IVZ,Invesco Ltd,12353,-8251,179K,-119.56K,-40%,<.01%
049560105,ATO,Atmos Energy Corp,36481,-1141,3.86M,-120.85K,-3%,<.01%
69327R101,,PDC Energy Inc,0,-1697,0,-121K,CLOSE,0%
670704105,,NUVASIVE INC,0,-2929,0,-122K,CLOSE,0%
723762100,XPMAX,Pioneer Municipal High Income Advantage,160765,-18200,1.08M,-122.49K,-10.2%,<.01%
697435105,PANW,Palo Alto Networks Inc,56104,-525,13.15M,-123.08K,-0.9%,0.03%
11133T103,BR,Broadridge Financial Solutions Inc,8167,-693,1.46M,-124.06K,-7.8%,<.01%
058586108,BLDP,Ballard Power Systems Inc,1810769,-33810,6.65M,-124.09K,-1.8%,0.01%
707569109,PENN,Penn National Gaming Inc,25459,-5441,584K,-124.81K,-17.6%,<.01%
L00849106,AGRO,adecoagro sa,41560,-10981,486K,-128.41K,-20.9%,<.01%
29362U104,ENTG,Entegris Inc,49177,-1370,4.62M,-128.65K,-2.7%,0.01%
68162K106,ZEUS,Olympic Steel Inc,9818,-2405,552K,-135.22K,-19.7%,<.01%
64110L106,NFLX,Netflix Inc,11050,-359,4.17M,-135.54K,-3.1%,<.01%
125141101,CECO,Ceco Environmental Corp,101599,-8620,1.62M,-137.7K,-7.8%,<.01%
665859104,NTRS,Northern Trust Corp,73286,-2001,5.09M,-139.03K,-2.7%,0.01%
723760104,MIO,Pioneer Municipal High Income Opportuni,112186,-14618,1.07M,-139.55K,-11.5%,<.01%
018802108,LNT,Alliant Energy Corp,63676,-2883,3.08M,-139.68K,-4.3%,<.01%
46266C105,IQV,IQVIA Holdings Inc,118113,-718,23.24M,-141.27K,-0.6%,0.05%
722304102,PDD,PDD Holdings Inc,31337,-1443,3.07M,-141.5K,-4.4%,<.01%
44951Y102,,Hyzon Motors Inc,546193,-117593,682K,-146.83K,-17.7%,<.01%
34965K107,FTRE,Fortrea Holdings Inc,0,-4359,0,-148K,CLOSE,0%
494368103,KMB,Kimberly-Clark Corp,6740,-1227,815K,-148.37K,-15.4%,<.01%
09254F100,MQY,BlackRock MuniYield Quality Fund Inc,475927,-14735,4.87M,-150.75K,-3%,0.01%
015658107,ASTL,Algoma Steel Group Inc,91369,-22347,621K,-151.88K,-19.7%,<.01%
552738106,MFM,MFS Municipal Income Trust,274705,-33556,1.25M,-152.69K,-10.9%,<.01%
35952H601,FCEL,FuelCell Energy Inc,3292,-126321,4K,-153.49K,-97.5%,<.01%
87612G101,TRGP,Targa Resources Corp,69369,-1794,5.95M,-153.77K,-2.5%,0.01%
655844108,NSC,Norfolk Southern Corp,35659,-782,7.02M,-153.99K,-2.1%,0.02%
09253T101,MVT,BlackRock MuniVest Fund II Inc,140348,-16826,1.3M,-156.33K,-10.7%,<.01%
98850P109,YUMC,Yum China Holdings Inc,294911,-2812,16.55M,-157.84K,-0.9%,0.04%
58039P305,MUX,McEwen Mining Inc,1973350,-24491,12.83M,-159.19K,-1.2%,0.03%
03062D100,USAS,Americas Gold & Silver Corp,10299320,-465532,3.67M,-165.75K,-4.3%,<.01%
64125C109,NBIX,Neurocrine Biosciences Inc,7569,-1479,852K,-166.48K,-16.3%,<.01%
69351T106,PPL,PPL Corp,187884,-7067,4.43M,-166.52K,-3.6%,<.01%
46434G848,PICK,iShares MSCI Global Metals & Mining Pro,50436,-4224,2M,-167.92K,-7.7%,<.01%
002824100,ABT,Abbott Laboratories,271203,-1741,26.27M,-168.62K,-0.6%,0.06%
09254C107,MUE,BlackRock MuniHoldings Quality Fund II,147391,-19328,1.29M,-169.69K,-11.6%,<.01%
83406F102,SOFI,SoFi Technologies Inc,194590,-22205,1.55M,-177.44K,-10.2%,<.01%
H17182108,CRSP,CRISPR Therapeutics AG,72830,-3933,3.31M,-178.48K,-5.1%,<.01%
349553107,FTS,Fortis Inc/Canada,113535,-4725,4.31M,-179.54K,-4%,<.01%
02319V103,ABEV,AMBEV SA,466072,-71059,1.2M,-183.26K,-13.2%,<.01%
86722A103,SXC,SunCoke Energy Inc,73866,-18057,750K,-183.34K,-19.6%,<.01%
22788C105,CRWD,Crowdstrike Holdings Inc,3777,-1117,632K,-186.91K,-22.8%,<.01%
15189T107,CNP,CenterPoint Energy Inc,157022,-7032,4.22M,-188.81K,-4.3%,<.01%
80874P109,LNWO,Light & Wonder Inc,16889,-2722,1.21M,-194.21K,-13.9%,<.01%
337932107,FE,FirstEnergy Corp,140493,-5693,4.8M,-194.58K,-3.9%,0.01%
13646K108,CP,Canadian Pacific Railway Ltd,114660,-2635,8.53M,-195.98K,-2.2%,0.02%
30040W108,ES,Eversource Energy,81566,-3394,4.74M,-197.36K,-4%,0.01%
12769G100,CZR,Caesars Entertainment Inc,35750,-4269,1.66M,-197.87K,-10.7%,<.01%
023608102,AEE,Ameren Corp,65739,-2717,4.92M,-203.3K,-4%,0.01%
01864U106,AFB,AllianceBernstein National Municipal In,191004,-22003,1.78M,-205.51K,-10.3%,<.01%
887399103,MTUS,TimkenSteel Corp,38323,-9852,832K,-213.89K,-20.5%,<.01%
82489T104,SWAV,Shockwave Medical Inc,3667,-1086,730K,-216.19K,-22.8%,<.01%
632307104,NTRA,Natera Inc,113878,-4893,5.04M,-216.51K,-4.1%,0.01%
103304101,BYD,Boyd Gaming Corp,18489,-3606,1.12M,-219.41K,-16.3%,<.01%
G66721104,NCLH,NU Holdings Ltd/Cayman Islands,701836,-30332,5.09M,-219.89K,-4.1%,0.01%
143658300,CCL,Carnival Corp,30643,-16064,420K,-220.18K,-34.4%,<.01%
37954Y673,PAVE,Global X US Infrastructure Development,86672,-7260,2.63M,-220.55K,-7.7%,<.01%
67092P706,NURE,Nuveen Short-Term REIT ETF,100562,-8364,2.73M,-227.06K,-7.7%,<.01%
674599105,OXY,Occidental Petroleum Corp,23064,-3555,1.5M,-230.59K,-13.4%,<.01%
02209S103,MO,Altria Group Inc,83352,-5504,3.5M,-231.45K,-6.2%,<.01%
281020107,EIX,Edison International,88446,-3681,5.6M,-232.98K,-4%,0.01%
92189F205,SLX,VanEck Steel ETF,43082,-3612,2.83M,-236.85K,-7.7%,<.01%
25278X109,FANG,Diamondback Energy Inc,232606,-1612,36.03M,-249.67K,-0.7%,0.08%
92189F700,MOO,VanEck Agribusiness ETF,38184,-3180,3M,-250.26K,-7.7%,<.01%
224441105,CXT,Crane NXT Co,0,-4451,0,-251K,CLOSE,0%
136375102,CNI,Canadian National Railway Co,147085,-2339,15.94M,-253.4K,-1.6%,0.03%
759916109,RGEN,Repligen Corp,54552,-1611,8.68M,-256.19K,-2.9%,0.02%
783754104,RYZ,Ryerson Holding Corp,30328,-8945,882K,-260.14K,-22.8%,<.01%
92939U106,WEC,WEC Energy Group Inc,80223,-3305,6.46M,-266.22K,-4%,0.01%
233368109,KTF,DWS Municipal Income Trust,260961,-35589,2.01M,-273.98K,-12%,<.01%
L4135L100,,FREYR Battery SA,1068822,-57700,5.23M,-282.18K,-5.1%,0.01%
N72482123,1QGEN.MI,QIAGEN NV,223490,-7062,9.05M,-286K,-3.1%,0.02%
98980A105,ZTO,ZTO Express Cayman Inc,683,-11599,17K,-288.7K,-94.4%,<.01%
209115104,ED,Consolidated Edison Inc,81200,-3379,6.95M,-289K,-4%,0.02%
90138F102,TWLO,Twilio Inc,2102,-4987,123K,-291.82K,-70.3%,<.01%
50540R409,,Laboratory Corp of America Holdings,6804,-1488,1.37M,-299.17K,-17.9%,<.01%
85859N102,,Stem Inc,1526956,-72300,6.47M,-306.54K,-4.5%,0.01%
36467J108,GLPI,Gaming and Leisure Properties Inc,79690,-6759,3.63M,-307.88K,-7.8%,<.01%
723787107,,Pioneer Natural Resources Co,93236,-1343,21.4M,-308.28K,-1.4%,0.05%
92189H607,OIH,VanEck Oil Services ETF,10792,-900,3.72M,-310.56K,-7.7%,<.01%
336433107,FSLR,First Solar Inc,50602,-1966,8.18M,-317.69K,-3.7%,0.02%
95766M105,MMU,Western Asset Managed Municipals Fund I,288296,-35967,2.57M,-321.13K,-11.1%,<.01%
09253R105,MVF,BlackRock MuniVest Fund Inc,424824,-54529,2.57M,-330.39K,-11.4%,<.01%
69318G106,PBF,PBF Energy Inc,24621,-6184,1.32M,-331.04K,-20.1%,<.01%
922908553,VNQ,Vanguard Real Estate ETF,52488,-4392,3.97M,-332.28K,-7.7%,<.01%
16411R208,LNG,Cheniere Energy Inc,120281,-2007,19.96M,-333.08K,-1.6%,0.04%
98422D105,XPEV,XPeng Inc,196117,-18384,3.6M,-337.56K,-8.6%,<.01%
16359R103,CHE,Chemed Corp,3552,-658,1.85M,-341.97K,-15.6%,<.01%
012653101,ALB,Albemarle Corp,7264,-2015,1.24M,-342.58K,-21.7%,<.01%
89679M104,TFPM,Triple Flag Precious Metals Corp,3332450,-26309,43.55M,-343.86K,-0.8%,0.1%
052769106,ADSK,Autodesk Inc,74511,-1667,15.42M,-344.92K,-2.2%,0.03%
617446448,MS,Morgan Stanley,27171,-4301,2.22M,-351.25K,-13.7%,<.01%
09248F109,BFK,BlackRock Municipal Income Trust,293911,-40214,2.61M,-356.7K,-12%,<.01%
25746U109,D,Dominion Energy Inc,195652,-8142,8.74M,-363.71K,-4%,0.02%
60937P106,MDB,MongoDB Inc,0,-886,0,-364K,CLOSE,0%
92189F106,GDX,VanEck Gold Miners ETF/USA,195932,-13592,5.27M,-365.79K,-6.5%,0.01%
773903109,ROK,Rockwell Automation Inc,65955,-1296,18.85M,-370.48K,-1.9%,0.04%
53814L108,NUGN,Livent Corp,1431234,-20226,26.35M,-372.36K,-1.4%,0.06%
09249N101,BLE,BlackRock Municipal Income Trust II,319520,-41181,2.92M,-376.34K,-11.4%,<.01%
126408103,CSX,CSX Corp,258968,-12347,7.96M,-379.66K,-4.6%,0.02%
531229854,,Liberty Media Corp-Liberty Formula One,0,-5125,0,-386K,CLOSE,0%
78468R556,XOP,SPDR S&P Oil & Gas Exploration & Produc,31685,-2628,4.69M,-388.75K,-7.7%,0.01%
09061G101,BMRN,BioMarin Pharmaceutical Inc,155071,-4417,13.72M,-390.83K,-2.8%,0.03%
609207105,MDLZ,Mondelez International Inc,150408,-5754,10.44M,-399.35K,-3.7%,0.02%
92189H862,MIG,VanEck Moody's Analytics IG Corporate B,224000,-20000,4.49M,-401.07K,-8.2%,<.01%
30034W106,EVRG,Evergy Inc,52093,-7913,2.64M,-401.17K,-13.2%,<.01%
082490103,,Benson Hill Inc,21158,-1214690,7K,-401.87K,-98.3%,<.01%
90187B804,TWO,Two Harbors Investment Corp,517153,-31573,6.85M,-418.02K,-5.8%,0.02%
857477103,STT,State Street Corp,206768,-6281,13.85M,-420.57K,-2.9%,0.03%
93627C101,HCC,Warrior Met Coal Inc,75699,-8307,3.87M,-424.24K,-9.9%,<.01%
30161N101,EXC,Exelon Corp,251771,-11475,9.51M,-433.62K,-4.4%,0.02%
04271T100,ARRY,Array Technologies Inc,1124974,-19563,24.96M,-434.1K,-1.7%,0.05%
92189H870,EINC,VanEck Energy Income ETF,81176,-6720,5.28M,-437.18K,-7.6%,0.01%
38045R206,GOQN,Gol Linhas Aereas Inteligentes SA,0,-80371,0,-439K,CLOSE,0%
374689107,ROCK,Gibraltar Industries Inc,26831,-6560,1.81M,-442.78K,-19.6%,<.01%
855244109,SBUX,Starbucks Corp,78588,-4864,7.17M,-443.95K,-5.8%,0.02%
493267108,KEY,KeyCorp,6442,-41886,69K,-448.64K,-86.7%,<.01%
81369Y506,XLE,Energy Select Sector SPDR Fund,60825,-5052,5.5M,-456.65K,-7.7%,0.01%
18915M107,NET,Cloudflare Inc,0,-7077,0,-463K,CLOSE,0%
09253N104,MHD,BlackRock MuniHoldings Fund Inc,349042,-46713,3.6M,-481.66K,-11.8%,<.01%
896945201,TRIP,TripAdvisor Inc,0,-29435,0,-485K,CLOSE,0%
009158106,APD,Air Products and Chemicals Inc,30591,-1725,8.67M,-488.89K,-5.3%,0.02%
62914V106,NIO,NIO Inc,489001,-55321,4.42M,-500.15K,-10.2%,<.01%
14316J108,CG,Carlyle Group Inc/The,12817,-16781,387K,-506.69K,-56.7%,<.01%
806882106,RDUS,Schnitzer Steel Industries Inc,81525,-18457,2.27M,-513.92K,-18.5%,<.01%
55261F104,MTB,M&T Bank Corp,0,-4202,0,-520K,CLOSE,0%
200340107,CMA,Comerica Inc,0,-12304,0,-521K,CLOSE,0%
718546104,PSX,Phillips 66,27881,-4414,3.35M,-530.36K,-13.7%,<.01%
552953101,MGM,MGM Resorts International,55560,-14615,2.04M,-537.15K,-20.8%,<.01%
G54950103,LIN,Linde PLC,21301,-1451,7.93M,-540.25K,-6.4%,0.02%
686688102,ORA,Ormat Technologies Inc,452823,-7775,31.66M,-543.62K,-1.7%,0.07%
446150104,HBAN,Huntington Bancshares Inc/OH,0,-50569,0,-545K,CLOSE,0%
85571B105,STWD,Starwood Property Trust Inc,858940,-28264,16.62M,-546.89K,-3.2%,0.04%
833445109,SNOW,Snowflake Inc,3170,-3608,484K,-550.87K,-53.2%,<.01%
64828T201,RITM,Rithm Capital Corp,1392826,-60122,12.94M,-558.52K,-4.1%,0.03%
92556V106,VTRS,Viatris Inc,1724539,-56663,17M,-558.7K,-3.2%,0.04%
45378A106,IRT,Independence Realty Trust Inc,26427,-40501,372K,-570.11K,-60.5%,<.01%
988498101,YUM,Yum! Brands Inc,51921,-4657,6.49M,-581.84K,-8.2%,0.01%
565849106,MRO,Marathon Oil Corp,885957,-22001,23.7M,-588.52K,-2.4%,0.05%
891092108,TTC,Toro Co/The,264111,-7082,21.95M,-588.52K,-2.6%,0.05%
007800105,,Aerojet Rocketdyne Holdings Inc,0,-10742,0,-589K,CLOSE,0%
12572Q105,CME,CME Group Inc,96521,-3009,19.33M,-602.48K,-3%,0.04%
45687V106,IR,Ingersoll Rand Inc,0,-9506,0,-621K,CLOSE,0%
N20944109,CNH,CNH Industrial NV,3019115,-51660,36.53M,-625.08K,-1.7%,0.08%
038923108,ABR,Arbor Realty Trust Inc,680285,-41664,10.33M,-632.48K,-5.8%,0.02%
189054109,CLX,Clorox Co/The,88575,-4832,11.61M,-633.25K,-5.2%,0.03%
171484108,CHDN,Churchill Downs Inc,12199,-5552,1.42M,-644.45K,-31.3%,<.01%
09075V102,BNTX,BioNTech SE,126014,-5993,13.69M,-651.07K,-4.5%,0.03%
981811102,WOR,Worthington Industries Inc,44070,-10561,2.72M,-652.78K,-19.3%,<.01%
848637104,,Splunk Inc,0,-6226,0,-661K,CLOSE,0%
29364G103,ETR,Entergy Corp,49526,-7197,4.58M,-665.7K,-12.7%,0.01%
35969L108,YMM,Full Truck Alliance Co Ltd,1264900,-95014,8.9M,-668.91K,-7%,0.02%
398905109,GPI,Group 1 Automotive Inc,0,-2617,0,-675K,CLOSE,0%
144285103,CRS,Carpenter Technology Corp,43080,-10227,2.9M,-687.26K,-19.2%,<.01%
30231G102,XOM,Exxon Mobil Corp,79049,-5914,9.29M,-695.4K,-7%,0.02%
98156Q108,,World Wrestling Entertainment Inc,0,-6448,0,-699K,CLOSE,0%
92343E102,VRSN,VERISIGN INC,33754,-3500,6.84M,-708.94K,-9.4%,0.02%
09257W100,BXMT,Blackstone Mortgage Trust Inc,484881,-32777,10.55M,-712.89K,-6.3%,0.02%
500688106,KOS,Kosmos Energy Ltd,3024238,-87205,24.74M,-713.33K,-2.8%,0.05%
165167735,EXE,Chesapeake Energy Corp,364174,-8468,31.4M,-730.2K,-2.3%,0.07%
204409601,CIG,Cia Energetica de Minas Gerais,1472743,-308611,3.56M,-746.83K,-17.3%,<.01%
517834107,LVS,Las Vegas Sands Corp,71657,-16922,3.29M,-775.76K,-19.1%,<.01%
26441C204,DUK,Duke Energy Corp,199704,-8803,17.63M,-776.96K,-4.2%,0.04%
592688105,MTD,Mettler-Toledo International Inc,0,-605,0,-794K,CLOSE,0%
G46188101,,Horizon Therapeutics Plc,0,-7878,0,-810K,CLOSE,0%
30052F100,EVGO,EVgo Inc,743360,-243820,2.51M,-824.26K,-24.7%,<.01%
46625H100,JPM,JPMorgan Chase & Co,33784,-5764,4.9M,-835.83K,-14.6%,0.01%
29446M102,EQNR,Equinor ASA,1076440,-25910,35.3M,-849.58K,-2.4%,0.08%
497266106,KEX,KIRBY CORP,419280,-10360,34.72M,-857.8K,-2.4%,0.08%
09227Q100,BLKB,Blackbaud Inc,110768,-12226,7.79M,-859.71K,-9.9%,0.02%
219798105,QDEL,QuidelOrtho Corp,0,-10411,0,-863K,CLOSE,0%
071734107,BHC,Bausch Health Cos Inc,505257,-105299,4.15M,-865.51K,-17.2%,<.01%
59124U605,MTA,Metalla Royalty & Streaming Ltd,2381609,-284530,7.29M,-870.69K,-10.7%,0.02%
464288372,IGF,iShares Global Infrastructure ETF,243916,-20280,10.56M,-877.91K,-7.7%,0.02%
64110W102,NTES,NetEase Inc,523904,-8806,52.47M,-882.01K,-1.7%,0.12%
955306105,WST,West Pharmaceutical Services Inc,10513,-2405,3.94M,-902.48K,-18.6%,<.01%
436440101,HOLX,HOLOGIC INC,0,-11159,0,-904K,CLOSE,0%
G9087Q102,TROX,Tronox Holdings PLC,1077240,-67284,14.48M,-904.29K,-5.9%,0.03%
48251K100,KREF,KKR Real Estate Finance Trust Inc,230862,-76555,2.74M,-908.6K,-24.9%,<.01%
26884L109,EQT,EQT Corp,943873,-22428,38.3M,-910.12K,-2.3%,0.08%
10552T107,BRFS,BRF SA,66522,-445186,136K,-910.15K,-87%,<.01%
56585A102,MPC,Marathon Petroleum Corp,25108,-6073,3.8M,-919.13K,-19.5%,<.01%
055622104,BP,BP PLC,1069160,-24010,41.4M,-929.67K,-2.2%,0.09%
67070X101,NZF,Nuveen Municipal Credit Income Fund,1297972,-92190,13.54M,-961.55K,-6.6%,0.03%
G4705A100,ICLR,ICON PLC,81772,-3906,20.14M,-961.84K,-4.6%,0.04%
66981J102,MNSO,MINISO Group Holding Ltd,551100,-37392,14.27M,-968.49K,-6.4%,0.03%
883556102,TMO,THERMO FISHER SCIENTIFIC INC,13204,-1954,6.68M,-988.99K,-12.9%,0.01%
26142V105,DKNG,DraftKings Inc,127837,-33832,3.76M,-996.14K,-20.9%,<.01%
16115Q308,GTLS,Chart Industries Inc,239714,-5900,40.54M,-997.8K,-2.4%,0.09%
28414H103,ELAN,Elanco Animal Health Inc,1620642,-89661,18.22M,-1.01M,-5.2%,0.04%
968223206,WLY,John Wiley & Sons Inc,166258,-27262,6.18M,-1.01M,-14.1%,0.01%
097023105,BA,Boeing Co/The,3069,-5463,588K,-1.05M,-64%,<.01%
842587107,SO,Southern Co/The,299997,-16190,19.42M,-1.05M,-5.1%,0.04%
912909108,X,United States Steel Corp,186558,-33588,6.06M,-1.09M,-15.3%,0.01%
30063P105,EXAS,EXACT SCIENCES CORP,149468,-16345,10.2M,-1.12M,-9.9%,0.02%
G7500M104,RNW,ReNew Energy Global PLC,1216556,-209894,6.61M,-1.14M,-14.7%,0.01%
703395103,PDCO,Patterson Cos Inc,112105,-39131,3.32M,-1.16M,-25.9%,<.01%
02043Q107,ALNY,Alnylam Pharmaceuticals Inc,71086,-6882,12.59M,-1.22M,-8.8%,0.03%
025537101,AEP,American Electric Power Co Inc,120557,-16725,9.07M,-1.26M,-12.2%,0.02%
G02532102,AMBIQ,Ambipar Emergency Response,0,-141261,0,-1.37M,CLOSE,0%
969457100,WMB,Williams Cos Inc/The,348143,-43030,11.73M,-1.45M,-11%,0.03%
80013R206,SAND,Sandstorm Gold Ltd,28181623,-312173,131.33M,-1.45M,-1.1%,0.29%
20440W105,SID,Cia Siderurgica Nacional SA,1200387,-621097,2.87M,-1.48M,-34.1%,<.01%
92343V104,VZ,Verizon Communications Inc,719438,-45848,23.32M,-1.49M,-6%,0.05%
780259305,SHEL,Shell PLC,971460,-23730,62.54M,-1.53M,-2.4%,0.14%
559080106,,Magellan Midstream Partners LP,0,-24675,0,-1.54M,CLOSE,0%
42809H107,HES,Hess Corp,418860,-10283,64.09M,-1.57M,-2.4%,0.14%
68622V106,OGN,Organon & Co,303179,-91614,5.26M,-1.59M,-23.2%,0.01%
G97822103,PRGO,Perrigo Co PLC,165145,-50218,5.28M,-1.6M,-23.3%,0.01%
19260Q107,COIN,Coinbase Global Inc,148058,-21496,11.12M,-1.61M,-12.7%,0.02%
482497104,BEKE,KE Holdings Inc,1143212,-104303,17.74M,-1.62M,-8.4%,0.04%
67077M108,NTR,Nutrien Ltd,1699946,-27260,104.99M,-1.68M,-1.6%,0.23%
874054109,TTWO,Take-Two Interactive Software Inc,293028,-12041,41.14M,-1.69M,-3.9%,0.09%
92189H771,PIT,VanEck Commodity Strategy ETF,398784,-33396,21.09M,-1.77M,-7.7%,0.05%
921078101,OUNZ,VanEck Merk Gold Shares,927909,-101115,16.6M,-1.81M,-9.8%,0.04%
81181C104,,SeaGen Inc,103373,-8556,21.93M,-1.82M,-7.6%,0.05%
G11448100,BTDR,Bitdeer Technologies Group,371374,-203929,3.58M,-1.97M,-35.4%,<.01%
86800U104,SUPER,Super Micro Computer Inc,1527,-7199,419K,-1.98M,-82.5%,<.01%
40415F101,HDB,HDFC Bank Ltd,433515,-34839,25.58M,-2.06M,-7.4%,0.06%
36118L106,FUTU,Futu Holdings Ltd,18000,-36500,1.04M,-2.11M,-67%,<.01%
459200101,IBM,International Business Machines Corp,130964,-14463,19.12M,-2.11M,-9.9%,0.04%
91347P105,OLED,Universal Display Corp,228389,-14022,35.85M,-2.2M,-5.8%,0.08%
562750109,MANH,Manhattan Associates Inc,0,-11148,0,-2.23M,CLOSE,0%
148806102,CTLT,Catalent Inc,174699,-53007,7.95M,-2.41M,-23.3%,0.02%
45826J105,NTLA,Intellia Therapeutics Inc,1615,-82927,51K,-2.62M,-98.1%,<.01%
91913Y100,VLO,Valero Energy Corp,659667,-19088,93.48M,-2.7M,-2.8%,0.21%
670663103,NMCO,Nuveen Municipal Credit Opportunities F,0,-252065,0,-2.73M,CLOSE,0%
75886F107,REGN,Regeneron Pharmaceuticals Inc,56828,-3387,46.77M,-2.79M,-5.6%,0.1%
881624209,TEVA,Teva Pharmaceutical Industries Ltd,2266089,-300333,23.11M,-3.06M,-11.7%,0.05%
83088M102,SWKS,Skyworks Solutions Inc,815991,-31566,80.45M,-3.11M,-3.7%,0.18%
G87110105,FTI,TechnipFMC PLC,9058189,-156275,184.24M,-3.18M,-1.7%,0.4%
88160R101,TSLA,Tesla Inc,77000,-13248,19.27M,-3.31M,-14.7%,0.04%
G50871105,JAZZ,Jazz Pharmaceuticals PLC,85522,-27138,11.07M,-3.51M,-24.1%,0.02%
78573M203,,Sabre Corp,0,-76558,0,-3.6M,CLOSE,0%
92532F100,VRTX,Vertex Pharmaceuticals Inc,153761,-10368,53.47M,-3.61M,-6.3%,0.12%
53223X107,,Life Storage Inc,0,-27657,0,-3.68M,CLOSE,0%
84265V105,SCCO,Southern Copper Corp,233571,-52140,17.59M,-3.93M,-18.2%,0.04%
G65431127,NE,Noble Corp PLC,2246329,-77514,113.78M,-3.93M,-3.3%,0.25%
92189H748,CLOI,Vaneck CLO ETF,0,-80000,0,-4.13M,CLOSE,0%
609839105,MPWR,Monolithic Power Systems Inc,225055,-9806,103.98M,-4.53M,-4.2%,0.23%
039483102,ADM,Archer-Daniels-Midland Co,806032,-63559,60.79M,-4.79M,-7.3%,0.13%
H8817H100,RIG,Transocean Ltd,14291527,-590901,117.33M,-4.85M,-4%,0.26%
90346E103,SLCA,US Silica Holdings Inc,1598987,-389569,22.45M,-5.47M,-19.6%,0.05%
922908363,VOO,Vanguard S&P 500 ETF,62160,-14029,24.41M,-5.51M,-18.4%,0.05%
58733R102,MELI,MercadoLibre Inc,49171,-4423,62.34M,-5.61M,-8.3%,0.14%
262037104,DRQ,Dril-Quip Inc,549971,-213373,15.49M,-6.01M,-28%,0.03%
91332U101,U,Unity Software Inc,965255,-197852,30.3M,-6.21M,-17%,0.07%
042315507,ARR.MX,ARMOUR Residential REIT Inc,0,-1184835,0,-6.32M,CLOSE,0%
04016X101,ARGX,Argenx SE,41173,-13414,20.24M,-6.59M,-24.6%,0.04%
74347M108,PUMP,ProPetro Holding Corp,1500693,-673904,15.95M,-7.16M,-31%,0.04%
81617J301,WTTR,Select Energy Services Inc,2505119,-909992,19.92M,-7.23M,-26.6%,0.04%
92189F486,FLTR,VanEck IG Floating Rate ETF,0,-295100,0,-7.45M,CLOSE,0%
749660106,RES,RPC Inc,3348630,-901273,29.94M,-8.06M,-21.2%,0.07%
G6359F137,NBR,Nabors Industries Ltd,200863,-71011,24.73M,-8.74M,-26.1%,0.05%
244199105,DE,Deere & Co,228932,-23281,86.39M,-8.79M,-9.2%,0.19%
861012102,STM,STMicroelectronics NV,3286546,-206411,141.85M,-8.91M,-5.9%,0.31%
42330P107,HLX,Helix Energy Solutions Group Inc,3173828,-852203,35.45M,-9.52M,-21.2%,0.08%
675232102,OII,Oceaneering International Inc,2089627,-433024,53.74M,-11.14M,-17.2%,0.12%
127387108,CDNS,Cadence Design Systems Inc,1317586,-48535,308.71M,-11.37M,-3.6%,0.68%
62955J103,NOV,NOV Inc,5456092,-549377,114.03M,-11.48M,-9.1%,0.25%
302491303,FMC,FMC Corp,341606,-173956,22.88M,-11.65M,-33.7%,0.05%
98978V103,ZTS,Zoetis Inc,652588,-72622,113.54M,-12.63M,-10%,0.25%
458140100,INTC,Intel Corp,14311182,-376532,508.76M,-13.39M,-2.6%,1.1%
023135106,AMZN,Amazon.com Inc,1335311,-107613,169.74M,-13.68M,-7.5%,0.37%
806857108,SLB,Schlumberger NV,9317115,-237134,543.19M,-13.82M,-2.5%,1.2%
907818108,UNP,Union Pacific Corp,149405,-69359,30.42M,-14.12M,-31.7%,0.07%
237266101,DAR,Darling Ingredients Inc,480369,-274062,25.07M,-14.31M,-36.3%,0.06%
682189105,ON,ON Semiconductor Corp,1695498,-161375,157.6M,-15M,-8.7%,0.35%
25179M103,DVN,Devon Energy Corp,100668,-328059,4.8M,-15.65M,-76.5%,0.01%
962879102,WPM,Wheaton Precious Metals Corp,18665034,-423938,756.88M,-17.19M,-2.2%,1.7%
406216101,HAL,Halliburton Co,8006584,-426791,324.27M,-17.29M,-5.1%,0.71%
423452101,HP,Helmerich & Payne Inc,1907728,-423294,80.43M,-17.85M,-18.2%,0.18%
82575P107,SBSW,Sibanye Stillwater Ltd,91446,-2924150,564K,-18.03M,-97%,<.01%
008474108,AEM,Agnico Eagle Mines Ltd,21063883,-398509,957.36M,-18.11M,-1.9%,2.1%
011532108,AGI,Alamos Gold Inc,50491089,-1638481,570.04M,-18.5M,-3.1%,1.3%
N6596X109,NXPI,NXP Semiconductors NV,1138510,-93011,227.61M,-18.59M,-7.6%,0.5%
127203107,WHD,Cactus Inc,1539606,-374258,77.3M,-18.79M,-19.6%,0.17%
02557T307,,American Electric Power Co Inc,0,-395589,0,-19.65M,CLOSE,0%
573874104,MRVL,MARVELL TECHNOLOGY INC,3272065,-370616,177.12M,-20.06M,-10.2%,0.39%
15872M104,CHX,ChampionX Corp,3938980,-563976,140.31M,-20.09M,-12.5%,0.31%
067901108,B,Barrick Gold Corp,73783375,-1438138,1.07B,-20.92M,-1.9%,2.4%
351858105,FNV,Franco-Nevada Corp,7989057,-176722,1.07B,-23.59M,-2.2%,2.3%
595112103,MU,Micron Technology Inc,4919410,-374850,334.67M,-25.5M,-7.1%,0.73%
651639106,NEM,Newmont Corp,32625855,-742529,1.21B,-27.44M,-2.2%,2.6%
69331C140,,PG&E Corp,0,-192360,0,-28.76M,CLOSE,0%
53115L104,LBRT,Liberty Energy Inc,3889822,-1571191,72.04M,-29.1M,-28.8%,0.16%
496902404,KGC,Kinross Gold Corp,142985645,-7715551,652.01M,-35.18M,-5.1%,1.4%
G16962105,,Bunge Ltd,609837,-348604,66.02M,-37.74M,-36.4%,0.14%
871607107,SNPS,SYNOPSYS INC,739046,-82702,339.2M,-37.96M,-10.1%,0.74%
65290C105,,NexTier Oilfield Solutions Inc,0,-4616186,0,-41.27M,CLOSE,0%
65339F739,,NextEra Energy Inc,0,-930799,0,-45.64M,CLOSE,0%
00507V109,ATVI,Activision Blizzard Inc,241891,-510481,22.65M,-47.8M,-67.8%,0.05%
731068102,PII,POLARIS INC,1388816,-849438,144.63M,-88.46M,-38%,0.32%
291011104,EMR,Emerson Electric Co,1840920,-1159759,177.78M,-112M,-38.6%,0.39%
25754A201,DPZ,Domino's Pizza Inc,449540,-327016,170.28M,-123.87M,-42.1%,0.37%
21036P108,STZ,Constellation Brands Inc,62728,-531464,15.77M,-133.58M,-89.4%,0.03%
98138H101,WDAY,Workday Inc,5132,-628317,1.1M,-135.04M,-99.2%,<.01%
461202103,INTU,Intuit Inc,29989,-289947,15.32M,-148.14M,-90.6%,0.03%
81762P102,NOW,ServiceNow Inc,18620,-267878,10.41M,-149.74M,-93.5%,0.02%
00724F101,ADBE,Adobe Inc,91003,-321636,46.4M,-164M,-77.9%,0.1%
512807108,LRCX.MX,Lam Research Corp,691783,-267177,433.59M,-167.46M,-27.9%,0.95%
30303M102,META,Meta Platforms Inc,304018,-581573,91.27M,-174.59M,-65.7%,0.2%
035128206,,AngloGold Ashanti Ltd,0,-24517411,0,-517.07M,CLOSE,0%
Total,,,,,45.57B,2.12B,+4.6%,100%
