CUSIP,Ticker,Company,Shares,Delta_Shares,Value,Delta_Value,Delta,Portfolio%
11135F101,AVGO,Broadcom Inc,12701500,11453554,2.2B,1.99B,+917.8%,2.8%
512807306,LRCX,Lam Research Corp,16081071,16081071,1.17B,1.17B,NEW,1.5%
67066G104,NVDA,NVIDIA Corp,43966350,3957832,6.14B,552.36M,+9.9%,7.7%
N07059210,ASML,ASML Holding NV,1757049,474653,1.25B,336.35M,+37%,1.6%
747525103,QCOM,QUALCOMM Inc,7506863,1741432,1.25B,290.12M,+30.2%,1.6%
N6596X109,NXPI,NXP Semiconductors NV,3041129,1222736,718.68M,288.96M,+67.2%,0.9%
038222105,AMAT,Applied Materials Inc,6571178,1509439,1.2B,275.77M,+29.8%,1.5%
595112103,MU,Micron Technology Inc,10564198,2477985,1.11B,260.31M,+30.6%,1.4%
009158106,APD,Air Products and Chemicals Inc,764489,721671,249.7M,235.71M,+1685.4%,0.31%
68902V107,OTIS,Otis Worldwide Corp,2261929,2201988,232.66M,226.5M,+3673.6%,0.29%
79466L302,CRM,Salesforce.com Inc,1624520,794506,462.06M,225.98M,+95.7%,0.58%
254687106,DIS,Walt Disney Co/The,4307794,2298921,414.58M,221.25M,+114.4%,0.52%
446413106,HII,Huntington Ingalls Industries Inc,1778210,863800,455.22M,221.13M,+94.5%,0.57%
291011104,EMR,Emerson Electric Co,3896889,2016075,422.85M,218.76M,+107.2%,0.53%
115637209,BF.B,Brown-Forman Corp,8822514,4445128,430.45M,216.88M,+101.5%,0.54%
090572207,BIO,Bio-Rad Laboratories Inc,1303752,644530,436.86M,215.97M,+97.8%,0.55%
911312106,UPS,United Parcel Service Inc,1772765,1620091,232.96M,212.9M,+1061.1%,0.29%
45167R104,IEX,IDEX Corp,1032277,1021439,211.47M,209.25M,+9424.6%,0.26%
36266G107,GEHC,GE HealthCare Technologies Inc,2335235,2335235,208.51M,208.51M,NEW,0.26%
458140100,INTC,Intel Corp,44013936,9422136,967.43M,207.1M,+27.2%,1.2%
097023105,BA,Boeing Co/The,2277548,1251456,357.71M,196.55M,+122%,0.45%
482480100,KLAC,KLA Corp,1399367,286015,930.06M,190.09M,+25.7%,1.2%
871607107,SNPS,SYNOPSYS INC,1605001,335993,791.92M,165.78M,+26.5%,0.99%
11777Q209,BTG,B2Gold Corp,166079133,47967010,566.31M,163.56M,+40.6%,0.71%
032654105,ADI,Analog Devices Inc,4754759,700862,1.08B,158.99M,+17.3%,1.3%
007903107,AMD,Advanced Micro Devices Inc,9620878,975220,1.47B,149.12M,+11.3%,1.8%
127387108,CDNS,Cadence Design Systems Inc,2767965,572251,689.47M,142.54M,+26.1%,0.86%
573874104,MRVL,Marvell Technology Inc,7471823,1570050,611.42M,128.48M,+26.6%,0.76%
595017104,MCHP,Microchip Technology Inc,7961200,1597263,599.24M,120.23M,+25.1%,0.75%
518439104,EL,Estee Lauder Cos Inc/The,4041911,1078926,354.84M,94.72M,+36.4%,0.44%
65339F663,NEEPRS,NextEra Energy Inc,1619297,1619297,90.02M,90.02M,NEW,0.11%
609839105,MPWR,Monolithic Power Systems Inc,447823,93362,395.71M,82.5M,+26.3%,0.49%
42824C208,HPEC,Hewlett Packard Enterprise Co,1214469,1214469,69.88M,69.88M,NEW,0.09%
82835P103,SVM,Silvercorp Metals Inc,22110781,13399851,105.69M,64.05M,+153.8%,0.13%
697900108,PAAS,Pan American Silver Corp,39512808,2328306,1.01B,59.49M,+6.3%,1.3%
654106103,NKE,NIKE Inc,4885672,641398,391.1M,51.34M,+15.1%,0.49%
682189105,ON,ON Semiconductor Corp,3495056,729081,237.56M,49.56M,+26.4%,0.3%
861012102,STM,STMicroelectronics NV,8195521,1719257,228.66M,47.97M,+26.5%,0.29%
04040Y109,ARIS,Aris Mining Corp,15932334,9422597,74.78M,44.23M,+144.7%,0.09%
88642R109,TDW,Tidewater Inc,711643,711643,43.98M,43.98M,NEW,0.05%
98956P102,ZBH,Zimmer Biomet Holdings Inc,3736761,411163,391.24M,43.05M,+12.4%,0.49%
882508104,TXN,Texas Instruments Inc,6168241,212888,1.24B,42.95M,+3.6%,1.6%
110122108,BMY,Bristol-Myers Squibb Co,9933591,781385,527.08M,41.46M,+8.5%,0.66%
05605H100,BWXT,BWX Technologies Inc,960269,318598,118.03M,39.16M,+49.7%,0.15%
962166104,WY,Weyerhaeuser Co,1245633,1191983,39.67M,37.97M,+2221.8%,0.05%
09290D101,BLK,Blackrock Inc,34015,34015,33.61M,33.61M,NEW,0.04%
808513105,SCHW,Charles Schwab Corp/The,3232736,439398,231.82M,31.51M,+15.7%,0.29%
83088M102,SWKS,Skyworks Solutions Inc,1610645,325672,152.91M,30.92M,+25.3%,0.19%
166764100,CVX,Chevron Corp,640246,201189,96.34M,30.27M,+45.8%,0.12%
594972408,MSTR,MicroStrategy Inc,154548,141286,33.07M,30.23M,+1065.3%,0.04%
594918104,MSFT,Microsoft Corp,989062,66922,419.96M,28.42M,+7.3%,0.52%
13321L108,CCJ,Cameco Corp,1584822,515046,85.7M,27.85M,+48.1%,0.11%
38059T106,GFI,Gold Fields Ltd,48505911,1549372,870.68M,27.81M,+3.3%,1.1%
099502106,BAH,Booz Allen Hamilton Holding Corp,627446,162083,102.44M,26.46M,+34.8%,0.13%
532457108,LLY,Eli Lilly & Co,269469,28465,243.4M,25.71M,+11.8%,0.3%
413216300,HMY,Harmony Gold Mining Co Ltd,68895088,2206537,792.98M,25.4M,+3.3%,0.99%
450913108,IAG,IAMGOLD Corp,52894690,4267084,313.67M,25.3M,+8.8%,0.39%
92189H656,CLOB,Vaneck AA-BB Clo Etf,500000,500000,25.24M,25.24M,NEW,0.03%
30303M102,META,Meta Platforms Inc,440021,43820,248.04M,24.7M,+11.1%,0.31%
874039100,TSM,Taiwan Semiconductor Manufacturing Co L,18289993,122828,3.67B,24.67M,+0.7%,4.6%
037833100,AAPL,Apple Inc,1121107,106701,258.71M,24.62M,+10.5%,0.32%
00846U101,A,Agilent Technologies Inc,2976905,183716,396.02M,24.44M,+6.6%,0.49%
576323109,MTZ,MASTEC INC,282970,190320,34.61M,23.28M,+205.4%,0.04%
880770102,TER,Teradyne Inc,3082064,183721,383.5M,22.86M,+6.3%,0.48%
525327102,LDOS,Leidos Holdings Inc,601633,134037,101.26M,22.56M,+28.7%,0.13%
91347P105,OLED,Universal Display Corp,507440,108394,101.91M,21.77M,+27.2%,0.13%
92859G608,VZLA,Vizsla Silver Corp,9649861,9649861,21.76M,21.76M,NEW,0.03%
052769106,ADSK,Autodesk Inc,1717367,74394,491.67M,21.3M,+4.5%,0.61%
04010L103,ARCC,Ares Capital Corp,12656154,975045,272.11M,20.96M,+8.3%,0.34%
19260Q107,COIN,Coinbase Global Inc,198788,104292,39.55M,20.75M,+110.4%,0.05%
02156V109,OKLO,Oklo Inc,1128951,1128951,20.66M,20.66M,NEW,0.03%
231561101,CW,Curtiss-Wright Corp,253726,56966,88.85M,19.95M,+29%,0.11%
907818108,UNP,Union Pacific Corp,243300,78847,58.72M,19.03M,+47.9%,0.07%
127190304,CACI,CACI International Inc,116231,34647,60.92M,18.16M,+42.5%,0.08%
902973304,USB,US Bancorp,9852013,373559,478.12M,18.13M,+3.9%,0.6%
952845105,WFG,West Fraser Timber Co Ltd,193752,189092,18.32M,17.88M,+4057.8%,0.02%
29446Y502,EQX,Equinox Gold Corp,41121033,2954174,247.55M,17.78M,+7.7%,0.31%
916896103,UEC,Uranium Energy Corp,4956971,2171468,38.52M,16.87M,+78%,0.05%
21037T109,CEG,Constellation Energy Corp,144700,61807,38.5M,16.44M,+74.6%,0.05%
74736K101,QRVO,Qorvo Inc,832292,160534,83.43M,16.09M,+23.9%,0.1%
422704106,HL,Hecla Mining Co,54680051,2238559,391.51M,16.03M,+4.3%,0.49%
26152H301,DRD,DRDGOLD Ltd,6621470,1291541,80.92M,15.78M,+24.2%,0.1%
922475108,VEEV,Veeva Systems Inc,1995006,71525,434.37M,15.57M,+3.7%,0.54%
248356107,DNN,Denison Mines Corp,14574159,7168934,31.62M,15.56M,+96.8%,0.04%
478160104,JNJ,Johnson & Johnson,780186,88107,129.4M,14.61M,+12.7%,0.16%
92189L103,ETHV,VanEck Ethereun Trust ETF,395024,395024,14.51M,14.51M,NEW,0.02%
201723103,CMC,Commercial Metals Co,420808,282511,21.57M,14.48M,+204.3%,0.03%
92343V104,VZ,Verizon Communications Inc,1490744,321706,63.89M,13.79M,+27.5%,0.08%
438516106,HON,Honeywell International Inc,1112575,61698,245.15M,13.59M,+5.9%,0.31%
717081103,PFE,Pfizer Inc,16560256,456168,477.93M,13.17M,+2.8%,0.6%
22052L104,CTVA,Corteva Inc,8902675,213872,541.19M,13M,+2.5%,0.68%
172908105,CTAS,Cintas Corp,78662,60946,16.5M,12.78M,+344%,0.02%
867224107,SU,Suncor Energy Inc,1037031,326492,40.01M,12.6M,+45.9%,0.05%
828363101,SILV,SilverCrest Metals Inc,14114981,1083681,162.88M,12.51M,+8.3%,0.2%
376535878,GLAD,Gladstone Capital Corp,506067,506067,12.29M,12.29M,NEW,0.02%
92826C839,V,Visa Inc,387869,42668,110.06M,12.11M,+12.4%,0.14%
65340P106,NXE,NexGen Energy Ltd,4718270,1582705,35.58M,11.93M,+50.5%,0.04%
09261X102,BXSL,Blackstone Secured Lending Fund,3527608,346894,109.81M,10.8M,+10.9%,0.14%
858119100,STLD,Steel Dynamics Inc,256597,81933,33.01M,10.54M,+46.9%,0.04%
644535106,NGD,New Gold Inc,73884631,3541882,215.74M,10.34M,+5%,0.27%
459200101,IBM,International Business Machines Corp,199960,43804,46.54M,10.2M,+28.1%,0.06%
67079K100,SMR,NuScale Power Corp,1235457,585292,21.4M,10.14M,+90%,0.03%
15643U104,LEU,USEC INC,208137,111060,18.84M,10.05M,+114.4%,0.02%
03761U502,MFIC,MidCap Financial Investment Corp,2270099,755436,30.08M,10.01M,+49.9%,0.04%
912909108,X,United States Steel Corp,377351,251391,14.91M,9.93M,+199.6%,0.02%
58155Q103,MCK,McKesson Corp,81957,19330,41.12M,9.7M,+30.9%,0.05%
48242W106,KBR,KBR Inc,663233,140213,44.6M,9.43M,+26.8%,0.06%
13646K108,CP,Canadian Pacific Railway Ltd,375295,120280,29.37M,9.41M,+47.2%,0.04%
457669307,INSM,Insmed Inc,127024,127024,9.14M,9.14M,NEW,0.01%
74762E102,PWR,Quanta Services Inc,29948,29611,9.18M,9.08M,+8786.6%,0.01%
74348T102,PSEC,Prospect Capital Corp,8938863,1690290,47.38M,8.96M,+23.3%,0.06%
69331C108,PCG,PG&E Corp,1822956,435170,37.52M,8.96M,+31.4%,0.05%
02079K107,GOOG,Alphabet Inc,547237,54262,90.01M,8.93M,+11%,0.11%
88162G103,TTEK,Tetra Tech Inc,218850,182453,10.59M,8.83M,+501.3%,0.01%
31488V107,FERG,Ferguson Enterprises Inc,44839,44839,8.77M,8.77M,NEW,0.01%
00123Q104,AGNC,AGNC INVESTMENT CORP,3427978,870856,34.07M,8.66M,+34.1%,0.04%
57636Q104,MA,Mastercard Inc,177896,16556,91.39M,8.51M,+10.3%,0.11%
22160K105,COST,Costco Wholesale Corp,123292,9447,110.86M,8.49M,+8.3%,0.14%
126408103,CSX,CSX Corp,956778,252592,32.14M,8.48M,+35.9%,0.04%
91324P102,UNH,UnitedHealth Group Inc,174848,14918,98.73M,8.42M,+9.3%,0.12%
55903Q104,MAG,MAG Silver Corp,10231410,467817,182.13M,8.33M,+4.8%,0.23%
125141101,CECO,Ceco Environmental Corp,379877,312803,10.08M,8.3M,+466.4%,0.01%
136375102,CNI,Canadian National Railway Co,233110,72320,26.13M,8.11M,+45%,0.03%
70202L102,PSN,Parsons Corp,360896,75096,37.67M,7.84M,+26.3%,0.05%
722304102,PDD,PDD Holdings Inc,135139,63961,16.53M,7.83M,+89.9%,0.02%
718546104,PSX,Phillips 66,83278,60355,10.75M,7.79M,+263.3%,0.01%
744573106,PEG,Public Service Enterprise Group Inc,466761,85464,42.35M,7.75M,+22.4%,0.05%
56585A102,MPC,Marathon Petroleum Corp,69402,48814,10.67M,7.51M,+237.1%,0.01%
670100205,NVO,Novo Nordisk A/S,492467,64635,57M,7.48M,+15.1%,0.07%
38173M102,GBDC,Golub Capital BDC Inc,3988219,475196,61.46M,7.32M,+13.5%,0.08%
302635206,FSK,FS KKR Capital Corp,5747770,356704,117.89M,7.32M,+6.6%,0.15%
18452B209,CLSK,Cleanspark Inc,1590688,620792,18.5M,7.22M,+64%,0.02%
83056P715,SKE,Skeena Resources Ltd,5012498,693745,51.41M,7.11M,+16.1%,0.06%
292671708,UUUU,Energy Fuels Inc/Canada,2360881,1083480,15.01M,6.89M,+84.8%,0.02%
808625107,SAIC,Science Applications International Corp,250589,44990,36.07M,6.48M,+21.9%,0.05%
008073108,AVAV,AeroVironment Inc,142733,29820,30.64M,6.4M,+26.4%,0.04%
742718109,PG,Procter & Gamble Co/The,422334,37609,71.62M,6.38M,+9.8%,0.09%
655844108,NSC,Norfolk Southern Corp,44628,24662,11.47M,6.34M,+123.5%,0.01%
60770K107,MRNA,Moderna Inc,266929,114769,14.25M,6.13M,+75.4%,0.02%
86800U302,SMCI,Super Micro Computer Inc,134670,134670,6.11M,6.11M,NEW,<.01%
035710839,NLY,Annaly Capital Management Inc,1912803,308618,37.4M,6.03M,+19.2%,0.05%
G0176J109,ALLE,Allegion PLC,3178952,39905,479.58M,6.02M,+1.3%,0.6%
780287108,RGLD,Royal Gold Inc,3637739,39394,553.81M,6M,+1.1%,0.69%
32076V103,AG,First Majestic Silver Corp,28912989,764790,225.23M,5.96M,+2.7%,0.28%
17253J106,CIFR,Cipher Mining Inc,3900219,1144390,20.09M,5.89M,+41.5%,0.03%
031162100,AMGN,Amgen Inc,285446,18573,89.89M,5.85M,+7%,0.11%
64110W102,NTES,NetEase Inc,666411,72988,53.35M,5.84M,+12.3%,0.07%
427096508,HTGC,Hercules Capital Inc,3115419,290579,61.87M,5.77M,+10.3%,0.08%
H11356104,BG,Bunge Global SA,547650,63800,48.73M,5.68M,+13.2%,0.06%
85571B105,STWD,Starwood Property Trust Inc,1313824,279793,26.11M,5.56M,+27.1%,0.03%
95040Q104,WELL,Welltower Inc,279358,41819,36.81M,5.51M,+17.6%,0.05%
74340W103,PLD,Prologis Inc,451236,45045,54.52M,5.44M,+11.1%,0.07%
773903109,ROK,Rockwell Automation Inc,783626,20275,208.79M,5.4M,+2.7%,0.26%
891160509,TD,Toronto-Dominion Bank/The,465365,93716,26.42M,5.32M,+25.2%,0.03%
58933Y105,MRK,Merck & Co Inc,371453,49891,39.52M,5.31M,+15.5%,0.05%
69121K104,OBDC,Blue Owl Capital Corp,7472128,347155,112.75M,5.24M,+4.9%,0.14%
046353108,AZN,AstraZeneca PLC,444792,67002,34.23M,5.16M,+17.7%,0.04%
243537107,DECK,DECKERS OUTDOOR CORP,39586,33612,5.98M,5.07M,+562.6%,<.01%
189054109,CLX,Clorox Co/The,1492717,31510,237.37M,5.01M,+2.2%,0.3%
Q4982L109,IREN,Iris Energy Ltd,1605671,576726,13.94M,5.01M,+56.1%,0.02%
615394202,MOGA,Moog Inc,126010,25870,24.07M,4.94M,+25.8%,0.03%
03073E105,COR,Cencora Inc,163398,20456,38.32M,4.8M,+14.3%,0.05%
00287Y109,ABBV,AbbVie Inc,251650,25248,47.28M,4.74M,+11.2%,0.06%
64110L106,NFLX,Netflix Inc,80364,6215,60.22M,4.66M,+8.4%,0.08%
29259W700,EU,Encore Energy Corp,2434342,1148056,9.76M,4.6M,+89.3%,0.01%
75886F107,REGN,Regeneron Pharmaceuticals Inc,58136,4742,54.73M,4.46M,+8.9%,0.07%
767292105,RIOT,Riot Platforms Inc,1894794,453399,18.51M,4.43M,+31.5%,0.02%
767204100,RIO,Rio Tinto PLC,693102,67213,44.7M,4.33M,+10.7%,0.06%
126650100,CVS,CVS Health Corp,516095,75805,29.3M,4.3M,+17.2%,0.04%
172967424,C,Citigroup Inc,362931,67768,22.9M,4.28M,+23%,0.03%
G1151C101,ACN,Accenture PLC,144230,11529,53.46M,4.27M,+8.7%,0.07%
47215P106,JD,JD.com Inc,326904,105674,13.08M,4.23M,+47.8%,0.02%
064149107,BNS,Bank of Nova Scotia/The,359146,79854,18.82M,4.18M,+28.6%,0.02%
92189H672,MVAL,VanEck Morningstar Wide Moat Value ETF,125000,125000,4.18M,4.18M,NEW,<.01%
349942102,FSM,Fortuna Silver Mines Inc,30563833,788703,161.68M,4.17M,+2.6%,0.2%
21874A106,CORZ,Core Scientific Inc,1616944,300942,21.86M,4.07M,+22.9%,0.03%
457651107,INVX,Dril-Quip Inc,270030,270030,3.97M,3.97M,NEW,<.01%
00724F101,ADBE,Adobe Inc,884016,8176,428.77M,3.97M,+0.9%,0.54%
371901109,GNTX,Gentex Corp,309668,132322,9.14M,3.91M,+74.6%,0.01%
149123101,CAT,Caterpillar Inc,101500,10065,39.15M,3.88M,+11%,0.05%
881624209,TEVA,Teva Pharmaceutical Industries Ltd,1875387,208673,34.53M,3.84M,+12.5%,0.04%
46120E602,ISRG,Intuitive Surgical Inc,69623,7430,35.69M,3.81M,+11.9%,0.04%
70806A106,PFLT,PennantPark Floating Rate Capital Ltd,1798265,330731,20.55M,3.78M,+22.5%,0.03%
191216100,KO,Coca-Cola Co/The,947330,54606,64.43M,3.71M,+6.1%,0.08%
14316J108,CG,Carlyle Group Inc/The,152697,74958,7.52M,3.69M,+96.4%,<.01%
64828T201,RITM,Rithm Capital Corp,2004057,343678,21.16M,3.63M,+20.7%,0.03%
36352H100,GAU,Galiano Gold Inc,6854000,2070000,11.94M,3.61M,+43.3%,0.01%
G2519Y108,BAP,Credicorp Ltd,126943,18982,23.94M,3.58M,+17.6%,0.03%
50212V100,LPLA,LPL Financial Holdings Inc,36380,13814,9.39M,3.56M,+61.2%,0.01%
29258Y103,EXK,Endeavour Silver Corp,25125455,658215,135.68M,3.55M,+2.7%,0.17%
50077B207,KTOS,Kratos Defense & Security Solutions Inc,889562,145462,21.36M,3.49M,+19.5%,0.03%
G1144A105,BTBT,Bit Digital Inc,4459689,898329,17.26M,3.48M,+25.2%,0.02%
22822V101,CCI,Crown Castle Inc,157895,31319,17.48M,3.47M,+24.7%,0.02%
52661A108,DRS,Leonardo DRS Inc,557672,122836,15.7M,3.46M,+28.2%,0.02%
013872106,AA,Alcoa Corp,271276,82073,11.36M,3.44M,+43.4%,0.01%
38147U107,GSBD,Goldman Sachs BDC Inc,2706897,255458,36.41M,3.44M,+10.4%,0.05%
810186106,SMG,Scotts Miracle-Gro Co/The,73458,39196,6.36M,3.39M,+114.4%,<.01%
74460D109,PSA,PUBLIC STORAGE,100099,9901,34.01M,3.36M,+11%,0.04%
369604301,GE,General Electric Co,184956,18340,33.6M,3.33M,+11%,0.04%
253868103,DLR,Digital Realty Trust Inc,149984,20087,24.87M,3.33M,+15.5%,0.03%
063671101,BMO,Bank of Montreal,190255,35614,17.76M,3.32M,+23%,0.02%
770700102,HOOD,Robinhood Markets Inc,627743,124410,16.76M,3.32M,+24.7%,0.02%
883556102,TMO,THERMO FISHER SCIENTIFIC INC,349438,5721,201.45M,3.3M,+1.7%,0.25%
05329W102,AN,AutoNation Inc,29775,19480,4.82M,3.16M,+189.2%,<.01%
053015103,ADP,Automatic Data Processing Inc,130954,10829,37.98M,3.14M,+9%,0.05%
92532F100,VRTX,Vertex Pharmaceuticals Inc,151428,6588,71.18M,3.1M,+4.5%,0.09%
756109104,O,Realty Income Corp,403091,47954,25.89M,3.08M,+13.5%,0.03%
136069101,CM,Canadian Imperial Bank of Commerce,205124,48843,12.87M,3.07M,+31.3%,0.02%
693475105,PNC,PNC Financial Services Group Inc/The,99558,16154,18.74M,3.04M,+19.4%,0.02%
461202103,INTU,Intuit Inc,59922,4987,36.07M,3M,+9.1%,0.05%
500754106,KHC,Kraft Heinz Co/The,122661,84102,4.36M,2.99M,+218.1%,<.01%
199908104,FIX,Comfort Systems USA Inc,24962,7132,10.29M,2.94M,+40%,0.01%
95082P105,WCC,WESCO International Inc,29666,16673,5.18M,2.91M,+128.3%,<.01%
83012A109,TSLX,Sixth Street Specialty Lending Inc,2289435,141463,47.12M,2.91M,+6.6%,0.06%
754730109,RJF,Raymond James Financial Inc,21021,21021,2.89M,2.89M,NEW,<.01%
18915M107,NET,Cloudflare Inc,63182,32485,5.54M,2.85M,+105.8%,<.01%
81211K100,SEE,Sealed Air Corp,138186,77881,5.02M,2.83M,+129.1%,<.01%
36467W109,GME,GameStop Corp,1825837,136785,37.5M,2.81M,+8.1%,0.05%
784117103,SEIC,SEI Investments Co,94605,39711,6.69M,2.81M,+72.3%,<.01%
G491BT108,IVZ,Invesco Ltd,159442,159442,2.79M,2.79M,NEW,<.01%
828806109,SPG,Simon Property Group Inc,153314,16032,26.65M,2.79M,+11.7%,0.03%
G3643J108,FLUT,Flutter Entertainment PLC,12157,12157,2.78M,2.78M,NEW,<.01%
023135106,AMZN,Amazon.com Inc,1327906,14904,245.28M,2.75M,+1.1%,0.31%
66987V109,NVS,Novartis AG,310713,24123,35.44M,2.75M,+8.4%,0.04%
666807102,NOC,Northrop Grumman Corp,443724,5203,229.14M,2.69M,+1.2%,0.29%
G4705A100,ICLR,ICON PLC,70314,9525,19.74M,2.67M,+15.7%,0.02%
889478103,TOL,TOLL BROTHERS INC,63589,18169,9.34M,2.67M,+40%,0.01%
192108504,CDE,Coeur Mining Inc,34469783,365115,251.63M,2.67M,+1.1%,0.31%
03027X100,AMT,American Tower Corp,127708,11729,28.9M,2.65M,+10.1%,0.04%
928881101,VNT,Vontier Corp,76290,76290,2.61M,2.61M,NEW,<.01%
670346105,NUE,Nucor Corp,218698,18325,30.98M,2.6M,+9.1%,0.04%
98980G102,ZS,Zscaler Inc,15073,14274,2.73M,2.58M,+1786.5%,<.01%
N14506104,ESTC,Elastic NV,32734,32734,2.54M,2.54M,NEW,<.01%
29250N105,ENB,Enbridge Inc,649213,60424,26.75M,2.49M,+10.3%,0.03%
969904101,WSM,Williams-Sonoma Inc,32345,17801,4.48M,2.46M,+122.4%,<.01%
G0378L100,AU,Anglogold Ashanti Plc,22920684,80563,690.6M,2.43M,+0.4%,0.86%
714046109,RVTY,PerkinElmer Inc,41012,20443,4.86M,2.42M,+99.4%,<.01%
44955L106,IAUX,i-80 Gold Corp,15120732,2121050,17.09M,2.4M,+16.3%,0.02%
516544103,LNTH,Lantheus Holdings Inc,58472,21604,6.47M,2.39M,+58.6%,<.01%
682680103,OKE,Oneok Inc,196855,24594,19.05M,2.38M,+14.3%,0.02%
140501107,CSWC,Capital Southwest Corp,1152153,92936,29.48M,2.38M,+8.8%,0.04%
148806102,CTLT,Catalent Inc,124424,39983,7.39M,2.38M,+47.4%,<.01%
147528103,CASY,Casey's General Stores Inc,21227,6066,8.29M,2.37M,+40%,0.01%
56035L104,MAIN,Main Street Capital Corp,1195476,45381,61.76M,2.34M,+3.9%,0.08%
040413106,,Arista Networks Inc,67995,5941,26.79M,2.34M,+9.6%,0.03%
56501R106,MFC,Manulife Financial Corp,343736,77864,10.32M,2.34M,+29.3%,0.01%
17275R102,CSCO,Cisco Systems Inc,1179202,40791,66.36M,2.3M,+3.6%,0.08%
565788106,MARA,Marathon Digital Holdings Inc,1106037,125717,19.99M,2.27M,+12.8%,0.02%
671044105,OSIS,OSI Systems Inc,81346,15945,11.56M,2.27M,+24.4%,0.01%
852234103,XYZ,Block Inc,418522,31404,29.88M,2.24M,+8.1%,0.04%
896442308,TRIN,Trinity Capital Inc,1301090,162905,17.9M,2.24M,+14.3%,0.02%
46982L108,J,Jacobs Solutions Inc,52181,15833,7.38M,2.24M,+43.6%,<.01%
533900106,LECO,Lincoln Electric Holdings Inc,40453,11490,7.84M,2.23M,+39.7%,<.01%
941848103,WAT,Waters Corp,659539,6647,219.81M,2.22M,+1%,0.27%
67401P405,OCSL,Oaktree Specialty Lending Corp,2022801,137508,32.57M,2.21M,+7.3%,0.04%
89055F103,BLD,TopBuild Corp,20685,5910,7.67M,2.19M,+40%,<.01%
27579R104,EWBC,East West Bancorp Inc,79803,22804,7.63M,2.18M,+40%,<.01%
37733W204,GSK,GSK PLC,736510,56843,27.97M,2.16M,+8.4%,0.03%
574599106,MAS,MASCO CORP,2950880,26259,241.82M,2.15M,+0.9%,0.3%
29362U104,ENTG,Entegris Inc,107097,20795,11.06M,2.15M,+24.1%,0.01%
45073V108,ITT,ITT Inc,51996,14857,7.51M,2.15M,+40%,<.01%
49714P108,KNSL,Kinsale Capital Group Inc,16144,4613,7.4M,2.12M,+40%,<.01%
715684106,TLK,Telkom Indonesia Persero Tbk PT,198504,111162,3.71M,2.08M,+127.3%,<.01%
78709Y105,SAIA,Saia Inc,17316,4948,7.15M,2.04M,+40%,<.01%
169656105,CMG,Chipotle Mexican Grill Inc,348430,34081,20.56M,2.01M,+10.8%,0.03%
G6700G107,NVT,nVent Electric PLC,96214,27492,7.03M,2.01M,+40%,<.01%
571748102,MRSH,Marsh & McLennan Cos Inc,107814,8976,24.09M,2.01M,+9.1%,0.03%
375558103,GILD,Gilead Sciences Inc,6342831,22847,553.28M,1.99M,+0.4%,0.69%
91529Y106,UNM,Unum Group,108076,30881,6.86M,1.96M,+40%,<.01%
30161Q104,EXEL,Exelixis Inc,173584,69134,4.92M,1.96M,+66.2%,<.01%
647551100,NMFC,New Mountain Finance Corp,2249321,168719,25.98M,1.95M,+8.1%,0.03%
58506Q109,MEDP,Medpace Holdings Inc,20233,5781,6.68M,1.91M,+40%,<.01%
89677Q107,TCOM,Trip.com Group Ltd,142745,30988,8.77M,1.9M,+27.7%,0.01%
G9087Q102,TROX,Tronox Holdings PLC,1065710,139795,14.3M,1.88M,+15.1%,0.02%
874060205,TAK,Takeda Pharmaceutical Co Ltd,2175236,134407,30.15M,1.86M,+6.6%,0.04%
G8994E103,TT,Trane Technologies plc,49620,4693,19.64M,1.86M,+10.4%,0.02%
37959E102,GL,Globe Life Inc,58455,16703,6.48M,1.85M,+40%,<.01%
26969P108,EXP,EAGLE MATERIALS INC,22485,6424,6.44M,1.84M,+40%,<.01%
87807B107,TRP,TC Energy Corp,338248,38729,15.88M,1.82M,+12.9%,0.02%
46266C105,IQV,IQVIA Holdings Inc,120839,7946,27.59M,1.81M,+7%,0.03%
038336103,ATR,Aptargroup Inc,37849,10815,6.34M,1.81M,+40%,<.01%
16359R103,CHE,Chemed Corp,11610,3043,6.89M,1.8M,+35.5%,<.01%
92556V106,VTRS,Viatris Inc,1170630,156201,13.52M,1.8M,+15.4%,0.02%
09173B107,KEEL,Bitfarms Ltd/Canada,6075744,911952,11.97M,1.8M,+17.7%,0.01%
257651109,DCI,Donaldson Co Inc,126211,23927,9.33M,1.77M,+23.4%,0.01%
G7709Q104,RPRX,Royalty Pharma PLC,101500,64057,2.78M,1.75M,+171.1%,<.01%
697435105,PANW,Palo Alto Networks Inc,90511,4857,32.42M,1.74M,+5.7%,0.04%
74164M108,PRI,Primerica Inc,21646,6185,6M,1.71M,+40%,<.01%
30225T102,EXR,Extra Space Storage Inc,96609,10063,16.33M,1.7M,+11.6%,0.02%
26142V105,DKNG,DraftKings Inc,131693,46314,4.82M,1.7M,+54.2%,<.01%
72919P202,PLUG,Plug Power Inc,4232001,809187,8.8M,1.68M,+23.6%,0.01%
624756102,MLI,Mueller Industries Inc,72704,20775,5.89M,1.68M,+40%,<.01%
G3323L100,FN,Fabrinet,23554,6731,5.81M,1.66M,+40%,<.01%
980745103,WWD,Woodward Inc,35274,10080,5.8M,1.66M,+40%,<.01%
00508Y102,AYI,Acuity Brands Inc,19512,5575,5.78M,1.65M,+40%,<.01%
316500107,FDUS,Fidus Investment Corp,809411,83538,15.81M,1.63M,+11.5%,0.02%
589378108,MRCY,Mercury Systems Inc,219855,48237,7.43M,1.63M,+28.1%,<.01%
00790R104,WMS,Advanced Drainage Systems Inc,38151,10902,5.7M,1.63M,+40%,<.01%
03820C105,AIT,Applied Industrial Technologies Inc,25294,7228,5.66M,1.62M,+40%,<.01%
00217D100,ASTS,AST SpaceMobile Inc,103437,60530,2.72M,1.59M,+141.1%,<.01%
01973R101,ALSN,Allison Transmission Holdings Inc,81688,16110,8.01M,1.58M,+24.6%,0.01%
866796105,SLF,Sun Life Financial Inc,128431,27727,7.29M,1.57M,+27.5%,<.01%
053484101,AVB,AvalonBay Communities Inc,65826,6811,15.11M,1.56M,+11.5%,0.02%
92276F100,VTR,Ventas Inc,188962,23718,12.45M,1.56M,+14.4%,0.02%
860630102,SF,Stifel Financial Corp,53771,15365,5.44M,1.56M,+40%,<.01%
441593100,HLI,Houlihan Lokey Inc,32716,9348,5.43M,1.55M,+40%,<.01%
615369105,MCO,Moody's Corp,33153,3287,15.54M,1.54M,+11%,0.02%
26441C204,DUK,Duke Energy Corp,222267,12780,26.8M,1.54M,+6.1%,0.03%
29977A105,EVR,Evercore Inc,20882,5967,5.38M,1.54M,+40%,<.01%
68571X301,ORC,Orchid Island Capital Inc,695131,197052,5.42M,1.54M,+39.6%,<.01%
29444U700,EQIX,Equinix Inc,20309,1716,18.1M,1.53M,+9.2%,0.02%
000360206,AAON,AAON INC,49111,14033,5.25M,1.5M,+40%,<.01%
824348106,SHW,Sherwin-Williams Co/The,50946,4132,18.48M,1.5M,+8.8%,0.02%
85208M102,SFM,Sprouts Farmers Market Inc,59368,12544,7.06M,1.49M,+26.8%,<.01%
53681K100,,Lithium Americas Argentina Corp,3041365,426419,10.62M,1.49M,+16.3%,0.01%
032095101,APH,Amphenol Corp,218657,21681,14.97M,1.48M,+11%,0.02%
650111107,NYT,New York Times Co/The,94799,27088,5.16M,1.47M,+40%,<.01%
89531P105,TREX,Trex Co Inc,81726,23351,5.14M,1.47M,+40%,<.01%
302941109,FCN,FTI CONSULTING INC,22250,6358,5.11M,1.46M,+40%,<.01%
172755100,CRUS,CIRRUS LOGIC INC,35654,12178,4.25M,1.45M,+51.9%,<.01%
872540109,TJX,TJX Cos Inc/The,318736,12578,36.41M,1.44M,+4.1%,0.05%
452308109,ITW,Illinois Tool Works Inc,55353,5489,14.19M,1.41M,+11%,0.02%
829073105,SSD,Simpson Manufacturing Co Inc,27882,7966,4.92M,1.41M,+40%,<.01%
90278Q108,UFPI,UFP Industries Inc,41291,10647,5.37M,1.38M,+34.7%,<.01%
227046109,CROX,CROCS Inc,36618,10463,4.81M,1.37M,+40%,<.01%
61774A103,MSDL,Morgan Stanley Direct Lending Fund,1850319,70076,36.19M,1.37M,+3.9%,0.05%
75281A109,RRC,Range Resources Corp,153119,43753,4.74M,1.35M,+40%,<.01%
770323103,RHI,Robert Half Inc,69210,19776,4.68M,1.34M,+40%,<.01%
052800109,ALV,Autoliv Inc,48391,13827,4.67M,1.33M,+40%,<.01%
16411R208,LNG,Cheniere Energy Inc,112652,7258,20.6M,1.33M,+6.9%,0.03%
89679M104,TFPM,Triple Flag Precious Metals Corp,3497411,71894,64.21M,1.32M,+2.1%,0.08%
224408104,CR,Crane Co,30296,8658,4.6M,1.31M,+40%,<.01%
537008104,LFUS,Littelfuse Inc,33409,5127,8.46M,1.3M,+18.1%,0.01%
515098101,LSTR,Landstar System Inc,25156,7188,4.53M,1.29M,+40%,<.01%
384802104,GWW,WW Grainger Inc,12357,1181,13.5M,1.29M,+10.6%,0.02%
03676B102,AM,Antero Midstream Corp,173266,86001,2.56M,1.27M,+98.6%,<.01%
29476L107,EQR,Equity Residential,165230,16713,12.53M,1.27M,+11.3%,0.02%
407497106,HLNE,Hamilton Lane Inc,25256,7216,4.44M,1.27M,+40%,<.01%
012653200,ALBPA,Albemarle Corp,1862193,28477,82.83M,1.27M,+1.6%,0.1%
92189H771,PIT,VanEck Commodity Strategy ETF,361640,25867,17.67M,1.26M,+7.7%,0.02%
06759L103,BBDC,Barings BDC Inc,2267897,129410,22.13M,1.26M,+6.1%,0.03%
872280102,CGBD,TCG BDC Inc,1251840,72741,21.67M,1.26M,+6.2%,0.03%
30161N101,EXC,Exelon Corp,288934,30639,11.77M,1.25M,+11.9%,0.01%
749607107,RLI,RLI Corp,27293,7798,4.36M,1.25M,+40%,<.01%
46655E100,DC,Dakota Gold Corp,3441636,498368,8.54M,1.24M,+16.9%,0.01%
379577208,GMED,Globus Medical Inc,62505,16583,4.62M,1.23M,+36.1%,<.01%
302081104,EXLS,ExlService Holdings Inc,108295,30945,4.25M,1.22M,+40%,<.01%
840441109,SSB,SouthState Corp,43646,12471,4.22M,1.21M,+40%,<.01%
78463M107,SPSC,SPS Commerce Inc,22048,6300,4.18M,1.2M,+40%,<.01%
117043109,BC,Brunswick Corp/DE,102693,15475,7.91M,1.19M,+17.7%,<.01%
65339F713,NEEPRR,NextEra Energy Inc,1619297,25428,75.71M,1.19M,+1.6%,0.09%
09259E108,TCPC,BlackRock TCP Capital Corp,2107130,143667,17.26M,1.18M,+7.3%,0.02%
552848103,MTG,MGIC Investment Corp,161376,46112,4.1M,1.17M,+40%,<.01%
04247X102,AWI,Armstrong World Industries Inc,29543,8441,4.08M,1.17M,+40%,<.01%
48251K100,KREF,KKR Real Estate Finance Trust Inc,455291,98400,5.37M,1.16M,+27.6%,<.01%
704326107,PAYX,Paychex Inc,86638,8208,12.25M,1.16M,+10.5%,0.02%
68622V106,OGN,Organon & Co,276732,67451,4.76M,1.16M,+32.2%,<.01%
59001A102,MTH,Meritage Homes Corp,22051,6301,4.04M,1.15M,+40%,<.01%
26856L103,ELF,elf Beauty Inc,37588,10929,3.97M,1.15M,+41%,<.01%
750917106,RMBS,Rambus Inc,81441,27860,3.37M,1.15M,+52%,<.01%
G3198U102,ESNT,Essent Group Ltd,65087,18597,4.02M,1.15M,+40%,<.01%
88579Y101,MMM,3M Co,88912,8816,11.37M,1.13M,+11%,0.01%
015271109,ARE,Alexandria Real Estate Equities Inc,75737,9400,9.08M,1.13M,+14.2%,0.01%
204166102,CVLT,CommVault Systems Inc,29812,8519,3.94M,1.13M,+40%,<.01%
369550108,GD,General Dynamics Corp,38694,3682,11.78M,1.12M,+10.5%,0.01%
042735100,ARW,Arrow Electronics Inc,29576,8450,3.92M,1.12M,+40%,<.01%
969457100,WMB,Williams Cos Inc/The,404071,21267,21.11M,1.11M,+5.6%,0.03%
30214U102,EXPO,Exponent Inc,36194,10342,3.88M,1.11M,+40%,<.01%
15101Q207,CLS,Celestica Inc,67266,19221,3.87M,1.11M,+40%,<.01%
706327103,PBA,Pembina Pipeline Corp,208922,25841,8.9M,1.1M,+14.1%,0.01%
191098102,COKE,Coca-Cola Consolidated Inc,3014,861,3.84M,1.1M,+40%,<.01%
192422103,CGNX,Cognex Corp,99529,28161,3.86M,1.09M,+39.5%,<.01%
001055102,AFL,Aflac Inc,97494,9667,10.93M,1.08M,+11%,0.01%
45168D104,IDXX,IDEXX Laboratories Inc,25133,2367,11.51M,1.08M,+10.4%,0.01%
920253101,VMI,Valmont Industries Inc,11493,3284,3.74M,1.07M,+40%,<.01%
015857105,AQN,Algonquin Power & Utilities Corp,212687,212687,1.06M,1.06M,NEW,<.01%
615111101,ONT,Montrose Environmental Group Inc,102303,39079,2.76M,1.05M,+61.8%,<.01%
03769M106,APO,Apollo Global Management Inc,79943,7328,11.47M,1.05M,+10.1%,0.01%
733174700,BPOP,Popular Inc,40870,11678,3.67M,1.05M,+40%,<.01%
45780R101,IBP,Installed Building Products Inc,21736,4562,4.94M,1.04M,+26.6%,<.01%
260557103,DOW,Dow Inc,103321,19980,5.32M,1.03M,+24%,<.01%
29605J106,ESAB,Esab Corp,31712,9062,3.54M,1.01M,+40%,<.01%
74758T303,QLYS,Qualys Inc,29015,8291,3.52M,1.01M,+40%,<.01%
607828100,MOD,Modine Manufacturing Co,27377,7824,3.51M,1M,+40%,<.01%
025537101,AEP,American Electric Power Co Inc,146090,9937,14.73M,1M,+7.3%,0.02%
98138H101,WDAY,Workday Inc,934828,4127,226.27M,998.9K,+0.4%,0.28%
942749102,WTS,WATTS WATER TECHNOLOGIES INC,17382,4967,3.48M,995.57K,+40%,<.01%
23331A109,DHI,DR Horton Inc,57284,5501,10.33M,991.8K,+10.6%,0.01%
311900104,FAST,Fastenal Co,131493,13039,9.98M,990.03K,+11%,0.01%
536797103,LAD,Lithia Motors Inc,19375,2952,6.5M,989.89K,+18%,<.01%
127055101,CBT,Cabot Corp,31549,9014,3.44M,984.29K,+40%,<.01%
45765U103,NSIT,Insight Enterprises Inc,16294,4656,3.44M,982.41K,+40%,<.01%
48666K109,KBH,KB Home,44117,12605,3.41M,975.15K,+40%,<.01%
546347105,LPX,Louisiana-Pacific Corp,38468,9735,3.85M,974.06K,+33.9%,<.01%
83413U100,SLRC,SLR Investment Corp,999291,63321,15.37M,973.87K,+6.8%,0.02%
693718108,PCAR,PACCAR Inc,94494,9370,9.81M,972.56K,+11%,0.01%
816851109,SRE,Sempra,181324,11270,15.59M,968.73K,+6.6%,0.02%
25746U109,D,Dominion Energy Inc,232143,15790,14.14M,962.05K,+7.3%,0.02%
82982L103,SITE,SiteOne Landscape Supply Inc,23984,6853,3.34M,953.77K,+40%,<.01%
816300107,SIGI,Selective Insurance Group Inc,34759,9931,3.31M,946.56K,+40%,<.01%
29336T100,ENLC,EnLink Midstream LLC,127462,63997,1.88M,945.43K,+100.8%,<.01%
09739D100,BCC,Boise Cascade Co,24415,6975,3.27M,933.9K,+40%,<.01%
83444M101,SOLV,Solventum Corp,36694,12847,2.66M,931.3K,+53.9%,<.01%
297178105,ESS,Essex Property Trust Inc,29236,3081,8.77M,924.22K,+11.8%,0.01%
09257P105,BTT,BlackRock Municipal 2030 Target Term Tr,539934,43381,11.45M,919.71K,+8.7%,0.01%
59522J103,MAA,Mid-America Apartment Communities Inc,54817,5816,8.57M,909.26K,+11.9%,0.01%
313855108,FSS,Federal Signal Corp,37263,10647,3.16M,902.32K,+40%,<.01%
49456B101,KMI,Kinder Morgan Inc,666452,36112,16.51M,894.49K,+5.7%,0.02%
76954A103,RIVN,Rivian Automotive Inc,372093,88047,3.78M,894.45K,+31%,<.01%
192446102,CTSH,Cognizant Technology Solutions Corp,171680,11677,13.06M,888.29K,+7.3%,0.02%
681116109,OLLI,Ollie's Bargain Outlet Holdings Inc,34183,9768,3.1M,886.7K,+40%,<.01%
887389104,TKR,Timken Co/The,36861,10532,3.1M,885.74K,+40%,<.01%
87612G101,TRGP,Targa Resources Corp,71523,5288,11.86M,877.01K,+8%,0.01%
859241101,STRL,Sterling Infrastructure Inc,19401,5544,3.05M,870.99K,+40%,<.01%
38526M106,LOPE,Grand Canyon Education Inc,22513,6433,3.03M,865.52K,+40%,<.01%
892356106,TSCO,Tractor Supply Co,38115,2958,11.13M,864K,+8.4%,0.01%
03076C106,AMP,Ameriprise Financial Inc,16620,1648,8.65M,857.71K,+11%,0.01%
925652109,VICI,VICI Properties Inc,561868,25991,18.45M,853.56K,+4.9%,0.02%
750236101,RDN,Radian Group Inc,87071,24880,2.99M,853.23K,+40%,<.01%
830830105,SKY,Skyline Champion Corp,32924,9408,2.97M,848.1K,+40%,<.01%
217204106,CPRT,Copart Inc,165665,16426,8.51M,843.68K,+11%,0.01%
17259U204,CION,CION Investment Corp,1307974,70608,15.62M,843.05K,+5.7%,0.02%
G01767105,ALKS,Alkermes PLC,104986,29998,2.92M,835.48K,+40%,<.01%
53566V106,LINE,Lineage Inc,10670,10670,833K,833K,NEW,<.01%
231021106,CMI,Cummins Inc,25158,2494,8.3M,822.91K,+11%,0.01%
G4474Y214,JHG,Janus Henderson Group PLC,75645,20915,2.98M,822.55K,+38.2%,<.01%
87612E106,TGT,Target Corp,135908,5548,20.12M,821.37K,+4.3%,0.03%
42250P103,DOC,Healthpeak Properties Inc,320245,35260,7.4M,815.2K,+12.4%,<.01%
G0896C103,TBBB,BBB Foods Inc,207878,24963,6.73M,807.81K,+13.6%,<.01%
436893200,HOMB,Home Bancshares Inc/AR,102093,29171,2.76M,789.47K,+40%,<.01%
06417N103,OZK,Bank OZK,62780,17939,2.75M,784.37K,+40%,<.01%
679580100,ODFL,Old Dominion Freight Line Inc,41888,4155,7.9M,783.92K,+11%,<.01%
553530106,MSM,MSC Industrial Direct Co Inc,58939,9655,4.76M,780.57K,+19.6%,<.01%
61174X109,MNST,Monster Beverage Corp,146345,14511,7.84M,777.19K,+11%,<.01%
101137107,BSX,BOSTON SCIENTIFIC CORP,57894,8882,5.06M,776.76K,+18.1%,<.01%
55087P104,LYFT,Lyft Inc,349742,56630,4.78M,773.49K,+19.3%,<.01%
866674104,SUI,Sun Communities Inc,56904,5547,7.91M,771.36K,+10.8%,<.01%
95766N103,MHF,Western Asset Municipal High Income Fun,107407,107407,766K,766K,NEW,<.01%
739276103,POWI,Power Integrations Inc,34431,12297,2.14M,763.58K,+55.6%,<.01%
457187102,INGR,Ingredion Inc,156730,5591,21.31M,760.22K,+3.7%,0.03%
651587107,NEU,NEWMARKET CORP,5119,1463,2.65M,758.79K,+40%,<.01%
40412C101,HCA,HCA Healthcare Inc,1834,1834,752K,752K,NEW,<.01%
G81276100,SIG,Signet Jewelers Ltd,28081,8024,2.63M,751.22K,+40%,<.01%
913903100,UHS,Universal Health Services Inc,4342,3182,1.02M,745.3K,+274.3%,<.01%
731068102,PII,POLARIS INC,40966,10664,2.85M,743.19K,+35.2%,<.01%
30040W108,ES,Eversource Energy,101720,11062,6.82M,742.11K,+12.2%,<.01%
G4R20B107,INTR,Inter & Co Inc,116134,116134,741K,741K,NEW,<.01%
09257W100,BXMT,Blackstone Mortgage Trust Inc,823935,38436,15.74M,734.12K,+4.9%,0.02%
165303108,CPK,Chesapeake Utilities Corp,6077,6077,734K,734K,NEW,<.01%
376546107,GAIN,Gladstone Investment Corp,897668,52594,12.5M,732.14K,+6.2%,0.02%
744320102,PRU,Prudential Financial Inc,17600,5825,2.2M,729.12K,+49.5%,<.01%
436440101,HOLX,HOLOGIC INC,8918,8918,725K,725K,NEW,<.01%
25659T107,DLB,Dolby Laboratories Inc,34881,9967,2.54M,724.36K,+40%,<.01%
353514102,FELE,Franklin Electric Co Inc,24818,7092,2.53M,723.55K,+40%,<.01%
526057104,LEN,LENNAR CORP,43831,4179,7.56M,721.18K,+10.5%,<.01%
15135U109,CVE,Cenovus Energy Inc,776070,43023,12.96M,718.46K,+5.9%,0.02%
589889104,MMSI,Merit Medical Systems Inc,7526,7526,718K,718K,NEW,<.01%
G0450A105,ACGL,Arch Capital Group Ltd,67250,6669,7.2M,713.61K,+11%,<.01%
842587107,SO,Southern Co/The,303420,7527,28.57M,708.67K,+2.5%,0.04%
78410G104,SBAC,SBA Communications Corp,25644,2905,6.25M,707.9K,+12.8%,<.01%
46187W107,INVH,Invitation Homes Inc,250818,20104,8.71M,697.82K,+8.7%,0.01%
49446R109,KIM,Kimco Realty Corp,298909,29002,7.16M,694.9K,+10.7%,<.01%
46284V101,IRM,Iron Mountain Inc,50421,5534,6.33M,694.75K,+12.3%,<.01%
093712107,BE,Bloom Energy Corp,661932,76536,5.98M,691.9K,+13.1%,<.01%
G50871105,JAZZ,Jazz Pharmaceuticals PLC,60211,6157,6.69M,684.2K,+11.4%,<.01%
693506107,PPG,PPG Industries Inc,39801,5329,5.03M,672.94K,+15.5%,<.01%
826599102,SGML,Sigma Lithium Corp,1248755,47143,17.74M,669.87K,+3.9%,0.02%
03957W106,AROC,Archrock Inc,68251,32971,1.38M,668.11K,+93.5%,<.01%
23282W605,CYTK,Cytokinetics Inc,71691,12565,3.8M,666.36K,+21.3%,<.01%
513847103,MZTI,Lancaster Colony Corp,12897,3686,2.27M,649.06K,+40%,<.01%
101121101,BXP,BOSTON PROPERTIES INC,69275,7447,6.02M,647.57K,+12%,<.01%
28176E108,EW,Edwards Lifesciences Corp,126764,9011,8.95M,636.28K,+7.7%,0.01%
30212P303,EXPE,Expedia Group Inc,38606,4011,6.11M,635.22K,+11.6%,<.01%
150870103,CE,Celanese Corp,21009,4905,2.71M,632.47K,+30.5%,<.01%
370334104,GIS,General Mills Inc,103174,9119,7.08M,625.41K,+9.7%,<.01%
29472R108,ELS,Equity LifeStyle Properties Inc,81480,8849,5.75M,624.69K,+12.2%,<.01%
745867101,PHM,PulteGroup Inc,50815,4654,6.77M,619.77K,+10.1%,<.01%
76169C100,REXR,Rexford Industrial Realty Inc,100722,13709,4.54M,618.2K,+15.8%,<.01%
72352L106,PINS,Pinterest Inc,83418,19508,2.63M,615.28K,+30.5%,<.01%
92936U109,WPC,WP Carey Inc,98733,10409,5.83M,614.42K,+11.8%,<.01%
054540208,ACLS,Axcelis Technologies Inc,23751,6786,2.14M,611.14K,+40%,<.01%
047649108,ATKR,Atkore Inc,24927,7123,2.14M,610.37K,+40%,<.01%
02665T306,AMH,American Homes 4 Rent,143072,15609,5.59M,609.54K,+12.2%,<.01%
387437205,GRTUF,Granite Real Estate Investment Trust,10936,10936,603K,603K,NEW,<.01%
427866108,HSY,Hershey Co/The,33708,3303,6.13M,601.06K,+10.9%,<.01%
00206R102,T,AT&T Inc,396958,26706,8.93M,600.65K,+7.2%,0.01%
04626A103,ALAB,Astera Labs Inc,8814,8814,598K,598K,NEW,<.01%
133131102,CPT,Camden Property Trust,49730,4778,6M,576.38K,+10.6%,<.01%
98389B100,XEL,Xcel Energy Inc,159783,8934,10.28M,574.62K,+5.9%,0.01%
959802109,WU,Western Union Co/The,403643,49036,4.66M,566.36K,+13.8%,<.01%
758849103,REG,Regency Centers Corp,77755,7802,5.62M,563.51K,+11.2%,<.01%
15118V207,CELH,Celsius Holdings Inc,29324,18456,893K,562.04K,+169.8%,<.01%
74144T108,TROW,T Rowe Price Group Inc,91496,5109,10.02M,559.61K,+5.9%,0.01%
681936100,OHI,Omega Healthcare Investors Inc,100145,13367,4.17M,556.2K,+15.4%,<.01%
09260D107,BX,Blackstone Inc,20094,3271,3.35M,546.14K,+19.4%,<.01%
143130102,KMX,CARMAX INC,73715,7507,5.31M,540.56K,+11.3%,<.01%
12514G108,CDW,CDW Corp/DE,24619,2441,5.36M,531.25K,+11%,<.01%
931427108,WBA,Walgreens Boots Alliance Inc,322984,56725,3.02M,530.22K,+21.3%,<.01%
902653104,UDR,UDR INC,141816,11838,6.34M,529.31K,+9.1%,<.01%
02215L209,KNTK,Kinetik Holdings Inc,24527,10384,1.24M,526.67K,+73.4%,<.01%
674599105,OXY,Occidental Petroleum Corp,18481,10248,948K,525.68K,+124.5%,<.01%
17888H103,CIVI,Bonanza Creek Energy Inc,36597,10457,1.84M,524.61K,+40%,<.01%
64110D104,NTAP,NETAPP INC,45402,4303,5.4M,512.07K,+10.5%,<.01%
229663109,CUBE,CubeSmart,94950,10363,4.68M,510.89K,+12.3%,<.01%
88262P102,TPL,Texas Pacific Land Corp,4669,463,5.06M,501.97K,+11%,<.01%
58039P305,MUX,McEwen Mining Inc,2163930,45410,23.41M,491.34K,+2.1%,0.03%
811916105,SA,Seabridge Gold Inc,3743332,25461,71.91M,489.1K,+0.7%,0.09%
116794108,BRKR,Bruker Corp,56451,7881,3.37M,470.34K,+16.2%,<.01%
G0457F107,ARCO,Arcos Dorados Holdings Inc,876300,52289,7.85M,468.53K,+6.3%,<.01%
562750109,MANH,Manhattan Associates Inc,17314,1717,4.7M,465.89K,+11%,<.01%
690742101,OC,Owens Corning,39318,2530,7.13M,458.73K,+6.9%,<.01%
313745101,FRT,Federal Realty Investment Trust,35370,3992,4.05M,456.76K,+12.7%,<.01%
23345M107,DTM,DT Midstream Inc,33239,5208,2.9M,454.07K,+18.6%,<.01%
62944T105,NVR,NVR Inc,731,48,6.88M,451.7K,+7%,<.01%
11133T103,BR,Broadridge Financial Solutions Inc,20967,2079,4.54M,449.77K,+11%,<.01%
277276101,EGP,EastGroup Properties Inc,20448,2481,3.71M,449.54K,+13.8%,<.01%
65290E101,NXT,NEXTracker Inc,60613,14249,1.9M,447.6K,+30.7%,<.01%
83304A106,SNAP,Snap Inc,73295,43994,744K,446.57K,+150.1%,<.01%
060505104,BAC,Bank of America Corp,19231,10497,814K,444.31K,+120.2%,<.01%
260003108,DOV,Dover Corp,23375,2317,4.48M,444.17K,+11%,<.01%
023608102,AEE,Ameren Corp,76253,4949,6.8M,441.4K,+6.9%,<.01%
580135101,MCD,McDonald's Corp,17809,1451,5.32M,433.21K,+8.9%,<.01%
443510607,HUBB,Hubbell Inc,9741,966,4.33M,429.6K,+11%,<.01%
69351T106,PPL,PPL Corp,211671,12955,7.01M,429.22K,+6.5%,<.01%
349553107,FTS,Fortis Inc/Canada,136721,9300,6.13M,417.25K,+7.3%,<.01%
16411Q101,CQP,Cheniere Energy Partners LP,8443,8443,416K,416K,NEW,<.01%
29084Q100,EME,EMCOR GROUP INC,9401,932,4.19M,415.29K,+11%,<.01%
11120U105,BRX,Brixmor Property Group Inc,135479,14715,3.78M,411K,+12.2%,<.01%
12532H104,GIB,CGI Inc,36378,3607,4.14M,410.89K,+11%,<.01%
171340102,CHD,Church & Dwight Co Inc,40226,3989,4.13M,409.15K,+11%,<.01%
30034W106,EVRG,Evergy Inc,107569,6509,6.67M,403.3K,+6.4%,<.01%
038923108,ABR,Arbor Realty Trust Inc,1016860,26376,15.54M,403.04K,+2.7%,0.02%
67079X102,NDMO,Nuveen Dynamic Municipal Opportunities,295448,36330,3.23M,397.43K,+14%,<.01%
12503M108,CBOE,Cboe Global Markets Inc,18421,1827,3.93M,390.18K,+11%,<.01%
042068205,ARM,ARM Holdings PLC,2714,2714,387K,387K,NEW,<.01%
G66721104,NCLH,Norwegian Cruise Line Holdings Ltd,252845,16439,5.92M,384.7K,+7%,<.01%
80013R206,SAND,Sandstorm Gold Ltd,26685618,59144,170.79M,378.52K,+0.2%,0.21%
302130109,EXPD,Expeditors International of Washington,33192,3092,3.97M,369.45K,+10.3%,<.01%
12008R107,BLDR,Builders FirstSource Inc,20676,2050,3.71M,367.45K,+11%,<.01%
637417106,NNN,National Retail Properties Inc,67199,7510,3.25M,363.1K,+12.6%,<.01%
398182303,AHR,American Healthcare REIT Inc,14148,14148,363K,363K,NEW,<.01%
773122106,RKLB,Rocket Lab USA Inc,131076,32618,1.43M,355.85K,+33.1%,<.01%
142339100,CSL,Carlisle Cos Inc,7737,768,3.55M,352.38K,+11%,<.01%
008492100,ADC,Agree Realty Corp,42059,4589,3.23M,351.88K,+12.2%,<.01%
303075105,FDS,Factset Research Systems Inc,7956,752,3.69M,348.78K,+10.4%,<.01%
444859102,HUM,HUMANA INC,1339,1339,346K,346K,NEW,<.01%
426281101,JKHY,Jack Henry & Associates Inc,48919,1857,9.02M,342.48K,+3.9%,0.01%
85254J102,STAG,STAG Industrial Inc,82099,8990,3.12M,341.97K,+12.3%,<.01%
185899101,CLF,Cleveland-Cliffs Inc,313869,26020,4.08M,338.24K,+9%,<.01%
462222100,IONS,Ionis Pharmaceuticals Inc,59006,8742,2.27M,335.87K,+17.4%,<.01%
68162K106,ZEUS,Olympic Steel Inc,21300,9187,778K,335.56K,+75.8%,<.01%
64440N103,NFGC,New Found Gold Corp,5469511,132063,13.76M,332.17K,+2.5%,0.02%
225655109,CCAP,Crescent Capital BDC Inc,44556,18035,819K,331.51K,+68%,<.01%
7591EP100,RF,Regions Financial Corp,37721,13999,891K,330.67K,+59%,<.01%
60855R100,MOH,Molina Healthcare Inc,13074,1201,3.6M,330.24K,+10.1%,<.01%
071734107,BHC,Bausch Health Cos Inc,343268,40797,2.77M,329.21K,+13.5%,<.01%
876030107,TPR,Tapestry Inc,111184,7493,4.84M,326.25K,+7.2%,<.01%
030420103,AWK,American Water Works Co Inc,54021,2269,7.68M,322.45K,+4.4%,<.01%
237194105,DRI,Darden Restaurants Inc,19875,1970,3.23M,319.86K,+11%,<.01%
695156109,PKG,Packaging Corp of America,14039,1392,3.21M,318.28K,+11%,<.01%
775711104,ROL,Rollins Inc,64403,6386,3.2M,317.7K,+11%,<.01%
043436104,ABG,Asbury Automotive Group Inc,22617,1382,5.2M,317.56K,+6.5%,<.01%
453204109,PI,Impinj Inc,1413,1413,314K,314K,NEW,<.01%
32054K103,FR,First Industrial Realty Trust Inc,52170,5668,2.88M,313.01K,+12.2%,<.01%
833034101,SNA,Snap-On Inc,9617,953,3.13M,309.97K,+11%,<.01%
14040H105,COF,Capital One Financial Corp,40114,1998,6.19M,308.16K,+5.2%,<.01%
929042109,VNO,Vornado Realty Trust,77794,7144,3.33M,306.26K,+10.1%,<.01%
871829107,SYY,Sysco Corp,155272,4088,11.59M,305.09K,+2.7%,0.01%
942622200,WSO,watsco inc,6570,652,3.06M,304.07K,+11%,<.01%
73278L105,POOL,Pool Corp,9029,858,3.17M,300.86K,+10.5%,<.01%
H2906T109,GRMN,Garmin Ltd,28241,1814,4.56M,293.09K,+6.9%,<.01%
03743Q108,APA,APA Corp,76641,11964,1.88M,293.01K,+18.5%,<.01%
10950A205,BTSGU,BrightSpring Health Services Inc,323854,4947,19.06M,291.13K,+1.6%,0.02%
209115104,ED,Consolidated Edison Inc,95927,2681,10.3M,287.95K,+2.9%,0.01%
G97822103,PRGO,Perrigo Co PLC,117661,11165,2.99M,283.44K,+10.5%,<.01%
M3760D101,ESLT,Elbit Systems Ltd,11133,1358,2.31M,282.26K,+13.9%,<.01%
460690100,IPG,Interpublic Group of Cos Inc/The,153332,9393,4.61M,282.16K,+6.5%,<.01%
134429109,CPB,Campbell Soup Co,8715932,5983,409.3M,280.96K,+0.1%,0.51%
29273V100,ET,Energy Transfer LP,156016,17080,2.56M,279.82K,+12.3%,<.01%
G8267P108,SW,Smurfit WestRock PLC,5974,5974,279K,279K,NEW,<.01%
384109104,GGG,Graco Inc,33862,3358,2.81M,278.36K,+11%,<.01%
053611109,AVY,Avery Dennison Corp,13219,1310,2.75M,272.03K,+11%,<.01%
46131B704,IVR,Invesco Mortgage Capital Inc,491433,32359,4.11M,270.83K,+7%,<.01%
G7S00T104,PNR,Pentair PLC,27726,2750,2.72M,269.49K,+11%,<.01%
93627C101,HCC,Warrior Met Coal Inc,124359,4574,7.31M,268.98K,+3.8%,<.01%
233331107,DTE,DTE Energy Co,2062,2062,268K,268K,NEW,<.01%
293792107,EPD,Enterprise Products Partners LP,84939,9209,2.46M,266.82K,+12.2%,<.01%
761152107,RMD,ResMed Inc,39334,1121,9.34M,266.13K,+2.9%,0.01%
372460105,GPC,Genuine Parts Co,23057,2286,2.68M,265.71K,+11%,<.01%
46269C102,IRDM,Iridium Communications Inc,56182,8662,1.67M,257.94K,+18.2%,<.01%
146280508,SILA,Sila Realty Trust Inc,9866,9866,256K,256K,NEW,<.01%
16115Q407,GTLSPB,Chart Industries Inc,325880,5114,16.16M,253.55K,+1.6%,0.02%
V5633W109,MMYT,MakeMyTrip Ltd,16677,2514,1.65M,249.18K,+17.8%,<.01%
42226K105,HR,Healthcare Realty Trust Inc,166676,13592,3.04M,247.9K,+8.9%,<.01%
29530P102,ERIE,Erie Indemnity Co,5384,533,2.5M,247.2K,+11%,<.01%
44107P104,HST,HOST HOTELS & RESORTS INC,135457,14088,2.35M,244.82K,+11.6%,<.01%
55336V100,MPLX,MPLX LP,57809,5569,2.54M,244.21K,+10.7%,<.01%
617446448,MS,Morgan Stanley,2066,2066,244K,244K,NEW,<.01%
50202M102,LI,Li Auto Inc,219995,9008,5.96M,243.84K,+4.3%,<.01%
315616102,FFIV,F5 Inc,25812,1127,5.56M,242.76K,+4.6%,<.01%
445658107,JBHT,JB Hunt Transport Services Inc,13416,1330,2.35M,233.36K,+11%,<.01%
72200W106,PML,PIMCO Municipal Income Fund II,315741,25956,2.83M,233.06K,+9%,<.01%
049560105,ATO,Atmos Energy Corp,41661,1614,5.96M,230.98K,+4%,<.01%
25809K105,DASH,DoorDash Inc,38589,1509,5.82M,227.74K,+4.1%,<.01%
253393102,DKS,Dick's Sporting Goods Inc,11928,1105,2.45M,227.34K,+10.2%,<.01%
071813109,BAX,Baxter International Inc,61878,6168,2.26M,224.98K,+11.1%,<.01%
205887102,CAG,Conagra Brands Inc,22669,7500,668K,221.01K,+49.4%,<.01%
78440X887,SLG,SL Green Realty Corp,30788,2899,2.33M,219.11K,+10.4%,<.01%
29355A107,ENPH,Enphase Energy Inc,87532,2789,6.87M,218.83K,+3.3%,<.01%
681919106,OMC,Omnicom Group Inc,89763,2140,9.04M,215.54K,+2.4%,0.01%
903002103,UMH,UMH Properties Inc,11140,11140,214K,214K,NEW,<.01%
655663102,NDSN,Nordson Corp,8575,851,2.14M,212.68K,+11%,<.01%
036752103,ELV,Elevance Health Inc,12782,507,5.31M,210.66K,+4.1%,<.01%
550241103,LUMN,Lumen Technologies Inc,33913,33913,208K,208K,NEW,<.01%
89151E109,TTE,TotalEnergies SE,33828,3159,2.19M,204.04K,+10.3%,<.01%
74965L200,RLJPA,RLJ Lodging Trust,521246,7965,13.31M,203.43K,+1.6%,0.02%
099724106,BWA,BorgWarner Inc,74932,5953,2.56M,203.14K,+8.6%,<.01%
30069T101,EE,Excelerate Energy Inc,16197,8547,380K,200.52K,+111.7%,<.01%
65342K105,NEXT,NextDecade Corp,67798,36291,372K,199.12K,+115.2%,<.01%
15189T107,CNP,CenterPoint Energy Inc,175446,6597,5.22M,196.28K,+3.9%,<.01%
125896100,CMS,CMS Energy Corp,82429,2675,5.94M,192.86K,+3.4%,<.01%
08265T208,BSY,Bentley Systems Inc,33096,3890,1.63M,191.35K,+13.3%,<.01%
254709108,DFS,Discover Financial Services,45965,1318,6.67M,191.31K,+3%,<.01%
723484101,PNW,Pinnacle West Capital Corp,31440,2139,2.81M,191.04K,+7.3%,<.01%
826919102,SLAB,Silicon Laboratories Inc,1705,1705,189K,189K,NEW,<.01%
778296103,ROST,Ross Stores Inc,46853,1301,6.8M,188.96K,+2.9%,<.01%
831865209,AOS,A O Smith Corp,24552,2435,1.9M,188.24K,+11%,<.01%
665859104,NTRS,Northern Trust Corp,131481,1806,13.48M,185.13K,+1.4%,0.02%
29670G102,WTRG,Essential Utilities Inc,72211,4573,2.91M,184.22K,+6.8%,<.01%
29414B104,EPAM,EPAM Systems Inc,9540,946,1.84M,182.75K,+11%,<.01%
G037AX101,AMBA,Ambarella Inc,4563,3122,264K,180.63K,+216.7%,<.01%
252131107,DXCM,DexCom Inc,20191,2475,1.46M,179.33K,+14%,<.01%
92763W103,VIPS,Vipshop Holdings Ltd,54392,12587,769K,177.96K,+30.1%,<.01%
428291108,HXL,Hexcel Corp,8081,2780,507K,174.42K,+52.4%,<.01%
03990B101,ARES,Ares Management Corp,7924,1042,1.33M,174.37K,+15.1%,<.01%
988498101,YUM,Yum! Brands Inc,83975,1290,11.26M,172.9K,+1.6%,0.01%
70432V102,PAYC,Paycom Software Inc,10452,1037,1.72M,170.45K,+11%,<.01%
14149Y108,CAH,Cardinal Health Inc,31996,1507,3.58M,168.66K,+4.9%,<.01%
736508847,POR,Portland General Electric Co,83615,3438,4.1M,168.46K,+4.3%,<.01%
75574U101,RC,Ready Capital Corp,1366040,23970,9.51M,166.84K,+1.8%,0.01%
419870100,HE,Hawaiian Electric Industries Inc,45536,17055,443K,165.92K,+59.9%,<.01%
703395103,PDCO,Patterson Cos Inc,72717,7585,1.54M,160.84K,+11.6%,<.01%
90384S303,ULTA,Ulta Beauty Inc,18829,431,6.91M,158.19K,+2.3%,<.01%
025932104,AFG,American Financial Group Inc/OH,11939,1183,1.58M,156.16K,+11%,<.01%
848560306,SPIR,Spire Global Inc,17196,17196,155K,155K,NEW,<.01%
01749D105,ALGM,Allegro MicroSystems Inc,7376,7376,153K,153K,NEW,<.01%
504922105,LH,Labcorp Holdings Inc,13868,694,3.05M,152.63K,+5.3%,<.01%
82706C108,SIMO,Silicon Motion Technology Corp,2715,2715,151K,151K,NEW,<.01%
V7780T103,RCL,Royal Caribbean Cruises Ltd,2283,740,459K,148.78K,+48%,<.01%
857477103,STT,State Street Corp,86131,1543,7.87M,141.06K,+1.8%,<.01%
143658300,CCL,Carnival Corp,303352,6672,6.37M,140.1K,+2.2%,<.01%
82981J851,SITC,SITE Centers Corp,8163,8163,138K,138K,NEW,<.01%
670837103,OGE,OGE Energy Corp,57958,3353,2.38M,137.57K,+6.1%,<.01%
38071H106,GROY,Gold Royalty Corp,6753002,90323,10.06M,134.58K,+1.4%,0.01%
88557W101,QFIN,360 DigiTech Inc,16636,3953,563K,133.78K,+31.2%,<.01%
87157D109,SYNA,SYNAPTICS INC,1848,1848,132K,132K,NEW,<.01%
49338L103,KEYS,Keysight Technologies Inc,1379580,857,211.56M,131.42K,+0.1%,0.26%
58463J304,MPT,Medical Properties Trust Inc,251959,27597,1.19M,130.23K,+12.3%,<.01%
83417M104,SEDG,SolarEdge Technologies Inc,78635,8490,1.18M,126.86K,+12.1%,<.01%
264147109,DCO,Ducommun Inc,6616,2038,411K,126.6K,+44.5%,<.01%
816850101,SMTC,Semtech Corp,2801,2801,125K,125K,NEW,<.01%
82982T106,SITM,SiTime Corp,682,682,123K,123K,NEW,<.01%
378973408,GSAT,Globalstar Inc,452267,115359,479K,122.18K,+34.2%,<.01%
09247D105,BKN,BlackRock Investment Quality Municipal,98854,9221,1.26M,117.53K,+10.3%,<.01%
78377T107,RHP,Ryman Hospitality Properties Inc,10080,1107,1.07M,117.07K,+12.3%,<.01%
14174T107,CTRE,CareTrust REIT Inc,24516,3777,756K,116.47K,+18.2%,<.01%
84857L101,SR,Spire Inc,15617,1760,1.03M,115.85K,+12.7%,<.01%
98422D105,XPEV,XPeng Inc,222337,10148,2.48M,113.24K,+4.8%,<.01%
29670E107,EPRT,Essential Properties Realty Trust Inc,30152,3309,1.02M,112.16K,+12.3%,<.01%
72703X106,PL,Planet Labs PBC,151158,47390,345K,108.16K,+45.7%,<.01%
49803T300,KRG,Kite Realty Group Trust,37319,4096,974K,106.9K,+12.3%,<.01%
37045V100,GM,General Motors Co,35384,2015,1.87M,106.66K,+6%,<.01%
H1467J104,CB,Chubb Ltd,13010,359,3.84M,105.91K,+2.8%,<.01%
92338C103,VLTO,Veralto Corp,82906,951,9.2M,105.5K,+1.2%,0.01%
72200R107,PMF,PIMCO Municipal Income Fund,125388,10721,1.22M,104.23K,+9.3%,<.01%
09253X102,MUI,BlackRock Municipal Income Fund Inc,421867,8266,5.24M,102.75K,+2%,<.01%
62914V106,NIO,NIO Inc,482918,19774,2.51M,102.61K,+4.3%,<.01%
42824C109,HPE,Hewlett Packard Enterprise Co,91780,5228,1.77M,100.94K,+6%,<.01%
49427F108,KRC,Kilroy Realty Corp,23178,2428,961K,100.67K,+11.7%,<.01%
451107106,IDA,IDACORP Inc,14494,954,1.52M,100.18K,+7%,<.01%
879360105,TDY,Teledyne Technologies Inc,1402,211,660K,99.33K,+17.7%,<.01%
11275Q107,BIPC.TO,Brookfield Infrastructure Corp,32983,2244,1.44M,97.7K,+7.3%,<.01%
48251W104,KKR,KKR & Co Inc,17166,704,2.38M,97.52K,+4.3%,<.01%
09262G108,BMN,BlackRock 2037 Municipal Target Term Tr,35136,3858,880K,96.63K,+12.3%,<.01%
38046C109,GOGO,Gogo Inc,43439,13283,311K,95.1K,+44%,<.01%
81762P102,NOW,ServiceNow Inc,12255,99,11.12M,89.86K,+0.8%,0.01%
98311A105,WH,Wyndham Hotels & Resorts Inc,63732,1100,5.19M,89.56K,+1.8%,<.01%
69370C100,PTC,PTC Inc,2152,477,395K,87.55K,+28.5%,<.01%
222795502,CUZ,Cousins Properties Inc,29043,2800,908K,87.54K,+10.7%,<.01%
05351W103,AGR,Avangrid Inc,20727,2422,742K,86.7K,+13.2%,<.01%
71844V201,PECO,Phillips Edison & Co Inc,21102,2316,781K,85.72K,+12.3%,<.01%
45378A106,IRT,Independence Realty Trust Inc,38839,4263,773K,84.85K,+12.3%,<.01%
125523100,CI,Cigna Group/The,15137,265,4.81M,84.16K,+1.8%,<.01%
78573L106,SBRA,Sabra Health Care REIT Inc,39772,4366,755K,82.88K,+12.3%,<.01%
088606108,BHP,BHP Group Ltd,93874,1464,5.23M,81.59K,+1.6%,<.01%
26875P101,EOG,EOG Resources Inc,38231,654,4.77M,81.56K,+1.7%,<.01%
075887109,BDX,Becton Dickinson & Co,14288,339,3.44M,81.55K,+2.4%,<.01%
296006109,ERO,ERO Copper Corp,136990,4097,2.67M,79.79K,+3.1%,<.01%
092113109,BKH,Black Hills Corp,18855,1282,1.15M,78.26K,+7.3%,<.01%
68235P108,OGS,ONE Gas Inc,15482,1053,1.14M,77.67K,+7.3%,<.01%
92552V100,VSAT,Viasat Inc,28711,7477,295K,76.82K,+35.2%,<.01%
40434L105,HPQ,HP Inc,37550,2139,1.35M,76.67K,+6%,<.01%
05577W200,DOO,BRP Inc,9520,1490,487K,76.22K,+18.6%,<.01%
M2682V108,CYBR,CyberArk Software Ltd,16835,261,4.86M,75.41K,+1.6%,<.01%
69349H107,TXNM,PNM Resources Inc,24748,1684,1.1M,75.12K,+7.3%,<.01%
554382101,MAC,Macerich Co/The,37235,4086,681K,74.73K,+12.3%,<.01%
38149E101,GLDG,GoldMining Inc,9153369,74318,8.97M,72.81K,+0.8%,0.01%
22160N109,CSGP,CoStar Group Inc,72346,993,5.27M,72.31K,+1.4%,<.01%
12504L109,CBRE,CBRE Group Inc,8479,587,1.04M,72.28K,+7.4%,<.01%
26817Q886,DX,Dynex Capital Inc,724876,5725,9.13M,72.08K,+0.8%,0.01%
03662Q105,ANSS,ANSYS Inc,1012,223,326K,71.84K,+28.3%,<.01%
45781V101,IIPR,Innovative Industrial Properties Inc,4843,531,641K,70.28K,+12.3%,<.01%
018522300,ALE,ALLETE Inc,15963,1086,1.03M,69.8K,+7.3%,<.01%
875465106,SKT,Tanger Inc,18297,2008,624K,68.48K,+12.3%,<.01%
431284108,HIW,Highwoods Properties Inc,19856,1914,710K,68.44K,+10.7%,<.01%
22002T108,CDP,COPT Defense Properties,22085,2104,707K,67.35K,+10.5%,<.01%
26884U109,EPR,EPR Properties,12937,1420,611K,67.07K,+12.3%,<.01%
M51474118,GILT,Gilat Satellite Networks Ltd,35984,13625,175K,66.26K,+60.9%,<.01%
11135E203,BNL,Broadstone Net Lease Inc,32419,3558,591K,64.86K,+12.3%,<.01%
05278C107,ATHM,Autohome Inc,9310,2212,271K,64.39K,+31.2%,<.01%
668074305,NWE,Northwestern Energy Group Inc,17540,1155,970K,63.87K,+7%,<.01%
03784Y200,APLE,Apple Hospitality REIT Inc,39179,4300,576K,63.22K,+12.3%,<.01%
55277P104,MGEE,MGE Energy Inc,10020,682,916K,62.35K,+7.3%,<.01%
87971M103,TU,TELUS Corp,288058,3839,4.66M,62.13K,+1.4%,<.01%
92343E102,VRSN,VERISIGN INC,23150,327,4.3M,60.74K,+1.4%,<.01%
98419M100,XYL,Xylem Inc/NY,6700,458,883K,60.36K,+7.3%,<.01%
63633D104,NHI,National Health Investors Inc,7192,788,550K,60.26K,+12.3%,<.01%
15234Q207,AXIAY,Centrais Eletricas Brasileiras SA,503475,8975,3.36M,59.86K,+1.8%,<.01%
18539C204,CWEN,Clearway Energy Inc,64852,2213,1.75M,59.72K,+3.5%,<.01%
91704F104,UE,Urban Edge Properties,21031,2701,462K,59.33K,+14.7%,<.01%
653656108,NICE,Nice Ltd,21766,337,3.82M,59.14K,+1.6%,<.01%
880345103,TNC,Tennant Co,31978,652,2.9M,59.09K,+2.1%,<.01%
029899101,AWR,American States Water Co,10246,697,865K,58.84K,+7.3%,<.01%
M7S64H106,MNDY,Monday.com Ltd,13244,205,3.74M,57.92K,+1.6%,<.01%
025816109,AXP,American Express Co,47545,212,12.9M,57.5K,+0.4%,0.02%
130788102,CWT,California Water Service Group,15909,1082,843K,57.33K,+7.3%,<.01%
05379B107,AVA,Avista Corp,21518,1464,828K,56.33K,+7.3%,<.01%
004239109,AKR,Acadia Realty Trust,17727,2268,431K,55.14K,+14.7%,<.01%
700517105,PK,Park Hotels & Resorts Inc,35957,3947,492K,54.01K,+12.3%,<.01%
529043101,LXP,LXP Industrial Trust,49952,5483,486K,53.35K,+12.3%,<.01%
48553T106,BZ,Kanzhun Ltd,3510,3510,52K,52K,NEW,<.01%
646025106,NJR,New Jersey Resources Corp,1111,1111,52K,52K,NEW,<.01%
98980L101,ZM,Zoom Video Communications Inc,41984,716,3.04M,51.93K,+1.7%,<.01%
25960P109,DEI,Douglas Emmett Inc,30917,2798,568K,51.4K,+10%,<.01%
35086T109,FCPT,Four Corners Property Trust Inc,15767,1730,462K,50.69K,+12.3%,<.01%
G02602103,DOX,Amdocs Ltd,36463,565,3.27M,50.65K,+1.6%,<.01%
538034109,LYV,Live Nation Entertainment Inc,50783,410,5.83M,47.04K,+0.8%,<.01%
70014A104,PKE,Park Aerospace Corp,11088,3146,160K,45.4K,+39.6%,<.01%
29275Y102,ENS,EnerSys,10582,457,1.05M,45.3K,+4.5%,<.01%
784305104,HTO,SJW Group,9043,755,530K,44.25K,+9.1%,<.01%
084670702,BRK.B,Berkshire Hathaway Inc,2079,94,957K,43.27K,+4.7%,<.01%
M98068105,WIX,Wix.com Ltd,16839,261,2.76M,42.84K,+1.6%,<.01%
M7516K103,NVMI,Nova Ltd,7604,226,1.39M,41.34K,+3.1%,<.01%
19239V302,CCOI,Cogent Communications Holdings Inc,10445,481,860K,39.6K,+4.8%,<.01%
204409601,CIG,Cia Energetica de Minas Gerais,507570,20784,964K,39.47K,+4.3%,<.01%
867892101,SHO,Sunstone Hotel Investors Inc,34956,3837,353K,38.75K,+12.3%,<.01%
683715106,OTEX,Open Text Corp,21476,1178,705K,38.67K,+5.8%,<.01%
46124J201,IVT,InvenTrust Properties Corp,11711,1285,345K,37.86K,+12.3%,<.01%
81730H109,S,SentinelOne Inc,96015,1489,2.43M,37.64K,+1.6%,<.01%
87165B103,SYF,Synchrony Financial,15482,676,852K,37.2K,+4.6%,<.01%
637870106,NSA,National Storage Affiliates Trust,11899,859,515K,37.18K,+7.8%,<.01%
76131N101,ROIC,Retail Opportunity Investments Corp,21302,2338,338K,37.1K,+12.3%,<.01%
24906P109,XRAY,DENTSPLY SIRONA Inc,1556,1556,37K,37K,NEW,<.01%
579780206,MKC,McCormick & Co Inc/MD,6964,465,553K,36.92K,+7.2%,<.01%
38141G104,GS,Goldman Sachs Group Inc/The,6157,71,3.18M,36.72K,+1.2%,<.01%
67000B104,NOVT,Novanta Inc,963,213,166K,36.72K,+28.4%,<.01%
20451Q104,CODI,Compass Diversified Holdings,9319,1748,195K,36.58K,+23.1%,<.01%
29109X106,AZPN,Aspen Technology Inc,698,155,162K,35.97K,+28.5%,<.01%
02081G201,ATEC,Alphatec Holdings Inc,19273,6998,99K,35.95K,+57%,<.01%
464287440,IEF,iShares 7-10 Year Treasury Bond ETF,366,366,35K,35K,NEW,<.01%
74767V109,QS,QuantumScape Corp,121835,6692,631K,34.66K,+5.8%,<.01%
252784301,DRH,DiamondRock Hospitality Co,36160,3969,315K,34.58K,+12.3%,<.01%
024013104,AAT,American Assets Trust Inc,9457,1232,260K,33.87K,+15%,<.01%
026874784,AIG,American International Group Inc,7645,435,592K,33.68K,+6%,<.01%
64119V303,NTST,NETSTREIT Corp,13363,2083,214K,33.36K,+18.5%,<.01%
L44385109,GLOB,Globant SA,398,153,86K,33.06K,+62.4%,<.01%
26614N102,DD,DuPont de Nemours Inc,63113,391,5.33M,33K,+0.6%,<.01%
200340107,CMA,Comerica Inc,48152,525,2.99M,32.56K,+1.1%,<.01%
559222401,MGA,Magna International Inc,12290,766,517K,32.22K,+6.6%,<.01%
021369103,ALTR,Altair Engineering Inc,1358,301,145K,32.14K,+28.5%,<.01%
885160101,THO,Thor Industries Inc,309,309,32K,32K,NEW,<.01%
379378201,GNL,Global Net Lease Inc,34507,3787,280K,30.73K,+12.3%,<.01%
277432100,EMN,Eastman Chemical Co,48790,287,5.22M,30.71K,+0.6%,<.01%
374297109,GTY,Getty Realty Corp,8502,933,274K,30.07K,+12.3%,<.01%
832696405,SJM,J M Smucker Co/The,4718,255,555K,30K,+5.7%,<.01%
292104106,ESRT,Empire State Realty Trust Inc,26453,2735,288K,29.78K,+11.5%,<.01%
344419106,FMX,Fomento Economico Mexicano SAB de CV,802,306,78K,29.76K,+61.7%,<.01%
058498106,BALL,Ball Corp,8577,449,562K,29.42K,+5.5%,<.01%
00217Y104,ATS,ATS Corp,4230,936,132K,29.21K,+28.4%,<.01%
502175102,LTC,LTC Properties Inc,7382,811,265K,29.11K,+12.3%,<.01%
939653101,ELME,Elme Communities,15125,1660,263K,28.86K,+12.3%,<.01%
66765N105,NWN,Northwest Natural Holding Co,10423,709,423K,28.77K,+7.3%,<.01%
934550203,WMG,Warner Music Group Corp,76508,900,2.43M,28.56K,+1.2%,<.01%
668771108,GEN,Gen Digital Inc,18712,1065,501K,28.51K,+6%,<.01%
984017103,XHR,Xenia Hotels & Resorts Inc,17522,1923,251K,27.55K,+12.3%,<.01%
70509V100,PEB,Pebblebrook Hotel Trust,20523,2253,247K,27.12K,+12.3%,<.01%
256677105,DG,Dollar General Corp,22353,333,1.81M,26.98K,+1.5%,<.01%
G7500M104,RNW,ReNew Energy Global PLC,12278,4513,72K,26.46K,+58.1%,<.01%
683344105,ONTO,Onto Innovation Inc,586,130,118K,26.18K,+28.5%,<.01%
74965L101,RLJ,RLJ Lodging Trust,26192,2874,236K,25.9K,+12.3%,<.01%
554489104,VRE,VERIS RESIDENTIAL INC,13492,1481,235K,25.8K,+12.3%,<.01%
720190206,PDM,Piedmont Office Realty Trust Inc,24612,2390,263K,25.54K,+10.8%,<.01%
014491104,ALEX,Alexander & Baldwin Inc,12510,1374,229K,25.15K,+12.3%,<.01%
256135203,RDY,Dr Reddy's Laboratories Ltd,823,322,64K,25.04K,+64.3%,<.01%
15202L107,CSR,Centerspace,2626,347,186K,24.58K,+15.2%,<.01%
489398107,KW,Kennedy-Wilson Holdings Inc,19542,2145,215K,23.6K,+12.3%,<.01%
27616P103,DEA,Easterly Government Properties Inc,19066,1696,265K,23.57K,+9.8%,<.01%
48203R104,JNPR,Juniper Networks Inc,10447,595,409K,23.29K,+6%,<.01%
03748R747,AIV,Apartment Investment and Management Co,24446,2683,211K,23.16K,+12.3%,<.01%
M87915274,TSEM,Tower Semiconductor Ltd,33680,522,1.48M,23K,+1.6%,<.01%
78646V107,SAFE,iStar Inc,8900,977,208K,22.83K,+12.3%,<.01%
87151X101,SYM,Symbotic Inc,3497,774,99K,21.91K,+28.4%,<.01%
464287432,TLT,ISHARES TR,216,216,20K,20K,NEW,<.01%
90138F102,TWLO,Twilio Inc,4949,282,349K,19.89K,+6%,<.01%
65345N106,NN,NextNav Inc,21412,1948,218K,19.83K,+10%,<.01%
M5216V106,GLBE,Global-e Online Ltd,32828,508,1.24M,19.11K,+1.6%,<.01%
65341D102,NXRT,NexPoint Residential Trust Inc,3901,428,173K,18.98K,+12.3%,<.01%
501889208,LKQ,LKQ Corp,7372,485,279K,18.36K,+7%,<.01%
443628102,HBM,HudBay Minerals Inc,451628,1960,4.21M,18.28K,+0.4%,<.01%
46090E103,QQQ,Powershares QQQ Trust Series 1,36,36,18K,18K,NEW,<.01%
958102105,WDC,Western Digital Corp,4696,267,313K,17.8K,+6%,<.01%
16119P108,CHTR,Charter Communications Inc,931,53,309K,17.59K,+6%,<.01%
98980A105,ZTO,ZTO Express Cayman Inc,1825,690,46K,17.39K,+60.8%,<.01%
464287457,SHY,iShares 1-3 Year Treasury Bond ETF,203,203,17K,17K,NEW,<.01%
23703Q203,DQ,Daqo New Energy Corp,18657,764,415K,16.99K,+4.3%,<.01%
M6191J100,FROG,JFrog Ltd,37229,577,1.09M,16.94K,+1.6%,<.01%
69924R108,PGRE,Paramount Group Inc,36906,3187,190K,16.41K,+9.5%,<.01%
105368203,BDN,Brandywine Realty Trust,32987,2986,179K,16.2K,+10%,<.01%
81369Y100,XLB,Materials Select Sector SPDR Fund,83670,168,8.01M,16.08K,+0.2%,0.01%
465562106,ITUB,Itau Unibanco Holding SA,6071,2469,38K,15.45K,+68.5%,<.01%
400506101,PAC,Grupo Aeroportuario del Pacifico SAB de,220,89,38K,15.37K,+67.9%,<.01%
34964C106,FBIN,Fortune Brands Innovations Inc,37540,173,3.25M,15K,+0.5%,<.01%
174610105,CFG,Citizens Financial Group Inc,6330,361,262K,14.94K,+6%,<.01%
48020Q107,JLL,Jones Lang LaSalle Inc,11390,54,2.97M,14.09K,+0.5%,<.01%
04208T108,AHRT,Armada Hoffler Properties Inc,11403,1251,126K,13.82K,+12.3%,<.01%
M9T951109,ZIM,ZIM Integrated Shipping Services Ltd,38079,591,856K,13.29K,+1.6%,<.01%
247361702,DAL,Delta Air Lines Inc,4198,239,229K,13.04K,+6%,<.01%
27829U105,ETX,Eaton Vance Municipal Income 2028 Term,46630,700,867K,13.02K,+1.5%,<.01%
46137V357,RSP,Invesco S&P 500 Equal Weight ETF,74,74,13K,13K,NEW,<.01%
464287598,IWD,iShares Russell 1000 Value ETF,69,69,13K,13K,NEW,<.01%
46590V100,JBGS,JBG SMITH Properties,15588,702,282K,12.7K,+4.7%,<.01%
68989M202,OUST,Ouster Inc,7264,1608,57K,12.62K,+28.4%,<.01%
294628102,EQC,Equity Commonwealth,3103,632,61K,12.42K,+25.6%,<.01%
92189F601,NLR,VanEck Uranium and Nuclear Energy ETF,20930,134,1.94M,12.4K,+0.6%,<.01%
22266T109,CPNG,Coupang Inc,1251,484,32K,12.38K,+63.1%,<.01%
82489W107,SHLS,Shoals Technologies Group Inc,131808,2517,644K,12.3K,+1.9%,<.01%
86771W105,RUN,Sunrun Inc,50105,886,694K,12.27K,+1.8%,<.01%
866082100,INN,Summit Hotel Properties Inc,18037,1980,111K,12.18K,+12.3%,<.01%
518613203,LAUR,Laureate Education Inc,2259,763,36K,12.16K,+51%,<.01%
G9451V109,VINP,Vinci Partners Investments Ltd,12717,1208,127K,12.06K,+10.5%,<.01%
852312305,STAA,STAAR Surgical Co,3478,393,105K,11.86K,+12.7%,<.01%
M20791105,CAMT,Camtek Ltd/Israel,9561,148,755K,11.69K,+1.6%,<.01%
81761L102,SVC,Service Properties Trust,28352,3112,102K,11.2K,+12.3%,<.01%
466313103,JBL,Jabil Inc,1589,90,195K,11.04K,+6%,<.01%
444097109,HPP,Hudson Pacific Properties Inc,26718,2399,123K,11.04K,+9.9%,<.01%
70451X104,PAYO,Payoneer Global Inc,84209,1306,710K,11.01K,+1.6%,<.01%
00971T101,AKAM,Akamai Technologies Inc,1836,105,189K,10.81K,+6.1%,<.01%
G3223R108,EG,Everest Group Ltd,421,24,162K,9.24K,+6%,<.01%
M5425M103,INMD,Inmode Ltd,31279,485,558K,8.65K,+1.6%,<.01%
37954Y673,PAVE,Global X US Infrastructure Development,103183,204,4.28M,8.47K,+0.2%,<.01%
922908629,VO,Vanguard Mid-Cap ETF,31,31,8K,8K,NEW,<.01%
921909768,VXUS,Vanguard Total International Stock ETF,122,122,8K,8K,NEW,<.01%
493267108,KEY,KeyCorp,8029,457,137K,7.8K,+6%,<.01%
29452E101,EQH,Equitable Holdings Inc,2834,161,129K,7.33K,+6%,<.01%
G7T16G103,SPNS,Sapiens International Corp NV,12591,195,461K,7.14K,+1.6%,<.01%
44332N106,HTHT,Huazhu Group Ltd,97389,184,3.74M,7.07K,+0.2%,<.01%
69047Q102,OVV,Ovintiv Inc,3114,178,123K,7.03K,+6.1%,<.01%
316092204,FDIS,Fidelity MSCI Consumer Discretionary In,83,83,7K,7K,NEW,<.01%
92189Y402,IBOT,VanEck Robotics ETF,465,158,20K,6.8K,+51.5%,<.01%
502431109,LHX,L3Harris Technologies Inc,1185,26,291K,6.38K,+2.2%,<.01%
G6674U108,NVCR,Novocure Ltd,24244,376,392K,6.08K,+1.6%,<.01%
464287184,FXI,iShares China Large-Cap ETF,178,178,6K,6K,NEW,<.01%
464288661,IEI,iShares 3-7 Year Treasury Bond ETF,48,48,6K,6K,NEW,<.01%
921946794,VYMI,Vanguard International High Dividend Yi,80,80,6K,6K,NEW,<.01%
39813G109,GDYN,Grid Dynamics Holdings Inc,872,351,13K,5.23K,+67.4%,<.01%
52567D107,LMND,Lemonade Inc,18054,280,336K,5.21K,+1.6%,<.01%
M6372Q113,KRNT,Kornit Digital Ltd,13880,215,328K,5.08K,+1.6%,<.01%
922908751,VB,Vanguard Small-Cap ETF,22,22,5K,5K,NEW,<.01%
M4R82T106,FVRR,Fiverr International Ltd,14406,223,323K,5K,+1.6%,<.01%
585464100,MLCO,Melco Resorts & Entertainment Ltd,37198,724,248K,4.83K,+2%,<.01%
21871X109,CRBG,Corebridge Financial Inc,2520,143,79K,4.48K,+6%,<.01%
92189F676,SMH,VanEck Semiconductor ETF,69,17,17K,4.19K,+32.7%,<.01%
M8744T106,TBLA,Taboola.com Ltd,72153,1118,264K,4.09K,+1.6%,<.01%
37611X209,DNA,Ginkgo Bioworks Holdings Inc,493,493,4K,4K,NEW,<.01%
M81873107,RDWR,RADWARE Ltd,9309,145,208K,3.24K,+1.6%,<.01%
314211103,FHI,Federated Hermes Inc,899,83,34K,3.14K,+10.2%,<.01%
60741F104,MBLY,Mobileye Global Inc,15677,243,197K,3.05K,+1.6%,<.01%
63008G203,NNDM,Nano Dimension Ltd,77398,1200,178K,2.76K,+1.6%,<.01%
M85548101,SSYS,Stratasys Ltd,19813,367,145K,2.69K,+1.9%,<.01%
92189F205,SLX,VanEck Steel ETF,21043,39,1.4M,2.6K,+0.2%,<.01%
72815L107,PLTK,Playtika Holding Corp,21382,332,163K,2.53K,+1.6%,<.01%
68375N103,OPK,Opko Health Inc,107381,1665,157K,2.43K,+1.6%,<.01%
157210105,CEVA,Ceva Inc,5645,88,135K,2.1K,+1.6%,<.01%
M78673114,PERI,Perion Network Ltd,16801,261,134K,2.08K,+1.6%,<.01%
46131J103,VKQ,Invesco Municipal Trust,403111,202,4.01M,2.01K,+0.1%,<.01%
M70700105,NNOX,Nano-X Imaging Ltd,22644,351,128K,1.98K,+1.6%,<.01%
46137V142,PHO,Invesco Water Resources ETF,12484,26,867K,1.81K,+0.2%,<.01%
92189H789,DGIN,Vaneck Digital India ETF,68,30,3K,1.32K,+78.9%,<.01%
92189F767,GLIN,VanEck India Growth Leaders ETF,55,23,3K,1.25K,+71.9%,<.01%
97717W315,DEM,WisdomTree Emerging Markets Equity Inc,29,29,1K,1K,NEW,<.01%
97717W851,DXJ,WisdomTree Japan Hedged Equity Fund,11,11,1K,1K,NEW,<.01%
64110Y108,NLOP,NET Lease Office Properties,416,30,13K,937.5,+7.8%,<.01%
92189F460,XMPT,VanEck CEF Muni Income ETF,773,23,17K,505.82,+3.1%,<.01%
92189H409,HYD,VanEck High Yield Muni ETF,599,4,31K,207.01,+0.7%,<.01%
92189F536,MLN,VanEck Long Muni ETF,1164,11,21K,198.45,+1%,<.01%
92189H201,ITM,VanEck Intermediate Muni ETF,660,4,30K,181.82,+0.6%,<.01%
844895102,SWX,Southwest Gas Holdings Inc,696,2,52K,149.43,+0.3%,<.01%
92189F387,SHYD,VanEck Short High Yield MuniETF,238,6,5K,126.05,+2.6%,<.01%
465741106,ITRI,Itron Inc,445,1,46K,103.37,+0.2%,<.01%
65341B106,XIFR,NextEra Energy Partners LP,908,3,19K,62.78,+0.3%,<.01%
71654V101,PBRA,Petroleo Brasileiro SA,34617,4,432K,49.92,+0%,<.01%
761624105,REX,REX American Resources Corp,170,1,8K,47.06,+0.6%,<.01%
644393100,NFE,New Fortress Energy Inc,1990,5,17K,42.71,+0.3%,<.01%
864482104,SPH,Suburban Propane Partners LP,622,2,12K,38.59,+0.3%,<.01%
02361E108,AMRC,Ameresco Inc,333,1,10K,30.03,+0.3%,<.01%
30052F100,EVGO,EVgo Inc,1031,3,8K,23.28,+0.3%,<.01%
61218C103,MNTK,Montauk Renewables Inc,1395,4,8K,22.94,+0.3%,<.01%
184499101,CLNE,Clean Energy Fuels Corp,2167,6,6K,16.61,+0.3%,<.01%
02217A102,AMPS,Altus Power Inc,1552,5,5K,16.11,+0.3%,<.01%
86745K104,NOVAQ,Sunnova Energy International Inc,1203,3,6K,14.96,+0.2%,<.01%
15961R105,CHPT,ChargePoint Holdings Inc,4128,12,5K,14.53,+0.3%,<.01%
35952H601,FCEL,FuelCell Energy Inc,4825,14,2K,5.8,+0.3%,<.01%
78397Q109,SES,SES AI Corp,3039,8,2K,5.26,+0.3%,<.01%
98149E303,GLDM,SPDR Gold MiniShares Trust,659993,0,35.52M,0,NO CHANGE,0.04%
92189H854,MBBB,Vaneck Moody's Analytics BBB Corporate,327000,0,7.03M,0,NO CHANGE,<.01%
92189H821,DAPP,VanEck Digital Transformation ETF,375000,0,5M,0,NO CHANGE,<.01%
92189H607,OIH,VanEck Oil Services ETF,15830,0,4.37M,0,NO CHANGE,<.01%
92189H813,SMI,VanEck HIP Sustainable Muni ETF,50000,0,2.31M,0,NO CHANGE,<.01%
92189Y501,CMCI,Vaneck Cmci Commodity Strategy Etf,90000,0,2.28M,0,NO CHANGE,<.01%
36118L106,FUTU,Futu Holdings Ltd,18000,0,1.6M,0,NO CHANGE,<.01%
92189Y105,MOTE,Vaneck Morningstar ESG Moat ETF,50000,0,1.45M,0,NO CHANGE,<.01%
91531W106,TIGR,Up Fintech Holding Ltd,74181,0,449K,0,NO CHANGE,<.01%
464285204,IAU,iShares Gold Trust,6254,0,321K,0,NO CHANGE,<.01%
92204A702,VGT,Vanguard Information Technology ETF,22,0,13K,0,NO CHANGE,<.01%
37954Y632,AIQ,Global X Artificial Intelligence & Tech,329,0,12K,0,NO CHANGE,<.01%
26922A420,QTUM,Defiance Quantum ETF,129,0,8K,0,NO CHANGE,<.01%
92189F114,ESPO,VanEck Video Gaming and eSports ETF,84,0,6K,0,NO CHANGE,<.01%
464287721,IYW,iShares US Technology ETF,32,0,5K,0,NO CHANGE,<.01%
80880W106,SCLX,Scilex Holding Co,1610,0,1K,0,NO CHANGE,<.01%
92189F692,PPH,VanEck Pharmaceutical ETF,24,-1,2K,-83.33,-4%,<.01%
92189F726,BBH,VanEck Biotech ETF,13,-1,2K,-153.85,-7.1%,<.01%
24665A103,DK,Delek US Holdings Inc,11977,-58,199K,-963.68,-0.5%,<.01%
92189F643,MOAT,VanEck Morningstar Wide Moat ETF,127,-12,12K,-1.13K,-8.6%,<.01%
92189F502,SMOG,VanEck Low Carbon Energy ETF,0,-21,0,-2K,CLOSE,0%
81369Y803,XLK,Technology Select Sector SPDR Fund,44,-9,10K,-2.05K,-17%,<.01%
92189F841,HAP,VanEck Natural Resources ETF,64,-44,3K,-2.06K,-40.7%,<.01%
00857U107,AGL,agilon health Inc,1015,-717,3K,-2.12K,-41.4%,<.01%
26874R108,E,ENI SpA,19177,-74,585K,-2.26K,-0.4%,<.01%
922042858,VWO,Vanguard FTSE Emerging Markets ETF,86,-55,4K,-2.56K,-39%,<.01%
278768106,ECHO,EchoStar Corp,32500,-109,816K,-2.74K,-0.3%,<.01%
922908553,VNQ,Vanguard Real Estate ETF,0,-36,0,-3K,CLOSE,0%
N2451R105,CVAC,CureVac NV,2413,-1047,7K,-3.04K,-30.3%,<.01%
552953101,MGM,MGM Resorts International,41182,-94,1.63M,-3.73K,-0.2%,<.01%
07373V105,BEAM,Beam Therapeutics Inc,850,-190,19K,-4.25K,-18.3%,<.01%
525558201,LMAT,LeMaitre Vascular Inc,861,-51,75K,-4.44K,-5.6%,<.01%
609207105,MDLZ,Mondelez International Inc,128242,-65,9.05M,-4.59K,-0.1%,0.01%
867652406,,SunPower Corp,0,-1698,0,-5K,CLOSE,0%
M6158M104,ITRN,Ituran Location and Control Ltd,3479,-206,94K,-5.57K,-5.6%,<.01%
71944F106,PHR,Phreesia Inc,829,-335,15K,-6.06K,-28.8%,<.01%
09250B103,BTA,Blackrock Long-Term Municipal Advantage,67039,-693,690K,-7.13K,-1%,<.01%
90184D100,TWST,Twist Bioscience Corp,473,-187,19K,-7.51K,-28.3%,<.01%
78349D107,RXST,RxSight Inc,2225,-158,108K,-7.67K,-6.6%,<.01%
67421J108,,Oatly Group AB,35302,-10099,28K,-8.01K,-22.2%,<.01%
87918A105,TDOC,Teladoc Health Inc,2802,-1015,24K,-8.69K,-26.6%,<.01%
37611X100,DNA.MX,Ginkgo Bioworks Holdings Inc,0,-25506,0,-9K,CLOSE,0%
56600D107,MRVI,Maravai LifeSciences Holdings Inc,1587,-1266,12K,-9.57K,-44.4%,<.01%
62913M107,NGL,NGL Energy Partners LP,22246,-2319,93K,-9.69K,-9.4%,<.01%
98850P109,YUMC,Yum China Holdings Inc,1290,-220,57K,-9.72K,-14.6%,<.01%
92189F593,MOTI,VanEck Morningstar International Moat E,0,-322,0,-10K,CLOSE,0%
654110303,NKLAQ,Nikola Corp,339775,-2557,1.35M,-10.15K,-0.7%,<.01%
875372203,TNDM,Tandem Diabetes Care Inc,3827,-324,123K,-10.41K,-7.8%,<.01%
64049M209,NEO,NeoGenomics Inc,1724,-782,23K,-10.43K,-31.2%,<.01%
46132C107,VMO,Invesco Municipal Opportunity Trust,486189,-1065,4.83M,-10.58K,-0.2%,<.01%
817070501,SENEA,Seneca Foods Corp,420,-175,26K,-10.83K,-29.4%,<.01%
88025U109,TXG,10X Genomics Inc,1384,-738,21K,-11.2K,-34.8%,<.01%
92189H748,CLOI,Vaneck CLO ETF,238,-215,13K,-11.74K,-47.5%,<.01%
G98196101,WNS,WNS Holdings Ltd,4934,-248,236K,-11.86K,-4.8%,<.01%
45826J105,NTLA,Intellia Therapeutics Inc,1594,-594,32K,-11.92K,-27.1%,<.01%
001084102,AGCO,AGCO Corp,169976,-120,16.93M,-11.95K,-0.1%,0.02%
405217100,HAIN,Hain Celestial Group Inc/The,7251,-1472,61K,-12.38K,-16.9%,<.01%
67062F100,NXP,Nuveen Select Tax-Free Income Portfolio,202563,-831,3.03M,-12.41K,-0.4%,<.01%
03152W109,FOLD,Amicus Therapeutics Inc,3457,-1107,39K,-12.49K,-24.3%,<.01%
92189F486,FLTR,VanEck IG Floating Rate ETF,489,-553,12K,-13.57K,-53.1%,<.01%
36315X101,LKFT,Galapagos NV,753,-456,23K,-13.93K,-37.7%,<.01%
08862E109,BYND,Beyond Meat Inc,6218,-2292,38K,-14.01K,-26.9%,<.01%
G9470A102,VTEX,VTEX,23187,-2161,153K,-14.26K,-8.5%,<.01%
980228308,WDS,Woodside Energy Group Ltd,25018,-927,402K,-14.9K,-3.6%,<.01%
30050B101,EVH,Evolent Health Inc,1356,-677,30K,-14.98K,-33.3%,<.01%
128246105,CVGW,Calavo Growers Inc,1503,-559,41K,-15.25K,-27.1%,<.01%
68213N109,OMCL,Omnicell Inc,670,-379,27K,-15.27K,-36.1%,<.01%
92189H730,SMOT,Vaneck Morningstar SMID Moat ETF,87,-461,3K,-15.9K,-84.1%,<.01%
450056106,IRTC,iRhythm Technologies Inc,392,-216,29K,-15.98K,-35.5%,<.01%
114340102,AZTA,Azenta Inc,636,-412,26K,-16.84K,-39.3%,<.01%
233368109,KTF,DWS Municipal Income Trust,225449,-1733,2.22M,-17.05K,-0.8%,<.01%
63888U108,NGVC,Natural Grocers by Vitamin Cottage Inc,1726,-642,46K,-17.11K,-27.1%,<.01%
29415F104,NVST,Envista Holdings Corp,6872,-924,131K,-17.61K,-11.9%,<.01%
532746104,LMNR,Limoneira Co,1454,-663,39K,-17.78K,-31.3%,<.01%
92189F700,MOO,VanEck Agribusiness ETF,11173,-247,806K,-17.82K,-2.2%,<.01%
39986L109,GRWG,GrowGeneration Corp,0,-8996,0,-18K,CLOSE,0%
40131M109,GH,Guardant Health Inc,1958,-897,40K,-18.32K,-31.4%,<.01%
803866300,SSL,Sasol Ltd,33802,-3172,199K,-18.67K,-8.6%,<.01%
29446M102,EQNR,Equinor ASA,15801,-774,383K,-18.76K,-4.7%,<.01%
81369Y506,XLE,Energy Select Sector SPDR Fund,106363,-211,9.55M,-18.95K,-0.2%,0.01%
8676EP108,STKL,SunOpta Inc,10973,-3390,63K,-19.46K,-23.6%,<.01%
74051N102,PINC,Premier Inc,1595,-1003,32K,-20.12K,-38.6%,<.01%
24664T103,DKL,Delek Logistics Partners LP,2780,-549,108K,-21.33K,-16.5%,<.01%
464288562,REZ,iShares Residential and Multisector Rea,64232,-246,5.65M,-21.65K,-0.4%,<.01%
77634L105,,R1 RCM Inc,3596,-1544,51K,-21.9K,-30%,<.01%
89377M109,TMDX,TransMedics Group Inc,987,-192,117K,-22.76K,-16.3%,<.01%
33741X102,SDVY,First Trust SMID Cap Rising Dividend Ac,39,-924,1K,-23.69K,-96%,<.01%
01864U106,AFB,AllianceBernstein National Municipal In,232800,-2095,2.63M,-23.69K,-0.9%,<.01%
746823103,PMM,Putnam Managed Municipal Income Trust,329656,-3753,2.09M,-23.77K,-1.1%,<.01%
G01125106,AFYA,Afya Ltd,6821,-1410,115K,-23.77K,-17.1%,<.01%
97717X669,DGRW,WisdomTree U.S. Quality Dividend Growth,17,-409,1K,-24.06K,-96%,<.01%
97717X594,IHDG,WisdomTree International Hedged Quality,28,-678,1K,-24.21K,-96%,<.01%
092479104,BYM,BlackRock Municipal Income Quality Trus,185381,-2099,2.15M,-24.34K,-1.1%,<.01%
05501U106,AZULQ,Azul SA,54439,-8417,158K,-24.43K,-13.4%,<.01%
04280A100,ARWR,Arrowhead Pharmaceuticals Inc,1728,-1250,34K,-24.59K,-42%,<.01%
90400D108,RARE,Ultragenyx Pharmaceutical Inc,1487,-457,81K,-24.89K,-23.5%,<.01%
G4412G101,HLF,Herbalife Nutrition Ltd,5002,-3682,35K,-25.76K,-42.4%,<.01%
26622P107,DOCS,Doximity Inc,1964,-626,81K,-25.82K,-24.2%,<.01%
41068X100,HASI,Hannon Armstrong Sustainable Infrastruc,1716294,-750,59.11M,-25.83K,-0%,0.07%
46131M106,VGM,Invesco Trust for Investment Grade Muni,394076,-2638,4.03M,-26.98K,-0.7%,<.01%
371927104,GEL,Genesis Energy LP,18684,-2093,243K,-27.22K,-10.1%,<.01%
05465P101,AXNX,Axonics Inc,1957,-406,138K,-28.63K,-17.2%,<.01%
G4863A108,BRSL,International Game Technology PLC,22604,-1395,464K,-28.64K,-5.8%,<.01%
723763108,MHI,Pioneer Municipal High Income Fund Trus,162653,-3165,1.51M,-29.44K,-1.9%,<.01%
393222104,GPRE,Green Plains Inc,627,-2688,7K,-30.01K,-81.1%,<.01%
45826H109,ITGR,Integer Holdings Corp,1047,-239,132K,-30.13K,-18.6%,<.01%
09627Y109,BPMC,Blueprint Medicines Corp,753,-363,64K,-30.85K,-32.5%,<.01%
83200N103,SMAR,Smartsheet Inc,47609,-554,2.66M,-30.96K,-1.2%,<.01%
27827X101,EIM,Eaton Vance Municipal Bond Fund,409897,-2968,4.28M,-31.01K,-0.7%,<.01%
377322102,GKOS,Glaukos Corp,1215,-242,158K,-31.47K,-16.6%,<.01%
89346D107,TAC,TransAlta Corp,74364,-3191,754K,-32.35K,-4.1%,<.01%
78468R556,XOP,SPDR S&P Oil & Gas Exploration & Produc,0,-219,0,-33K,CLOSE,0%
L00849106,AGRO,adecoagro sa,23904,-2850,279K,-33.26K,-10.7%,<.01%
69888T207,PARR,Par Pacific Holdings Inc,11995,-2041,198K,-33.69K,-14.5%,<.01%
47759T100,JKS,JinkoSolar Holding Co Ltd,12087,-1618,253K,-33.87K,-11.8%,<.01%
723760104,MIO,Pioneer Municipal High Income Opportuni,119637,-2881,1.45M,-34.8K,-2.4%,<.01%
92189H102,DURA,VanEck Durable High Dividend ETF,150041,-1005,5.2M,-34.81K,-0.7%,<.01%
433000106,HIMS,Hims & Hers Health Inc,3836,-1648,82K,-35.23K,-30.1%,<.01%
670695105,NUW,Nuveen AMT-Free Municipal Value Fund,129969,-2504,1.83M,-35.24K,-1.9%,<.01%
09662W109,DMB,BNY Mellon Municipal Bond Infrastructur,148971,-3562,1.6M,-38.26K,-2.3%,<.01%
775109200,RCI,Rogers Communications Inc,59267,-978,2.33M,-38.37K,-1.6%,<.01%
552738106,MFM,MFS Municipal Income Trust,331374,-7162,1.84M,-39.68K,-2.1%,<.01%
535555106,LNN,Lindsay Corp,852,-351,97K,-39.96K,-29.2%,<.01%
12572Q105,CME,CME Group Inc,72508,-181,16.47M,-41.11K,-0.2%,0.02%
746922103,PMO,Putnam Municipal Opportunities Trust,227641,-3912,2.39M,-41.12K,-1.7%,<.01%
24610T108,VFL,abrdn National Municipal Income Fund,98741,-3846,1.06M,-41.44K,-3.7%,<.01%
29364G103,ETR,Entergy Corp,81346,-314,11.14M,-43K,-0.4%,0.01%
423403104,MOMO,Hello Group Inc,0,-7292,0,-45K,CLOSE,0%
136385101,CNQ,Canadian Natural Resources Ltd,108992,-1285,3.83M,-45.12K,-1.2%,<.01%
911163103,UNFI,United Natural Foods Inc,4357,-2227,90K,-46K,-33.8%,<.01%
09253T101,MVT,BlackRock MuniVest Fund II Inc,167252,-4213,1.84M,-46.47K,-2.5%,<.01%
46132X101,OIA,Invesco Municipal Income Opportunities,198066,-7013,1.31M,-46.56K,-3.4%,<.01%
95058W100,WEN,Wendy's/Arby's Group Inc,0,-2760,0,-47K,CLOSE,0%
60871R209,TAP,Molson Coors Beverage Co,10326,-840,579K,-47.1K,-7.5%,<.01%
91307C102,UTHR,United Therapeutics Corp,10756,-138,3.79M,-48.65K,-1.3%,<.01%
256746108,DLTR,Dollar Tree Inc,23840,-760,1.58M,-50.27K,-3.1%,<.01%
86959K105,SUZ,Suzano SA,48418,-4985,491K,-50.55K,-9.3%,<.01%
80105N105,SNY,Sanofi SA/France,561036,-993,29.67M,-52.52K,-0.2%,0.04%
92847W103,VITL,Vital Farms Inc,2622,-1473,94K,-52.81K,-36%,<.01%
92189F411,BIZD,VanEck BDC Income ETF,456,-3540,7K,-54.34K,-88.6%,<.01%
835495102,SON,Sonoco Products Co,0,-1078,0,-55K,CLOSE,0%
92189F106,GDX,VanEck Gold Miners ETF/USA,31935,-1290,1.38M,-55.83K,-3.9%,<.01%
494368103,KMB,Kimberly-Clark Corp,3508,-408,480K,-55.83K,-10.4%,<.01%
457730109,INSP,Inspire Medical Systems Inc,729,-300,140K,-57.61K,-29.2%,<.01%
92189H870,EINC,VanEck Energy Income ETF,123530,-652,10.92M,-57.64K,-0.5%,0.01%
G0751N103,,Atlantica Sustainable Infrastructure PL,19693,-2661,433K,-58.51K,-11.9%,<.01%
09254G108,MQT,BlackRock MuniYield Quality Fund II Inc,160707,-5653,1.68M,-59.03K,-3.4%,<.01%
09254C107,MUE,BlackRock MuniHoldings Quality Fund II,175109,-5770,1.81M,-59.71K,-3.2%,<.01%
09254J102,MUA,BlackRock MuniAssets Fund Inc,160717,-5026,1.93M,-60.26K,-3%,<.01%
92189F353,HYEM,VanEck Emerging Markets High Yield Bond,652,-3027,13K,-60.35K,-82.3%,<.01%
92766K403,SPCE,Virgin Galactic Holdings Inc,0,-7194,0,-61K,CLOSE,0%
92189F429,PFXF,VanEck Preferred Securities ex Financia,231,-3564,4K,-61.71K,-93.9%,<.01%
46132E103,VKI,Invesco Advantage Municipal Income Trus,318910,-7470,2.83M,-66.38K,-2.3%,<.01%
235851102,DHR,Danaher Corp,13355,-261,3.42M,-66.82K,-1.9%,<.01%
880890108,TX,Ternium SA,107443,-1965,3.72M,-68.02K,-1.8%,<.01%
853606101,SLI,Standard Lithium Ltd,2979551,-32325,6.29M,-68.21K,-1.1%,<.01%
46133G107,IQI,Invesco Quality Municipal Income Trust,380611,-7021,3.82M,-70.43K,-1.8%,<.01%
09662E109,DSM,BNY Mellon Strategic Municipal Bond Fun,396695,-11700,2.39M,-70.49K,-2.9%,<.01%
90353T100,UBER,Uber Technologies Inc,4546,-906,363K,-72.34K,-16.6%,<.01%
27829L105,EOT,Eaton Vance National Municipal Opportun,110435,-4133,1.94M,-72.53K,-3.6%,<.01%
81725T100,SXT,Sensient Technologies Corp,2736,-944,211K,-72.8K,-25.7%,<.01%
464288372,IGF,iShares Global Infrastructure ETF,0,-1690,0,-77K,CLOSE,0%
707569109,PENN,Penn National Gaming Inc,18011,-4225,335K,-78.58K,-19%,<.01%
09248F109,BFK,BlackRock Municipal Income Trust,319909,-7663,3.28M,-78.62K,-2.3%,<.01%
44812J104,HUT,Hut 8 Corp,1142786,-5249,17.27M,-79.31K,-0.5%,0.02%
723762100,XPMAX,Pioneer Municipal High Income Advantage,168947,-9447,1.44M,-80.69K,-5.3%,<.01%
343498101,FLO,Flowers Foods Inc,9744,-3773,218K,-84.41K,-27.9%,<.01%
354613101,BEN,Franklin Resources Inc,0,-3811,0,-85K,CLOSE,0%
97651M109,WIT,Wipro Ltd,183783,-12969,1.22M,-85.74K,-6.6%,<.01%
887399103,MTUS,TimkenSteel Corp,41576,-6150,582K,-86.09K,-12.9%,<.01%
95766M105,MMU,Western Asset Managed Municipals Fund I,401217,-8236,4.24M,-87.06K,-2%,<.01%
440452100,HRL,Hormel Foods Corp,0,-2882,0,-88K,CLOSE,0%
433921103,HIVE,Hive Blockchain Technologies Ltd,3869690,-24915,14.12M,-90.94K,-0.6%,0.02%
86722A103,SXC,SunCoke Energy Inc,80448,-11034,681K,-93.4K,-12.1%,<.01%
83175M205,SNN,Smith & Nephew PLC,4375,-3199,128K,-93.59K,-42.2%,<.01%
05588W108,LEO,BNY Mellon Strategic Municipals Inc,502204,-14953,3.16M,-93.97K,-2.9%,<.01%
863667101,SYK,Stryker Corp,12862,-259,4.67M,-94.08K,-2%,<.01%
20369C106,CHCT,Community Healthcare Trust Inc,0,-4106,0,-96K,CLOSE,0%
80874P109,LNWO,Light & Wonder Inc,11456,-1034,1.07M,-96.22K,-8.3%,<.01%
057665200,BCPC,Balchem Corp,64252,-577,10.71M,-96.22K,-0.9%,0.01%
09061G101,BMRN,BioMarin Pharmaceutical Inc,132132,-1390,9.25M,-97.28K,-1%,0.01%
336433107,FSLR,First Solar Inc,43037,-518,8.28M,-99.67K,-1.2%,0.01%
171484108,CHDN,Churchill Downs Inc,9953,-749,1.33M,-100.46K,-7%,<.01%
N53745100,LYB,LyondellBasell Industries NV,51188,-1164,4.55M,-103.44K,-2.2%,<.01%
000957100,ABM,ABM Industries Inc,59359,-1974,3.17M,-105.32K,-3.2%,<.01%
72651A207,PAGP,Plains GP Holdings LP,33547,-6109,610K,-111.08K,-15.4%,<.01%
M22465104,CHKP,Check Point Software Technologies Ltd,54571,-542,11.21M,-111.32K,-1%,0.01%
428103105,HESM,Hess Midstream LP,13554,-3140,481K,-111.43K,-18.8%,<.01%
056525108,BMI,Badger Meter Inc,19869,-565,4.03M,-114.51K,-2.8%,<.01%
783754104,RYZ,Ryerson Holding Corp,31763,-5598,664K,-117.03K,-15%,<.01%
09253R105,MVF,BlackRock MuniVest Fund Inc,447985,-16805,3.28M,-123K,-3.6%,<.01%
09249N101,BLE,BlackRock Municipal Income Trust II,347783,-11562,3.8M,-126.26K,-3.2%,<.01%
73939C106,PWSC,PowerSchool Holdings Inc,0,-5819,0,-130K,CLOSE,0%
015658107,ASTL,Algoma Steel Group Inc,99611,-13593,953K,-130.05K,-12%,<.01%
670657105,NEA,Nuveen AMT-Free Quality Municipal Incom,1557401,-11321,18.04M,-131.1K,-0.7%,0.02%
69036R863,SFGRX,Overseas Shipholding Group Inc,0,-15727,0,-133K,CLOSE,0%
128030202,CALM,Cal-Maine Foods Inc,3222,-1525,285K,-134.89K,-32.1%,<.01%
35969L108,YMM,Full Truck Alliance Co Ltd,1380263,-15469,12.46M,-139.68K,-1.1%,0.02%
412822108,HOG,Harley-Davidson Inc,175445,-4111,5.99M,-140.31K,-2.3%,<.01%
020764106,AMR,Alpha Metallurgical Resources Inc,11481,-717,2.28M,-142.26K,-5.9%,<.01%
549498103,LCID,Lucid Group Inc,613051,-57719,1.53M,-143.67K,-8.6%,<.01%
59124U605,MTA,Metalla Royalty & Streaming Ltd,4448243,-38989,16.73M,-146.6K,-0.9%,0.02%
91325V108,UNIT,Uniti Group Inc,0,-50294,0,-147K,CLOSE,0%
09857L108,BKNG,Booking Holdings Inc,932,-35,4.02M,-150.97K,-3.6%,<.01%
913837100,USAP,Universal Stainless & Alloy Products In,26513,-3485,1.16M,-152.08K,-11.6%,<.01%
12769G100,CZR,Caesars Entertainment Inc,32122,-3569,1.38M,-152.77K,-10%,<.01%
89832Q109,TFC,Truist Financial Corp,80473,-3543,3.5M,-153.88K,-4.2%,<.01%
09253W104,MYD,BlackRock MuniYield Fund Inc,326305,-13858,3.68M,-156.33K,-4.1%,<.01%
84265V105,SCCO,Southern Copper Corp,296141,-1395,33.71M,-158.79K,-0.5%,0.04%
103304101,BYD,Boyd Gaming Corp,10633,-2521,681K,-161.46K,-19.2%,<.01%
550021109,LULU,Lululemon Athletica Inc,41496,-555,12.16M,-162.69K,-1.3%,0.02%
09253N104,MHD,BlackRock MuniHoldings Fund Inc,375930,-13312,4.64M,-164.41K,-3.4%,<.01%
16679L109,CHWY,Chewy Inc,9559,-6112,262K,-167.52K,-39%,<.01%
345370860,F,Ford Motor Co,102894,-15181,1.14M,-167.9K,-12.9%,<.01%
09254F100,MQY,BlackRock MuniYield Quality Fund Inc,405145,-13327,5.12M,-168.58K,-3.2%,<.01%
67066V101,NAD,Nuveen Quality Municipal Income Fund,1507819,-14135,18.03M,-169.06K,-0.9%,0.02%
858912108,SRCL,Stericycle Inc,49943,-2808,3.04M,-171.03K,-5.3%,<.01%
337738108,FISV,Fiserv Inc,22105,-875,4.47M,-177.06K,-3.8%,<.01%
457790103,,Instructure Holdings Inc,0,-7593,0,-178K,CLOSE,0%
04271T100,ARRY,Array Technologies Inc,113046,-29359,706K,-183.35K,-20.6%,<.01%
23918K108,DVA,DaVita Inc,4424,-1138,720K,-185.21K,-20.5%,<.01%
68389X105,ORCL,Oracle Corp,28596,-1089,4.95M,-188.51K,-3.7%,<.01%
03064D108,COLD,Americold Realty Trust,49201,-7315,1.3M,-193.58K,-12.9%,<.01%
00827B106,AFRM,Affirm Holdings Inc,5132,-4639,215K,-194.35K,-47.5%,<.01%
05589T104,DMF,BNY Mellon Municipal Income Inc,120710,-27141,869K,-195.39K,-18.4%,<.01%
04013V108,ACRE,Ares Commercial Real Estate Corp,494485,-30209,3.24M,-197.88K,-5.8%,<.01%
29261A100,EHC,Encompass Health Corp,7760,-2075,742K,-198.41K,-21.1%,<.01%
45866F104,ICE,Intercontinental Exchange Inc,115704,-1245,19.09M,-205.43K,-1.1%,0.02%
955306105,WST,West Pharmaceutical Services Inc,13326,-722,3.82M,-206.8K,-5.1%,<.01%
94106L109,WM,Waste Management Inc,55927,-979,11.85M,-207.35K,-1.7%,0.01%
743315103,PGR,Progressive Corp/The,15672,-861,3.88M,-212.89K,-5.2%,<.01%
65473P105,NI,NiSource Inc,281790,-6030,9.95M,-212.92K,-2.1%,0.01%
78467J100,SSNC,SS&C Technologies Holdings Inc,76964,-2920,5.83M,-221.3K,-3.7%,<.01%
982104101,WS,Worthington Steel Inc,48207,-6615,1.67M,-229.02K,-12.1%,<.01%
958669103,WES,Western Midstream Partners LP,30616,-6048,1.17M,-231.92K,-16.5%,<.01%
91332U101,U,Unity Software Inc,1944573,-11456,39.38M,-231.98K,-0.6%,0.05%
278865100,ECL,Ecolab Inc,57755,-905,14.94M,-234.14K,-1.5%,0.02%
78409V104,SPGI,S&P Global Inc,7764,-465,3.97M,-237.59K,-5.7%,<.01%
009066101,ABNB,Airbnb Inc,0,-1585,0,-240K,CLOSE,0%
72201A103,XPMQX,PIMCO Municipal Income Fund III,165847,-30233,1.32M,-240.63K,-15.4%,<.01%
09254E103,MYI,BlackRock MuniYield Quality Fund III In,470836,-21211,5.41M,-243.72K,-4.3%,<.01%
872590104,TMUS,T-Mobile US Inc,20230,-1120,4.47M,-247.47K,-5.2%,<.01%
25179M103,DVN,Devon Energy Corp,63461,-6406,2.51M,-253.07K,-9.2%,<.01%
88146M101,TRNO,Terreno Realty Corp,16418,-3996,1.04M,-254.34K,-19.6%,<.01%
002896207,ANF,Abercrombie & Fitch Co,0,-1434,0,-255K,CLOSE,0%
H5919C104,ONON,On Holding AG,0,-6633,0,-257K,CLOSE,0%
374689107,ROCK,Gibraltar Industries Inc,29158,-3996,1.9M,-260.11K,-12.1%,<.01%
649604840,ADAM,New York Mortgage Trust Inc,735576,-50697,3.85M,-265.14K,-6.4%,<.01%
36168Q104,GFL,GFL Environmental Inc,82404,-6388,3.44M,-266.36K,-7.2%,<.01%
92189F437,ANGL,VanEck Fallen Angel High Yield Bond ETF,1024,-9290,30K,-272.17K,-90.1%,<.01%
49271V100,KDP,Keurig Dr Pepper Inc,0,-8384,0,-280K,CLOSE,0%
25754A201,DPZ,Domino's Pizza Inc,0,-551,0,-284K,CLOSE,0%
784730103,SSRM,SSR Mining Inc,18685305,-44126,120.71M,-285.06K,-0.2%,0.15%
G8473T100,STE,STERIS PLC,12516,-1299,2.77M,-287.28K,-9.4%,<.01%
04041L106,WES,Aris Water Solution Inc,92800,-18735,1.43M,-288.09K,-16.8%,<.01%
184496107,CLH,Clean Harbors Inc,12931,-1138,3.32M,-292.18K,-8.1%,<.01%
36467J108,GLPI,Gaming and Leisure Properties Inc,77046,-5771,3.92M,-293.92K,-7%,<.01%
670928100,NUV,Nuveen Municipal Value Fund Inc,1185533,-33330,10.59M,-297.64K,-2.7%,0.01%
726503105,PAA,Plains All American Pipeline LP,88656,-17511,1.51M,-298.64K,-16.5%,<.01%
46625H100,JPM,JPMorgan Chase & Co,1852,-1349,414K,-301.56K,-42.1%,<.01%
670682103,NMZ,Nuveen Municipal High Income Opportunit,536724,-27648,6M,-309.13K,-4.9%,<.01%
934423104,WBD,Warner Bros Discovery Inc,45212,-42324,331K,-309.86K,-48.4%,<.01%
64124P101,NBH,Neuberger Berman Municipal Fund Inc,215345,-28855,2.35M,-314.75K,-11.8%,<.01%
15135B101,CNC,Centene Corp,82638,-5263,4.94M,-314.81K,-6%,<.01%
02376R102,AAL,American Airlines Group Inc,0,-27908,0,-316K,CLOSE,0%
G29183103,ETN,Eaton Corp PLC,0,-1031,0,-323K,CLOSE,0%
40637H109,HALO,Halozyme Therapeutics Inc,11616,-6401,590K,-325.12K,-35.5%,<.01%
44951Y102,,Hyzon Motors Inc,0,-1022830,0,-328K,CLOSE,0%
10949T109,BRSP,BrightSpire Capital Inc,1005701,-61737,5.36M,-329.03K,-5.8%,<.01%
03674X106,AR,Antero Resources Corp,521070,-12400,14.04M,-334.06K,-2.3%,0.02%
20440W105,SID,Cia Siderurgica Nacional SA,1677280,-164664,3.4M,-334.28K,-8.9%,<.01%
82575P107,SBSW,Sibanye Stillwater Ltd,75468,-76257,332K,-335.47K,-50.3%,<.01%
714157203,PESI,Perma-Fix Environmental Services,137858,-24145,1.99M,-347.66K,-14.9%,<.01%
384747101,GRAL,GRAIL Inc,501,-24984,7K,-349.08K,-98%,<.01%
26884L109,EQT,EQT Corp,557772,-9748,20.19M,-352.78K,-1.7%,0.03%
G8232Y101,PENG,SMART Global Holdings Inc,0,-15623,0,-357K,CLOSE,0%
194162103,CL,Colgate-Palmolive Co,36810,-3677,3.64M,-363.9K,-9.1%,<.01%
77543R102,ROKU,Roku Inc,0,-6151,0,-369K,CLOSE,0%
22788C105,CRWD,Crowdstrike Holdings Inc,11507,-1241,3.44M,-371.43K,-9.7%,<.01%
45784P101,PODD,Insulet Corp,5008,-1585,1.18M,-372.2K,-24%,<.01%
67103H107,ORLY,O'Reilly Automotive Inc,8627,-325,10.35M,-389.76K,-3.6%,0.01%
165167735,EXE,Chesapeake Energy Corp,201920,-4700,16.82M,-391.46K,-2.3%,0.02%
042315705,ARR,ARMOUR Residential REIT Inc,329153,-20088,6.45M,-393.33K,-5.8%,<.01%
002824100,ABT,Abbott Laboratories,27726,-3458,3.24M,-404.59K,-11.1%,<.01%
92686J106,VKTX,Viking Therapeutics Inc,9436,-6843,570K,-413.36K,-42%,<.01%
53681J103,LAC,Lithium Americas Corp,3822672,-130455,12.16M,-414.84K,-3.3%,0.02%
758075402,RWT,Redwood Trust Inc,920312,-55971,6.88M,-418.12K,-5.7%,<.01%
833445109,SNOW,Snowflake Inc,4308,-3708,489K,-420.89K,-46.3%,<.01%
82981J109,,SITE Centers Corp,0,-29065,0,-421K,CLOSE,0%
147448104,CWST,Casella Waste Systems Inc,30927,-4126,3.19M,-425.45K,-11.8%,<.01%
70450Y103,PYPL,PayPal Holdings Inc,65337,-5312,5.28M,-429.35K,-7.5%,<.01%
531229755,FWONK,Liberty Media Corp-Liberty Formula One,0,-6316,0,-454K,CLOSE,0%
388689101,GPK,Graphic Packaging Holding Co,650830,-15300,19.39M,-455.78K,-2.3%,0.02%
T9224W109,STVN,Stevanato Group SpA,0,-25617,0,-470K,CLOSE,0%
29270J100,ERII,Energy Recovery Inc,96177,-26606,1.72M,-475.81K,-21.7%,<.01%
146869102,CVNA,Carvana Co,2429,-2421,479K,-477.42K,-49.9%,<.01%
387437114,,Granite Real Estate Investment Trust,0,-9735,0,-482K,CLOSE,0%
70931T103,PMT,PennyMac Mortgage Investment Trust,586289,-35844,7.93M,-484.63K,-5.8%,<.01%
G6095L109,,Aptiv PLC,0,-7040,0,-496K,CLOSE,0%
35243J101,FBRT,Franklin BSP Realty Trust Inc,621364,-38437,8.04M,-497.35K,-5.8%,0.01%
88033G407,THC,Tenet Healthcare Corp,4456,-3163,702K,-498.3K,-41.5%,<.01%
693483109,PKX,POSCO Holdings Inc,76189,-8231,4.64M,-501.6K,-9.8%,<.01%
03938L203,MT,ArcelorMittal SA,202942,-22478,4.77M,-528.44K,-10%,<.01%
24703L202,DELL,Dell Technologies Inc,4102,-4433,490K,-529.54K,-51.9%,<.01%
02319V103,ABEV,AMBEV SA,0,-266874,0,-547K,CLOSE,0%
70975L107,PEN,Penumbra Inc,0,-3075,0,-553K,CLOSE,0%
759509102,RS,Reliance Steel & Aluminum Co,17197,-1958,4.86M,-553.35K,-10.2%,<.01%
148929102,CAVA,Cava Group Inc,1684,-4058,230K,-554.24K,-70.7%,<.01%
90364P105,PATH,UiPath Inc,0,-44510,0,-564K,CLOSE,0%
134748102,CAN,Canaan Inc,9180421,-582551,8.91M,-565.26K,-6%,0.01%
21036P108,STZ,Constellation Brands Inc,47529,-2373,11.47M,-572.92K,-4.8%,0.01%
67070X101,NZF,Nuveen Municipal Credit Income Fund,1376300,-45594,17.36M,-574.94K,-3.2%,0.02%
056752108,BIDU,Baidu Inc,22599,-6435,2.03M,-578.89K,-22.2%,<.01%
G1757E113,CMCL,Caledonia Mining Corp PLC,695507,-36845,11.18M,-592.11K,-5%,0.01%
16934Q802,CIM,Chimera Investment Corp,645480,-39093,9.88M,-598.5K,-5.7%,0.01%
83406F102,SOFI,SoFi Technologies Inc,192616,-59922,2.01M,-624.37K,-23.7%,<.01%
67071L106,NVG,Nuveen AMT-Free Municipal Credit Income,1386696,-49618,17.78M,-636.09K,-3.5%,0.02%
053332102,AZO,AutoZone Inc,2368,-200,7.57M,-639.27K,-7.8%,<.01%
27826U108,EVN,Eaton Vance Municipal Income Trust,227309,-60270,2.43M,-643.77K,-21%,<.01%
373737105,GGB,Gerdau SA,1099937,-224144,3.44M,-701.61K,-16.9%,<.01%
879369106,TFX,TELEFLEX INC,0,-3351,0,-705K,CLOSE,0%
55272X607,MFA,MFA Financial Inc,764393,-58303,9.26M,-706.6K,-7.1%,0.01%
806882106,RDUS,Schnitzer Steel Industries Inc,118673,-42894,1.98M,-713.86K,-26.5%,<.01%
632307104,NTRA,Natera Inc,101925,-6043,12.09M,-716.98K,-5.6%,0.02%
760759100,RSG,Republic Services Inc,41099,-3556,8.38M,-725.41K,-8%,0.01%
418056107,HAS,Hasbro Inc,76135,-10318,5.36M,-725.72K,-11.9%,<.01%
67077M108,NTR,Nutrien Ltd,1400488,-15347,66.9M,-733.12K,-1.1%,0.08%
136635109,CSIQ,Canadian Solar Inc,0,-50137,0,-739K,CLOSE,0%
03762U105,ARI,Apollo Commercial Real Estate Finance I,948402,-85914,8.29M,-750.89K,-8.3%,0.01%
302491303,FMC,FMC Corp,542917,-12178,33.72M,-756.39K,-2.2%,0.04%
86765K109,SUN,Sunoco LP,21349,-14964,1.1M,-773.82K,-41.2%,<.01%
548661107,LOW,Lowe's Cos Inc,81787,-2917,22.09M,-787.93K,-3.4%,0.03%
058586108,BLDP,Ballard Power Systems Inc,1821223,-500559,2.9M,-795.96K,-21.6%,<.01%
94106B101,WCN,Waste Connections Inc,45394,-4430,8.19M,-798.97K,-8.9%,0.01%
G65431127,NE,Noble Corp PLC,1907696,-25816,60.02M,-812.18K,-1.3%,0.07%
759916109,RGEN,Repligen Corp,39160,-6025,5.38M,-828.36K,-13.3%,<.01%
46132P108,IIM,Invesco Value Municipal Income Trust,274206,-70003,3.43M,-876.42K,-20.3%,<.01%
46431W614,,iShares Gold Strategy ETF,0,-14798,0,-905K,CLOSE,0%
11284V105,BEPC.TO,Brookfield Renewable Corp,115457,-26405,3.96M,-905.88K,-18.6%,<.01%
28852N109,EFC,Ellington Financial Inc,678435,-73562,8.55M,-926.85K,-9.8%,0.01%
66987E206,NG,Novagold Resources Inc,7344910,-250897,27.76M,-948.4K,-3.3%,0.03%
68404L201,OPCH,OPTION CARE HEALTH INC,0,-37118,0,-1.03M,CLOSE,0%
02043Q107,ALNY,Alnylam Pharmaceuticals Inc,57399,-3539,16.93M,-1.04M,-5.8%,0.02%
686688102,ORA,Ormat Technologies Inc,385374,-13392,30.25M,-1.05M,-3.4%,0.04%
237266101,DAR,Darling Ingredients Inc,414551,-28293,15.86M,-1.08M,-6.4%,0.02%
456788108,INFY,Infosys Ltd,418301,-49070,9.29M,-1.09M,-10.5%,0.01%
70438V106,PCTY,Paylocity Holding Corp,0,-8375,0,-1.1M,CLOSE,0%
01741R102,ATI,ATI Inc,59942,-17741,3.77M,-1.12M,-22.8%,<.01%
74347M108,PUMP,ProPetro Holding Corp,970851,-149292,7.4M,-1.14M,-13.3%,<.01%
878742204,TECK,Teck Resources Ltd,1241031,-23910,61.5M,-1.18M,-1.9%,0.08%
30063P105,EXAS,EXACT SCIENCES CORP,135865,-17484,9.55M,-1.23M,-11.4%,0.01%
159864107,CRL,Charles River Laboratories Internationa,51273,-6633,9.57M,-1.24M,-11.5%,0.01%
640491106,NEOG,Neogen Corp,315508,-91015,4.33M,-1.25M,-22.4%,<.01%
92556H206,PSKY,Paramount Global,20215,-121622,208K,-1.25M,-85.7%,<.01%
518415104,LSCC,Lattice Semiconductor Corp,7491,-23786,398K,-1.26M,-76%,<.01%
20441B605,ELP,Companhia Paranaense de Energia,79893,-186895,550K,-1.29M,-70.1%,<.01%
152006102,CGAU,Centerra Gold Inc,18366067,-173273,136.76M,-1.29M,-0.9%,0.17%
82509L107,SHOP,Shopify Inc,41829,-16655,3.33M,-1.33M,-28.5%,<.01%
482497104,BEKE,KE Holdings Inc,652597,-66942,13.48M,-1.38M,-9.3%,0.02%
829933100,SIRI,Sirius XM Holdings Inc,11040,-51992,296K,-1.39M,-82.5%,<.01%
40415F101,HDB,HDFC Bank Ltd,162118,-21791,10.4M,-1.4M,-11.8%,0.01%
N72482149,QGEN,QIAGEN NV,185221,-33210,7.8M,-1.4M,-15.2%,<.01%
09073M104,TECH,Bio-Techne Corp,121983,-20226,8.46M,-1.4M,-14.2%,0.01%
505743104,LADR,Ladder Capital Corp,961470,-129818,10.55M,-1.42M,-11.9%,0.01%
25400Q105,DJT,Trump Media & Technology Group Corp,0,-43623,0,-1.43M,CLOSE,0%
891092108,TTC,Toro Co/The,184065,-17573,15.07M,-1.44M,-8.7%,0.02%
64125C109,NBIX,Neurocrine Biosciences Inc,83582,-12637,9.62M,-1.45M,-13.1%,0.01%
90187B804,TWO,Two Harbors Investment Corp,743144,-114102,9.54M,-1.47M,-13.3%,0.01%
064058100,BNY,Bank of New York Mellon Corp/The,124258,-19639,9.49M,-1.5M,-13.6%,0.01%
05684B107,BCSF,Bain Capital Specialty Finance Inc,956611,-92768,16.04M,-1.56M,-8.8%,0.02%
896288107,TNET,TriNet Group Inc,23930,-16863,2.23M,-1.57M,-41.3%,<.01%
070830104,BBWI,Bath & Body Works Inc,87032,-54429,2.56M,-1.6M,-38.5%,<.01%
284902509,EGO,Eldorado Gold Corp,18585288,-88786,337.14M,-1.61M,-0.5%,0.42%
15677J108,DAY,Dayforce Inc,0,-34373,0,-1.71M,CLOSE,0%
403949100,DINO,HF Sinclair Corp,81049,-39785,3.48M,-1.71M,-32.9%,<.01%
45337C102,INCY,Incyte Corp,134881,-27112,8.79M,-1.77M,-16.7%,0.01%
405552100,HLN,Haleon PLC,3090791,-181404,30.6M,-1.8M,-5.5%,0.04%
28414H103,ELAN,Elanco Animal Health Inc,908739,-143593,11.37M,-1.8M,-13.6%,0.01%
780259305,SHEL,Shell PLC,1363109,-27379,90.69M,-1.82M,-2%,0.11%
437076102,HD,Home Depot Inc/The,52715,-4577,21.07M,-1.83M,-8%,0.03%
68634K106,ORLA,Orla Mining Ltd,7412464,-370777,37.28M,-1.86M,-4.8%,0.05%
68827L101,OR,Osisko Gold Royalties Ltd,18101961,-89786,377.97M,-1.87M,-0.5%,0.47%
G54950103,LIN,Linde PLC,11194,-3962,5.34M,-1.89M,-26.1%,<.01%
37940X102,GPN,Global Payments Inc,24601,-19135,2.46M,-1.91M,-43.8%,<.01%
803607100,SRPT,Sarepta Therapeutics Inc,68176,-14930,8.85M,-1.94M,-18%,0.01%
513272104,LW,Lamb Weston Holdings Inc,0,-23334,0,-1.96M,CLOSE,0%
086516101,BBY,Best Buy Co Inc,72641,-21064,6.78M,-1.97M,-22.5%,<.01%
521865204,LEA,Lear Corp,0,-17264,0,-1.97M,CLOSE,0%
74623V103,PCT,PureCycle Technologies Inc,345311,-181918,3.81M,-2.01M,-34.5%,<.01%
34959J108,FTV,Fortive Corp,32127,-27213,2.43M,-2.05M,-45.9%,<.01%
921078101,OUNZ,VanEck Merk Gold Shares,806138,-79496,21.14M,-2.09M,-9%,0.03%
281020107,EIX,Edison International,109716,-24294,9.44M,-2.09M,-18.1%,0.01%
21867A105,CLB,Core Laboratories Inc,417384,-122493,7.13M,-2.09M,-22.7%,<.01%
577081102,MAT,Mattel Inc,139002,-118678,2.47M,-2.11M,-46.1%,<.01%
931142103,WMT,Walmart Inc,236480,-25627,19.69M,-2.13M,-9.8%,0.02%
337932107,FE,FirstEnergy Corp,165413,-48251,7.32M,-2.14M,-22.6%,<.01%
012653101,ALB,Albemarle Corp,273115,-23434,25.66M,-2.2M,-7.9%,0.03%
25278X109,FANG,Diamondback Energy Inc,131930,-12168,23.89M,-2.2M,-8.4%,0.03%
30231G102,XOM,Exxon Mobil Corp,756427,-18880,90.97M,-2.27M,-2.4%,0.11%
922908363,VOO,Vanguard S&P 500 ETF,50868,-4288,27.02M,-2.28M,-7.8%,0.03%
92939U106,WEC,WEC Energy Group Inc,119461,-24604,11.89M,-2.45M,-17.1%,0.01%
501044101,KR,Kroger Co/The,118377,-42739,6.82M,-2.46M,-26.5%,<.01%
983134107,WYNN,Wynn Resorts Ltd,42311,-26020,4.13M,-2.54M,-38.1%,<.01%
G6683N103,NU,NU Holdings Ltd/Cayman Islands,589853,-174248,8.7M,-2.57M,-22.8%,0.01%
517834107,LVS,Las Vegas Sands Corp,46756,-50559,2.39M,-2.58M,-52%,<.01%
989207105,ZBRA,Zebra Technologies Corp,0,-8358,0,-2.58M,CLOSE,0%
100557107,SAM,Boston Beer Co Inc/The,0,-8481,0,-2.59M,CLOSE,0%
G51502105,JCI,Johnson Controls International plc,0,-39086,0,-2.6M,CLOSE,0%
144285103,CRS,Carpenter Technology Corp,25866,-16820,4.05M,-2.64M,-39.4%,<.01%
45841N107,IBKR,Interactive Brokers Group Inc,0,-21984,0,-2.69M,CLOSE,0%
48581R205,KSPI,Kaspi.KZ JSC,189678,-24620,20.86M,-2.71M,-11.5%,0.03%
92189H862,MIG,VanEck Moody's Analytics IG Corporate B,963,-124561,21K,-2.72M,-99.2%,<.01%
018802108,LNT,Alliant Energy Corp,73499,-44911,4.55M,-2.78M,-37.9%,<.01%
09075V102,BNTX,BioNTech SE,94685,-25216,10.51M,-2.8M,-21%,0.01%
278642103,EBAY,eBay Inc,2736,-44483,174K,-2.83M,-94.2%,<.01%
66981J102,MNSO,MINISO Group Holding Ltd,383593,-159481,6.9M,-2.87M,-29.4%,<.01%
74834L100,DGX,QUEST DIAGNOSTICS INC,2240,-18879,352K,-2.97M,-89.4%,<.01%
42330P107,HLX,Helix Energy Solutions Group Inc,2158039,-314808,20.55M,-3M,-12.7%,0.03%
011532108,AGI,Alamos Gold Inc,45642899,-145038,963.07M,-3.06M,-0.3%,1.2%
55261F104,MTB,M&T Bank Corp,1627,-15818,315K,-3.06M,-90.7%,<.01%
02079K305,GOOGL,Alphabet Inc,2065779,-18885,336.27M,-3.07M,-0.9%,0.42%
N20944109,CNH,CNH Industrial NV,1575449,-279101,17.41M,-3.08M,-15%,0.02%
749660106,RES,RPC Inc,2231736,-516059,14.04M,-3.25M,-18.8%,0.02%
452327109,ILMN,Illumina Inc,129547,-23364,18.52M,-3.34M,-15.3%,0.02%
88080T104,WULF,Terawulf Inc,2735448,-532261,17.51M,-3.41M,-16.3%,0.02%
219350105,GLW,Corning Inc,25772,-76540,1.21M,-3.59M,-74.8%,<.01%
H17182108,CRSP,CRISPR Therapeutics AG,1546,-78228,71K,-3.59M,-98.1%,<.01%
53115L104,LBRT,Liberty Energy Inc,1926233,-210137,33.07M,-3.61M,-9.8%,0.04%
35671D857,FCX,Freeport-McMoRan Inc,3171341,-77793,151.97M,-3.73M,-2.4%,0.19%
G6359F137,NBR,Nabors Industries Ltd,143606,-53571,10.08M,-3.76M,-27.2%,0.01%
88160R101,TSLA,Tesla Inc,74356,-17745,15.89M,-3.79M,-19.3%,0.02%
285512109,EA,Electronic Arts Inc,382959,-28688,55.48M,-4.16M,-7%,0.07%
294600101,,Equitrans Midstream Corp,0,-321158,0,-4.17M,CLOSE,0%
874054109,TTWO,Take-Two Interactive Software Inc,241200,-25898,38.84M,-4.17M,-9.7%,0.05%
71424F105,PR,Permian Resources Corp,1651159,-314930,22.87M,-4.36M,-16%,0.03%
58733R102,MELI,MercadoLibre Inc,20782,-2286,42.37M,-4.66M,-9.9%,0.05%
675232102,OII,Oceaneering International Inc,1440294,-204278,33.46M,-4.75M,-12.4%,0.04%
125269100,CF,CF Industries Holdings Inc,300888,-56517,25.33M,-4.76M,-15.8%,0.03%
20825C104,COP,ConocoPhillips,245340,-46645,25.64M,-4.87M,-16%,0.03%
15872M104,CHX,ChampionX Corp,2630296,-173422,77.99M,-5.14M,-6.2%,0.1%
69318G106,PBF,PBF Energy Inc,18531,-171035,596K,-5.5M,-90.2%,<.01%
92189K105,HODL,Vaneck Bitcoin Trust,1085279,-74992,81.57M,-5.64M,-6.5%,0.1%
65339F101,NEE,NextEra Energy Inc,668203,-66787,56.77M,-5.67M,-9.1%,0.07%
902494103,TSN,Tyson Foods Inc,1176393,-98348,69.27M,-5.79M,-7.7%,0.09%
553368101,MP,MP Materials Corp,2325793,-344044,41.56M,-6.15M,-12.9%,0.05%
81617J301,WTTR,Select Energy Services Inc,1567830,-608386,16.92M,-6.56M,-28%,0.02%
368036109,GATO,Gatos Silver Inc,1415505,-334576,27.87M,-6.59M,-19.1%,0.03%
92189H698,,Vaneck Ethereum Strategy Etf,0,-250000,0,-6.64M,CLOSE,0%
89677Y100,TPVG,TriplePoint Venture Growth BDC Corp,0,-846716,0,-6.8M,CLOSE,0%
038169207,APLD,Applied Digital Corp,2059741,-810239,17.73M,-6.98M,-28.2%,0.02%
04016X101,ARGX,Argenx SE,38241,-12580,21.34M,-7.02M,-24.8%,0.03%
G3421J106,,Ferguson PLC,0,-38072,0,-7.37M,CLOSE,0%
G9460G101,VAL,Valaris Ltd,955470,-153714,47.04M,-7.57M,-13.9%,0.06%
H84989104,TEL,TE Connectivity Ltd,0,-52851,0,-7.95M,CLOSE,0%
03831W108,APP,AppLovin Corp,412431,-50504,65.74M,-8.05M,-10.9%,0.08%
42809H107,HES,Hess Corp,21239,-58924,2.93M,-8.13M,-73.5%,<.01%
771049103,RBLX,ROBLOX Corp,1061389,-204077,43.69M,-8.4M,-16.1%,0.05%
61945C103,MOS,Mosaic Co/The,889602,-322662,23.55M,-8.54M,-26.6%,0.03%
262037104,DRQ,Dril-Quip Inc,0,-459258,0,-8.54M,CLOSE,0%
86800U104,SUPER,Super Micro Computer Inc,0,-10608,0,-8.69M,CLOSE,0%
98978V103,ZTS,Zoetis Inc,565222,-46052,106.82M,-8.7M,-7.5%,0.13%
91912E105,VALE,Vale SA,4601499,-857986,47.9M,-8.93M,-15.7%,0.06%
423452101,HP,Helmerich & Payne Inc,1192410,-279801,40.22M,-9.44M,-19%,0.05%
G48833118,WFRD,Weatherford International PLC,713213,-117746,57.88M,-9.56M,-14.2%,0.07%
500688106,KOS,Kosmos Energy Ltd,314486,-2424509,1.25M,-9.65M,-88.5%,<.01%
62955J103,NOV,NOV Inc,4243178,-685425,64.83M,-10.47M,-13.9%,0.08%
69608A108,PLTR,Palantir Technologies Inc,2669841,-249402,113.71M,-10.62M,-8.5%,0.14%
833635105,SQM,Sociedad Quimica y Minera de Chile SA,627015,-272631,24.95M,-10.85M,-30.3%,0.03%
244199105,DE,Deere & Co,157533,-29879,64.38M,-12.21M,-15.9%,0.08%
703481101,PTEN,Patterson-UTI Energy Inc,5578426,-1567891,43.51M,-12.23M,-21.9%,0.05%
07725L102,ONC,BeiGene Ltd,38888,-56689,8.6M,-12.53M,-59.3%,0.01%
127203107,WHD,Cactus Inc,1013940,-223743,59.51M,-13.13M,-18.1%,0.07%
H8817H100,RIG,Transocean Ltd,11497993,-3551775,47.26M,-14.6M,-23.6%,0.06%
88031M109,TS,Tenaris SA,2686231,-497068,85.07M,-15.74M,-15.6%,0.11%
89400J107,TRU,TransUnion,4783301,-151985,519.8M,-16.52M,-3.1%,0.65%
91913Y100,VLO,Valero Energy Corp,204393,-129648,27.16M,-17.23M,-38.8%,0.03%
57060D108,MKTX,MarketAxess Holdings Inc,1764239,-63816,509.67M,-18.44M,-3.5%,0.64%
05722G100,BKR,Baker Hughes Co,5600826,-510851,207.23M,-18.9M,-8.4%,0.26%
90346E103,SLCA,US Silica Holdings Inc,0,-1226466,0,-18.95M,CLOSE,0%
497266106,KEX,KIRBY CORP,207610,-162820,25.29M,-19.84M,-44%,0.03%
G0508H110,ALTM,Arcadium Lithium PLC,6980636,-3725064,38.67M,-20.64M,-34.8%,0.05%
039483102,ADM,Archer-Daniels-Midland Co,966235,-378671,54.19M,-21.24M,-28.2%,0.07%
49177J102,KVUE,Kenvue Inc,19550250,-960177,444.96M,-21.85M,-4.7%,0.56%
75524B203,,RBC Bearings Inc,0,-183295,0,-22.41M,CLOSE,0%
09247X101,,BlackRock Inc,0,-31179,0,-24.55M,CLOSE,0%
055622104,BP,BP PLC,387298,-804106,12.13M,-25.18M,-67.5%,0.02%
16115Q308,GTLS,Chart Industries Inc,17528,-227585,2.11M,-27.45M,-92.8%,<.01%
02209S103,MO,Altria Group Inc,7989215,-719222,397.86M,-35.82M,-8.3%,0.5%
351858105,FNV,Franco-Nevada Corp,8344820,-281916,1.14B,-38.39M,-3.3%,1.4%
G87110105,FTI,TechnipFMC PLC,2705941,-1602654,68.08M,-40.32M,-37.2%,0.09%
962879102,WPM,Wheaton Precious Metals Corp,19302105,-682879,1.3B,-46.05M,-3.4%,1.6%
459506101,IFF,International Flavors & Fragrances Inc,4000621,-448542,415.87M,-46.63M,-10.1%,0.52%
406216101,HAL,Halliburton Co,3886107,-1751708,108.07M,-48.72M,-31.1%,0.13%
72147K108,PPC,Pilgrim's Pride Corp,103576,-1094943,4.75M,-50.19M,-91.4%,<.01%
067901108,B,Barrick Gold Corp,74736473,-2677867,1.55B,-55.7M,-3.5%,1.9%
806857108,SLB,Schlumberger NV,7187790,-1396028,302.82M,-58.81M,-16.3%,0.38%
008474108,AEM,Agnico Eagle Mines Limited/Mines Agnico,21543940,-776145,1.91B,-68.77M,-3.5%,2.4%
651639106,NEM,Newmont Corp,48950153,-1967913,2.83B,-113.63M,-3.9%,3.5%
204448104,BVN,Cia de Minas Buenaventura SAA,21559878,-8827779,291.27M,-119.26M,-29.1%,0.36%
29786A106,ETSY,Etsy Inc,3005631,-2758433,149.2M,-136.93M,-47.9%,0.19%
09062X103,BIIB,Biogen Inc,98937,-823824,18.1M,-150.74M,-89.3%,0.02%
294429105,EFX,Equifax Inc,825844,-667239,224.43M,-181.33M,-44.7%,0.28%
20030N101,CMCSA,Comcast Corp,5497645,-4388834,228.43M,-182.36M,-44.4%,0.29%
776696106,ROP,Roper Technologies Inc,9169,-344535,4.98M,-187.05M,-97.4%,<.01%
713448108,PEP,PepsiCo Inc,369070,-1123531,63.83M,-194.32M,-75.3%,0.08%
G5960L103,MDT,Medtronic PLC,121215,-2189492,11.18M,-202.02M,-94.8%,0.01%
34959E109,FTNT,Fortinet Inc,3161275,-2594324,254.07M,-208.51M,-45.1%,0.32%
855244109,SBUX,Starbucks Corp,2304181,-2170975,225M,-212M,-48.5%,0.28%
539830109,LMT,Lockheed Martin Corp,40925,-431597,23.37M,-246.48M,-91.3%,0.03%
75513E101,RTX,RTX Corp,1777251,-2051031,226.08M,-260.91M,-53.6%,0.28%
902252105,TYL,Tyler Technologies Inc,26321,-455188,15.32M,-265.03M,-94.5%,0.02%
718172109,PM,Philip Morris International Inc,1425,-2105711,187K,-276.33M,-99.9%,<.01%
12541W209,CHRW,CH Robinson Worldwide Inc,3236,-2585244,349K,-278.82M,-99.9%,<.01%
496902404,KGC,Kinross Gold Corp,71713170,-49496809,768.05M,-530.11M,-40.8%,0.96%
512807108,LRCX.MX,Lam Research Corp,0,-1075893,0,-1.15B,CLOSE,0%
Total,,,,,80.08B,6.02B,+8.6%,100%
