CUSIP,Ticker,Company,Shares,Delta_Shares,Value,Delta_Value,Delta,Portfolio%
651639106,NEM,Newmont Corp,36058431,2921657,1.7B,137.9M,+8.8%,4.4%
351858105,FNV,Franco-Nevada Corp,9146164,966243,1.25B,131.87M,+11.8%,3.2%
067901108,B,Barrick Gold Corp,81780010,6218329,1.4B,106.83M,+8.2%,3.6%
25746U109,D,Dominion Energy Inc,1765425,1529000,108.26M,93.76M,+646.7%,0.28%
008474108,AEM,Agnico Eagle Mines Ltd,22058188,1729461,1.15B,89.91M,+8.5%,3%
609839105,MPWR,Monolithic Power Systems Inc,537366,247425,190.02M,87.49M,+85.3%,0.49%
459506101,IFF,International Flavors & Fragrances Inc,1632743,819573,171.18M,85.92M,+100.8%,0.44%
902973304,USB,US Bancorp,2041422,1965798,89.03M,85.73M,+2599.4%,0.23%
892672106,TW,Tradeweb Markets Inc,1397512,1306018,90.74M,84.8M,+1427.4%,0.23%
34959E109,FTNT,Fortinet Inc,3383223,1582728,165.41M,77.38M,+87.9%,0.43%
962879102,WPM,Wheaton Precious Metals Corp,20792506,1712152,812.56M,66.91M,+9%,2.1%
437076102,HD,Home Depot Inc/The,270374,192779,85.4M,60.89M,+248.4%,0.22%
828363101,SILV,SilverCrest Metals Inc,15215392,8792269,91.29M,52.75M,+136.9%,0.24%
747525103,QCOM,QUALCOMM Inc,3368311,346031,370.31M,38.04M,+11.4%,0.96%
11135F101,AVGO,Broadcom Inc,809017,62572,452.35M,34.99M,+8.4%,1.2%
007903107,AMD,Advanced Micro Devices Inc,6079007,530655,393.74M,34.37M,+9.6%,1%
30303M102,META,Meta Platforms Inc,1623915,264286,195.42M,31.8M,+19.4%,0.5%
65339F713,NEEPRR,NextEra Energy Inc,631037,631037,31.67M,31.67M,NEW,0.08%
011532108,AGI,Alamos Gold Inc,44900614,3088880,453.94M,31.23M,+7.4%,1.2%
00724F101,ADBE,Adobe Inc,631208,76414,212.42M,25.72M,+13.8%,0.55%
91912E105,VALE,Vale SA,5603773,1513050,95.1M,25.68M,+37%,0.25%
023135106,AMZN,Amazon.com Inc,1980396,294318,166.35M,24.72M,+17.5%,0.43%
89400J107,TRU,TransUnion,2724042,422400,154.59M,23.97M,+18.4%,0.4%
422704106,HL,Hecla Mining Co,55225222,4294314,307.05M,23.88M,+8.4%,0.79%
959802109,WU,Western Union Co/The,12529073,1509663,172.53M,20.79M,+13.7%,0.45%
65290C105,,NexTier Oilfield Solutions Inc,7845153,2246804,72.49M,20.76M,+40.1%,0.19%
36467W109,GME,GameStop Corp,1066058,989859,19.68M,18.27M,+1299%,0.05%
02079K305,GOOGL,Alphabet Inc,2317746,205051,204.49M,18.09M,+9.7%,0.53%
79466L302,CRM,Salesforce.com Inc,1211032,120525,160.57M,15.98M,+11.1%,0.41%
92189H771,PIT,VanEck Commodity Strategy ETF,303478,303478,15.54M,15.54M,NEW,0.04%
780287108,RGLD,Royal Gold Inc,3992123,135368,449.99M,15.26M,+3.5%,1.2%
G5960L103,MDT,Medtronic PLC,2209075,195950,171.69M,15.23M,+9.7%,0.44%
871607107,SNPS,SYNOPSYS INC,883472,44878,282.08M,14.33M,+5.4%,0.73%
594918104,MSFT,Microsoft Corp,1168316,59662,280.19M,14.31M,+5.4%,0.72%
46138B103,DBC,Invesco DB Commodity Index Tracking Fun,560166,560166,13.81M,13.81M,NEW,0.04%
595112103,MU,Micron Technology Inc,5900451,272638,294.9M,13.63M,+4.8%,0.76%
922908363,VOO,Vanguard S&P 500 ETF,37712,37712,13.25M,13.25M,NEW,0.03%
09073M104,TECH,Bio-Techne Corp,188807,151488,15.65M,12.56M,+405.9%,0.04%
703481101,PTEN,Patterson-UTI Energy Inc,6617669,721574,111.44M,12.15M,+12.2%,0.29%
20030N101,CMCSA,Comcast Corp,5071902,322717,177.36M,11.29M,+6.8%,0.46%
92343V104,VZ,Verizon Communications Inc,575225,277610,22.66M,10.94M,+93.3%,0.06%
88579Y101,MMM,3M Co,1475606,91021,176.95M,10.92M,+6.6%,0.46%
127387108,CDNS,Cadence Design Systems Inc,1540181,64971,247.41M,10.44M,+4.4%,0.64%
686688102,ORA,Ormat Technologies Inc,474287,117139,41.02M,10.13M,+32.8%,0.11%
N6596X109,NXPI,NXP Semiconductors NV,1564215,64052,247.19M,10.12M,+4.3%,0.64%
81762P102,NOW,ServiceNow Inc,425271,25961,165.12M,10.08M,+6.5%,0.43%
G0176J109,ALLE,Allegion PLC,972181,90275,102.33M,9.5M,+10.2%,0.26%
204448104,BVN,Cia de Minas Buenaventura SAA,25099203,1196327,186.99M,8.91M,+5%,0.48%
84265V105,SCCO,Southern Copper Corp,208048,141317,12.56M,8.53M,+211.8%,0.03%
07725L102,ONC,BeiGene Ltd,92951,37698,20.44M,8.29M,+68.2%,0.05%
53814L108,NUGN,Livent Corp,1825275,372317,36.27M,7.4M,+25.6%,0.09%
573874104,MRVL,Marvell Technology Group Ltd,4743578,197549,175.7M,7.32M,+4.3%,0.45%
17259U204,CION,CION Investment Corp,750351,750351,7.32M,7.32M,NEW,0.02%
74340W103,PLD,Prologis Inc,329480,63819,37.14M,7.19M,+24%,0.1%
G2519Y108,BAP,Credicorp Ltd,63013,51205,8.55M,6.95M,+433.6%,0.02%
302635206,FSK,FS KKR Capital Corp,3937600,396674,68.91M,6.94M,+11.2%,0.18%
92343E102,VRSN,VERISIGN INC,34762,33009,7.14M,6.78M,+1883%,0.02%
02209S103,MO,Altria Group Inc,326214,145100,14.91M,6.63M,+80.1%,0.04%
842587107,SO,Southern Co/The,349033,90198,24.93M,6.44M,+34.8%,0.06%
861012102,STM,STMicroelectronics NV,4411591,180783,156.92M,6.43M,+4.3%,0.41%
26441C204,DUK,Duke Energy Corp,236493,60277,24.36M,6.21M,+34.2%,0.06%
56585A102,MPC,Marathon Petroleum Corp,91013,52707,10.59M,6.13M,+137.6%,0.03%
92189H748,CLOI,Vaneck CLO ETF,320000,120000,16.2M,6.08M,+60%,0.04%
02079K107,GOOG,Alphabet Inc,504203,68284,44.74M,6.06M,+15.7%,0.12%
665859104,NTRS,Northern Trust Corp,68466,68466,6.06M,6.06M,NEW,0.02%
254687106,DIS,Walt Disney Co/The,1697614,69411,147.49M,6.03M,+4.3%,0.38%
060505104,BAC,Bank of America Corp,204031,179875,6.76M,5.96M,+744.6%,0.02%
69121K104,OBDC,Owl Rock Capital Corp,4988331,507995,57.62M,5.87M,+11.3%,0.15%
052769106,ADSK,Autodesk Inc,31063,31063,5.8M,5.8M,NEW,0.01%
189054109,CLX,Clorox Co/The,88947,40821,12.48M,5.73M,+84.8%,0.03%
83056P715,SKE,Skeena Resources Ltd,3762608,1071610,20.02M,5.7M,+39.8%,0.05%
17275R102,CSCO,Cisco Systems Inc,884038,119219,42.12M,5.68M,+15.6%,0.11%
81181C104,,SeaGen Inc,143156,44136,18.4M,5.67M,+44.6%,0.05%
04010L103,ARCC,Ares Capital Corp,5731498,299544,105.86M,5.53M,+5.5%,0.27%
09061G101,BMRN,BioMarin Pharmaceutical Inc,191448,53398,19.81M,5.53M,+38.7%,0.05%
518439104,EL,Estee Lauder Cos Inc/The,66206,22195,16.43M,5.51M,+50.4%,0.04%
482497104,BEKE,KE Holdings Inc,392221,391839,5.47M,5.47M,+102575.7%,0.01%
12572Q105,CME,CME Group Inc,76470,32348,12.86M,5.44M,+73.3%,0.03%
68634K106,ORLA,Orla Mining Ltd,10004426,1336111,40.45M,5.4M,+15.4%,0.1%
02043Q107,ALNY,Alnylam Pharmaceuticals Inc,92380,22484,21.95M,5.34M,+32.2%,0.06%
16115Q407,GTLSPB,Chart Industries Inc,110431,110431,5.34M,5.34M,NEW,0.01%
459200101,IBM,International Business Machines Corp,117646,37731,16.57M,5.32M,+47.2%,0.04%
92826C839,V,Visa Inc,263587,25559,54.76M,5.31M,+10.7%,0.14%
423452101,HP,Helmerich & Payne Inc,2346389,106430,116.31M,5.28M,+4.8%,0.3%
891160509,TD,Toronto-Dominion Bank/The,219848,81501,14.22M,5.27M,+58.9%,0.04%
928563402,,VMware Inc,41625,41625,5.11M,5.11M,NEW,0.01%
697435105,PANW,Palo Alto Networks Inc,38535,36442,5.38M,5.08M,+1741.1%,0.01%
11777Q209,BTG,B2Gold Corp,110872124,1421802,395.81M,5.08M,+1.3%,1%
771049103,RBLX,ROBLOX Corp,1129156,175855,32.14M,5M,+18.4%,0.08%
85859N102,,Stem Inc,1716516,523790,15.35M,4.68M,+43.9%,0.04%
65339F101,NEE,NextEra Energy Inc,562712,55746,47.04M,4.66M,+11%,0.12%
72919P202,PLUG,Plug Power Inc,1207691,376006,14.94M,4.65M,+45.2%,0.04%
278865100,ECL,Ecolab Inc,1132706,31949,164.88M,4.65M,+2.9%,0.43%
697900108,PAAS,Pan American Silver Corp,21864030,281927,357.26M,4.61M,+1.3%,0.92%
88160R101,TSLA,Tesla Inc,118339,37392,14.58M,4.61M,+46.2%,0.04%
89832Q109,TFC,Truist Financial Corp,144292,106486,6.21M,4.58M,+281.7%,0.02%
46266C105,IQV,IQVIA Holdings Inc,122566,21570,25.11M,4.42M,+21.4%,0.06%
14448C104,CARR,Carrier Global Corp,106820,106820,4.41M,4.41M,NEW,0.01%
30052F100,EVGO,EVgo Inc,1036970,984500,4.63M,4.4M,+1876.3%,0.01%
969904101,WSM,Williams-Sonoma Inc,125097,122598,4.45M,4.36M,+4905.9%,0.01%
169656105,CMG,Chipotle Mexican Grill Inc,3187,3088,4.42M,4.28M,+3119.2%,0.01%
67071L106,NVG,Nuveen AMT-Free Municipal Credit Income,1102584,348261,13.38M,4.23M,+46.2%,0.03%
16115Q308,GTLS,Chart Industries Inc,259564,36570,29.91M,4.21M,+16.4%,0.08%
G4705A100,ICLR,ICON PLC,98205,21608,19.08M,4.2M,+28.2%,0.05%
064149107,BNS,Bank of Nova Scotia/The,153011,83170,7.49M,4.07M,+119.1%,0.02%
53680Q207,,Lithium Americas Corp,1601370,209392,30.35M,3.97M,+15%,0.08%
98978V103,ZTS,Zoetis Inc,986666,26857,144.59M,3.94M,+2.8%,0.37%
09075V102,BNTX,BioNTech SE,149676,25715,22.48M,3.86M,+20.7%,0.06%
67401P405,OCSL,Oaktree Specialty Lending Corp,2318456,560546,15.93M,3.85M,+31.9%,0.04%
18270D106,CMTG,Claros Mortgage Trust Inc,249266,249266,3.67M,3.67M,NEW,<.01%
83088M102,SWKS,Skyworks Solutions Inc,1041518,39850,94.91M,3.63M,+4%,0.25%
92345Y106,VRSK,Verisk Analytics Inc,20473,20473,3.61M,3.61M,NEW,<.01%
G3421J106,,Ferguson PLC,27750,27750,3.52M,3.52M,NEW,<.01%
922475108,VEEV,Veeva Systems Inc,998984,21732,161.22M,3.51M,+2.2%,0.42%
45337C102,INCY,Incyte Corp,214415,43245,17.22M,3.47M,+25.3%,0.04%
159864107,CRL,Charles River Laboratories Internationa,61199,15893,13.34M,3.46M,+35.1%,0.03%
30063P105,EXAS,EXACT SCIENCES CORP,197898,68538,9.8M,3.39M,+53%,0.03%
92556V106,VTRS,Viatris Inc,2297905,300343,25.57M,3.34M,+15%,0.07%
574599106,MAS,MASCO CORP,3652241,68981,170.45M,3.22M,+1.9%,0.44%
881624209,TEVA,Teva Pharmaceutical Industries Ltd,2643100,348658,24.11M,3.18M,+15.2%,0.06%
452327109,ILMN,Illumina Inc,116302,15678,23.52M,3.17M,+15.6%,0.06%
04271T100,ARRY,Array Technologies Inc,163758,163758,3.17M,3.17M,NEW,<.01%
925652109,VICI,VICI Properties Inc,545472,95253,17.67M,3.09M,+21.2%,0.05%
093712107,BE,Bloom Energy Corp,792092,159162,15.14M,3.04M,+25.1%,0.04%
12504L109,CBRE,CBRE Group Inc,58890,39502,4.53M,3.04M,+203.7%,0.01%
57060D108,MKTX,MarketAxess Holdings Inc,359786,10880,100.34M,3.03M,+3.1%,0.26%
N72482123,1QGEN.MI,QIAGEN NV,299425,60783,14.93M,3.03M,+25.5%,0.04%
03027X100,AMT,American Tower Corp,99198,13815,21.02M,2.93M,+16.2%,0.05%
759916109,RGEN,Repligen Corp,65013,16660,11.01M,2.82M,+34.5%,0.03%
29444U700,EQIX,Equinix Inc,13302,4303,8.71M,2.82M,+47.8%,0.02%
907818108,UNP,Union Pacific Corp,206195,13508,42.7M,2.8M,+7%,0.11%
L4135L100,,FREYR Battery SA,1215022,322170,10.55M,2.8M,+36.1%,0.03%
413216300,HMY,Harmony Gold Mining Co Ltd,58458520,821683,198.76M,2.79M,+1.4%,0.51%
32076V103,AG,First Majestic Silver Corp,26311164,331050,219.43M,2.76M,+1.3%,0.57%
28414H103,ELAN,Elanco Animal Health Inc,1657541,217344,20.25M,2.66M,+15.1%,0.05%
56035L104,MAIN,Main Street Capital Corp,662192,71092,24.47M,2.63M,+12%,0.06%
74251V102,PFG,Principal Financial Group Inc,31265,31265,2.62M,2.62M,NEW,<.01%
148806102,CTLT,Catalent Inc,264103,57088,11.89M,2.57M,+27.6%,0.03%
92189Y303,,Vaneck Bitcoin Strategy ETF,200141,150000,3.37M,2.52M,+299.2%,<.01%
G50871105,JAZZ,Jazz Pharmaceuticals PLC,111023,15825,17.69M,2.52M,+16.6%,0.05%
88262P102,TPL,Texas Pacific Land Corp,1069,1069,2.51M,2.51M,NEW,<.01%
553368101,MP,MP Materials Corp,2031103,102106,49.31M,2.48M,+5.3%,0.13%
675232102,OII,Oceaneering International Inc,3012233,139790,52.68M,2.44M,+4.9%,0.14%
29250N105,ENB,Enbridge Inc,481003,59540,18.8M,2.33M,+14.1%,0.05%
64110W102,NTES,NetEase Inc,556185,31464,40.4M,2.29M,+6%,0.1%
136069101,CM,Canadian Imperial Bank of Commerce,83621,55441,3.38M,2.24M,+196.7%,<.01%
36467J108,GLPI,Gaming and Leisure Properties Inc,162686,42475,8.47M,2.21M,+35.3%,0.02%
44955L106,IAUX,i-80 Gold Corp,7017211,782428,19.57M,2.18M,+12.5%,0.05%
74347M108,PUMP,ProPetro Holding Corp,2895403,209945,30.02M,2.18M,+7.8%,0.08%
035128206,,AngloGold Ashanti Ltd,23586972,109540,458.06M,2.13M,+0.5%,1.2%
67066V101,NAD,Nuveen Quality Municipal Income Fund,1154876,171933,13.63M,2.03M,+17.5%,0.04%
670657105,NEA,Nuveen AMT-Free Quality Municipal Incom,1191158,173110,13.54M,1.97M,+17%,0.03%
G97822103,PRGO,Perrigo Co PLC,225816,57547,7.7M,1.96M,+34.2%,0.02%
981811102,WOR,Worthington Industries Inc,85792,37056,4.26M,1.84M,+76%,0.01%
517834107,LVS,Las Vegas Sands Corp,153301,38321,7.37M,1.84M,+33.3%,0.02%
025537101,AEP,American Electric Power Co Inc,123788,19326,11.75M,1.84M,+18.5%,0.03%
816851109,SRE,Sempra Energy,75740,11825,11.71M,1.83M,+18.5%,0.03%
22822V101,CCI,Crown Castle Inc,96074,13365,13.03M,1.81M,+16.2%,0.03%
67070X101,NZF,Nuveen Municipal Credit Income Fund,908900,149774,10.98M,1.81M,+19.7%,0.03%
92189F106,GDX,VanEck Gold Miners ETF/USA,293302,62359,8.41M,1.79M,+27%,0.02%
56501R106,MFC,Manulife Financial Corp,197917,100315,3.53M,1.79M,+102.8%,<.01%
G0751N103,,Atlantica Sustainable Infrastructure PL,93490,68450,2.42M,1.77M,+273.4%,<.01%
874054109,TTWO,Take-Two Interactive Software Inc,345201,16922,35.95M,1.76M,+5.2%,0.09%
867652406,,SunPower Corp,97985,97203,1.77M,1.75M,+12430.1%,<.01%
10949T109,BRSP,BrightSpire Capital Inc,480646,278118,2.99M,1.73M,+137.3%,<.01%
744573106,PEG,Public Service Enterprise Group Inc,202022,27563,12.38M,1.69M,+15.8%,0.03%
217204106,CPRT,Copart Inc,55008,26932,3.35M,1.64M,+95.9%,<.01%
632307104,NTRA,Natera Inc,134743,38637,5.41M,1.55M,+40.2%,0.01%
83012A109,TSLX,Sixth Street Specialty Lending Inc,1100837,83619,19.59M,1.49M,+8.2%,0.05%
98389B100,XEL,Xcel Energy Inc,131237,20488,9.2M,1.44M,+18.5%,0.02%
302491303,FMC,FMC Corp,550188,11334,68.66M,1.41M,+2.1%,0.18%
989207105,ZBRA,Zebra Technologies Corp,6233,5374,1.6M,1.38M,+625.6%,<.01%
09227Q100,BLKB,Blackbaud Inc,152557,23180,8.98M,1.36M,+17.9%,0.02%
66987E206,NG,Novagold Resources Inc,9744484,224806,58.27M,1.34M,+2.4%,0.15%
74348T102,PSEC,Prospect Capital Corp,3384568,191888,23.66M,1.34M,+6%,0.06%
678026105,OIS,Oil States International Inc,2133219,178394,15.91M,1.33M,+9.1%,0.04%
744320102,PRU,Prudential Financial Inc,28872,13166,2.87M,1.31M,+83.8%,<.01%
91347P105,OLED,Universal Display Corp,290341,12002,31.37M,1.3M,+4.3%,0.08%
140501107,CSWC,Capital Southwest Corp,439227,75459,7.51M,1.29M,+20.7%,0.02%
647551100,NMFC,New Mountain Finance Corp,1248898,103464,15.45M,1.28M,+9%,0.04%
209115104,ED,Consolidated Edison Inc,85399,13332,8.14M,1.27M,+18.5%,0.02%
90187B804,TWO,Two Harbors Investment Corp,384050,80349,6.06M,1.27M,+26.5%,0.02%
29452E101,EQH,Equitable Holdings Inc,50165,43663,1.44M,1.25M,+671.5%,<.01%
95040Q104,WELL,Welltower Inc,177881,18783,11.66M,1.23M,+11.8%,0.03%
92556H206,PSKY,Paramount Global,84250,72158,1.42M,1.22M,+596.7%,<.01%
866796105,SLF,Sun Life Financial Inc,42818,25941,1.99M,1.2M,+153.7%,<.01%
68622V106,OGN,Organon & Co,456242,42464,12.74M,1.19M,+10.3%,0.03%
670928100,NUV,Nuveen Municipal Value Fund Inc,881868,137845,7.58M,1.19M,+18.5%,0.02%
427096508,HTGC,Hercules Capital Inc,1769236,87293,23.39M,1.15M,+5.2%,0.06%
38071H106,GROY,Gold Royalty Corp,5653694,488825,13.17M,1.14M,+9.5%,0.03%
91332U101,U,Unity Software Inc,994960,39633,28.45M,1.13M,+4.1%,0.07%
811916105,SA,Seabridge Gold Inc,3671404,89548,46.19M,1.13M,+2.5%,0.12%
92939U106,WEC,WEC Energy Group Inc,75940,11855,7.12M,1.11M,+18.5%,0.02%
09261X102,BXSL,Blackstone Secured Lending Fund,1033151,49371,23.09M,1.1M,+5%,0.06%
136375102,CNI,Canadian National Railway Co,139540,9150,16.56M,1.09M,+7%,0.04%
30040W108,ES,Eversource Energy,82925,12946,6.95M,1.09M,+18.5%,0.02%
98850P109,YUMC,Yum China Holdings Inc,239106,19380,13.37M,1.08M,+8.8%,0.03%
030420103,AWK,American Water Works Co Inc,45712,7099,6.97M,1.08M,+18.4%,0.02%
45826J105,NTLA,Intellia Therapeutics Inc,93690,30589,3.27M,1.07M,+48.5%,<.01%
654110105,NKLA,Nikola Corp,2146751,475560,4.64M,1.03M,+28.5%,0.01%
87807B107,TRP,TC Energy Corp,258755,25403,10.31M,1.01M,+10.9%,0.03%
13645T100,CP.TO,Canadian Pacific Railway Ltd,86795,13551,6.47M,1.01M,+18.5%,0.02%
284902509,EGO,Eldorado Gold Corp,19908728,120558,166.44M,1.01M,+0.6%,0.43%
29364G103,ETR,Entergy Corp,83484,8811,9.39M,991.24K,+11.8%,0.02%
902252105,TYL,Tyler Technologies Inc,522077,3049,168.32M,983.03K,+0.6%,0.43%
64828T201,RITM,Rithm Capital Corp,1179573,120191,9.64M,981.95K,+11.3%,0.02%
46132P108,IIM,Invesco Value Municipal Income Trust,255258,80244,3.08M,966.98K,+45.9%,<.01%
038923108,ABR,Arbor Realty Trust Inc,628582,71275,8.29M,940.12K,+12.8%,0.02%
337932107,FE,FirstEnergy Corp,152643,22288,6.4M,934.78K,+17.1%,0.02%
703395103,PDCO,Patterson Cos Inc,144712,33207,4.06M,930.73K,+29.8%,0.01%
552953101,MGM,MGM Resorts International,123278,27433,4.13M,919.94K,+28.6%,0.01%
126408103,CSX,CSX Corp,260522,29666,8.07M,919.06K,+12.9%,0.02%
00846U101,A,Agilent Technologies Inc,56382,6128,8.44M,917.1K,+12.2%,0.02%
90346E103,SLCA,US Silica Holdings Inc,2310730,72682,28.88M,908.52K,+3.2%,0.07%
09254J102,MUA,BlackRock MuniAssets Fund Inc,205828,83739,2.23M,906.03K,+68.6%,<.01%
368036109,GATO,Gatos Silver Inc,1797970,221350,7.35M,905.36K,+14%,0.02%
281020107,EIX,Edison International,90471,14124,5.76M,898.61K,+18.5%,0.01%
70438V106,PCTY,Paylocity Holding Corp,4591,4591,892K,892K,NEW,<.01%
78410G104,SBAC,SBA Communications Corp,20304,3170,5.69M,888.52K,+18.5%,0.01%
655844108,NSC,Norfolk Southern Corp,33286,3593,8.2M,885.46K,+12.1%,0.02%
82837P408,SICP,Silvergate Capital Corp,93660,50204,1.63M,873.72K,+115.5%,<.01%
171484108,CHDN,Churchill Downs Inc,14009,4105,2.96M,867.94K,+41.4%,<.01%
023608102,AEE,Ameren Corp,61930,9668,5.51M,859.71K,+18.5%,0.01%
01741R102,ATI,ATI Inc,153780,28491,4.59M,850.77K,+22.7%,0.01%
59124U605,MTA,Metalla Royalty & Streaming Ltd,2150886,172712,10.56M,848.03K,+8.7%,0.03%
38149E101,GLDG,GoldMining Inc,8426767,749451,9.52M,846.86K,+9.8%,0.02%
80013R206,SAND,Sandstorm Gold Ltd,28901986,159721,152.03M,840.14K,+0.6%,0.39%
09253X102,MUI,BlackRock Municipal Income Fund Inc,450273,73518,5.1M,833.03K,+19.5%,0.01%
185899101,CLF,Cleveland-Cliffs Inc,563208,50841,9.07M,819.02K,+9.9%,0.02%
640491106,NEOG,Neogen Corp,594119,53631,9.05M,816.76K,+9.9%,0.02%
49456B101,KMI,Kinder Morgan Inc,595118,45020,10.76M,813.91K,+8.2%,0.03%
69351T106,PPL,PPL Corp,177330,27685,5.18M,809.02K,+18.5%,0.01%
983134107,WYNN,Wynn Resorts Ltd,39175,9295,3.23M,766.62K,+31.1%,<.01%
26142V105,DKNG,DraftKings Inc,297901,66891,3.39M,761.87K,+29%,<.01%
042735100,ARW,Arrow Electronics Inc,10160,7275,1.06M,760.44K,+252.2%,<.01%
968223206,WLY,John Wiley & Sons Inc,265669,18894,10.64M,756.84K,+7.7%,0.03%
11284V105,BEPC.TO,Brookfield Renewable Corp,175632,27373,4.83M,752.93K,+18.5%,0.01%
29258Y103,EXK,Endeavour Silver Corp,19788914,232254,64.12M,752.5K,+1.2%,0.17%
38173M102,GBDC,Golub Capital BDC Inc,1804957,56869,23.75M,748.39K,+3.3%,0.06%
83417M104,SEDG,SolarEdge Technologies Inc,345827,2616,97.96M,741.04K,+0.8%,0.25%
09254F100,MQY,BlackRock MuniYield Quality Fund Inc,399751,63268,4.64M,733.89K,+18.8%,0.01%
Q4982L109,IREN,Iris Energy Ltd,1051665,582831,1.31M,728.22K,+124.3%,<.01%
65340P106,NXE,NexGen Energy Ltd,552247,163923,2.45M,726.04K,+42.2%,<.01%
237266101,DAR,Darling Ingredients Inc,829388,11589,51.91M,725.35K,+1.4%,0.13%
760759100,RSG,Republic Services Inc,57663,5620,7.44M,724.93K,+10.8%,0.02%
042315507,ARR.MX,ARMOUR Residential REIT Inc,603859,127887,3.4M,720.06K,+26.9%,<.01%
349553107,FTS,Fortis Inc/Canada,114950,17946,4.59M,717.37K,+18.5%,0.01%
549498103,LCID,Lucid Group Inc,435126,104651,2.97M,714.79K,+31.7%,<.01%
15189T107,CNP,CenterPoint Energy Inc,151609,23669,4.55M,709.87K,+18.5%,0.01%
74623V103,PCT,PureCycle Technologies Inc,365209,104434,2.47M,706.03K,+40%,<.01%
20440W105,SID,Cia Siderurgica Nacional SA,1718969,251924,4.74M,695.26K,+17.2%,0.01%
92276F100,VTR,Ventas Inc,153539,15410,6.92M,694.23K,+11.2%,0.02%
880890108,TX,Ternium SA,158666,22602,4.85M,690.74K,+16.6%,0.01%
125896100,CMS,CMS Energy Corp,69662,10876,4.41M,688.82K,+18.5%,0.01%
126650100,CVS,CVS Health Corp,115945,7349,10.8M,684.86K,+6.8%,0.03%
09254E103,MYI,BlackRock MuniYield Quality Fund III In,379825,60876,4.26M,682.45K,+19.1%,0.01%
18452B209,CLSK,Cleanspark Inc,851483,330531,1.74M,674.27K,+63.4%,<.01%
92189F452,MORT,VanEck Mortgage REIT Income ETF,57651,57361,673K,669.61K,+19779.7%,<.01%
064058100,BNY,Bank of New York Mellon Corp/The,299484,14513,13.63M,660.66K,+5.1%,0.04%
74460D109,PSA,Public Storage,74402,2323,20.85M,650.89K,+3.2%,0.05%
681919106,OMC,Omnicom Group Inc,31562,7968,2.57M,649.82K,+33.8%,<.01%
G1757E113,CMCL,Caledonia Mining Corp PLC,531363,51756,6.59M,641.78K,+10.8%,0.02%
55903Q104,MAG,MAG Silver Corp,3883854,40414,60.7M,631.67K,+1.1%,0.16%
761152107,RMD,ResMed Inc,20253,3019,4.21M,628.31K,+17.5%,0.01%
682680103,OKE,Oneok Inc,118172,9446,7.76M,620.61K,+8.7%,0.02%
00123Q104,AGNC,AGNC INVESTMENT CORP,1321783,59595,13.68M,616.79K,+4.7%,0.04%
48251K100,KREF,KKR Real Estate Finance Trust Inc,257513,44041,3.6M,614.83K,+20.6%,<.01%
071734107,BHC,Bausch Health Cos Inc,657496,97700,4.13M,613.54K,+17.5%,0.01%
049560105,ATO,Atmos Energy Corp,35465,5385,3.98M,603.56K,+17.9%,0.01%
38147U107,GSBD,Goldman Sachs BDC Inc,1313471,43859,18.02M,601.72K,+3.5%,0.05%
09253N104,MHD,BlackRock MuniHoldings Fund Inc,294764,49196,3.58M,597.17K,+20%,<.01%
756109104,O,Realty Income Corp,204264,9351,12.96M,593.11K,+4.8%,0.03%
863667101,SYK,Stryker Corp,11115,2404,2.72M,587.86K,+27.6%,<.01%
91324P102,UNH,UnitedHealth Group Inc,112809,1102,59.81M,584.26K,+1%,0.15%
13321L108,CCJ,Cameco Corp,214186,25671,4.85M,581.77K,+13.6%,0.01%
46655E100,DC,Dakota Gold Corp,2953006,189123,9.01M,576.85K,+6.8%,0.02%
94106B101,WCN,Waste Connections Inc,55667,4322,7.38M,572.91K,+8.4%,0.02%
82835P103,SVM,Silvercorp Metals Inc,8366073,193401,24.76M,572.48K,+2.4%,0.06%
H17182108,CRSP,CRISPR Therapeutics AG,93341,14084,3.79M,572.47K,+17.8%,<.01%
03761U502,MFIC,MidCap Financial Investment Corp,889845,50068,10.14M,570.76K,+6%,0.03%
G1144A105,BTBT,Bit Digital Inc,1734581,949938,1.04M,570.1K,+121.1%,<.01%
09173B107,KEEL,Bitfarms Ltd/Canada,3225742,1280217,1.42M,563.56K,+65.8%,<.01%
09254G108,MQT,BlackRock MuniYield Quality Fund II Inc,124974,54956,1.28M,561.55K,+78.5%,<.01%
092479104,BYM,BlackRock Municipal Income Quality Trus,144687,49341,1.64M,559.95K,+51.7%,<.01%
26152H301,DRD,DRDGOLD Ltd,7159943,74384,52.98M,550.44K,+1%,0.14%
83413U100,SLRC,SLR Investment Corp,647826,39550,9.01M,550.12K,+6.5%,0.02%
707569109,PENN,Penn National Gaming Inc,55415,18384,1.65M,546.06K,+49.6%,<.01%
649604501,,New York Mortgage Trust Inc,1728669,212766,4.42M,544.63K,+14%,0.01%
69331C108,PCG,PG&E Corp,672047,33321,10.93M,541.78K,+5.2%,0.03%
44107P104,HST,HOST HOTELS & RESORTS INC,73852,32799,1.19M,526.28K,+79.9%,<.01%
30034W106,EVRG,Evergy Inc,53484,8350,3.37M,525.5K,+18.5%,<.01%
80874P109,LNWO,Light & Wonder Inc,32925,8928,1.93M,523.07K,+37.2%,<.01%
018802108,LNT,Alliant Energy Corp,60307,9415,3.33M,519.87K,+18.5%,<.01%
038169207,APLD,Applied Blockchain Inc,980371,282118,1.8M,519.13K,+40.4%,<.01%
09253R105,MVF,BlackRock MuniVest Fund Inc,502291,71952,3.52M,504.37K,+16.7%,<.01%
571748102,MRSH,Marsh & McLennan Cos Inc,72713,3012,12.03M,498.44K,+4.3%,0.03%
28176E108,EW,Edwards Lifesciences Corp,123530,6676,9.22M,498.12K,+5.7%,0.02%
934550203,WMG,Warner Music Group Corp,14219,14219,498K,498K,NEW,<.01%
644535106,NGD,New Gold Inc,66282805,507971,64.96M,497.81K,+0.8%,0.17%
252131107,DXCM,DexCom Inc,10629,4385,1.2M,496.71K,+70.2%,<.01%
89677Y100,TPVG,TriplePoint Venture Growth BDC Corp,479465,46851,5M,488.67K,+10.8%,0.01%
G1151C101,ACN,Accenture PLC,97570,1824,26.04M,486.72K,+1.9%,0.07%
45073V108,ITT,ITT Inc,8337,5919,676K,479.94K,+244.8%,<.01%
29977A105,EVR,Evercore Inc,6534,4390,713K,479.04K,+204.8%,<.01%
099724106,BWA,BorgWarner Inc,15517,11773,625K,474.2K,+314.4%,<.01%
26614N102,DD,DuPont de Nemours Inc,6902,6902,474K,474K,NEW,<.01%
384109104,GGG,Graco Inc,12765,6996,858K,470.24K,+121.3%,<.01%
60741F104,MBLY,Mobileye Global Inc,13384,13384,469K,469K,NEW,<.01%
670663103,NMCO,Nuveen Municipal Credit Opportunities F,208775,42657,2.29M,468.71K,+25.7%,<.01%
876030107,TPR,Tapestry Inc,12250,12250,466K,466K,NEW,<.01%
86745K104,NOVAQ,Sunnova Energy International Inc,142283,25801,2.56M,464.76K,+22.2%,<.01%
67079X102,NDMO,Nuveen Dynamic Municipal Opportunities,256566,46602,2.55M,463.18K,+22.2%,<.01%
78467J100,SSNC,SS&C Technologies Holdings Inc,13258,8856,690K,460.9K,+201.2%,<.01%
035710839,NLY,Annaly Capital Management Inc,1088897,21548,22.95M,454.23K,+2%,0.06%
94106L109,WM,Waste Management Inc,46756,2895,7.33M,454.16K,+6.6%,0.02%
043436104,ABG,Asbury Automotive Group Inc,2523,2523,452K,452K,NEW,<.01%
G0084W101,ADNT,Adient plc,13015,13015,451K,451K,NEW,<.01%
224441105,CXT,Crane Holdings Co,5910,4464,594K,448.67K,+308.7%,<.01%
371901109,GNTX,Gentex Corp,23941,16362,653K,446.28K,+215.9%,<.01%
09253W104,MYD,BlackRock MuniYield Fund Inc,281915,42805,2.94M,445.64K,+17.9%,<.01%
65473P105,NI,NiSource Inc,112802,16181,3.09M,443.68K,+16.7%,<.01%
398905109,GPI,Group 1 Automotive Inc,2437,2437,440K,440K,NEW,<.01%
45687V106,IR,Ingersoll Rand Inc,8413,8413,440K,440K,NEW,<.01%
706327103,PBA,Pembina Pipeline Corp,158296,12907,5.37M,437.85K,+8.9%,0.01%
09248F109,BFK,BlackRock Municipal Income Trust,271263,43509,2.73M,437.72K,+19.1%,<.01%
012653101,ALB,Albemarle Corp,6916,2003,1.5M,434.43K,+40.8%,<.01%
219350105,GLW,Corning Inc,28946,13586,925K,434.15K,+88.5%,<.01%
537008104,LFUS,Littelfuse Inc,2671,1970,588K,433.68K,+281%,<.01%
69331C140,,PG&E Corp,252855,3005,36.47M,433.44K,+1.2%,0.09%
29670G102,WTRG,Essential Utilities Inc,58458,9076,2.79M,433.17K,+18.4%,<.01%
48020Q107,JLL,Jones Lang LaSalle Inc,4111,2705,655K,430.98K,+192.4%,<.01%
G5509L101,LIVN,LivaNova PLC,7747,7747,430K,430K,NEW,<.01%
040413106,,Arista Networks Inc,33684,3523,4.09M,427.56K,+11.7%,0.01%
457187102,INGR,Ingredion Inc,16909,4310,1.66M,422.1K,+34.2%,<.01%
277432100,EMN,Eastman Chemical Co,5140,5140,419K,419K,NEW,<.01%
34959J108,FTV,Fortive Corp,6518,6518,419K,419K,NEW,<.01%
G66721104,NCLH,NU Holdings Ltd/Cayman Islands,102762,102762,418K,418K,NEW,<.01%
95082P105,WCC,WESCO International Inc,3332,3332,417K,417K,NEW,<.01%
784117103,SEIC,SEI Investments Co,23309,7149,1.36M,416.81K,+44.2%,<.01%
43366H704,HIVE,Hive Blockchain Technologies Ltd,857157,283127,1.24M,407.93K,+49.3%,<.01%
65339F770,,NextEra Energy Inc,788796,8015,39.99M,406.36K,+1%,0.1%
916896103,UEC,Uranium Energy Corp,466311,103953,1.81M,403.27K,+28.7%,<.01%
418056107,HAS,Hasbro Inc,10052,6602,613K,402.61K,+191.4%,<.01%
92936U109,WPC,WP Carey Inc,55975,5149,4.37M,402.35K,+10.1%,0.01%
254709108,DFS,Discover Financial Services,4107,4107,402K,402K,NEW,<.01%
82968B103,SIRI,Sirius XM Holdings Inc,68783,68783,402K,402K,NEW,<.01%
462222100,IONS,Ionis Pharmaceuticals Inc,12042,10625,455K,401.46K,+749.8%,<.01%
03062D100,USAS,Americas Gold & Silver Corp,9784042,695897,5.56M,395.46K,+7.7%,0.01%
758075402,RWT,Redwood Trust Inc,499899,58451,3.38M,395.09K,+13.2%,<.01%
00751Y106,AAP,Advance Auto Parts Inc,2685,2685,395K,395K,NEW,<.01%
03076C106,AMP,Ameriprise Financial Inc,17385,1267,5.41M,394.49K,+7.9%,0.01%
349915108,,Fortuna Silver Mines Inc,30124901,105192,112.97M,394.47K,+0.4%,0.29%
88080T104,WULF,Terawulf Inc,1120470,585648,746K,389.92K,+109.5%,<.01%
103304101,BYD,Boyd Gaming Corp,34281,7101,1.87M,387.15K,+26.1%,<.01%
071813109,BAX,Baxter International Inc,7577,7577,386K,386K,NEW,<.01%
637417106,NNN,National Retail Properties Inc,18595,8422,851K,385.43K,+82.8%,<.01%
95766M105,MMU,Western Asset Managed Municipals Fund I,263357,37980,2.65M,382.46K,+16.9%,<.01%
35137L105,FOXA,Fox Corp,16925,12557,514K,381.35K,+287.5%,<.01%
260003108,DOV,Dover Corp,18676,2808,2.53M,380.24K,+17.7%,<.01%
828806109,SPG,Simon Property Group Inc,115435,3226,13.56M,378.98K,+2.9%,0.04%
862121100,,STORE Capital Corp,26502,11770,850K,377.5K,+79.9%,<.01%
536797103,LAD,Lithia Motors Inc,1842,1842,377K,377K,NEW,<.01%
26817Q886,DX,Dynex Capital Inc,267754,29545,3.41M,375.83K,+12.4%,<.01%
78377T107,RHP,Ryman Hospitality Properties Inc,7675,4573,628K,374.18K,+147.4%,<.01%
75574U101,RC,Ready Capital Corp,539150,33445,6.01M,372.57K,+6.6%,0.02%
72200W106,PML,PIMCO Municipal Income Fund II,190361,40233,1.72M,363.74K,+26.8%,<.01%
37940X102,GPN,Global Payments Inc,8602,3635,855K,361.3K,+73.2%,<.01%
866674104,SUI,Sun Communities Inc,33470,2523,4.79M,360.77K,+8.2%,0.01%
G4863A108,BRSL,International Game Technology PLC,58860,15835,1.33M,359.15K,+36.8%,<.01%
27826U108,EVN,Eaton Vance Municipal Income Trust,216901,35994,2.14M,355.29K,+19.9%,<.01%
03762U105,ARI,Apollo Commercial Real Estate Finance I,564359,32823,6.07M,353.2K,+6.2%,0.02%
40131M109,GH,Guardant Health Inc,85165,12973,2.32M,352.79K,+18%,<.01%
87612G101,TRGP,Targa Resources Corp,66674,4800,4.9M,352.76K,+7.8%,0.01%
03064D108,COLD,Americold Realty Trust,28038,12452,794K,352.62K,+79.9%,<.01%
595017104,MCHP,Microchip Technology Inc,4484492,4997,315.04M,351.04K,+0.1%,0.81%
505743104,LADR,Ladder Capital Corp,617459,34687,6.2M,348.24K,+6%,0.02%
22788C105,CRWD,Crowdstrike Holdings Inc,7498,3298,790K,347.48K,+78.5%,<.01%
67062F100,NXP,Nuveen Select Tax-Free Income Portfolio,193282,24839,2.69M,345.57K,+14.7%,<.01%
71654V408,PBR,Petroleo Brasileiro SA,60309,32417,642K,345.08K,+116.2%,<.01%
16934Q208,,Chimera Investment Corp,1073393,62448,5.9M,343.48K,+6.2%,0.02%
150870103,CE,Celanese Corp,18159,3336,1.86M,341.15K,+22.5%,<.01%
058586108,BLDP,Ballard Power Systems Inc,1651971,70374,7.91M,337.09K,+4.4%,0.02%
723484101,PNW,Pinnacle West Capital Corp,30636,4424,2.33M,336.46K,+16.9%,<.01%
44930G107,ICUI,ICU Medical Inc,2683,2124,423K,334.87K,+380%,<.01%
233368109,KTF,DWS Municipal Income Trust,248777,38583,2.14M,332.2K,+18.4%,<.01%
872280102,CGBD,TCG BDC Inc,647313,23143,9.26M,331.17K,+3.7%,0.02%
585464100,MLCO,Melco Resorts & Entertainment Ltd,105149,28193,1.21M,324.16K,+36.6%,<.01%
65339F739,,NextEra Energy Inc,631037,6412,31.86M,323.74K,+1%,0.08%
008492100,ADC,Agree Realty Corp,9077,4529,644K,321.33K,+99.6%,<.01%
46132E103,VKI,Invesco Advantage Municipal Income Trus,244284,37356,2.1M,320.83K,+18.1%,<.01%
09662W109,DMB,BNY Mellon Municipal Bond Infrastructur,72826,30359,765K,318.91K,+71.5%,<.01%
11120U105,BRX,Brixmor Property Group Inc,31114,13819,705K,313.12K,+79.9%,<.01%
015271109,ARE,Alexandria Real Estate Equities Inc,54425,2146,7.93M,312.6K,+4.1%,0.02%
57776F405,,Maverix Metals Inc,2817356,66126,13.19M,309.46K,+2.4%,0.03%
46132C107,VMO,Invesco Municipal Opportunity Trust,372494,31203,3.69M,309.19K,+9.1%,<.01%
166764100,CVX,Chevron Corp,167655,1721,30.09M,308.9K,+1%,0.08%
149123101,CAT,Caterpillar Inc,1285,1285,308K,308K,NEW,<.01%
253868103,DLR,Digital Realty Trust Inc,101652,3063,10.19M,307.14K,+3.1%,0.03%
45784P101,PODD,Insulet Corp,3474,1041,1.02M,306.55K,+42.8%,<.01%
009066101,ABNB,Airbnb Inc,3575,3575,306K,306K,NEW,<.01%
27827X101,EIM,Eaton Vance Municipal Bond Fund,395775,29406,4.11M,305.52K,+8%,0.01%
01864U106,AFB,AllianceBernstein National Municipal In,175669,28619,1.84M,299.93K,+19.5%,<.01%
09247D105,BKN,BlackRock Investment Quality Municipal,68376,25596,797K,298.35K,+59.8%,<.01%
670837103,OGE,OGE Energy Corp,48036,7499,1.9M,296.61K,+18.5%,<.01%
125523100,CI,Cigna Corp,14396,878,4.77M,290.92K,+6.5%,0.01%
29476L107,EQR,Equity Residential,123515,4899,7.29M,289.03K,+4.1%,0.02%
09662E109,DSM,BNY Mellon Strategic Municipal Bond Fun,277271,49573,1.6M,286.6K,+21.8%,<.01%
172967424,C,Citigroup Inc,90811,6271,4.11M,283.61K,+7.4%,0.01%
58039P305,MUX,McEwen Mining Inc,2090754,48333,12.25M,283.24K,+2.4%,0.03%
277276101,EGP,EastGroup Properties Inc,4291,1906,635K,282.06K,+79.9%,<.01%
09259E108,TCPC,BlackRock TCP Capital Corp,785412,21779,10.16M,281.84K,+2.9%,0.03%
670682103,NMZ,Nuveen Municipal High Income Opportunit,351789,27031,3.64M,279.46K,+8.3%,<.01%
565788106,MARA,Marathon Digital Holdings Inc,362729,79675,1.24M,272.37K,+28.1%,<.01%
248356107,DNN,Denison Mines Corp,1198409,236743,1.38M,272.02K,+24.6%,<.01%
531229854,,Liberty Media Corp-Liberty Formula One,4553,4553,272K,272K,NEW,<.01%
316500107,FDUS,Fidus Investment Corp,316619,14256,6.03M,271.28K,+4.7%,0.02%
85254J102,STAG,STAG Industrial Inc,18709,8309,604K,268.25K,+79.9%,<.01%
008252108,AMG,Affiliated Managers Group Inc,1683,1683,267K,267K,NEW,<.01%
767292105,RIOT,Riot Platforms Inc,541673,78584,1.84M,266.36K,+17%,<.01%
84860W300,UNITDSPR,Spirit Realty Capital Inc,14516,6639,580K,265.27K,+84.3%,<.01%
773122106,RKLB,Rocket Lab USA Inc,70039,70039,264K,264K,NEW,<.01%
76169C100,REXR,Rexford Industrial Realty Inc,47988,4818,2.62M,263.25K,+11.2%,<.01%
09254C107,MUE,BlackRock MuniHoldings Quality Fund II,124937,26107,1.24M,259.74K,+26.4%,<.01%
76954A103,RIVN,Rivian Automotive Inc,185669,14061,3.42M,259.15K,+8.2%,<.01%
718172109,PM,Philip Morris International Inc,54238,2545,5.49M,257.56K,+4.9%,0.01%
86771W105,RUN,Sunrun Inc,230007,10694,5.53M,256.88K,+4.9%,0.01%
29270J100,ERII,Energy Recovery Inc,110494,12483,2.26M,255.77K,+12.7%,<.01%
06759L103,BBDC,Barings BDC Inc,1296534,31330,10.57M,255.35K,+2.5%,0.03%
31620M106,FIS,Fidelity National Information Services,41804,3716,2.84M,252.09K,+9.8%,<.01%
562750109,MANH,Manhattan Associates Inc,4504,2074,547K,251.88K,+85.3%,<.01%
05759B107,BKKT,Bakkt Holdings Inc,927268,211577,1.1M,251.67K,+29.6%,<.01%
G8994E103,TT,Trane Technologies plc,26665,1486,4.48M,249.78K,+5.9%,0.01%
46187W107,INVH,Invitation Homes Inc,202725,8362,6.01M,247.86K,+4.3%,0.02%
70931T103,PMT,PennyMac Mortgage Investment Trust,356963,19814,4.42M,245.51K,+5.9%,0.01%
09249N101,BLE,BlackRock Municipal Income Trust II,269795,23669,2.79M,244.5K,+9.6%,<.01%
70806A106,PFLT,PennantPark Floating Rate Capital Ltd,585569,22166,6.43M,243.36K,+3.9%,0.02%
12769G100,CZR,Caesars Entertainment Inc,63053,5824,2.62M,242.28K,+10.2%,<.01%
075887406,,Becton Dickinson and Co,473278,4809,23.7M,240.84K,+1%,0.06%
92189F536,MLN,VanEck Long Muni ETF,13683,13683,239K,239K,NEW,<.01%
64782A107,NEWP,New Pacific Metals Corp,4744621,107604,10.5M,238.18K,+2.3%,0.03%
688239201,OSK,Oshkosh Corp,2690,2690,237K,237K,NEW,<.01%
693718108,PCAR,PACCAR Inc,2393,2393,237K,237K,NEW,<.01%
751212101,RL,Ralph Lauren Corp,2216,2216,234K,234K,NEW,<.01%
451107106,IDA,IDACORP Inc,12367,2151,1.33M,232.02K,+21.1%,<.01%
03750L109,AIRC,Apartment Income REIT Corp,15616,6689,536K,229.59K,+74.9%,<.01%
46131J103,VKQ,Invesco Municipal Trust,304892,23188,3.02M,229.53K,+8.2%,<.01%
115637209,BF.B,Brown-Forman Corp,128217,3489,8.42M,229.15K,+2.8%,0.02%
29362U104,ENTG,Entegris Inc,43900,3485,2.88M,228.55K,+8.6%,<.01%
053484101,AVB,AvalonBay Communities Inc,49622,1401,8.02M,226.29K,+2.9%,0.02%
82489T104,SWAV,Shockwave Medical Inc,4465,1100,918K,226.16K,+32.7%,<.01%
72703X106,PL,Planet Labs PBC,51872,51872,226K,226K,NEW,<.01%
704326107,PAYX,Paychex Inc,52178,1945,6.03M,224.78K,+3.9%,0.02%
46131M106,VGM,Invesco Trust for Investment Grade Muni,298891,22299,3M,224.12K,+8.1%,<.01%
192446102,CTSH,Cognizant Technology Solutions Corp,72427,3909,4.14M,223.55K,+5.7%,0.01%
28852N109,EFC,Ellington Financial Inc,272463,17891,3.37M,221.29K,+7%,<.01%
577081102,MAT,Mattel Inc,12393,12393,221K,221K,NEW,<.01%
294600101,,Equitrans Midstream Corp,139901,32922,937K,220.5K,+30.8%,<.01%
200340107,CMA,Comerica Inc,3286,3286,220K,220K,NEW,<.01%
04013V108,ACRE,Ares Commercial Real Estate Corp,312674,21373,3.22M,219.9K,+7.3%,<.01%
456788108,INFY,Infosys Ltd,147820,12072,2.66M,217.4K,+8.9%,<.01%
70432V102,PAYC,Paycom Software Inc,6792,689,2.11M,213.74K,+11.3%,<.01%
260557103,DOW,Dow Inc,4236,4236,213K,213K,NEW,<.01%
962166104,WY,Weyerhaeuser Co,37700,6844,1.17M,212.22K,+22.2%,<.01%
49803T300,KRG,Kite Realty Group Trust,22594,10035,476K,211.41K,+79.9%,<.01%
538034109,LYV,Live Nation Entertainment Inc,3018,3018,210K,210K,NEW,<.01%
14316J108,CG,Carlyle Group Inc/The,17678,6999,527K,208.65K,+65.5%,<.01%
G6674U108,NVCR,Novocure Ltd,16377,2845,1.2M,208.64K,+21%,<.01%
49427F108,KRC,Kilroy Realty Corp,12123,5384,469K,208.29K,+79.9%,<.01%
285512109,EA,Electronic Arts Inc,342806,1692,41.88M,206.73K,+0.5%,0.11%
278642103,EBAY,eBay Inc,4979,4979,206K,206K,NEW,<.01%
552738106,MFM,MFS Municipal Income Trust,257085,39516,1.33M,204.74K,+18.2%,<.01%
48251W104,KKR,KKR & Co Inc,16271,4409,755K,204.58K,+37.2%,<.01%
723762100,XPMAX,Pioneer Municipal High Income Advantage,146842,25101,1.19M,203.25K,+20.6%,<.01%
617446448,MS,Morgan Stanley,32685,2382,2.78M,202.53K,+7.9%,<.01%
11133T103,BR,Broadridge Financial Solutions Inc,1508,1508,202K,202K,NEW,<.01%
50202P105,,Li-Cycle Holdings Corp,465994,42148,2.22M,200.61K,+9.9%,<.01%
46133G107,IQI,Invesco Quality Municipal Income Trust,291437,21293,2.75M,200.56K,+7.9%,<.01%
770700102,HOOD,Robinhood Markets Inc,87176,24514,710K,199.65K,+39.1%,<.01%
100557107,SAM,Boston Beer Co Inc/The,601,601,198K,198K,NEW,<.01%
68571X301,ORC,Orchid Island Capital Inc,197225,18855,2.07M,197.99K,+10.6%,<.01%
30225T102,EXR,Extra Space Storage Inc,46840,1345,6.89M,197.96K,+3%,0.02%
746922103,PMO,Putnam Municipal Opportunities Trust,109100,18170,1.18M,197.19K,+20%,<.01%
292671708,UUUU,Energy Fuels Inc/Canada,215402,31701,1.34M,196.62K,+17.3%,<.01%
655664100,JWN,Nordstrom Inc,12121,12121,196K,196K,NEW,<.01%
759509102,RS,Reliance Steel & Aluminum Co,25699,965,5.2M,195.37K,+3.9%,0.01%
88146M101,TRNO,Terreno Realty Corp,7708,3423,438K,194.51K,+79.9%,<.01%
143658300,CCL,Carnival Corp,114069,23561,919K,189.82K,+26%,<.01%
133131102,CPT,Camden Property Trust,31131,1694,3.48M,189.53K,+5.8%,<.01%
30212P303,EXPE,Expedia Group Inc,2153,2153,189K,189K,NEW,<.01%
457730109,INSP,Inspire Medical Systems Inc,746,746,188K,188K,NEW,<.01%
83175M205,SNN,Smith & Nephew PLC,6985,6985,188K,188K,NEW,<.01%
14040H105,COF,Capital One Financial Corp,21334,2014,1.98M,187.2K,+10.4%,<.01%
45778Q107,NSP,Insperity Inc,1641,1641,186K,186K,NEW,<.01%
229663109,CUBE,CubeSmart,60917,4602,2.45M,185.24K,+8.2%,<.01%
101137206,,BOSTON SCIENTIFIC CORP,158737,1613,18.23M,185.2K,+1%,0.05%
746823103,PMM,Putnam Managed Municipal Income Trust,182567,29149,1.15M,183.13K,+19%,<.01%
H2906T109,GRMN,Garmin Ltd,20224,1951,1.87M,180.11K,+10.7%,<.01%
44951Y102,,Hyzon Motors Inc,559859,114925,868K,178.18K,+25.8%,<.01%
670695105,NUW,Nuveen AMT-Free Municipal Value Fund,95221,13075,1.3M,177.96K,+15.9%,<.01%
419870100,HE,Hawaiian Electric Industries Inc,28839,4227,1.21M,176.91K,+17.2%,<.01%
222795502,CUZ,Cousins Properties Inc,15754,6997,398K,176.77K,+79.9%,<.01%
59522J103,MAA,Mid-America Apartment Communities Inc,39936,1123,6.27M,176.31K,+2.9%,0.02%
679580100,ODFL,Old Dominion Freight Line Inc,13617,618,3.86M,175.37K,+4.8%,<.01%
62944T105,NVR,NVR Inc,533,38,2.46M,175.31K,+7.7%,<.01%
71844V201,PECO,Phillips Edison & Co Inc,12149,5396,387K,171.89K,+79.9%,<.01%
092113109,BKH,Black Hills Corp,15546,2427,1.09M,170.79K,+18.5%,<.01%
00130H204,,AES Corp/The,164543,1672,16.79M,170.56K,+1%,0.04%
52661A108,DRS,Leonardo DRS Inc,14122,14122,170K,170K,NEW,<.01%
53223X107,,Life Storage Inc,23000,1722,2.27M,169.65K,+8.1%,<.01%
11135B100,,Broadmark Realty Capital Inc,681310,47618,2.42M,169.49K,+7.5%,<.01%
376546107,GAIN,Gladstone Investment Corp,449926,12859,5.81M,166.02K,+2.9%,0.02%
23804L103,DDOG,Datadog Inc,2259,2259,166K,166K,NEW,<.01%
668074305,NWE,NorthWestern Corp,14173,2795,841K,165.85K,+24.6%,<.01%
69318G106,PBF,PBF Energy Inc,29181,4064,1.19M,165.73K,+16.2%,<.01%
101121101,BXP,BOSTON PROPERTIES INC,48315,2425,3.27M,163.88K,+5.3%,<.01%
652526203,NEWT,NewtekOne Inc,330655,10069,5.37M,163.62K,+3.1%,0.01%
736508847,POR,Portland General Electric Co,21397,3340,1.05M,163.59K,+18.5%,<.01%
896945201,TRIP,TripAdvisor Inc,9000,9000,162K,162K,NEW,<.01%
27829L105,EOT,Eaton Vance National Municipal Opportun,67597,9740,1.11M,160.08K,+16.8%,<.01%
G3323L100,FN,Fabrinet,1251,1251,160K,160K,NEW,<.01%
09250B103,BTA,Blackrock Long-Term Municipal Advantage,51524,16915,484K,158.89K,+48.9%,<.01%
03784Y200,APLE,Apple Hospitality REIT Inc,22310,9908,352K,156.33K,+79.9%,<.01%
71943U104,,Physicians Realty Trust,23638,10669,342K,154.36K,+82.3%,<.01%
297178105,ESS,Essex Property Trust Inc,23110,728,4.9M,154.26K,+3.3%,0.01%
36168Q104,GFL,GFL Environmental Inc,92870,5246,2.71M,153.36K,+6%,<.01%
15135B101,CNC,Centene Corp,7595,1868,623K,153.23K,+32.6%,<.01%
29472R108,ELS,Equity LifeStyle Properties Inc,56817,2368,3.67M,152.96K,+4.3%,<.01%
758849103,REG,Regency Centers Corp,56282,2433,3.52M,152.08K,+4.5%,<.01%
68235P108,OGS,ONE Gas Inc,12859,2007,974K,152.02K,+18.5%,<.01%
29670E107,EPRT,Essential Properties Realty Trust Inc,14577,6474,342K,151.89K,+79.9%,<.01%
875372203,TNDM,Tandem Diabetes Care Inc,4197,3366,189K,151.58K,+405.1%,<.01%
38068T105,GORO,Gold Resource Corp,4455083,98785,6.82M,151.13K,+2.3%,0.02%
143130102,KMX,CARMAX INC,2442,2442,149K,149K,NEW,<.01%
902653104,UDR,UDR INC,108732,3780,4.21M,146.39K,+3.6%,0.01%
337738108,FISV,Fiserv Inc,35557,1448,3.59M,146.36K,+4.2%,<.01%
13100M509,CALX,Calix Inc,2138,2138,146K,146K,NEW,<.01%
770323103,RHI,Robert Half International Inc,20896,1953,1.54M,144.21K,+10.3%,<.01%
65473P121,,NiSource Inc,136067,1383,14.05M,142.81K,+1%,0.04%
36168Q120,,GFL Environmental Inc,184871,2200,11.96M,142.31K,+1.2%,0.03%
11275Q107,BIPC.TO,Brookfield Infrastructure Corp,23452,3661,911K,142.21K,+18.5%,<.01%
637870106,NSA,National Storage Affiliates Trust,8856,3933,320K,142.11K,+79.9%,<.01%
02557T307,,American Electric Power Co Inc,268191,2725,13.83M,140.55K,+1%,0.04%
78454L100,SM,SM Energy Co,4018,4018,140K,140K,NEW,<.01%
72200R107,PMF,PIMCO Municipal Income Fund,76115,13312,794K,138.87K,+21.2%,<.01%
018522300,ALE,ALLETE Inc,13709,2140,884K,137.99K,+18.5%,<.01%
681936100,OHI,Omega Healthcare Investors Inc,63728,4888,1.78M,136.6K,+8.3%,<.01%
58463J304,MPT,Medical Properties Trust Inc,162112,12188,1.81M,135.78K,+8.1%,<.01%
387437114,,Granite Real Estate Investment Trust,6232,2660,318K,135.73K,+74.5%,<.01%
11135E203,BNL,Broadstone Net Lease Inc,17946,8330,291K,135.07K,+86.6%,<.01%
22002T108,CDP,Corporate Office Properties Trust,11683,5189,303K,134.58K,+79.9%,<.01%
431284108,HIW,Highwoods Properties Inc,10836,4812,303K,134.55K,+79.9%,<.01%
69047Q102,OVV,Ovintiv Inc,6519,2649,330K,134.1K,+68.4%,<.01%
05379B107,AVA,Avista Corp,17644,3025,782K,134.07K,+20.7%,<.01%
00402L107,ASO,Academy Sports & Outdoors Inc,2557,2557,134K,134K,NEW,<.01%
199908104,FIX,Comfort Systems USA Inc,1163,1163,134K,134K,NEW,<.01%
029899101,AWR,American States Water Co,9218,1433,853K,132.6K,+18.4%,<.01%
78573L106,SBRA,Sabra Health Care REIT Inc,23935,10630,298K,132.35K,+79.9%,<.01%
436893200,HOMB,Home Bancshares Inc/AR,5800,5800,132K,132K,NEW,<.01%
84857L101,SR,Spire Inc,12193,1904,840K,131.17K,+18.5%,<.01%
27829U105,ETX,Eaton Vance Municipal Income 2028 Term,35669,7354,636K,131.13K,+26%,<.01%
513847103,MZTI,Lancaster Colony Corp,660,660,130K,130K,NEW,<.01%
45781V101,IIPR,Innovative Industrial Properties Inc,2880,1279,292K,129.68K,+79.9%,<.01%
26884U109,EPR,EPR Properties,7723,3430,291K,129.24K,+79.9%,<.01%
N53745100,LYB,LyondellBasell Industries NV,38927,1553,3.23M,128.94K,+4.2%,<.01%
02665T306,AMH,American Homes 4 Rent,99059,4275,2.99M,128.86K,+4.5%,<.01%
379577208,GMED,Globus Medical Inc,4631,1732,344K,128.66K,+59.7%,<.01%
42250P103,DOC,Healthpeak Properties Inc,190321,5131,4.77M,128.62K,+2.8%,0.01%
130788102,CWT,California Water Service Group,13556,2117,822K,128.37K,+18.5%,<.01%
05465P101,AXNX,Axonics Inc,2054,2054,128K,128K,NEW,<.01%
G65431127,NE,Noble Corp PLC,3332,3332,126K,126K,NEW,<.01%
007800105,,Aerojet Rocketdyne Holdings Inc,2241,2241,125K,125K,NEW,<.01%
86800U104,SUPER,Super Micro Computer Inc,1526,1526,125K,125K,NEW,<.01%
15643U104,LEU,USEC INC,15227,3820,495K,124.18K,+33.5%,<.01%
670704105,,NUVASIVE INC,3011,3011,124K,124K,NEW,<.01%
529043101,LXP,LXP Industrial Trust,28219,12295,283K,123.3K,+77.2%,<.01%
29415B103,EVA,Enviva Inc,2330,2330,123K,123K,NEW,<.01%
42226K105,HR,Healthcare Realty Trust Inc,112625,6383,2.17M,122.98K,+6%,<.01%
46132X101,OIA,Invesco Municipal Income Opportunities,167373,19710,1.04M,122.94K,+13.3%,<.01%
82981J109,,SITE Centers Corp,20198,8971,276K,122.59K,+79.9%,<.01%
25960P109,DEI,Douglas Emmett Inc,17631,7830,276K,122.57K,+79.9%,<.01%
700517105,PK,Park Hotels & Resorts Inc,23250,10326,274K,121.69K,+79.9%,<.01%
44812T102,,Hut 8 Mining Corp,1503279,142674,1.28M,121.29K,+10.5%,<.01%
49446R109,KIM,Kimco Realty Corp,211676,5672,4.48M,120.12K,+2.8%,0.01%
294628102,EQC,Equity Commonwealth,10868,4727,271K,117.87K,+77%,<.01%
57636Q104,MA,Mastercard Inc,136330,337,47.41M,117.18K,+0.2%,0.12%
314211103,FHI,Federated Hermes Inc,5042,3179,183K,115.38K,+170.6%,<.01%
90984P303,UCB,United Community Banks Inc/GA,3391,3391,115K,115K,NEW,<.01%
05351W103,AGR,Avangrid Inc,17999,2661,774K,114.43K,+17.3%,<.01%
55272X607,MFA,MFA Financial Inc,402332,11584,3.96M,114.1K,+3%,0.01%
46431W614,,iShares Gold Strategy ETF,11127,2056,609K,112.53K,+22.7%,<.01%
377322102,GKOS,Glaukos Corp,2575,2575,112K,112K,NEW,<.01%
554382101,MAC,Macerich Co/The,22336,9920,252K,111.92K,+79.9%,<.01%
126600105,CVBF,CVB Financial Corp,4302,4302,111K,111K,NEW,<.01%
254543101,DIOD,Diodes Inc,1440,1440,110K,110K,NEW,<.01%
353514102,FELE,Franklin Electric Co Inc,1731,1378,138K,109.86K,+390.4%,<.01%
69349H107,TXNM,PNM Resources Inc,69380,2249,3.38M,109.73K,+3.4%,<.01%
09253T101,MVT,BlackRock MuniVest Fund II Inc,119150,10427,1.25M,108.95K,+9.6%,<.01%
59318D104,CXE,MFS High Income Municipal Trust,194210,31105,678K,108.59K,+19.1%,<.01%
32054K103,FR,First Industrial Realty Trust Inc,39184,2210,1.89M,106.65K,+6%,<.01%
64157F103,NVRO,Nevro Corp,2644,2644,105K,105K,NEW,<.01%
801056102,SANM,Sanmina-SCI Corp,1826,1826,105K,105K,NEW,<.01%
23918K108,DVA,DaVita Inc,2870,1392,214K,103.79K,+94.2%,<.01%
35086T109,FCPT,Four Corners Property Trust Inc,8676,3993,225K,103.55K,+85.3%,<.01%
96145D105,,Westrock Co,9755,2936,343K,103.23K,+43.1%,<.01%
03938L203,MT,ArcelorMittal SA,192071,3930,5.04M,103.04K,+2.1%,0.01%
313745101,FRT,Federal Realty Investment Trust,26046,1015,2.63M,102.57K,+4.1%,<.01%
723760104,MIO,Pioneer Municipal High Income Opportuni,105586,9521,1.12M,101.35K,+9.9%,<.01%
715684106,TLK,Telkom Indonesia Persero Tbk PT,92361,4234,2.2M,100.99K,+4.8%,<.01%
55405Y100,MTSI,MACOM Technology Solutions Holdings Inc,1593,1593,100K,100K,NEW,<.01%
78440X887,SLG,SL Green Realty Corp,6677,2965,225K,99.91K,+79.9%,<.01%
M87915274,TSEM,Tower Semiconductor Ltd,32715,2260,1.41M,97.61K,+7.4%,<.01%
63633D104,NHI,National Health Investors Inc,4331,1853,226K,96.69K,+74.8%,<.01%
55277P104,MGEE,MGE Energy Inc,8705,1359,613K,95.7K,+18.5%,<.01%
45826H109,ITGR,Integer Holdings Corp,1392,1392,95K,95K,NEW,<.01%
852312305,STAA,STAAR Surgical Co,1956,1956,95K,95K,NEW,<.01%
98156Q108,,World Wrestling Entertainment Inc,1389,1389,95K,95K,NEW,<.01%
867892101,SHO,Sunstone Hotel Investors Inc,21997,9769,212K,94.15K,+79.9%,<.01%
46590V100,JBGS,JBG SMITH Properties,11144,4949,212K,94.15K,+79.9%,<.01%
38141G104,GS,Goldman Sachs Group Inc/The,1409,270,484K,92.75K,+23.7%,<.01%
09857L108,BKNG,Booking Holdings Inc,1130,46,2.28M,92.69K,+4.2%,<.01%
26875P101,EOG,EOG Resources Inc,9491,711,1.23M,92.07K,+8.1%,<.01%
056525108,BMI,Badger Meter Inc,8745,833,953K,90.78K,+10.5%,<.01%
92343X100,VRNT,Verint Systems Inc,14157,2486,514K,90.26K,+21.3%,<.01%
G0457F107,ARCO,Arcos Dorados Holdings Inc,64014,10724,535K,89.63K,+20.1%,<.01%
015857873,,Algonquin Power & Utilities Corp,362846,3686,8.66M,87.98K,+1%,0.02%
695156109,PKG,Packaging Corp of America,13383,687,1.71M,87.88K,+5.4%,<.01%
838518306,,South Jersey Industries Inc,105886,1261,7.31M,87.03K,+1.2%,0.02%
89612W102,,Tricon Residential Inc,25300,11236,195K,86.6K,+79.9%,<.01%
72201A103,XPMQX,PIMCO Municipal Income Fund III,93624,9913,815K,86.29K,+11.8%,<.01%
489398107,KW,Kennedy-Wilson Holdings Inc,12246,5439,193K,85.72K,+79.9%,<.01%
784305104,HTO,SJW Group,6745,1050,547K,85.15K,+18.4%,<.01%
29414B104,EPAM,EPAM Systems Inc,6549,257,2.15M,84.21K,+4.1%,<.01%
875465106,SKT,Tanger Factory Outlet Centers Inc,10515,4670,189K,83.94K,+79.9%,<.01%
76131N101,ROIC,Retail Opportunity Investments Corp,12506,5554,188K,83.49K,+79.9%,<.01%
19260Q107,COIN,Coinbase Global Inc,106349,2355,3.76M,83.35K,+2.3%,<.01%
14174T107,CTRE,CareTrust REIT Inc,10014,4448,186K,82.62K,+79.9%,<.01%
92189F437,ANGL,VanEck Fallen Angel High Yield Bond ETF,3612,2991,98K,81.15K,+481.6%,<.01%
911312106,UPS,United Parcel Service Inc,11204,461,1.95M,80.15K,+4.3%,<.01%
70509V100,PEB,Pebblebrook Hotel Trust,13470,5983,180K,79.95K,+79.9%,<.01%
252784301,DRH,DiamondRock Hospitality Co,21751,9660,178K,79.05K,+79.9%,<.01%
19239V302,CCOI,Cogent Communications Holdings Inc,10213,1382,583K,78.89K,+15.6%,<.01%
98419M100,XYL,Xylem Inc/NY,8052,710,890K,78.48K,+9.7%,<.01%
101137107,BSX,BOSTON SCIENTIFIC CORP,55187,1692,2.55M,78.3K,+3.2%,<.01%
74965L101,RLJ,RLJ Lodging Trust,16632,7386,176K,78.16K,+79.9%,<.01%
384802104,GWW,WW Grainger Inc,8220,139,4.57M,77.31K,+1.7%,0.01%
H1467J104,CB,Chubb Ltd,10395,348,2.29M,76.76K,+3.5%,<.01%
45378A106,IRT,Independence Realty Trust Inc,65723,4547,1.11M,76.66K,+7.4%,<.01%
92189H102,DURA,VanEck Durable High Dividend ETF,152770,2396,4.87M,76.4K,+1.6%,0.01%
68404L201,OPCH,OPTION CARE HEALTH INC,8916,2519,268K,75.72K,+39.4%,<.01%
75524B203,,RBC Bearings Inc,72569,737,7.44M,75.6K,+1%,0.02%
194162103,CL,Colgate-Palmolive Co,30069,956,2.37M,75.32K,+3.3%,<.01%
136385101,CNQ,Canadian Natural Resources Ltd,18303,1345,1.02M,74.66K,+7.9%,<.01%
91704F104,UE,Urban Edge Properties,11865,5269,167K,74.16K,+79.9%,<.01%
46124J201,IVT,InvenTrust Properties Corp,7027,3121,166K,73.73K,+79.9%,<.01%
68389X105,ORCL,Oracle Corp,29084,892,2.38M,72.9K,+3.2%,<.01%
742718109,PG,Procter & Gamble Co/The,14350,480,2.17M,72.75K,+3.5%,<.01%
693475105,PNC,PNC Financial Services Group Inc/The,12882,453,2.04M,71.56K,+3.6%,<.01%
33830Q109,FEAM,5E Advanced Materials Inc,347740,9080,2.74M,71.55K,+2.7%,<.01%
939653101,ELME,Elme Communities,9065,4026,161K,71.5K,+79.9%,<.01%
05589T104,DMF,BNY Mellon Municipal Income Inc,130650,11333,818K,70.96K,+9.5%,<.01%
075887109,BDX,Becton Dickinson and Co,9072,279,2.31M,70.95K,+3.2%,<.01%
311900104,FAST,Fastenal Co,81530,1488,3.86M,70.41K,+1.9%,<.01%
984017103,XHR,Xenia Hotels & Resorts Inc,11862,5268,156K,69.28K,+79.9%,<.01%
445658107,JBHT,JB Hunt Transport Services Inc,10287,387,1.79M,67.49K,+3.9%,<.01%
374297109,GTY,Getty Realty Corp,4374,1942,148K,65.71K,+79.9%,<.01%
502175102,LTC,LTC Properties Inc,4144,1840,147K,65.27K,+79.9%,<.01%
063671101,BMO,Bank of Montreal,19682,721,1.78M,65.24K,+3.8%,<.01%
74762E102,PWR,Quanta Services Inc,1911,451,272K,64.19K,+30.9%,<.01%
070830104,BBWI,Bath & Body Works Inc,22883,1508,964K,63.53K,+7.1%,<.01%
554489104,VRE,VERIS RESIDENTIAL INC,8932,3967,142K,63.07K,+79.9%,<.01%
M6191J100,FROG,JFrog Ltd,22454,2943,479K,62.78K,+15.1%,<.01%
014491104,ALEX,Alexander & Baldwin Inc,7511,3336,141K,62.62K,+79.9%,<.01%
70451X104,PAYO,Payoneer Global Inc,60586,11430,331K,62.45K,+23.3%,<.01%
803607100,SRPT,Sarepta Therapeutics Inc,1634,480,212K,62.28K,+41.6%,<.01%
444097109,HPP,Hudson Pacific Properties Inc,14351,6374,140K,62.18K,+79.9%,<.01%
004239109,AKR,Acadia Realty Trust,9660,4290,139K,61.73K,+79.9%,<.01%
66765N105,NWN,Northwest Natural Holding Co,8291,1294,395K,61.65K,+18.5%,<.01%
494368103,KMB,Kimberly-Clark Corp,8457,449,1.15M,60.95K,+5.6%,<.01%
024013104,AAT,American Assets Trust Inc,5121,2275,136K,60.42K,+79.9%,<.01%
379378201,GNL,Global Net Lease Inc,10806,4799,136K,60.4K,+79.9%,<.01%
27616P103,DEA,Easterly Government Properties Inc,9454,4199,135K,59.96K,+79.9%,<.01%
984245100,YPF,YPF SA,6375,6375,59K,59K,NEW,<.01%
98422D105,XPEV,XPeng Inc,224182,5936,2.23M,58.99K,+2.7%,<.01%
833445109,SNOW,Snowflake Inc,19553,409,2.81M,58.69K,+2.1%,<.01%
00788A105,,Advent Technologies Holdings Inc,170072,32322,308K,58.54K,+23.5%,<.01%
91307C102,UTHR,United Therapeutics Corp,1540,208,428K,57.81K,+15.6%,<.01%
147448104,CWST,Casella Waste Systems Inc,30845,728,2.45M,57.73K,+2.4%,<.01%
243537107,DECK,DECKERS OUTDOOR CORP,992,143,396K,57.08K,+16.8%,<.01%
92534K107,VRTX,Vertex Energy Inc,238196,9120,1.48M,56.55K,+4%,<.01%
81761L102,SVC,Service Properties Trust,17032,7564,124K,55.07K,+79.9%,<.01%
90353T100,UBER,Uber Technologies Inc,17173,2200,425K,54.45K,+14.7%,<.01%
717081103,PFE,Pfizer Inc,1517120,1062,77.74M,54.42K,+0.1%,0.2%
30050B101,EVH,Evolent Health Inc,1937,1937,54K,54K,NEW,<.01%
M7S64H106,MNDY,Monday.com Ltd,5181,439,632K,53.55K,+9.3%,<.01%
644393100,NFE,New Fortress Energy Inc,2357,1237,100K,52.48K,+110.4%,<.01%
89455T109,TMCI,Treace Medical Concepts Inc,2274,2274,52K,52K,NEW,<.01%
G29183103,ETN,Eaton Corp PLC,6248,331,981K,51.97K,+5.6%,<.01%
720190206,PDM,Piedmont Office Realty Trust Inc,12747,5661,117K,51.96K,+79.9%,<.01%
00653Q102,AHCO,AdaptHealth Corp,13322,2683,256K,51.56K,+25.2%,<.01%
446150104,HBAN,Huntington Bancshares Inc/OH,41128,3652,580K,51.5K,+9.7%,<.01%
7591EP100,RF,Regions Financial Corp,26647,2313,575K,49.91K,+9.5%,<.01%
929042109,VNO,Vornado Realty Trust,56161,2396,1.17M,49.87K,+4.5%,<.01%
69924R108,PGRE,Paramount Group Inc,19420,8353,115K,49.46K,+75.5%,<.01%
03748R747,AIV,Apartment Investment and Management Co,15530,6897,111K,49.3K,+79.9%,<.01%
74965L200,RLJPA,RLJ Lodging Trust,203194,2065,4.83M,49.13K,+1%,0.01%
082490103,,Benson Hill Inc,1315670,19153,3.35M,48.83K,+1.5%,<.01%
64124P101,NBH,Neuberger Berman Municipal Fund Inc,100556,4645,1.05M,48.41K,+4.8%,<.01%
105368203,BDN,Brandywine Realty Trust,17601,7817,108K,47.97K,+79.9%,<.01%
941848103,WAT,Waters Corp,1708,139,585K,47.61K,+8.9%,<.01%
235851102,DHR,Danaher Corp,12045,171,3.2M,45.39K,+1.4%,<.01%
65341D102,NXRT,NexPoint Residential Trust Inc,2347,1042,102K,45.29K,+79.8%,<.01%
G7T16G103,SPNS,Sapiens International Corp NV,9747,2435,180K,44.97K,+33.3%,<.01%
92189F445,IHY,VanEck International High Yield Bond ET,2694,2279,53K,44.84K,+549.2%,<.01%
20441A102,SBS,Cia de Saneamento Basico do Estado de S,7286,4150,78K,44.43K,+132.3%,<.01%
78573M203,,Sabre Corp,51903,527,4.37M,44.36K,+1%,0.01%
78645L100,,Safehold Inc,2793,1541,80K,44.14K,+123.1%,<.01%
128030202,CALM,Cal-Maine Foods Inc,6518,807,355K,43.95K,+14.1%,<.01%
15234Q207,AXIAY,Centrais Eletricas Brasileiras SA,551877,5507,4.38M,43.67K,+1%,0.01%
737630103,PCH,PotlatchDeltic Corp,4794,976,211K,42.96K,+25.6%,<.01%
460690100,IPG,Interpublic Group of Cos Inc/The,42822,1269,1.43M,42.26K,+3.1%,<.01%
500754106,KHC,Kraft Heinz Co/The,51207,1030,2.08M,41.94K,+2.1%,<.01%
42824C109,HPE,Hewlett Packard Enterprise Co,61786,2575,986K,41.09K,+4.3%,<.01%
942622200,WSO,watsco inc,1250,164,312K,40.93K,+15.1%,<.01%
353469109,FC,Franklin Covey Co,5478,874,256K,40.84K,+19%,<.01%
292104106,ESRT,Empire State Realty Trust Inc,13796,6022,93K,40.59K,+77.5%,<.01%
64119V303,NTST,NETSTREIT Corp,5715,2202,105K,40.46K,+62.7%,<.01%
15202L107,CSR,Centerspace,1562,677,92K,39.87K,+76.5%,<.01%
92189F411,BIZD,VanEck BDC Income ETF,3408,2822,48K,39.75K,+481.6%,<.01%
92556H305,,Paramount Global,157759,1603,3.91M,39.71K,+1%,0.01%
24703L202,DELL,Dell Technologies Inc,7868,979,316K,39.32K,+14.2%,<.01%
74971D101,,RPT Realty,8761,3891,88K,39.08K,+79.9%,<.01%
20369C106,CHCT,Community Healthcare Trust Inc,2459,1092,88K,39.08K,+79.9%,<.01%
92189F429,PFXF,VanEck Preferred Securities ex Financia,2822,2337,47K,38.92K,+481.9%,<.01%
91325V108,UNIT,Uniti Group Inc,44900,7010,248K,38.72K,+18.5%,<.01%
535555106,LNN,Lindsay Corp,2462,235,401K,38.28K,+10.6%,<.01%
913903100,UHS,Universal Health Services Inc,1126,269,159K,37.98K,+31.4%,<.01%
032095101,APH,Amphenol Corp,68862,482,5.24M,36.7K,+0.7%,0.01%
58506Q109,MEDP,Medpace Holdings Inc,1039,172,221K,36.59K,+19.8%,<.01%
05501U106,AZULQ,Azul SA,65123,5961,398K,36.43K,+10.1%,<.01%
02607T109,,Necessity Retail REIT Inc/The,13858,6155,82K,36.42K,+79.9%,<.01%
89417E109,TRV,Travelers Cos Inc/The,3632,194,681K,36.38K,+5.6%,<.01%
04208T108,AHRT,Armada Hoffler Properties Inc,6959,3091,80K,35.53K,+79.9%,<.01%
16119P108,CHTR,Charter Communications Inc,3764,103,1.28M,34.92K,+2.8%,<.01%
27579R104,EWBC,East West Bancorp Inc,4741,530,312K,34.88K,+12.6%,<.01%
866082100,INN,Summit Hotel Properties Inc,10862,4824,78K,34.64K,+79.9%,<.01%
28414H202,,Elanco Animal Health Inc,173535,1763,3.39M,34.43K,+1%,<.01%
803866300,SSL,Sasol Ltd,39389,2108,619K,33.13K,+5.7%,<.01%
058498106,BALL,Ball Corp,11446,636,585K,32.51K,+5.9%,<.01%
817070501,SENEA,Seneca Foods Corp,530,530,32K,32K,NEW,<.01%
902681105,UGI,UGI Corp,6438,864,238K,31.94K,+15.5%,<.01%
74051N102,PINC,Premier Inc,2685,906,94K,31.72K,+50.9%,<.01%
65341B106,XIFR,NextEra Energy Partners LP,1179,449,83K,31.61K,+61.5%,<.01%
683715106,OTEX,Open Text Corp,6671,1011,197K,29.86K,+17.9%,<.01%
867224107,SU,Suncor Energy Inc,22119,931,702K,29.55K,+4.4%,<.01%
V5633W109,MMYT,MakeMyTrip Ltd,11731,1069,323K,29.43K,+10%,<.01%
72815L107,PLTK,Playtika Holding Corp,24501,3439,209K,29.34K,+16.3%,<.01%
67623C109,OPI,Office Properties Income Trust,4970,2207,66K,29.31K,+79.9%,<.01%
33813J106,FSRNQ,Fisker Inc,59273,3926,431K,28.55K,+7.1%,<.01%
087266J10,,TPI Composites Inc,2718,2718,28K,28K,NEW,<.01%
91359E105,UHT,Universal Health Realty Income Trust,1329,590,63K,27.97K,+79.8%,<.01%
02319V103,ABEV,AMBEV SA,496295,9715,1.35M,26.43K,+2%,<.01%
957638109,WAL,Western Alliance Bancorp,3559,440,212K,26.21K,+14.1%,<.01%
78709Y105,SAIA,Saia Inc,956,125,200K,26.15K,+15%,<.01%
026874784,AIG,American International Group Inc,7939,411,502K,25.99K,+5.5%,<.01%
114340102,AZTA,Azenta Inc,1516,442,88K,25.66K,+41.2%,<.01%
34964C106,FBIN,Fortune Brands Innovations Inc,15102,444,862K,25.34K,+3%,<.01%
87161C501,SNV,Synovus Financial Corp,4786,673,180K,25.31K,+16.4%,<.01%
533900106,LECO,Lincoln Electric Holdings Inc,2049,173,296K,24.99K,+9.2%,<.01%
63008G203,NNDM,Nano Dimension Ltd,84407,10700,194K,24.59K,+14.5%,<.01%
460146103,IP,International Paper Co,10626,709,368K,24.55K,+7.1%,<.01%
31154R109,FPI,Farmland Partners Inc,3562,1985,44K,24.52K,+125.9%,<.01%
553530106,MSM,MSC Industrial Direct Co Inc,2890,298,237K,24.44K,+11.5%,<.01%
989701107,ZION,Zions Bancorporation,4745,492,233K,24.16K,+11.6%,<.01%
55306N104,MKSI,MKS Instruments Inc,1920,284,163K,24.11K,+17.4%,<.01%
116794108,BRKR,Bruker Corp,3176,349,217K,23.85K,+12.3%,<.01%
74758T303,QLYS,Qualys Inc,1284,211,144K,23.66K,+19.7%,<.01%
30214U102,EXPO,Exponent Inc,1953,237,194K,23.54K,+13.8%,<.01%
89531P105,TREX,Trex Co Inc,4772,552,202K,23.37K,+13.1%,<.01%
501889208,LKQ,LKQ Corp,7434,437,397K,23.34K,+6.2%,<.01%
35952H601,FCEL,FuelCell Energy Inc,143605,8211,399K,22.81K,+6.1%,<.01%
49714P108,KNSL,Kinsale Capital Group Inc,794,86,208K,22.53K,+12.1%,<.01%
844895102,SWX,Southwest Gas Holdings Inc,348,348,22K,22K,NEW,<.01%
723763108,MHI,Pioneer Municipal High Income Fund Trus,129850,2563,1.11M,21.99K,+2%,<.01%
92189F353,HYEM,VanEck Emerging Markets High Yield Bond,1426,1201,26K,21.9K,+533.8%,<.01%
92766K106,SPCE.MX,Virgin Galactic Holdings Inc,60252,6225,210K,21.7K,+11.5%,<.01%
32020R109,FFIN,First Financial Bankshares Inc,4451,627,153K,21.55K,+16.4%,<.01%
15135U109,CVE,Cenovus Energy Inc,22369,1085,434K,21.05K,+5.1%,<.01%
942749102,WTS,WATTS WATER TECHNOLOGIES INC,1211,144,177K,21.05K,+13.5%,<.01%
92189H300,EMLC,VanEck J.P. Morgan EM Local Currency,1052,881,25K,20.94K,+515.2%,<.01%
302081104,EXLS,ExlService Holdings Inc,1080,123,183K,20.84K,+12.9%,<.01%
04280A100,ARWR,Arrowhead Pharmaceuticals Inc,2086,511,85K,20.82K,+32.4%,<.01%
001744101,AMN,AMN Healthcare Services Inc,1585,202,163K,20.77K,+14.6%,<.01%
81725T100,SXT,Sensient Technologies Corp,3481,277,254K,20.21K,+8.6%,<.01%
629377508,NRG,NRG ENERGY INC,2718,638,86K,20.19K,+30.7%,<.01%
68269G107,,1Life Healthcare Inc,3423,1210,57K,20.15K,+54.7%,<.01%
388689101,GPK,Graphic Packaging Holding Co,9152,903,204K,20.13K,+10.9%,<.01%
G3198U102,ESNT,Essent Group Ltd,3796,515,148K,20.08K,+15.7%,<.01%
739276103,POWI,Power Integrations Inc,2099,279,151K,20.07K,+15.3%,<.01%
90278Q108,UFPI,UFP Industries Inc,2287,253,181K,20.02K,+12.4%,<.01%
09739D100,BCC,Boise Cascade Co,2680,286,184K,19.64K,+11.9%,<.01%
98980F104,GTM,ZoomInfo Technologies Inc,7478,650,225K,19.56K,+9.5%,<.01%
515098101,LSTR,Landstar System Inc,1496,118,244K,19.25K,+8.6%,<.01%
922280102,VRNS,Varonis Systems Inc,24677,800,591K,19.16K,+3.4%,<.01%
89055F103,BLD,TopBuild Corp,1035,122,162K,19.1K,+13.4%,<.01%
172755100,CRUS,CIRRUS LOGIC INC,1959,255,146K,19K,+15%,<.01%
615369105,MCO,Moody's Corp,45777,68,12.76M,18.95K,+0.1%,0.03%
829073105,SSD,Simpson Manufacturing Co Inc,1649,208,146K,18.42K,+14.4%,<.01%
743606105,PB,Prosperity Bancshares Inc,2861,251,208K,18.25K,+9.6%,<.01%
31620R303,FNF,Fidelity National Financial Inc,32833,473,1.24M,17.79K,+1.5%,<.01%
18539C204,CWEN,Clearway Energy Inc,1289,552,41K,17.56K,+74.9%,<.01%
82982L103,SITE,SiteOne Landscape Supply Inc,1489,149,175K,17.51K,+11.1%,<.01%
231561101,CW,Curtiss-Wright Corp,1148,103,192K,17.23K,+9.9%,<.01%
03820C105,AIT,Applied Industrial Technologies Inc,1249,135,157K,16.97K,+12.1%,<.01%
617700109,MORN,Morningstar Inc,806,78,175K,16.94K,+10.7%,<.01%
538146101,LPSN,LivePerson Inc,14565,1637,148K,16.63K,+12.7%,<.01%
37637Q105,GBCI,Glacier Bancorp Inc,3350,327,166K,16.2K,+10.8%,<.01%
885160101,THO,Thor Industries Inc,1890,213,143K,16.12K,+12.7%,<.01%
000380204,,Abcam PLC,3536,1035,55K,16.1K,+41.4%,<.01%
07373V105,BEAM,Beam Therapeutics Inc,1124,408,44K,15.97K,+57%,<.01%
624756102,MLI,Mueller Industries Inc,2087,270,123K,15.91K,+14.9%,<.01%
810186106,SMG,Scotts Miracle-Gro Co/The,2881,322,140K,15.65K,+12.6%,<.01%
M85548101,SSYS,Stratasys Ltd,18492,1308,219K,15.49K,+7.6%,<.01%
465741106,ITRI,Itron Inc,712,303,36K,15.32K,+74.1%,<.01%
911163103,UNFI,United Natural Foods Inc,5314,395,206K,15.31K,+8%,<.01%
441593100,HLI,Houlihan Lokey Inc,1979,176,172K,15.3K,+9.8%,<.01%
302941109,FCN,FTI CONSULTING INC,1052,96,167K,15.24K,+10%,<.01%
754907103,RYN,RAYONIER INC,4373,459,144K,15.11K,+11.7%,<.01%
G4474Y214,JHG,Janus Henderson Group PLC,12114,635,285K,14.94K,+5.5%,<.01%
68213N109,OMCL,Omnicell Inc,855,296,43K,14.89K,+53%,<.01%
45765U103,NSIT,Insight Enterprises Inc,1161,148,116K,14.79K,+14.6%,<.01%
134429109,CPB,Campbell Soup Co,4220,261,239K,14.78K,+6.6%,<.01%
88557W101,QFIN,360 DigiTech Inc,4225,722,86K,14.7K,+20.6%,<.01%
09627Y109,BPMC,Blueprint Medicines Corp,986,334,43K,14.57K,+51.2%,<.01%
450056106,IRTC,iRhythm Technologies Inc,544,154,51K,14.44K,+39.5%,<.01%
025932104,AFG,American Financial Group Inc/OH,8184,102,1.12M,14K,+1.3%,<.01%
452308109,ITW,Illinois Tool Works Inc,46427,63,10.23M,13.88K,+0.1%,0.03%
393222104,GPRE,Green Plains Inc,917,448,28K,13.68K,+95.5%,<.01%
26969P108,EXP,EAGLE MATERIALS INC,1234,101,164K,13.42K,+8.9%,<.01%
00857U107,AGL,agilon health Inc,2738,803,44K,12.9K,+41.5%,<.01%
02361E108,AMRC,Ameresco Inc,514,225,29K,12.69K,+77.9%,<.01%
203607106,CBU,Community Bank System Inc,1703,202,107K,12.69K,+13.5%,<.01%
92189H409,HYD,VanEck High Yield Muni ETF,13933,249,704K,12.58K,+1.8%,<.01%
29084Q100,EME,EMCOR GROUP INC,1683,85,249K,12.58K,+5.3%,<.01%
35138V102,FOXF,Fox Factory Holding Corp,1332,134,122K,12.27K,+11.2%,<.01%
650111107,NYT,New York Times Co/The,5299,376,172K,12.2K,+7.6%,<.01%
L00849106,AGRO,adecoagro sa,46230,1470,383K,12.18K,+3.3%,<.01%
68629Y103,ONL,Orion Office REIT Inc,17646,1407,151K,12.04K,+8.7%,<.01%
871332102,SLVM,Sylvamo Corp,1129,247,55K,12.03K,+28%,<.01%
354613101,BEN,Franklin Resources Inc,8586,457,226K,12.03K,+5.6%,<.01%
03152W109,FOLD,Amicus Therapeutics Inc,2988,981,36K,11.82K,+48.9%,<.01%
G01125106,AFYA,Afya Ltd,21091,751,329K,11.71K,+3.7%,<.01%
24665A103,DK,Delek US Holdings Inc,22786,434,615K,11.71K,+1.9%,<.01%
410867105,THG,Hanover Insurance Group Inc/The,1095,85,148K,11.49K,+8.4%,<.01%
06417N103,OZK,Bank OZK,3623,285,145K,11.41K,+8.5%,<.01%
117043109,BC,Brunswick Corp/DE,2498,156,180K,11.24K,+6.7%,<.01%
552848103,MTG,MGIC Investment Corp,9797,867,127K,11.24K,+9.7%,<.01%
38526M106,LOPE,Grand Canyon Education Inc,1263,100,133K,10.53K,+8.6%,<.01%
704551100,BTU,Peabody Energy Corp,35963,392,950K,10.36K,+1.1%,<.01%
45167R104,IEX,IDEX Corp,8208,45,1.87M,10.27K,+0.6%,<.01%
00508Y102,AYI,Acuity Brands Inc,1100,62,182K,10.26K,+6%,<.01%
36315X101,LKFT,Galapagos NV,998,230,44K,10.14K,+29.9%,<.01%
98585X104,YETI,YETI Holdings Inc,3320,242,137K,9.99K,+7.9%,<.01%
980745103,WWD,Woodward Inc,1707,103,165K,9.96K,+6.4%,<.01%
03674X106,AR,Antero Resources Corp,4423,319,137K,9.88K,+7.8%,<.01%
G491BT108,IVZ,Invesco Ltd,10094,537,182K,9.68K,+5.6%,<.01%
860630102,SF,Stifel Financial Corp,3238,164,189K,9.57K,+5.3%,<.01%
98980G102,ZS,Zscaler Inc,1006,85,113K,9.55K,+9.2%,<.01%
33829M101,FIVE,Five Below Inc,1652,54,292K,9.54K,+3.4%,<.01%
453836108,INDB,Independent Bank Corp,1408,112,119K,9.47K,+8.6%,<.01%
G4412G101,HLF,Herbalife Nutrition Ltd,7236,630,108K,9.4K,+9.5%,<.01%
20854L108,CEIX,CONSOL Energy Inc,10514,143,683K,9.29K,+1.4%,<.01%
64135A408,NBCM,Neuberger Berman Commodity Strategy ETF,400,400,9K,9K,NEW,<.01%
72651A207,PAGP,Plains GP Holdings LP,58960,717,733K,8.91K,+1.2%,<.01%
226344208,,Crestwood Equity Partners LP,10459,319,274K,8.36K,+3.1%,<.01%
92189F460,XMPT,VanEck CEF Muni Income ETF,2734,381,59K,8.22K,+16.2%,<.01%
89484T104,NEXN,Tremor International Ltd,14007,1251,90K,8.04K,+9.8%,<.01%
61218C103,MNTK,Montauk Renewables Inc,745,745,8K,8K,NEW,<.01%
38747R108,COMB,GraniteShares Bloomberg Commodity Broad,357,357,8K,8K,NEW,<.01%
626717102,MUR,Murphy Oil Corp,2399,186,103K,7.99K,+8.4%,<.01%
04247X102,AWI,Armstrong World Industries Inc,1540,116,106K,7.98K,+8.1%,<.01%
10552T107,BRFS,BRF SA,50851,5017,80K,7.89K,+10.9%,<.01%
00790R104,WMS,Advanced Drainage Systems Inc,786,93,64K,7.57K,+13.4%,<.01%
576485205,MTDR,Matador Resources Co,1761,132,101K,7.57K,+8.1%,<.01%
811543107,SEB,Seaboard Corp,18,2,68K,7.56K,+12.5%,<.01%
71944F106,PHR,Phreesia Inc,810,234,26K,7.51K,+40.6%,<.01%
816300107,SIGI,Selective Insurance Group Inc,1838,83,163K,7.36K,+4.7%,<.01%
88025U109,TXG,10X Genomics Inc,1525,200,56K,7.34K,+15.1%,<.01%
833034101,SNA,Snap-On Inc,6174,32,1.41M,7.31K,+0.5%,<.01%
015857105,AQN,Algonquin Power & Utilities Corp,7278,1080,48K,7.12K,+17.4%,<.01%
G36738105,DMC,Fresh Del Monte Produce Inc,2663,270,70K,7.1K,+11.3%,<.01%
20440T300,LND,Cia Brasileira de Distribuicao,111056,2234,344K,6.92K,+2.1%,<.01%
845467109,SWN,Southwestern Energy Co,15905,1180,93K,6.9K,+8%,<.01%
674215207,CHRD,Oasis Petroleum Inc,634,50,87K,6.86K,+8.6%,<.01%
034164103,ANDE,Andersons Inc/The,2223,183,78K,6.42K,+9%,<.01%
636180101,NFG,National Fuel Gas Co,1417,101,90K,6.41K,+7.7%,<.01%
749607107,RLI,RLI Corp,1287,48,169K,6.3K,+3.9%,<.01%
680223104,ORI,Old Republic International Corp,8917,253,215K,6.1K,+2.9%,<.01%
184499101,CLNE,Clean Energy Fuels Corp,1155,1155,6K,6K,NEW,<.01%
48123V102,ZD,j2 Global Inc,1339,75,106K,5.94K,+5.9%,<.01%
205887102,CAG,Conagra Brands Inc,25457,148,985K,5.73K,+0.6%,<.01%
896288107,TNET,TriNet Group Inc,1603,84,109K,5.71K,+5.5%,<.01%
03743Q108,APA,APA Corp,5191,121,242K,5.64K,+2.4%,<.01%
02005N100,ALLY,Ally Financial Inc,4884,230,119K,5.6K,+4.9%,<.01%
90184D100,TWST,Twist Bioscience Corp,782,230,19K,5.59K,+41.7%,<.01%
69404D108,PACB,Pacific Biosciences of California Inc,2465,686,20K,5.57K,+38.6%,<.01%
64049M209,NEO,NeoGenomics Inc,2049,600,19K,5.56K,+41.4%,<.01%
17888H103,CIVI,Bonanza Creek Energy Inc,1179,96,68K,5.54K,+8.9%,<.01%
405217100,HAIN,Hain Celestial Group Inc/The,8715,329,141K,5.32K,+3.9%,<.01%
8676EP108,STKL,SunOpta Inc,10985,607,93K,5.14K,+5.8%,<.01%
636518102,,National Instruments Corp,2597,137,96K,5.06K,+5.6%,<.01%
L44385109,GLOB,Globant SA,341,30,57K,5.01K,+9.6%,<.01%
02217A102,AMPS,Altus Power Inc,824,824,5K,5K,NEW,<.01%
78397Q109,SES,SES AI Corp,1588,1588,5K,5K,NEW,<.01%
864482104,SPH,Suburban Propane Partners LP,330,330,5K,5K,NEW,<.01%
87968A104,TELL,Tellurian Inc,2932,2932,5K,5K,NEW,<.01%
39986L109,GRWG,GrowGeneration Corp,7837,1127,31K,4.46K,+16.8%,<.01%
019770106,ALLO,Allogene Therapeutics Inc,2531,693,16K,4.38K,+37.7%,<.01%
37611X100,DNA.MX,Ginkgo Bioworks Holdings Inc,15233,2493,26K,4.26K,+19.6%,<.01%
293792107,EPD,Enterprise Products Partners LP,57671,175,1.39M,4.22K,+0.3%,<.01%
60510V108,AVO,Mission Produce Inc,2982,353,35K,4.14K,+13.4%,<.01%
60937P106,MDB,MongoDB Inc,1591,21,313K,4.13K,+1.3%,<.01%
74164M108,PRI,Primerica Inc,1121,29,159K,4.11K,+2.7%,<.01%
38045R206,GOQN,Gol Linhas Aereas Inteligentes SA,75322,1528,201K,4.08K,+2.1%,<.01%
81730H109,S,SentinelOne Inc,52496,267,766K,3.9K,+0.5%,<.01%
047649108,ATKR,Atkore Inc,1443,34,164K,3.86K,+2.4%,<.01%
95058W100,WEN,Wendy's/Arby's Group Inc,3042,161,69K,3.65K,+5.6%,<.01%
03044L105,AMWL,American Well Corp,4964,1288,14K,3.63K,+35%,<.01%
83587F202,SRNE,Sorrento Therapeutics Inc,11418,4130,10K,3.62K,+56.7%,<.01%
128246105,CVGW,Calavo Growers Inc,1861,122,55K,3.61K,+7%,<.01%
25659T107,DLB,Dolby Laboratories Inc,1916,49,135K,3.45K,+2.6%,<.01%
74167P108,PRMW,Primo Water Corp,1650,216,26K,3.4K,+15.1%,<.01%
03769M106,APO,Apollo Global Management Inc,11262,52,718K,3.32K,+0.5%,<.01%
98980A105,ZTO,ZTO Express Cayman Inc,288,117,8K,3.25K,+68.4%,<.01%
44842L103,HCM,Hutchmed China Ltd,560,226,8K,3.23K,+67.7%,<.01%
83307B101,SNDL,SNDL Inc,16794,1526,35K,3.18K,+10%,<.01%
59151K108,MEOH,Methanex Corp,739,81,28K,3.07K,+12.3%,<.01%
92847W103,VITL,Vital Farms Inc,1788,199,27K,3.01K,+12.5%,<.01%
761624105,REX,REX American Resources Corp,90,90,3K,3K,NEW,<.01%
056752108,BIDU,Baidu Inc,62,25,7K,2.82K,+67.6%,<.01%
G9451V109,VINP,Vinci Partners Investments Ltd,15761,313,142K,2.82K,+2%,<.01%
256135203,RDY,Dr Reddy's Laboratories Ltd,127,51,7K,2.81K,+67.1%,<.01%
68375N103,OPK,Opko Health Inc,144164,2229,180K,2.78K,+1.6%,<.01%
12662P108,CVI,CVR ENERGY INC,12709,83,398K,2.6K,+0.7%,<.01%
92932M101,,WNS Holdings Ltd,799,32,64K,2.56K,+4.2%,<.01%
N2451R105,CVAC,CureVac NV,1569,427,9K,2.45K,+37.4%,<.01%
00650F109,ADPT,Adaptive Biotechnologies Corp,1793,309,14K,2.41K,+20.8%,<.01%
03990B101,ARES,Ares Management Corp,5732,35,392K,2.39K,+0.6%,<.01%
29530P102,ERIE,Erie Indemnity Co,3149,9,783K,2.24K,+0.3%,<.01%
030371108,AVD,American Vanguard Corp,1957,99,42K,2.12K,+5.3%,<.01%
374396406,GEVO,Gevo Inc,1231,1231,2K,2K,NEW,<.01%
66981J102,MNSO,MINISO Group Holding Ltd,442,176,5K,1.99K,+66.2%,<.01%
400506101,PAC,Grupo Aeroportuario del Pacifico SAB de,33,13,5K,1.97K,+65%,<.01%
19247A100,CNS,Cohen & Steers Inc,509,28,33K,1.82K,+5.8%,<.01%
344419106,FMX,Fomento Economico Mexicano SAB de CV,80,23,6K,1.73K,+40.4%,<.01%
46121Y201,IPI,Intrepid Potash Inc,652,58,19K,1.69K,+9.8%,<.01%
98887Q104,ZLAB,Zai Lab Ltd,142,59,4K,1.66K,+71.1%,<.01%
85208M102,SFM,Sprouts Farmers Market Inc,9703,51,314K,1.65K,+0.5%,<.01%
97651M109,WIT,Wipro Ltd,16390,353,76K,1.64K,+2.2%,<.01%
G04553106,,Arco Platform Ltd,6063,120,82K,1.62K,+2%,<.01%
05968L102,CIB,BanColombia SA,130,52,4K,1.6K,+66.7%,<.01%
25243Q205,DEO,Diageo PLC,25,10,4K,1.6K,+66.7%,<.01%
63888U108,NGVC,Natural Grocers by Vitamin Cottage Inc,2046,162,19K,1.5K,+8.6%,<.01%
465562106,ITUB,Itau Unibanco Holding SA,1106,298,5K,1.35K,+36.9%,<.01%
46185L103,,Invitae Corp,3174,556,6K,1.05K,+21.2%,<.01%
39813G109,GDYN,Grid Dynamics Holdings Inc,127,127,1K,1K,NEW,<.01%
518613203,LAUR,Laureate Education Inc,187,78,2K,834.22,+71.6%,<.01%
36165L108,GDS,GDS Holdings Ltd,215,43,4K,800,+25%,<.01%
05329W102,AN,AutoNation Inc,1202,3,129K,321.96,+0.3%,<.01%
22266T109,CPNG,Coupang Inc,240,18,4K,300,+8.1%,<.01%
92189Y204,EMET,VanEck Green Metals ETF,155,5,4K,129.03,+3.3%,<.01%
26922A289,UFOX,Defiance Next Gen Connectivity ETF,161,4,5K,124.22,+2.5%,<.01%
26922A420,QTUM,Defiance Quantum ETF,154,3,6K,116.88,+2%,<.01%
92189F502,SMOG,VanEck Low Carbon Energy ETF,63,1,7K,111.11,+1.6%,<.01%
92189F486,FLTR,VanEck IG Floating Rate ETF,495100,0,12.32M,0,NO CHANGE,0.03%
92189H854,MBBB,Vaneck Moody's Analytics BBB Corporate,327000,0,6.69M,0,NO CHANGE,0.02%
92189H813,SMI,VanEck HIP Sustainable Muni ETF,50000,0,2.26M,0,NO CHANGE,<.01%
36118L106,FUTU,Futu Holdings Ltd,54500,0,2.21M,0,NO CHANGE,<.01%
92189Y105,MOTE,Vaneck Morningstar ESG Moat ETF,50000,0,1.09M,0,NO CHANGE,<.01%
92189H821,DAPP,VanEck Digital Transformation ETF,375190,0,1M,0,NO CHANGE,<.01%
91531W106,TIGR,Up Fintech Holding Ltd,74181,0,253K,0,NO CHANGE,<.01%
92189H763,,Vaneck Digital Asset Mining ETF,40000,0,238K,0,NO CHANGE,<.01%
98149E303,GLDM,SPDR Gold MiniShares Trust,5993,0,217K,0,NO CHANGE,<.01%
464285204,IAU,iShares Gold Trust,6254,0,216K,0,NO CHANGE,<.01%
896239100,TRMB,Trimble Inc,3099,0,157K,0,NO CHANGE,<.01%
G33856108,GSM,Ferroglobe PLC,29944,0,115K,0,NO CHANGE,<.01%
920253101,VMI,Valmont Industries Inc,306,0,101K,0,NO CHANGE,<.01%
L67359106,NEXA,Nexa Resources SA,15112,0,91K,0,NO CHANGE,<.01%
16955F107,FUTU,Chindata Group Holdings Ltd,10168,0,81K,0,NO CHANGE,<.01%
082490111,BHLWQ,Benson Hill Inc,241400,0,60K,0,NO CHANGE,<.01%
477839104,JBTM,John Bean Technologies Corp,509,0,46K,0,NO CHANGE,<.01%
29082K105,EMBC,Embecta Corp,1537,0,39K,0,NO CHANGE,<.01%
88830M102,TWI,Titan International Inc,2535,0,39K,0,NO CHANGE,<.01%
08579W103,BERY,Berry Plastics Group Inc,522,0,32K,0,NO CHANGE,<.01%
G16258108,BEP,Brookfield Renewable Partners LP,1200,0,30K,0,NO CHANGE,<.01%
87663X102,TTCFQ,Tattooed Chef Inc,12746,0,16K,0,NO CHANGE,<.01%
92707Y108,VFF,Village Farms International Inc,10028,0,13K,0,NO CHANGE,<.01%
127537207,CDZI,Cadiz Inc,4329,0,11K,0,NO CHANGE,<.01%
53960E106,LOCL,Local Bounti Corp,4164,0,6K,0,NO CHANGE,<.01%
46137V100,PPA,Invesco Aerospace & Defense ETF,66,0,5K,0,NO CHANGE,<.01%
37954Y780,SNSR,Global X Internet of Things ETF,136,0,4K,0,NO CHANGE,<.01%
92189F114,ESPO,VanEck Video Gaming and eSports ETF,84,0,4K,0,NO CHANGE,<.01%
92189F692,PPH,VanEck Pharmaceutical ETF,51,0,4K,0,NO CHANGE,<.01%
37954Y442,CLOU,Global X Cloud Computing ETF,163,0,3K,0,NO CHANGE,<.01%
37954Y624,DRIV,Global X Autonomous & Electric Vehicles,144,0,3K,0,NO CHANGE,<.01%
92189F726,BBH,VanEck Biotech ETF,19,0,3K,0,NO CHANGE,<.01%
03236M200,AAPL,Amyris Inc,990,0,2K,0,NO CHANGE,<.01%
37950E416,SOCL,Global X Social Media ETF,66,0,2K,0,NO CHANGE,<.01%
37954Y285,,Global X Telemedicine & Digital Health,177,0,2K,0,NO CHANGE,<.01%
37954Y715,BOTZ,Global X Robotics & Artificial Intellig,120,0,2K,0,NO CHANGE,<.01%
92189F676,SMH,VanEck Semiconductor ETF,8,0,2K,0,NO CHANGE,<.01%
92189H797,,VanEck Future of Food ETF,110,0,2K,0,NO CHANGE,<.01%
00214Q203,ARKQ,ARK Autonomous Technology & Robotics ET,26,0,1K,0,NO CHANGE,<.01%
00848K101,UAVS,AgEagle Aerial Systems Inc,2532,0,1K,0,NO CHANGE,<.01%
136635109,CSIQ,Canadian Solar Inc,17532,-9,542K,-278.23,-0.1%,<.01%
M8737E108,,Taro Pharmaceutical Industries Ltd,2805,-10,81K,-288.77,-0.4%,<.01%
559166103,MGIC,Magic Software Enterprises Ltd,6159,-23,99K,-369.7,-0.4%,<.01%
144285103,CRS,Carpenter Technology Corp,47517,-14,1.75M,-517.08,-0%,<.01%
157210105,CEVA,Ceva Inc,5742,-26,147K,-665.62,-0.5%,<.01%
M81873107,RDWR,RADWARE Ltd,11052,-41,218K,-808.72,-0.4%,<.01%
517097101,LGO,Largo Inc,18175,-150,98K,-808.8,-0.8%,<.01%
M15342104,AUDC,AudioCodes Ltd,7437,-58,133K,-1.04K,-0.8%,<.01%
68162K106,ZEUS,Olympic Steel Inc,10917,-33,367K,-1.11K,-0.3%,<.01%
502160104,LXU,LSB Industries Inc,3935,-87,52K,-1.15K,-2.2%,<.01%
64110D104,NTAP,NETAPP INC,3230,-20,194K,-1.2K,-0.6%,<.01%
M70700105,NNOX,Nano-X Imaging Ltd,15780,-179,116K,-1.32K,-1.1%,<.01%
M5216V106,GLBE,Global-e Online Ltd,22293,-83,460K,-1.71K,-0.4%,<.01%
31847R102,FAF,First American Financial Corp,3291,-39,172K,-2.04K,-1.2%,<.01%
83422N105,SLDP,Solid Power Inc,219680,-830,558K,-2.11K,-0.4%,<.01%
86722A103,SXC,SunCoke Energy Inc,81805,-251,706K,-2.17K,-0.3%,<.01%
16359R103,CHE,Chemed Corp,2609,-5,1.33M,-2.55K,-0.2%,<.01%
34379V103,FLNC,Fluence Energy Inc,89510,-150,1.53M,-2.57K,-0.2%,<.01%
75281A109,RRC,Range Resources Corp,3813,-110,95K,-2.74K,-2.8%,<.01%
443628102,HBM,HudBay Minerals Inc,77234,-593,390K,-2.99K,-0.8%,<.01%
435763107,,Holly Energy Partners LP,4958,-167,90K,-3.03K,-3.3%,<.01%
371927104,GEL,Genesis Energy LP,9766,-326,100K,-3.34K,-3.2%,<.01%
M5425M103,INMD,Inmode Ltd,25365,-94,906K,-3.36K,-0.4%,<.01%
59318E102,CMU,MFS High Yield Municipal Trust,6033,-1098,19K,-3.46K,-15.4%,<.01%
05684B107,BCSF,Bain Capital Specialty Finance Inc,606135,-291,7.21M,-3.46K,-0%,0.02%
27827Y109,,Eaton Vance New York Municipal Bond Fun,2238,-406,20K,-3.63K,-15.4%,<.01%
67069Y102,NXJ,Nuveen New Jersey Quality Municipal Inc,1739,-316,20K,-3.63K,-15.4%,<.01%
59318B108,CXH,MFS Investment Grade Municipal Trust,2806,-510,20K,-3.64K,-15.4%,<.01%
670972108,NQP,Nuveen Pennsylvania Quality Municipal I,1776,-324,20K,-3.65K,-15.4%,<.01%
453038408,IMO,Imperial Oil Ltd,2979,-75,145K,-3.65K,-2.5%,<.01%
M3760D101,ESLT,Elbit Systems Ltd,6920,-23,1.14M,-3.77K,-0.3%,<.01%
64123C101,,Neuberger Berman California Municipal F,1951,-354,22K,-3.99K,-15.4%,<.01%
670980101,,Nuveen Ohio Quality Municipal Income Fu,1701,-310,22K,-4.01K,-15.4%,<.01%
G1117K114,BIOX,Bioceres Crop Solutions Corp,1531,-349,18K,-4.1K,-18.6%,<.01%
M8744T106,TBLA,Taboola.com Ltd,51562,-1364,159K,-4.21K,-2.6%,<.01%
67058H102,,NuStar Energy LP,8931,-298,143K,-4.77K,-3.2%,<.01%
783754104,RYZ,Ryerson Holding Corp,36304,-158,1.1M,-4.78K,-0.4%,<.01%
26916J106,GWH,ESS Tech Inc,488630,-2000,1.19M,-4.86K,-0.4%,<.01%
427866108,HSY,Hershey Co/The,20191,-21,4.68M,-4.86K,-0.1%,0.01%
38246G108,GDRX,GoodRx Holdings Inc,0,-1173,0,-5K,CLOSE,0%
03783T103,,AppHarvest Inc,29643,-9272,17K,-5.32K,-23.8%,<.01%
93627C101,HCC,Warrior Met Coal Inc,66167,-163,2.29M,-5.65K,-0.2%,<.01%
12008R107,BLDR,Builders FirstSource Inc,6457,-101,419K,-6.55K,-1.5%,<.01%
66979W842,NMG,Nouveau Monde Graphite Inc,452973,-1850,1.73M,-7.07K,-0.4%,<.01%
171779309,CIEN,Ciena Corp,4521,-140,230K,-7.12K,-3%,<.01%
G8232Y101,PENG,SMART Global Holdings Inc,18984,-496,282K,-7.37K,-2.5%,<.01%
02376R102,AAL,American Airlines Group Inc,31593,-584,402K,-7.43K,-1.8%,<.01%
46269C102,IRDM,Iridium Communications Inc,33601,-159,1.73M,-8.17K,-0.5%,<.01%
94419L101,W,Wayfair Inc,4429,-289,146K,-9.53K,-6.1%,<.01%
546347105,LPX,Louisiana-Pacific Corp,4912,-162,291K,-9.6K,-3.2%,<.01%
77634L105,,R1 RCM Inc,4209,-1041,46K,-11.38K,-19.8%,<.01%
60871R209,TAP,Molson Coors Beverage Co,9850,-228,507K,-11.74K,-2.3%,<.01%
015658107,ASTL,Algoma Steel Group Inc,101865,-1851,646K,-11.74K,-1.8%,<.01%
626755102,MUSA,Murphy USA Inc,292,-42,82K,-11.79K,-12.6%,<.01%
14167L103,CDNA,CareDx Inc,0,-681,0,-12K,CLOSE,0%
62548M100,,Multiplan Corp,0,-4092,0,-12K,CLOSE,0%
G9470A102,VTEX,VTEX,13560,-3199,51K,-12.03K,-19.1%,<.01%
23311P100,,DCP Midstream LP,9754,-325,378K,-12.59K,-3.2%,<.01%
03940R107,ARCH,Arch Resources Inc,5412,-90,773K,-12.85K,-1.6%,<.01%
45780R101,IBP,Installed Building Products Inc,5945,-152,509K,-13.01K,-2.5%,<.01%
958102105,WDC,Western Digital Corp,12606,-454,398K,-14.33K,-3.5%,<.01%
192422103,CGNX,Cognex Corp,20290,-321,956K,-15.12K,-1.6%,<.01%
52567D107,LMND,Lemonade Inc,16424,-1105,225K,-15.14K,-6.3%,<.01%
29275Y102,ENS,EnerSys,12979,-210,958K,-15.5K,-1.6%,<.01%
48203R104,JNPR,Juniper Networks Inc,6874,-499,220K,-15.97K,-6.8%,<.01%
302130109,EXPD,Expeditors International of Washington,29684,-156,3.08M,-16.21K,-0.5%,<.01%
516544103,LNTH,Lantheus Holdings Inc,11348,-324,578K,-16.5K,-2.8%,<.01%
501044101,KR,Kroger Co/The,87726,-397,3.91M,-17.7K,-0.5%,0.01%
02215L209,KNTK,Kinetik Holdings Inc,7188,-535,238K,-17.71K,-6.9%,<.01%
G7S00T104,PNR,Pentair PLC,21087,-409,948K,-18.39K,-1.9%,<.01%
G7997R103,STX,Seagate Technology Holdings PLC,4276,-353,225K,-18.57K,-7.6%,<.01%
726503105,PAA,Plains All American Pipeline LP,50355,-1652,592K,-19.42K,-3.2%,<.01%
958669103,WES,Western Midstream Partners LP,21462,-766,576K,-20.56K,-3.4%,<.01%
343498101,FLO,Flowers Foods Inc,9315,-719,268K,-20.69K,-7.2%,<.01%
226406106,CRESY,Cresud SACIF y A,0,-3798,0,-21K,CLOSE,0%
550241103,LUMN,Lumen Technologies Inc,20505,-4036,107K,-21.06K,-16.4%,<.01%
87918A105,TDOC,Teladoc Health Inc,2885,-920,68K,-21.68K,-24.2%,<.01%
775711104,ROL,Rollins Inc,28504,-601,1.04M,-21.97K,-2.1%,<.01%
92189F387,SHYD,VanEck Short High Yield MuniETF,5781,-1010,129K,-22.54K,-14.9%,<.01%
780259305,SHEL,Shell PLC,418250,-410,23.82M,-23.35K,-0.1%,0.06%
M4R82T106,FVRR,Fiverr International Ltd,9949,-815,290K,-23.76K,-7.6%,<.01%
831865209,AOS,A O Smith Corp,18292,-416,1.05M,-23.81K,-2.2%,<.01%
M7516K103,NVMI,Nova Ltd,7909,-293,646K,-23.93K,-3.6%,<.01%
92763W103,VIPS,Vipshop Holdings Ltd,16327,-1784,223K,-24.37K,-9.9%,<.01%
M20791105,CAMT,Camtek Ltd/Israel,7980,-1134,175K,-24.87K,-12.4%,<.01%
013872106,AA,Alcoa Corp,59356,-554,2.7M,-25.18K,-0.9%,<.01%
426281101,JKHY,Jack Henry & Associates Inc,9535,-151,1.67M,-26.51K,-1.6%,<.01%
00404A109,ACHC,Acadia Healthcare Co Inc,11455,-327,943K,-26.92K,-2.8%,<.01%
428103105,HESM,Hess Midstream LP,11375,-928,340K,-27.74K,-7.5%,<.01%
87266J104,TPICQ,TPI Composites Inc,0,-2500,0,-28K,CLOSE,0%
219798105,QDEL,QuidelOrtho Corp,11705,-334,1M,-28.62K,-2.8%,<.01%
574795100,MASI,Masimo Corp,5819,-196,861K,-29K,-3.3%,<.01%
92552V100,VSAT,Viasat Inc,11228,-920,355K,-29.09K,-7.6%,<.01%
M9T951109,ZIM,ZIM Integrated Shipping Services Ltd,27782,-1752,478K,-30.14K,-5.9%,<.01%
592688105,MTD,Mettler-Toledo International Inc,747,-21,1.08M,-30.36K,-2.7%,<.01%
559222401,MGA,Magna International Inc,3889,-566,218K,-31.73K,-12.7%,<.01%
879512309,TSAT,Telesat Corp,0,-4202,0,-33K,CLOSE,0%
832696405,SJM,J M Smucker Co/The,5065,-214,803K,-33.93K,-4.1%,<.01%
887399103,MTUS,TimkenSteel Corp,43618,-1867,793K,-33.94K,-4.1%,<.01%
374689107,ROCK,Gibraltar Industries Inc,30378,-743,1.39M,-34.1K,-2.4%,<.01%
57778N208,,Mawson Infrastructure Group Inc,0,-81844,0,-35K,CLOSE,0%
M6372Q113,KRNT,Kornit Digital Ltd,14186,-1547,326K,-35.55K,-9.8%,<.01%
24906P109,XRAY,DENTSPLY SIRONA Inc,0,-1274,0,-36K,CLOSE,0%
12653C108,CNX,CNX Resources Corp,38541,-2148,649K,-36.17K,-5.3%,<.01%
806407102,HSIC,Henry Schein Inc,14730,-455,1.18M,-36.33K,-3%,<.01%
45168D104,IDXX,IDEXX Laboratories Inc,12633,-90,5.15M,-36.72K,-0.7%,0.01%
963320106,WHR,WHIRLPOOL CORP,6825,-260,965K,-36.76K,-3.7%,<.01%
V7780T103,RCL,Royal Caribbean Cruises Ltd,2687,-760,133K,-37.62K,-22%,<.01%
M78673114,PERI,Perion Network Ltd,13636,-1489,345K,-37.67K,-9.8%,<.01%
184496107,CLH,Clean Harbors Inc,20760,-339,2.37M,-38.68K,-1.6%,<.01%
23331A109,DHI,DR Horton Inc,48044,-439,4.28M,-39.14K,-0.9%,0.01%
40637H109,HALO,Halozyme Therapeutics Inc,24177,-691,1.38M,-39.33K,-2.8%,<.01%
56600D107,MRVI,Maravai LifeSciences Holdings Inc,1681,-2799,24K,-39.96K,-62.5%,<.01%
05588W108,LEO,BNY Mellon Strategic Municipals Inc,279433,-6711,1.71M,-41K,-2.3%,<.01%
053611109,AVY,Avery Dennison Corp,9047,-244,1.64M,-44.18K,-2.6%,<.01%
G5480U120,,Liberty Global PLC,7255,-2369,141K,-46.04K,-24.6%,<.01%
443201108,HWM,Howmet Aerospace Inc,12117,-1175,478K,-46.35K,-8.8%,<.01%
77543R102,ROKU,Roku Inc,9545,-1194,388K,-48.54K,-11.1%,<.01%
G46188101,,Horizon Therapeutics Plc,15462,-442,1.76M,-50.31K,-2.8%,<.01%
G3R33A106,EBON.MX,Ebang International Holdings Inc,0,-123120,0,-51K,CLOSE,0%
67092P706,NURE,Nuveen Short-Term REIT ETF,43115,-1799,1.23M,-51.11K,-4%,<.01%
205826209,CMTL,Comtech Telecommunications Corp,7722,-4213,94K,-51.28K,-35.3%,<.01%
29336T100,ENLC,EnLink Midstream LLC,65651,-4217,808K,-51.9K,-6%,<.01%
39531G100,,Greenidge Generation Holdings Inc,0,-25826,0,-52K,CLOSE,0%
M51474118,GILT,Gilat Satellite Networks Ltd,34010,-9017,197K,-52.23K,-21%,<.01%
020764106,AMR,Alpha Metallurgical Resources Inc,4592,-362,672K,-52.98K,-7.3%,<.01%
55336V100,MPLX,MPLX LP,38074,-1623,1.25M,-53.28K,-4.1%,<.01%
428291108,HXL,Hexcel Corp,4771,-920,281K,-54.19K,-16.2%,<.01%
655663102,NDSN,Nordson Corp,5842,-234,1.39M,-55.64K,-3.9%,<.01%
955306105,WST,West Pharmaceutical Services Inc,12809,-237,3.02M,-55.79K,-1.8%,<.01%
40434L105,HPQ,HP Inc,28917,-2111,777K,-56.72K,-6.8%,<.01%
559080106,,Magellan Midstream Partners LP,24370,-1151,1.22M,-57.81K,-4.5%,<.01%
172908105,CTAS,Cintas Corp,12210,-133,5.51M,-60.06K,-1.1%,0.01%
369604301,GE,General Electric Co,3921,-753,329K,-63.18K,-16.1%,<.01%
36262G101,GXO,GXO Logistics Inc,2610,-1525,111K,-64.86K,-36.9%,<.01%
12532H104,GIB,CGI Inc,23450,-756,2.02M,-65.09K,-3.1%,<.01%
980228308,WDS,Woodside Energy Group Ltd,0,-3252,0,-66K,CLOSE,0%
369550108,GD,General Dynamics Corp,27470,-270,6.82M,-66.99K,-1%,0.02%
57778K105,,Maxar Technologies Inc,16519,-1297,855K,-67.13K,-7.3%,<.01%
G4388N106,HELE,Helen of Troy Ltd,0,-715,0,-69K,CLOSE,0%
M25133105,CGNT,Cognyte Software Ltd,0,-17002,0,-69K,CLOSE,0%
378973408,GSAT,Globalstar Inc,179309,-52915,238K,-70.24K,-22.8%,<.01%
30069T101,EE,Excelerate Energy Inc,535890,-2830,13.42M,-70.89K,-0.5%,0.03%
70014A104,PKE,Park Aerospace Corp,4657,-5328,62K,-70.93K,-53.4%,<.01%
H84989104,TEL,TE Connectivity Ltd,35505,-627,4.08M,-71.98K,-1.7%,0.01%
695263103,,PacWest Bancorp,0,-3190,0,-72K,CLOSE,0%
482738101,KVHI,KVH Industries Inc,0,-8017,0,-74K,CLOSE,0%
501242101,KLIC,Kulicke & Soffa Industries Inc,0,-1919,0,-74K,CLOSE,0%
880345103,TNC,Tennant Co,38773,-1206,2.39M,-74.25K,-3%,<.01%
526057104,LEN,LENNAR CORP,5313,-838,481K,-75.87K,-13.6%,<.01%
15912K100,,Change Healthcare Inc,0,-2760,0,-76K,CLOSE,0%
20441B605,ELP,Cia Paranaense de Energia,70023,-10655,503K,-76.54K,-13.2%,<.01%
05605H100,BWXT,BWX Technologies Inc,43273,-1326,2.51M,-77.01K,-3%,<.01%
M2682V108,CYBR,CyberArk Software Ltd,12017,-599,1.56M,-77.66K,-4.7%,<.01%
42726M106,,Heritage-Crystal Clean Inc,45342,-2446,1.47M,-79.46K,-5.1%,<.01%
05577W200,DOO,BRP Inc,21569,-1055,1.64M,-80.31K,-4.7%,<.01%
59001A102,MTH,Meritage Homes Corp,0,-1169,0,-82K,CLOSE,0%
72352L106,PINS,Pinterest Inc,11814,-3380,287K,-82.11K,-22.2%,<.01%
931427108,WBA,Walgreens Boots Alliance Inc,112859,-2216,4.22M,-82.78K,-1.9%,0.01%
G8473T100,STE,STERIS PLC,12710,-460,2.35M,-84.94K,-3.5%,<.01%
134748102,CAN,Canaan Inc,727893,-42354,1.5M,-87.28K,-5.5%,<.01%
M98068105,WIX,Wix.com Ltd,11965,-1144,919K,-87.87K,-8.7%,<.01%
G9440A109,VSTA,Vasta Platform Ltd,726814,-22000,2.91M,-87.99K,-2.9%,<.01%
871829107,SYY,Sysco Corp,56571,-1162,4.33M,-88.84K,-2%,0.01%
44980X109,IPGP,IPG Photonics Corp,0,-1055,0,-89K,CLOSE,0%
04016X101,ARGX,Argenx SE,49482,-235,18.75M,-89.02K,-0.5%,0.05%
69327R101,,PDC Energy Inc,356435,-1418,22.63M,-90.01K,-0.4%,0.06%
023436108,AMED,Amedisys Inc,0,-938,0,-91K,CLOSE,0%
92189H805,REMX,VanEck Rare Earth and Strategic Metals,28788,-1197,2.19M,-91.14K,-4%,<.01%
750236101,RDN,Radian Group Inc,0,-4829,0,-93K,CLOSE,0%
M6158M104,ITRN,Ituran Location and Control Ltd,2445,-4428,52K,-94.17K,-64.4%,<.01%
403949100,DINO,HF Sinclair Corp,36019,-1840,1.87M,-95.48K,-4.9%,<.01%
82489W107,SHLS,Shoals Technologies Group Inc,103191,-3952,2.55M,-97.51K,-3.7%,<.01%
690742101,OC,Owens Corning,32099,-1189,2.74M,-101.42K,-3.6%,<.01%
50202M102,LI,Li Auto Inc,246590,-5051,5.03M,-103.03K,-2%,0.01%
883556102,TMO,THERMO FISHER SCIENTIFIC INC,12634,-190,6.96M,-104.62K,-1.5%,0.02%
38046C109,GOGO,Gogo Inc,17804,-7135,263K,-105.4K,-28.6%,<.01%
231021106,CMI,Cummins Inc,16326,-441,3.96M,-106.86K,-2.6%,0.01%
296006109,ERO,ERO Copper Corp,70183,-8134,965K,-111.84K,-10.4%,<.01%
92189F791,GDXJ,VanEck Junior Gold Miners ETF,75836,-3163,2.7M,-112.78K,-4%,<.01%
62914V106,NIO,NIO Inc,583074,-11943,5.68M,-116.44K,-2%,0.01%
500688106,KOS,Kosmos Energy Ltd,205500,-18679,1.31M,-118.8K,-8.3%,<.01%
03676B102,AM,Antero Midstream Corp,89633,-11188,967K,-120.7K,-11.1%,<.01%
278768106,ECHO,EchoStar Corp,15672,-7452,261K,-124.1K,-32.2%,<.01%
368736104,GNRC,Generac Holdings Inc,7591,-1241,764K,-124.9K,-14.1%,<.01%
775133101,ROG,Rogers Corp,0,-518,0,-125K,CLOSE,0%
82575P107,SBSW,Sibanye Stillwater Ltd,3154065,-11747,33.62M,-125.22K,-0.4%,0.09%
264147109,DCO,Ducommun Inc,3332,-2560,166K,-127.54K,-43.4%,<.01%
165167735,EXE,Chesapeake Energy Corp,540571,-1352,51.01M,-127.59K,-0.2%,0.13%
714266103,PPTA,Perpetua Resources Corp,0,-64095,0,-131K,CLOSE,0%
M81863124,,RADA Electronic Industries Ltd,0,-13710,0,-132K,CLOSE,0%
952845105,WFG,West Fraser Timber Co Ltd,1627,-1847,117K,-132.82K,-53.2%,<.01%
46434G848,PICK,iShares MSCI Global Metals & Mining Pro,78244,-3265,3.21M,-133.86K,-4%,<.01%
73278L105,POOL,Pool Corp,6446,-444,1.95M,-134.25K,-6.4%,<.01%
212015101,,Continental Resources Inc/OK,0,-2068,0,-138K,CLOSE,0%
345370860,F,Ford Motor Co,275454,-11988,3.2M,-139.4K,-4.2%,<.01%
30057T105,,Evoqua Water Technologies Corp,64413,-3600,2.55M,-142.57K,-5.3%,<.01%
08862E109,BYND,Beyond Meat Inc,196034,-11763,2.41M,-144.79K,-5.7%,<.01%
98980L101,ZM,Zoom Video Communications Inc,8140,-2153,551K,-145.74K,-20.9%,<.01%
497266106,KEX,KIRBY CORP,451840,-2270,29.08M,-146.07K,-0.5%,0.08%
806882106,RDUS,Schnitzer Steel Industries Inc,69276,-4815,2.12M,-147.56K,-6.5%,<.01%
37954Y673,PAVE,Global X US Infrastructure Development,134467,-5607,3.56M,-148.53K,-4%,<.01%
934423104,WBD,Warner Bros Discovery Inc,57101,-15730,541K,-149.03K,-21.6%,<.01%
858912108,SRCL,Stericycle Inc,46979,-3033,2.34M,-151.33K,-6.1%,<.01%
534187109,LNC,Lincoln National Corp,0,-3452,0,-152K,CLOSE,0%
82509L107,SHOP,Shopify Inc,65534,-4384,2.27M,-152.19K,-6.3%,<.01%
04041L106,WES,Aris Water Solution Inc,87568,-10590,1.26M,-152.62K,-10.8%,<.01%
201723103,CMC,Commercial Metals Co,102968,-3178,4.97M,-153.49K,-3%,0.01%
249906108,DSGX,Descartes Systems Group Inc/The,0,-2437,0,-155K,CLOSE,0%
49338L103,KEYS,Keysight Technologies Inc,41322,-911,7.07M,-155.85K,-2.2%,0.02%
565849106,MRO,Marathon Oil Corp,951425,-5804,25.75M,-157.11K,-0.6%,0.07%
58155Q103,MCK,McKesson Corp,84990,-419,31.88M,-157.17K,-0.5%,0.08%
745867101,PHM,PulteGroup Inc,34406,-3485,1.57M,-158.72K,-9.2%,<.01%
09257P105,BTT,BlackRock Municipal 2030 Target Term Tr,308915,-7558,6.58M,-160.91K,-2.4%,0.02%
75524B104,RBC,RBC Bearings Inc,0,-773,0,-161K,CLOSE,0%
92189F205,SLX,VanEck Steel ETF,66861,-2785,3.87M,-161.07K,-4%,<.01%
G7500M104,RNW,ReNew Energy Global PLC,1256237,-29404,6.91M,-161.71K,-2.3%,0.02%
69608A108,PLTR,Palantir Technologies Inc,166842,-26091,1.07M,-167.48K,-13.5%,<.01%
35243J101,FBRT,Franklin BSP Realty Trust Inc,366732,-13342,4.73M,-172.12K,-3.5%,0.01%
23345M107,DTM,DT Midstream Inc,24099,-3131,1.33M,-173.06K,-11.5%,<.01%
171340102,CHD,Church & Dwight Co Inc,26372,-2190,2.13M,-176.55K,-7.7%,<.01%
778296103,ROST,Ross Stores Inc,34007,-1523,3.95M,-176.77K,-4.3%,0.01%
767744105,,Ritchie Bros Auctioneers Inc,0,-2884,0,-180K,CLOSE,0%
373737105,GGB,Gerdau SA,807365,-33744,4.47M,-186.95K,-4%,0.01%
29273V100,ET,Energy Transfer LP,115536,-16601,1.37M,-196.99K,-12.6%,<.01%
46625H100,JPM,JPMorgan Chase & Co,3836,-1476,514K,-197.77K,-27.8%,<.01%
256746108,DLTR,Dollar Tree Inc,22159,-1421,3.13M,-200.98K,-6%,<.01%
90384S303,ULTA,Ulta Beauty Inc,12873,-431,6.04M,-202.19K,-3.2%,0.02%
86333M108,LRN,K12 Inc,0,-4877,0,-205K,CLOSE,0%
670346105,NUE,Nucor Corp,90068,-1642,11.87M,-216.43K,-1.8%,0.03%
086516101,BBY,Best Buy Co Inc,61212,-2715,4.91M,-217.78K,-4.2%,0.01%
615111101,ONT,Montrose Environmental Group Inc,53733,-5179,2.38M,-229.88K,-8.8%,<.01%
872590104,TMUS,T-Mobile US Inc,18577,-1760,2.6M,-246.42K,-8.7%,<.01%
099502106,BAH,Booz Allen Hamilton Holding Corp,14690,-2363,1.53M,-246.92K,-13.9%,<.01%
822634101,,Shell Midstream Partners LP,0,-15938,0,-252K,CLOSE,0%
550021109,LULU,Lululemon Athletica Inc,30603,-787,9.8M,-252.15K,-2.5%,0.03%
204409601,CIG,Cia Energetica de Minas Gerais,1767876,-124374,3.59M,-252.49K,-6.6%,<.01%
G02602103,DOX,Amdocs Ltd,28961,-2826,2.63M,-256.93K,-8.9%,<.01%
001055102,AFL,Aflac Inc,64443,-3615,4.64M,-260.06K,-5.3%,0.01%
912909108,X,United States Steel Corp,190754,-10618,4.78M,-265.96K,-5.3%,0.01%
855244109,SBUX,Starbucks Corp,110281,-2730,10.94M,-270.82K,-2.4%,0.03%
92189H201,ITM,VanEck Intermediate Muni ETF,16560,-5989,755K,-273.05K,-26.6%,<.01%
17253J106,CIFR,Cipher Mining Inc,39862,-504267,22K,-278.31K,-92.7%,<.01%
053332102,AZO,AutoZone Inc,1910,-113,4.71M,-278.65K,-5.6%,0.01%
42809H107,HES,Hess Corp,449730,-1969,63.78M,-279.24K,-0.4%,0.16%
16679L109,CHWY,Chewy Inc,0,-9154,0,-281K,CLOSE,0%
878742204,TECK,Teck Resources Ltd,191057,-7609,7.22M,-287.58K,-3.8%,0.02%
892356106,TSCO,Tractor Supply Co,23191,-1279,5.22M,-287.72K,-5.2%,0.01%
61174X109,MNST,Monster Beverage Corp,46545,-2885,4.73M,-292.93K,-5.8%,0.01%
67103H107,ORLY,O'Reilly Automotive Inc,7523,-348,6.35M,-293.74K,-4.4%,0.02%
90364P105,PATH,UiPath Inc,0,-23850,0,-301K,CLOSE,0%
776696106,ROP,Roper Technologies Inc,33847,-733,14.62M,-316.72K,-2.1%,0.04%
G4645E105,HUDI,Huadi International Group Co Ltd,0,-13027,0,-319K,CLOSE,0%
92189F528,SMB,VanEck Short Muni ETF,12501,-19203,211K,-324.12K,-60.6%,<.01%
666807102,NOC,Northrop Grumman Corp,18619,-597,10.16M,-325.74K,-3.1%,0.03%
64440N103,NFGC,New Found Gold Corp,3438799,-82001,13.8M,-329.12K,-2.3%,0.04%
436440101,HOLX,HOLOGIC INC,39934,-4509,2.99M,-337.27K,-10.1%,<.01%
29446M102,EQNR,Equinor ASA,2168020,-9440,77.64M,-338.05K,-0.4%,0.2%
443510607,HUBB,Hubbell Inc,732,-1451,172K,-340.95K,-66.5%,<.01%
653656108,NICE,Nice Ltd,16164,-1775,3.11M,-341.3K,-9.9%,<.01%
21037T109,CEG,Constellation Energy Corp,40547,-4086,3.5M,-352.3K,-9.2%,<.01%
303075105,FDS,Factset Research Systems Inc,4170,-884,1.67M,-354.66K,-17.5%,<.01%
000957100,ABM,ABM Industries Inc,53005,-8155,2.35M,-362.17K,-13.3%,<.01%
46120E602,ISRG,Intuitive Surgical Inc,45103,-1366,11.97M,-362.47K,-2.9%,0.03%
59156R108,MET,MetLife Inc,0,-6379,0,-388K,CLOSE,0%
922908553,VNQ,Vanguard Real Estate ETF,115922,-4832,9.56M,-398.53K,-4%,0.02%
718546104,PSX,Phillips 66,33536,-3847,3.49M,-400.35K,-10.3%,<.01%
26874R108,E,ENI SpA,0,-19000,0,-402K,CLOSE,0%
693483109,PKX,POSCO Holdings Inc,92455,-7406,5.04M,-403.4K,-7.4%,0.01%
002824100,ABT,Abbott Laboratories,224811,-3697,24.68M,-405.89K,-1.6%,0.06%
257651109,DCI,Donaldson Co Inc,44641,-6945,2.63M,-408.85K,-13.5%,<.01%
47215P106,JD,JD.com Inc,117394,-7288,6.59M,-409.06K,-5.8%,0.02%
90138F102,TWLO,Twilio Inc,0,-5974,0,-413K,CLOSE,0%
256677105,DG,Dollar General Corp,20798,-1691,5.12M,-416.45K,-7.5%,0.01%
192108504,CDE,Coeur Mining Inc,25887107,-127466,86.98M,-428.28K,-0.5%,0.22%
88162G103,TTEK,Tetra Tech Inc,17383,-2986,2.52M,-433.57K,-14.7%,<.01%
057665200,BCPC,Balchem Corp,75898,-3679,9.27M,-449.25K,-4.6%,0.02%
088606108,BHP,BHP Group Ltd,0,-9000,0,-450K,CLOSE,0%
853606101,SLI,Standard Lithium Ltd,3035580,-154126,8.96M,-454.67K,-4.8%,0.02%
14149Y108,CAH,Cardinal Health Inc,22885,-5968,1.76M,-458.72K,-20.7%,<.01%
24610T108,VFL,Delaware Investments National Municipal,48301,-44239,501K,-458.87K,-47.8%,<.01%
91913Y100,VLO,Valero Energy Corp,713120,-3692,90.47M,-468.37K,-0.5%,0.23%
72147K108,PPC,Pilgrim's Pride Corp,163011,-19770,3.87M,-469.11K,-10.8%,<.01%
48138M105,JMIA,Jumia Technologies AG,0,-81490,0,-473K,CLOSE,0%
92189F700,MOO,VanEck Agribusiness ETF,58854,-5672,5.05M,-486.88K,-8.8%,0.01%
594972408,MSTR,MicroStrategy Inc,12346,-3574,1.75M,-506.02K,-22.4%,<.01%
09260D107,BX,Blackstone Inc,94339,-6891,7M,-511.24K,-6.8%,0.02%
893662106,,Transglobe Energy Corp,0,-191650,0,-514K,CLOSE,0%
679295105,OKTA,Okta Inc,0,-9117,0,-518K,CLOSE,0%
125141101,CECO,Ceco Environmental Corp,118190,-45212,1.38M,-527.9K,-27.7%,<.01%
09257W100,BXMT,Blackstone Mortgage Trust Inc,385878,-25329,8.17M,-536.21K,-6.2%,0.02%
12541W209,CHRW,CH Robinson Worldwide Inc,84336,-5895,7.72M,-539.76K,-6.5%,0.02%
M22465104,CHKP,Check Point Software Technologies Ltd,42776,-4296,5.4M,-542.02K,-9.1%,0.01%
M5R75Y101,,ironSource Ltd,0,-175276,0,-603K,CLOSE,0%
315616102,FFIV,F5 Inc,2832,-4252,406K,-609.57K,-60%,<.01%
92189H862,MIG,VanEck Moody's Analytics IG Corporate B,284000,-30000,5.83M,-616.16K,-9.6%,0.02%
83304A106,SNAP,Snap Inc,72375,-70455,648K,-630.81K,-49.3%,<.01%
025816109,AXP,American Express Co,51234,-4512,7.57M,-666.66K,-8.1%,0.02%
125491100,,CI Financial Corp,0,-69702,0,-667K,CLOSE,0%
053015103,ADP,Automatic Data Processing Inc,89577,-2793,21.4M,-667.12K,-3%,0.06%
00206R102,T,AT&T Inc,254259,-37455,4.68M,-689.56K,-12.8%,0.01%
654106103,NKE,NIKE Inc,227986,-5935,26.68M,-694.44K,-2.5%,0.07%
00827B106,AFRM,Affirm Holdings Inc,0,-37689,0,-707K,CLOSE,0%
464288372,IGF,iShares Global Infrastructure ETF,375725,-15667,17.22M,-718.17K,-4%,0.04%
858119100,STLD,Steel Dynamics Inc,78776,-7437,7.7M,-726.65K,-8.6%,0.02%
036752103,ELV,Elevance Health Inc,4884,-1476,2.5M,-757.04K,-23.2%,<.01%
74834L100,DGX,QUEST DIAGNOSTICS INC,14770,-5241,2.31M,-820.04K,-26.2%,<.01%
496902404,KGC,Kinross Gold Corp,138887054,-210323,568.04M,-860.21K,-0.2%,1.5%
92189H607,OIH,VanEck Oil Services ETF,14765,-2849,4.49M,-866.18K,-16.2%,0.01%
78468R556,XOP,SPDR S&P Oil & Gas Exploration & Produc,44587,-6451,6.06M,-876.49K,-12.6%,0.02%
548661107,LOW,Lowe's Cos Inc,77928,-4427,15.53M,-882.01K,-5.4%,0.04%
92189H870,EINC,VanEck Energy Income ETF,125200,-14950,7.73M,-923.51K,-10.7%,0.02%
674599105,OXY,Occidental Petroleum Corp,26595,-14932,1.68M,-940.44K,-36%,<.01%
81369Y506,XLE,Energy Select Sector SPDR Fund,87511,-11044,7.66M,-966.07K,-11.2%,0.02%
900435207,,Turquoise Hill Resources Ltd,0,-33123,0,-980K,CLOSE,0%
81617J301,WTTR,Select Energy Services Inc,3274911,-107791,30.26M,-995.98K,-3.2%,0.08%
21036P108,STZ,Constellation Brands Inc,57518,-4365,13.33M,-1.01M,-7.1%,0.03%
H8817H100,RIG,Transocean Ltd,25131307,-227699,114.6M,-1.04M,-0.9%,0.3%
882508104,TXN,Texas Instruments Inc,2404032,-6366,397.19M,-1.05M,-0.3%,1%
85571B105,STWD,Starwood Property Trust Inc,715864,-57785,13.12M,-1.06M,-7.5%,0.03%
852234103,XYZ,Block Inc,75336,-17774,4.73M,-1.12M,-19.1%,0.01%
G6359F137,NBR,Nabors Industries Ltd,345754,-7346,53.55M,-1.14M,-2.1%,0.14%
42330P107,HLX,Helix Energy Solutions Group Inc,4633767,-155355,34.2M,-1.15M,-3.2%,0.09%
125269100,CF,CF Industries Holdings Inc,497309,-13501,42.37M,-1.15M,-2.6%,0.11%
921078101,OUNZ,VanEck Merk Gold Shares,1363224,-66248,24.11M,-1.17M,-4.6%,0.06%
35671D857,FCX,Freeport-McMoRan Inc,1884358,-31044,71.61M,-1.18M,-1.6%,0.18%
874060205,TAK,Takeda Pharmaceutical Co Ltd,1785206,-76816,27.85M,-1.2M,-4.1%,0.07%
767204100,RIO,Rio Tinto PLC,163092,-17531,11.61M,-1.25M,-9.7%,0.03%
854502101,SWK,Stanley Black & Decker Inc,0,-16941,0,-1.27M,CLOSE,0%
609207105,MDLZ,Mondelez International Inc,241016,-20795,16.06M,-1.39M,-7.9%,0.04%
87612E106,TGT,Target Corp,107741,-9354,16.06M,-1.39M,-8%,0.04%
826599102,SGML,Sigma Lithium Corp,1072290,-52515,30.26M,-1.48M,-4.7%,0.08%
127203107,WHD,Cactus Inc,1942070,-30035,97.61M,-1.51M,-1.5%,0.25%
46131B704,IVR,Invesco Mortgage Capital Inc,0,-136379,0,-1.51M,CLOSE,0%
G5494J103,,Linde PLC,25840,-4661,8.43M,-1.52M,-15.3%,0.02%
003654100,,ABIOMED Inc,0,-6216,0,-1.53M,CLOSE,0%
723787107,,Pioneer Natural Resources Co,210549,-6837,48.09M,-1.56M,-3.1%,0.12%
00165C104,,AMC Entertainment Holdings Inc,0,-227796,0,-1.59M,CLOSE,0%
47759T100,JKS,JinkoSolar Holding Co Ltd,14627,-39763,598K,-1.63M,-73.1%,<.01%
37045V100,GM,General Motors Co,27525,-50096,926K,-1.69M,-64.5%,<.01%
21873J108,,Core Scientific Inc,0,-1297136,0,-1.69M,CLOSE,0%
749660106,RES,RPC Inc,4648954,-190690,41.33M,-1.7M,-3.9%,0.11%
237194105,DRI,Darden Restaurants Inc,0,-14516,0,-1.83M,CLOSE,0%
539830109,LMT,Lockheed Martin Corp,38657,-3920,18.81M,-1.91M,-9.2%,0.05%
29355A107,ENPH,Enphase Energy Inc,254837,-7205,67.52M,-1.91M,-2.7%,0.17%
110122108,BMY,Bristol-Myers Squibb Co,485852,-26657,34.96M,-1.92M,-5.2%,0.09%
67421J108,,Oatly Group AB,73912,-1099235,129K,-1.92M,-93.7%,<.01%
90089L108,TSPH,TuSimple Holdings Inc,0,-257770,0,-1.96M,CLOSE,0%
040126104,,Argo Blockchain PLC,0,-518774,0,-2.01M,CLOSE,0%
66987V109,NVS,Novartis AG,317655,-22560,28.82M,-2.05M,-6.6%,0.07%
90184L102,TWTR,Twitter Inc,0,-46833,0,-2.05M,CLOSE,0%
23703Q203,DQ,Daqo New Energy Corp,25114,-53760,969K,-2.07M,-68.2%,<.01%
78486Q101,SVBT,SVB Financial Group,0,-6227,0,-2.09M,CLOSE,0%
001084102,AGCO,AGCO Corp,191837,-15135,26.61M,-2.1M,-7.3%,0.07%
009158106,APD,Air Products and Chemicals Inc,30922,-6984,9.53M,-2.15M,-18.4%,0.02%
891092108,TTC,Toro Co/The,309127,-19059,34.99M,-2.16M,-5.8%,0.09%
872540109,TJX,TJX Cos Inc/The,249515,-27501,19.86M,-2.19M,-9.9%,0.05%
532457108,LLY,Eli Lilly & Co,211182,-6091,77.26M,-2.23M,-2.8%,0.2%
50540R409,,Laboratory Corp of America Holdings,5249,-9626,1.24M,-2.27M,-64.7%,<.01%
500631106,KEP,Korea Electric Power Corp,0,-337485,0,-2.29M,CLOSE,0%
22160K105,COST,Costco Wholesale Corp,90886,-5068,41.49M,-2.31M,-5.3%,0.11%
91822M106,,VEON Ltd,7364667,-4934900,3.61M,-2.42M,-40.1%,<.01%
81141R100,SE,Sea Ltd,588304,-47031,30.61M,-2.45M,-7.4%,0.08%
03073E105,COR,AmerisourceBergen Corp,170778,-15049,28.3M,-2.49M,-8.1%,0.07%
046353108,AZN,AstraZeneca PLC,423218,-37118,28.69M,-2.52M,-8.1%,0.07%
682189105,ON,ON Semiconductor Corp,2308234,-41763,143.97M,-2.6M,-1.8%,0.37%
G9087Q102,TROX,Tronox Holdings PLC,1478422,-190597,20.27M,-2.61M,-11.4%,0.05%
37733W204,GSK,GSK PLC,743913,-74421,26.14M,-2.62M,-9.1%,0.07%
969457100,WMB,Williams Cos Inc/The,231920,-82978,7.63M,-2.73M,-26.4%,0.02%
731068102,PII,POLARIS INC,1688920,-28679,170.58M,-2.9M,-1.7%,0.44%
00507V109,ATVI,Activision Blizzard Inc,684019,-39202,52.36M,-3M,-5.4%,0.14%
450913108,IAG,IAMGOLD Corp,44904343,-1202242,115.85M,-3.1M,-2.6%,0.3%
780087102,RY,Royal Bank of Canada,33274,-33530,3.12M,-3.15M,-50.2%,<.01%
80105N105,SNY,Sanofi,547031,-65364,26.49M,-3.17M,-10.7%,0.07%
36352H100,GAU,Galiano Gold Inc,0,-6532984,0,-3.17M,CLOSE,0%
72016P105,PLL,Piedmont Lithium Inc,644189,-74860,28.36M,-3.3M,-10.4%,0.07%
92532F100,VRTX,Vertex Pharmaceuticals Inc,163663,-11507,47.26M,-3.32M,-6.6%,0.12%
902494103,TSN,Tyson Foods Inc,1396091,-57783,86.91M,-3.6M,-4%,0.22%
G16962105,,Bunge Ltd,999954,-36334,99.77M,-3.63M,-3.5%,0.26%
336433107,FSLR,First Solar Inc,64256,-25201,9.62M,-3.77M,-28.2%,0.02%
74736K101,QRVO,Qorvo Inc,473137,-43041,42.88M,-3.9M,-8.3%,0.11%
020002101,ALL,Allstate Corp/The,5134,-29926,696K,-4.06M,-85.4%,<.01%
670100205,NVO,Novo Nordisk A/S,232662,-30027,31.49M,-4.06M,-11.4%,0.08%
784730103,SSRM,SSR Mining Inc,21123429,-259518,331M,-4.07M,-1.2%,0.86%
29109X106,AZPN,Aspen Technology Inc,489,-20339,100K,-4.16M,-97.7%,<.01%
931142103,WMT,Walmart Inc,74255,-30109,10.53M,-4.27M,-28.8%,0.03%
833635105,SQM,Sociedad Quimica y Minera de Chile SA,520770,-54330,41.58M,-4.34M,-9.4%,0.11%
05722G100,BKR,Baker Hughes Co,8512423,-147198,251.37M,-4.35M,-1.7%,0.65%
74144T108,TROW,T Rowe Price Group Inc,35963,-40286,3.92M,-4.39M,-52.8%,0.01%
N20944109,CNH,CNH Industrial NV,3407777,-278543,54.73M,-4.47M,-7.6%,0.14%
708062104,PNNT,PennantPark Investment Corp,3822,-791996,22K,-4.56M,-99.5%,<.01%
512807108,LRCX.MX,Lam Research Corp,1128695,-11634,474.39M,-4.89M,-1%,1.2%
68827L101,OR,Osisko Gold Royalties Ltd,18125617,-405933,218.78M,-4.9M,-2.2%,0.57%
N22717107,,Core Laboratories NV,995140,-242089,20.17M,-4.91M,-19.6%,0.05%
62955J103,NOV,NOV Inc,5850178,-235166,122.21M,-4.91M,-3.9%,0.32%
405552100,HLN,Haleon PLC,3587507,-648992,28.7M,-5.19M,-15.3%,0.07%
262037104,DRQ,Dril-Quip Inc,824981,-193220,22.41M,-5.25M,-19%,0.06%
29446Y502,EQX,Equinox Gold Corp,29083448,-1608868,95.39M,-5.28M,-5.2%,0.25%
880770102,TER,Teradyne Inc,2837850,-60651,247.89M,-5.3M,-2.1%,0.64%
264411505,,Duke Realty Corp,0,-111499,0,-5.37M,CLOSE,0%
090040106,BILI,Bilibili Inc,908321,-230221,21.52M,-5.45M,-20.2%,0.06%
949746101,WFC,Wells Fargo & Co,3922387,-136287,161.96M,-5.63M,-3.4%,0.42%
60770K107,MRNA,Moderna Inc,177593,-31887,31.9M,-5.73M,-15.2%,0.08%
854502846,,Stanley Black & Decker Inc,0,-117117,0,-5.78M,CLOSE,0%
037833100,AAPL,Apple Inc,700541,-45807,91.02M,-5.95M,-6.1%,0.24%
45866F104,ICE,Intercontinental Exchange Inc,961448,-59148,98.64M,-6.07M,-5.8%,0.25%
988498101,YUM,Yum! Brands Inc,55474,-51024,7.11M,-6.54M,-47.9%,0.02%
580135101,MCD,McDonald's Corp,9906,-26389,2.61M,-6.96M,-72.7%,<.01%
291011104,EMR,Emerson Electric Co,2184824,-73080,209.87M,-7.02M,-3.2%,0.54%
22052L104,CTVA,Corteva Inc,2273481,-120469,133.63M,-7.08M,-5%,0.35%
67077M108,NTR,Nutrien Ltd,1832096,-98760,133.8M,-7.21M,-5.1%,0.35%
40415F101,HDB,HDFC Bank Ltd,507126,-105927,34.69M,-7.25M,-17.3%,0.09%
084670702,BRK.B,Berkshire Hathaway Inc,278689,-24002,86.09M,-7.41M,-7.9%,0.22%
743315103,PGR,Progressive Corp/The,0,-63865,0,-7.42M,CLOSE,0%
874039100,TSM,Taiwan Semiconductor Manufacturing Co L,9923549,-100061,739.21M,-7.45M,-1%,1.9%
487836108,K,Kellogg Co,1342272,-107256,95.62M,-7.64M,-7.4%,0.25%
30231G102,XOM,Exxon Mobil Corp,74456,-70349,8.21M,-7.76M,-48.6%,0.02%
98138H101,WDAY,Workday Inc,1031419,-47666,172.59M,-7.98M,-4.4%,0.45%
88031M109,TS,Tenaris SA,3851595,-231374,135.42M,-8.14M,-5.7%,0.35%
26884L109,EQT,EQT Corp,1565664,-241949,52.97M,-8.19M,-13.4%,0.14%
61945C103,MOS,Mosaic Co/The,1434876,-189790,62.95M,-8.33M,-11.7%,0.16%
70450Y103,PYPL,PayPal Holdings Inc,36770,-117587,2.62M,-8.37M,-76.2%,<.01%
38059T106,GFI,Gold Fields Ltd,50230609,-864411,519.89M,-8.95M,-1.7%,1.3%
713448108,PEP,PepsiCo Inc,158772,-49616,28.68M,-8.96M,-23.8%,0.07%
031162100,AMGN,Amgen Inc,270432,-34705,71.03M,-9.11M,-11.4%,0.18%
294429105,EFX,Equifax Inc,884003,-47488,171.81M,-9.23M,-5.1%,0.44%
191216100,KO,Coca-Cola Co/The,525201,-148668,33.41M,-9.46M,-22.1%,0.09%
16411R208,LNG,Cheniere Energy Inc,66307,-63222,9.94M,-9.48M,-48.8%,0.03%
039483102,ADM,Archer-Daniels-Midland Co,868040,-104745,80.6M,-9.73M,-10.8%,0.21%
G9460G101,VAL,Valaris Ltd,1757766,-144726,118.86M,-9.79M,-7.6%,0.31%
41068X100,HASI,Hannon Armstrong Sustainable Infrastruc,655596,-353503,19M,-10.24M,-35%,0.05%
032654105,ADI,Analog Devices Inc,2020634,-63156,331.44M,-10.36M,-3%,0.86%
75886F107,REGN,Regeneron Pharmaceuticals Inc,51503,-15153,37.16M,-10.93M,-22.7%,0.1%
478160104,JNJ,Johnson & Johnson,641560,-67347,113.33M,-11.9M,-9.5%,0.29%
00287Y109,ABBV,AbbVie Inc,222357,-73685,35.94M,-11.91M,-24.9%,0.09%
461202103,INTU,Intuit Inc,20520,-31481,7.99M,-12.25M,-60.5%,0.02%
152006102,CGAU,Centerra Gold Inc,15964912,-2427824,82.57M,-12.56M,-13.2%,0.21%
857477103,STT,State Street Corp,1235969,-170305,95.87M,-13.21M,-12.1%,0.25%
53115L104,LBRT,Liberty Energy Inc,6932557,-832860,110.99M,-13.33M,-10.7%,0.29%
58933Y105,MRK,Merck & Co Inc,725871,-122403,80.53M,-13.58M,-14.4%,0.21%
98956P102,ZBH,Zimmer Biomet Holdings Inc,1452227,-107153,185.16M,-13.66M,-6.9%,0.48%
25278X109,FANG,Diamondback Energy Inc,414097,-100038,56.64M,-13.68M,-19.5%,0.15%
64110L106,NFLX,Netflix Inc,11672,-49052,3.44M,-14.47M,-80.8%,<.01%
097023105,BA,Boeing Co/The,1055645,-82311,201.09M,-15.68M,-7.2%,0.52%
20825C104,COP,ConocoPhillips,532666,-132955,62.85M,-15.69M,-20%,0.16%
78409V104,SPGI,S&P Global Inc,23241,-47040,7.78M,-15.75M,-66.9%,0.02%
25179M103,DVN,Devon Energy Corp,1033145,-266660,63.55M,-16.4M,-20.5%,0.16%
15872M104,CHX,ChampionX Corp,4636931,-609895,134.43M,-17.68M,-11.6%,0.35%
773903109,ROK,Rockwell Automation Inc,389120,-75366,100.23M,-19.41M,-16.2%,0.26%
233331842,,DTE Energy Co,0,-389750,0,-19.54M,CLOSE,0%
G87110105,FTI,TechnipFMC PLC,9354759,-1781709,114.03M,-21.72M,-16%,0.29%
406216101,HAL,Halliburton Co,8819000,-619627,347.03M,-24.38M,-6.6%,0.9%
58733R102,MELI,MercadoLibre Inc,241226,-30405,204.13M,-25.73M,-11.2%,0.53%
458140100,INTC,Intel Corp,13719459,-1071352,362.61M,-28.32M,-7.2%,0.94%
244199105,DE,Deere & Co,276867,-66870,118.71M,-28.67M,-19.5%,0.31%
46090F100,PDBC,Invesco Optimum Yield Diversified Commo,0,-1817852,0,-29.41M,CLOSE,0%
482480100,KLAC,KLA Corp,1074443,-78801,405.1M,-29.71M,-6.8%,1%
038222105,AMAT,Applied Materials Inc,4268034,-330896,415.62M,-32.22M,-7.2%,1.1%
09062X103,BIIB,Biogen Inc,787558,-130428,218.09M,-36.12M,-14.2%,0.56%
29786A106,ETSY,Etsy Inc,1423876,-465134,170.55M,-55.71M,-24.6%,0.44%
N07059210,ASML,ASML Holding NV,685310,-106885,374.45M,-58.4M,-13.5%,0.97%
98462Y100,,Yamana Gold Inc,99293970,-10550687,551.08M,-58.56M,-9.6%,1.4%
127097103,CTRA,Coterra Energy Inc,12504,-2659517,307K,-65.3M,-99.5%,<.01%
67066G104,NVDA,NVIDIA Corp,5323561,-494474,777.99M,-72.26M,-8.5%,2%
40171V100,GWRE,Guidewire Software Inc,1242148,-1228749,77.71M,-76.87M,-49.7%,0.2%
438516106,HON,Honeywell International Inc,91311,-439526,19.57M,-94.19M,-82.8%,0.05%
09247X101,,BlackRock Inc,160306,-133422,113.6M,-94.55M,-45.4%,0.29%
806857108,SLB,Schlumberger NV,9573908,-1816383,511.82M,-97.1M,-15.9%,1.3%
808513105,SCHW,Charles Schwab Corp/The,134000,-1334660,11.16M,-111.12M,-90.9%,0.03%
375558103,GILD,Gilead Sciences Inc,1981918,-1681089,170.15M,-144.32M,-45.9%,0.44%
Total,,,,,38.71B,522.81M,+1.6%,100%
