"CUSIP","Ticker","Company","Industry"
"28474P201","18P0.SG","ELECTRA BATTERY MATERIALS CO",""
"N72482123","1QGEN.MI","QIAGEN NV",""
"89610F101","1T7.SG","TRICIDA INC",""
"G5074S101","2618.HK","JD Logistics Inc",""
"G11196105","2VN.F","BIOHAVEN PHARMACTL HLDG CO L",""
"60879BAB3","301327","Shenzhen Hello Tech Energy Co Ltd","Electrical Equipment & Parts"
"9HH41WSE7","3067","iShares Hang Seng TECH ETF","ETF"
"J89494116","3402.T","Toray Industries Inc","Textile Manufacturing"
"05875B106","358.DU","BALLYS CORPORATION",""
"J9894K105","4689.T","Z Holdings Corp",""
"03966V107","47I.HM","ARCONIC CORPORATION",""
"671044955","600845","Shanghai Baosight Software Co Ltd","Software - Application"
"G8559L104","603520","Zhejiang Starry Pharmaceutical CoLtd","Drug Manufacturers - Specialty & Generic"
"J35759125","6301.T","Komatsu Ltd","Farm & Heavy Construction Machinery"
"G04119106","6B4.F","PATHFINDER ACQUISITION CORP",""
"206022105","73C.F","CONCERT PHARMACEUTICALS INC",""
"654111103","7731.T","Nikon Corp",""
"G982AW100","9868.HK","XPeng Inc",""
"G9835C108","9923.HK","Yeahka Ltd",""
"G2058L103","9B3.F","CHAVANT CAPITAL ACQUISITN CO",""
"G16169107","9JG.SG","BROOKFIELD ASSET MANAGEMEN-A",""
"00846U101","A","Agilent Technologies","Diagnostics & Research"
"013872106","AA","Alcoa Corporation","Aluminum"
"46144X610","AAA","Alternative Access First Priority CLO Bond ETF","ETF"
"38150K103","AAAU","Goldman Sachs Physical Gold","ETF"
"G33032106","AAC","ARES ACQUISITION CORPORATION","Shell Companies"
"G33032114","AAC-UN","Ares Acquisition Corporation III","Shell Companies"
"G3303U112","AAC-UN","Ares Acquisition Corporation III","Shell Companies"
"000304105","AACAY","AAC Technologies Holdings Inc","Communication Equipment"
"G0509J115","AACB","Artius II Acquisition Inc","Shell Companies"
"G0509J123","AACBR","Artius II Acquisition Inc","Shell Companies"
"G0509J107","AACBU","Artius II Acquisition Inc","Shell Companies"
"00211V106","AACG","ATA Creativity Global","Education & Training Services"
"04208V103","AACI","Armada Acquisition Corp III","Shell Companies"
"G0R38M101","AACI","Armada Acquisition Corp III","Shell Companies"
"04208V111","AACIW","Armada Acquisition Corp III","Shell Companies"
"G0R38M119","AACIW","Armada Acquisition Corp III","Shell Companies"
"G00582109","AACO","Abony Acquisition Corp I","Shell Companies"
"G00582125","AACOU","Abony Acquisition Corp I","Shell Companies"
"G00582117","AACOW","Abony Acquisition Corp I","Shell Companies"
"00768Y206","AADR","AdvisorShares Dorsey Wright ADR ETF","ETF"
"03815J107","AADX","Applied Aerospace & Defense Inc","Aerospace & Defense"
"001317205","AAGIY","AIA Group","Insurance - Life"
"02376R102","AAL","American Airlines Group Inc","Airlines"
"02376RAF9","AAL","American Airlines Group Inc","Airlines"
"848577102","AAL","American Airlines Group Inc","Airlines"
"G1000R101","AAM","AA Mission Acquisition Corp","Shell Companies"
"048209100","AAME","Atlantic American Corporation","Insurance - Life"
"10948W103","AAMI","Acadian Asset Management Inc","Asset Management"
"G1000R127","AAMWS","AA Mission Acquisition Corp","Shell Companies"
"00258W108","AAN","The Aarons Company Inc","Specialty Retail"
"88340C412","AAOG","Leverage Shares 2X Long AAOI Daily ETF","ETF"
"03823U102","AAOI","Applied Optoelectronics Inc","Communication Equipment"
"000360206","AAON","AAON Inc","Building Products & Equipment"
"46152A429","AAOX","Tradr 2X Long AAOI Daily ETF","ETF"
"00751Y106","AAP","Advance Auto Parts Inc","Auto Parts"
"38747R884","AAPB","GraniteShares 2x Long AAPL Daily ETF","ETF"
"25461A304","AAPD","Direxion Daily AAPL Bear 1X Shares","ETF"
"04390B105","AAPG","Ascentage Pharma Group International","Biotechnology"
"03236M200","AAPL","Apple Inc","Consumer Electronics"
"037833100","AAPL","Apple Inc","Consumer Electronics"
"278715206","AAPL","Apple Inc","Consumer Electronics"
"45783Y335","AAPR","Innovator Equity Defined Protection ETF - 2 Yr To April 2026","ETF"
"25461A874","AAPU","Direxion Daily AAPL Bull 2X Shares","ETF"
"77926X791","AAPW","Roundhill AAPL WeeklyPay ETF","ETF"
"26923N629","AAPX","T-Rex 2X Long Apple Daily Target ETF","ETF"
"500948500","AAPY","Kurv Yield Premium Strategy Apple ETF","ETF"
"002942100","AARD","Aardvark Therapeutics Inc","Biotechnology"
"024013104","AAT","American Assets Trust Inc","REIT - Diversified"
"01921D204","AAUC","Allied Gold Corporation","Gold"
"02072L508","AAVM","Alpha Architect Global Factor Equity ETF","ETF"
"00080Q105","AAVMY","ABN AMRO Bank NV","Banks - Diversified"
"464288182","AAXJ","iShares MSCI All Country Asia ex Japan ETF","ETF"
"01881G106","AB","AllianceBernstein Holding LP","Asset Management"
"02451V309","ABAT","American Battery Technology","Waste Management"
"000375204","ABBNY","ABB Ltd","Electrical Equipment & Parts"
"00287Y109","ABBV","AbbVie Inc","Drug Manufacturers - General"
"03076K108","ABCB","Ameris BanCorp","Banks - Regional"
"00288U106","ABCL","Abcellera Biologics Inc","Biotechnology"
"02072L284","ABCS","Alpha Blue Capital US Small-Mid Cap Dynamic ETF","ETF"
"02079K602","ABE1.F","Alphabet Inc. - Depositary Shares representing a 1/20th Interest in a Share of Series B Mandatory Convertible Preferred Stock",""
"02079K404","ABE2.F","Alphabet Inc. - Depositary Shares representing a 1/20th Interest in a Share of Series A Mandatory Convertible Preferred Stock",""
"00289Y206","ABEO","Abeona Therapeutics Inc","Biotechnology"
"90470L568","ABEQ","Absolute Select Value ETF","ETF"
"02319V103","ABEV","AmBev","Beverages - Brewers"
"89628W302","ABFL","Abacus FCF Leaders ETF","ETF"
"043436104","ABG","Asbury Automotive Group Inc","Auto & Truck Dealerships"
"92647X731","ABI","VictoryShares Pioneer Asset-Based Inc ETF","ETF"
"02072Q747","ABIG","Argent Large Cap ETF","ETF"
"89628W708","ABLD","Abacus FCF Real Assets Leaders ETF","ETF"
"89628W401","ABLG","Abacus FCF International Leaders ETF","ETF"
"00258Y112","ABLLW","Abacus Life Inc","Insurance - Life"
"G1149B108","ABLV","Able View Global Inc","Specialty Retail"
"G1149B116","ABLVW","Able View Global Inc","Specialty Retail"
"000957100","ABM","ABM Industries Incorporated","Specialty Business Services"
"009066101","ABNB","Airbnb Inc","Travel Services"
"009066AB7","ABNB","Airbnb Inc","Travel Services"
"88636X401","ABNY","YieldMax ABNB Option Income Strategy ETF","ETF"
"00509G209","ABOS","Acumen Pharmaceuticals Inc","Biotechnology"
"000847103","ABP","Abpro Holdings Inc","Biotechnology"
"000847111","ABPWW","Abpro Holdings Inc","Biotechnology"
"038923108","ABR","Arbor Realty Trust Inc","REIT - Mortgage"
"M0R53V104","ABRA.TA","Abra Information Technologies",""
"00091E109","ABSI","Absci Corporation","Biotechnology"
"002824100","ABT","Abbott Laboratories","Medical Devices"
"02462A104","ABTC","American Bitcoin Corp","Capital Markets"
"G6S34K113","ABTS","Abits Group Inc","Capital Markets"
"03879J100","ABUS","Arbutus Biopharma Corp","Biotechnology"
"00091F304","ABVC","Abvc Biopharma Inc","Biotechnology"
"00373V100","ABVEF","Above Food Ingredients Inc","Packaged Foods"
"00373V118","ABVWF","Above Food Ingredients Inc","Packaged Foods"
"00370M103","ABVX","ABIVAX Société Anonyme","Biotechnology"
"00258Y104","ABX","Abacus Global Management Inc","Insurance - Life"
"89628W609","ABXB","Abacus Flexible Bond Leaders ETF","ETF"
"039653100","ACA","Arcosa Inc","Engineering & Construction"
"G0679A100","ACAA","Averin Capital Acquisition Corp","Shell Companies"
"G0679A126","ACAAU","Averin Capital Acquisition Corp","Shell Companies"
"G0679A118","ACAAW","Averin Capital Acquisition Corp","Shell Companies"
"004225108","ACAD","ACADIA Pharmaceuticals Inc","Biotechnology"
"05156X850","ACB","Aurora Cannabis Inc","Drug Manufacturers - Specialty & Generic"
"00437E102","ACCD","Accolade Inc","Health Information Services"
"00081T108","ACCO","ACCO Brands Corporation","Business Equipment & Supplies"
"46520M204","ACCS","Access Newswire Inc","Advertising Agencies"
"00435F309","ACCYY","Accor SA","Lodging"
"74319N100","ACDC","Profrac Holding Corp","Oil & Gas Equipment & Services"
"008911877","ACDVF","Air Canada","Airlines"
"00436Q106","ACEL","Accel Entertainment Inc","Gambling"
"02072Q523","ACEP","ARS Core Equity Portfolio ETF","ETF"
"00162Q460","ACES","ALPS Clean Energy ETF","ETF"
"007002108","ACET","Adicet Bio Inc","Biotechnology"
"007002207","ACET","Adicet Bio Inc","Biotechnology"
"00850M102","ACGBY","Agricultural Bank of China Limited","Banks - Diversified"
"G0113G101","ACGC","ACP Holdings Acquisition Corp","Shell Companies"
"G0113G119","ACGCW","ACP Holdings Acquisition Corp","Shell Companies"
"G0450A105","ACGL","Arch Capital Group Ltd","Insurance - Diversified"
"045528106","ACGP","Associated Capital Group","Asset Management"
"025072380","ACGR","American Century Large Cap Growth ETF","ETF"
"690732102","ACH","Accendra Health Inc","Medical Distribution"
"00404A109","ACHC","Acadia Healthcare Company Inc","Medical Care Facilities"
"00449L102","ACHL","Achilles Therapeutics plc","Biotechnology"
"03945R102","ACHR","Archer Aviation Inc","Aerospace & Defense"
"03945R110","ACHRWS","Archer Aviation Inc","Aerospace & Defense"
"004468500","ACHV","Achieve Life Sciences Inc","Biotechnology"
"013091103","ACI","Albertsons Companies Inc","Grocery Stores"
"910710102","ACIC","American Coastal Insurance Corporation","Insurance - Property & Casualty"
"049287105","ACII","Innovator Index Autocallable In",""
"26922A222","ACIO","Aptus Collared Investment Opportunity ETF","ETF"
"H00263105","ACIU","AC Immune SA","Biotechnology"
"004498101","ACIW","ACI Worldwide Inc","Software - Infrastructure"
"025072752","ACLC","American Century Large Cap Equity ETF","ETF"
"046789400","ACLLF","ATCO Ltd","Utilities - Diversified"
"00449R109","ACLLY","Accelleron Industries AG","Specialty Industrial Machinery"
"29287L858","ACLO","TCW AAA CLO ETF","ETF"
"054540208","ACLS","Axcelis Technologies Inc","Semiconductor Equipment & Materials"
"03940C100","ACLX","Arcellx Inc","Biotechnology"
"00766T100","ACM","AECOM","Engineering & Construction"
"00108J109","ACMR","ACM Research Inc","Semiconductor Equipment & Materials"
"G1151C101","ACN","Accenture plc","Information Technology Services"
"000868109","ACNB","ACNB Corporation","Banks - Regional"
"871565107","ACNT","Ascent Industries Co","Chemicals"
"02074J501","ACOG","Alpha Cognition Inc","Biotechnology"
"655187110","ACONW","Aclarion Inc","Medical Devices"
"002201101","ACOPY","The a2 Milk Company Limited","Packaged Foods"
"003057106","ACP","abrdn Income Credit Strategies Fund","Asset Management"
"00489Q102","ACR","ACRES Commercial Realty Corp","REIT - Mortgage"
"04013V108","ACRE","Ares Commercial Real Estate Corporation","REIT - Mortgage"
"00461U105","ACRS","Aclaris Therapeutics Inc","Biotechnology"
"004890109","ACRV","Acrivon Therapeutics Inc","Biotechnology"
"00089H106","ACSAY","ACS Actividades de Construcción y Servicios SA","Engineering & Construction"
"886364710","ACSI","American Customer Satisfaction ETF","ETF"
"29249E109","ACT","Enact Holdings Inc","Insurance - Specialty"
"003881307","ACTG","Acacia Research Corporation","Business Equipment & Supplies"
"005083100","ACTU","Actuate Therapeutics Inc","Biotechnology"
"90214Q717","ACTV","LeaderShares Activist Leaders ETF","ETF"
"004816104","ACU","Acme United Corporation","Household & Personal Products"
"92840N100","ACV","Virtus Diversified Income & Convertible Fund","Asset Management"
"00091G104","ACVA","ACV Auctions Inc","Auto & Truck Dealerships"
"26923N108","ACVF","American Conservative Values ETF","ETF"
"75526L845","ACVT","Advent Convertible Bond ETF","ETF"
"41653L859","ACVU","Hartford Alpha Capture Value ETF","ETF"
"464288257","ACWI","iShares MSCI ACWI ETF","ETF"
"464286525","ACWV","iShares MSCI Global Min Vol Factor ETF","ETF"
"464288240","ACWX","iShares MSCI ACWI Ex-US ETF","ETF"
"032350100","ACXIF","Acciona SA","Engineering & Construction"
"00510M104","ACXP","Acurx Pharmaceuticals Inc","Biotechnology"
"911684108","AD","Array Digital Infrastructure Inc","Telecom Services"
"G0R91M105","ADAC","American Drive Acquisition Company","Shell Companies"
"G0R91M121","ADACU","American Drive Acquisition Company","Shell Companies"
"G0R91M113","ADACW","American Drive Acquisition Company","Shell Companies"
"005329107","ADAG","Adagene Inc","Biotechnology"
"649604840","ADAM","Adamas Trust Inc","REIT - Mortgage"
"00653A107","ADAPY","Adaptimmune Therapeutics plc","Biotechnology"
"00724F101","ADBE","Adobe Inc","Software - Application"
"882927387","ADBG","Leverage Shares 2X Long ADBE Daily ETF","ETF"
"008492100","ADC","Agree Realty Corporation","REIT - Retail"
"H0036K147","ADCT","ADC Therapeutics SA","Biotechnology"
"00687A107","ADDYY","adidas AG","Footwear & Accessories"
"00676P107","ADEA","Adeia Inc","Software - Application"
"90214Q725","ADFI","Anfield Dynamic Fixed Income ETF","ETF"
"00534B100","ADGM","Adagio Medical Holdings Inc","Medical Devices"
"032654105","ADI","Analog Devices Inc","Semiconductors"
"00688A205","ADIL","Adial Pharmaceuticals Inc","Biotechnology"
"402031843","ADIV","SmartETFs Asia Pacific Dividend Builder ETF","ETF"
"039483102","ADM","Archer-Daniels-Midland Company","Farm Products"
"000899104","ADMA","ADMA Biologics Inc","Biotechnology"
"26922A784","ADME","Aptus Drawdown Managed Equity ETF","ETF"
"00788A204","ADNH","Advent Technologies Holdings Inc","Electrical Equipment & Parts"
"G0084W101","ADNT","Adient plc","Auto Parts"
"00788A113","ADNWW","Advent Technologies Holdings Inc","Electrical Equipment & Parts"
"053015103","ADP","Automatic Data Processing Inc","Software - Application"
"00650F109","ADPT","Adaptive Biotechnologies Corporation","Diagnostics & Research"
"500467501","ADRNY","Koninklijke Ahold Delhaize NV","Grocery Stores"
"G0085J117","ADSE","Ads Tec Energy plc","Electrical Equipment & Parts"
"G0085J109","ADSEW","Ads Tec Energy plc","Electrical Equipment & Parts"
"052769106","ADSK","Autodesk Inc","Software - Application"
"00090Q103","ADT","ADT Inc","Security & Protection Services"
"00486H105","ADTN","ADTRAN Holdings Inc","Communication Equipment"
"007025885","ADTX","Aditxt Inc","Biotechnology"
"007408206","ADUR","Aduro Clean Technologies Inc","Pollution & Treatment Controls"
"006739106","ADUS","Addus HomeCare Corporation","Medical Care Facilities"
"00791N102","ADV","Advantage Solutions Inc","Advertising Agencies"
"00791N201","ADV","Advantage Solutions Inc","Advertising Agencies"
"00752P104","ADVB","Advanced Biomed Inc","Diagnostics & Research"
"00773U207","ADVM","Adverum Biotechnologies Inc","Biotechnology"
"00791N110","ADVWW","Advantage Solutions Inc","Advertising Agencies"
"006212104","ADX","Adams Diversified Equity Fund Inc","Asset Management"
"00654J206","ADXN","Addex Therapeutics Ltd","Biotechnology"
"N3501V104","ADYEN.AS","Adyen NV","Software - Infrastructure"
"00783V104","ADYEY","Adyen NV","Software - Infrastructure"
"006351308","AE","Adams Resources & Energy Inc","Oil & Gas Midstream"
"02157M108","AEAE","AltEnergy Acquisition Corp","Shell Companies"
"02157M207","AEAEU","AltEnergy Acquisition Corp","Shell Companies"
"02157M116","AEAEW","AltEnergy Acquisition Corp","Shell Companies"
"G0081J103","AEAQ","Activate Energy Acquisition Corp","Shell Companies"
"G0081J129","AEAQU","Activate Energy Acquisition Corp","Shell Companies"
"G0081J111","AEAQW","Activate Energy Acquisition Corp","Shell Companies"
"H00501108","AEBI","Aebi Schmidt Holding AG","Farm & Heavy Construction Machinery"
"03464C205","AEC","Anfield Energy Inc","Uranium"
"023608102","AEE","Ameren Corporation","Utilities - Regulated Electric"
"00301W105","AEF","abrdn Emerging Markets ex-China Fund Inc","Asset Management"
"0076CA104","AEG","Aegon Ltd","Insurance - Diversified"
"G041JN122","AEHL","Antelope Enterprise Holdings Limited","Building Products & Equipment"
"00760J108","AEHR","Aehr Test Systems","Semiconductor Equipment & Materials"
"02115D208","AEI","Alset Inc","Real Estate - Development"
"007973100","AEIS","Advanced Energy Industries","Electrical Equipment & Parts"
"007973AE0","AEIS","Advanced Energy Industries","Electrical Equipment & Parts"
"008474108","AEM","Agnico Eagle Mines Ltd","Gold"
"01861F102","AENT","Alliance Entertainment Holding Corporation","Entertainment"
"01861F110","AENTW","Alliance Entertainment Holding Corporation","Entertainment"
"02553E106","AEO","American Eagle Outfitters Inc","Apparel Retail"
"00791X209","AEON","Aeon Biopharma Inc","Biotechnology"
"025537101","AEP","American Electric Power","Utilities - Regulated Electric"
"N00985106","AER","AerCap","Rental & Leasing Services"
"40054J109","AERO","Grupo Aeromexico SAB de CV","Airlines"
"G0136H102","AERT","Aeries Technology Inc","Consulting Services"
"G0136H110","AERTW","Aeries Technology Inc","Consulting Services"
"00130H105","AES","The AES Corporation","Utilities - Diversified"
"04930R107","AESI","Atlas Energy Solutions Inc","Oil & Gas Equipment & Services"
"642045108","AESI","Atlas Energy Solutions Inc","Oil & Gas Equipment & Services"
"90214Q733","AESR","Anfield US Equity Sector Rotation ETF","ETF"
"091748301","AETH","Bitwise Trendwise Ethereum & Treasuries Rotation Strategy ETF","ETF"
"00835Q103","AEVA","Aeva Technologies Inc","Software - Infrastructure"
"00835Q202","AEVA","Aeva Technologies Inc","Software - Infrastructure"
"00835Q111","AEVAW","Aeva Technologies Inc","Software - Infrastructure"
"G0273J101","AEXA","American Exceptionalism Acquisition Corp A","Shell Companies"
"050734201","AEYE","AudioEye Inc","Software - Application"
"01864U106","AFB","AllianceBernstein National Municipal Income Fund","Asset Management"
"00832E103","AFBI","Affinity Bancshares Inc","Banks - Regional"
"00109K105","AFCG","Advanced Flower Capital Inc","Asset Management"
"025932104","AFG","American Financial Group","Insurance - Property & Casualty"
"33740F789","AFGR","First Trust Active Factor Large Cap Growth ETF","ETF"
"90214Q766","AFIF","Anfield Universal Fixed Income ETF","ETF"
"04238R106","AFIIQ","Armstrong Flooring Inc","Building Products & Equipment"
"01989A308","AFIX","Allspring Broad Market Core Bond ETF","ETF"
"G01341109","AFJK","Aimei Health Technology Co Ltd","Medical Devices"
"G01341133","AFJKR","Aimei Health Technology Co Ltd","Medical Devices"
"92189F775","AFK","VanEck Africa Index ETF","ETF"
"001055102","AFL","Aflac Incorporated","Insurance - Life"
"33740F821","AFLG","First Trust Active Factor Large Cap ETF","ETF"
"009119108","AFLYY","Air France-KLM","Airlines"
"33740F813","AFMC","First Trust Active Factor Mid Cap ETF","ETF"
"N01045207","AFMD","Affimed NV","Biotechnology"
"02072Q531","AFOS","ARS Focused Opportunities Strategy ETF","ETF"
"X3R81D102","AFRI","Forafric Global plc","Farm Products"
"X3R81D110","AFRIW","Forafric Global plc","Farm Products"
"00827B106","AFRM","Affirm Holdings Inc","Credit Services"
"00827BAB2","AFRM","Affirm Holdings Inc","Credit Services"
"00827BAD8","AFRM","Affirm Holdings Inc","Credit Services"
"00384X202","AFSC","abrdn Focused US Small Cap Active ETF","ETF"
"33740F797","AFSM","First Trust Active Factor Small Cap ETF","ETF"
"G01125106","AFYA","Afya Ltd","Education & Training Services"
"32076V103","AG","First Majestic Silver Corp","Silver"
"001084102","AGCO","AGCO Corporation","Farm & Heavy Construction Machinery"
"00302M106","AGD","abrdn Global Dynamic Dividend","Asset Management"
"00384X301","AGEM","abrdn Emerging Markets Dividend Active ETF","ETF"
"00847G804","AGEN","Agenus Inc","Biotechnology"
"00844W208","AGESY","ageas SA/NV","Insurance - Diversified"
"464287226","AGG","iShares Core US Aggregate Bond ETF","ETF"
"02072Q663","AGGA","EA Astoria Dynamic Core US Fixed Income ETF","ETF"
"82889N723","AGGH","Simplify Aggregate Bond ETF","ETF"
"41151J794","AGGS","Harbor Disciplined Bond ETF","ETF"
"97717X511","AGGY","WisdomTree Yield Enhanced US Aggregate Bond Fund","ETF"
"011532108","AGI","Alamos Gold Incorporated","Gold"
"44183U308","AGIG","Abundia Global Impact Group Inc","Utilities - Renewable"
"46431W523","AGIH","iShares Inflation Hedged US Aggregate Bond ETF","ETF"
"00847X104","AGIO","Agios Pharmaceuticals Inc","Biotechnology"
"500767363","AGIX","KraneShares Artificial Intelligence and Technology ETF","ETF"
"00857U107","AGL","Agilon Health Inc","Medical Care Facilities"
"00857U206","AGL","Agilon Health Inc","Medical Care Facilities"
"313148306","AGM","Federal Agricultural Mortgage Corporation","Credit Services"
"313148108","AGMA","Federal Agricultural Mortgage Corporation","Credit Services"
"JYH220000","AGMB","AgomAb Therapeutics NV","Biotechnology"
"G0132V105","AGMH","Agm Group Holdings Inc","Computer Hardware"
"00123Q104","AGNC","AGNC Investment Corp","REIT - Mortgage"
"37954Y772","AGNG","Global X Aging Population ETF","ETF"
"30212W100","AGNT","eXp World Holdings Inc","Real Estate Services"
"G0585R106","AGO","Assured Guaranty Ltd","Insurance - Specialty"
"85521B742","AGOX","Adaptive Alpha Opportunities ETF","ETF"
"74039M408","AGPU","Axe Compute Inc","Software - Infrastructure"
"74347W353","AGQ","ProShares Ultra Silver","ETF"
"33740F383","AGQI","First Trust Active Global Quality Income ETF","ETF"
"05351W103","AGR","Avangrid Inc","Utilities - Regulated Electric"
"46431W531","AGRH","iShares Interest Rate Hedged US Aggregate Bond ETF","ETF"
"L00849106","AGRO","Adecoagro Sa","Farm Products"
"72814N104","AGS","Playags Inc","Gambling"
"00401E112","AGX","Argan Inc","Engineering & Construction"
"04010E109","AGX","Argan Inc","Engineering & Construction"
"00847J105","AGYS","Agilysys Inc","Software - Application"
"464288166","AGZ","iShares Agency Bond ETF","ETF"
"97717W380","AGZD","WisdomTree Interest Rate Hedged US Aggregate Bond Fund","ETF"
"035243104","AHCHY","Anhui Conch Cement Company Limited","Building Materials"
"00653Q102","AHCO","AdaptHealth Corp","Medical Devices"
"006754204","AHEXY","Adecco Group AG","Staffing & Employment Services"
"98422P108","AHG","Akso Health Group","Medical Distribution"
"043400100","AHKSY","Asahi Kasei Corporation","Conglomerates"
"G05384501","AHL","Aspen Insurance Holdings Ltd","Insurance - Reinsurance"
"G0262A103","AHMA","Ambitions Enterprise Management Co LLC","Travel Services"
"398182303","AHR","American Healthcare REIT Inc","REIT - Healthcare Facilities"
"04208T108","AHRT","AH REALTY TRUST INC","REIT - Diversified"
"044103794","AHT","Ashford Hospitality Trust Inc","REIT - Hotel & Motel"
"025072331","AHYB","American Century Select High Yield ETF","ETF"
"12468P104","AI","C3 AI Inc","Software - Infrastructure"
"464288430","AIA","iShares Asia 50 ETF","ETF"
"093919108","AIB","AIB Data Centers Inc","Software - Infrastructure"
"25461A692","AIBD","Direxion Daily AI And Big Data Bear 2X Shares","ETF"
"00135T104","AIBGY","AIB Group plc","Banks - Regional"
"25461A718","AIBU","Direxion Daily AI And Big Data Bull 2X Shares","ETF"
"032108565","AIEQ","Amplify AI Powered Equity ETF","ETF"
"31561T102","AIEV","Thunder Power Holdings Inc","Auto Manufacturers"
"019170109","AIFA","All In FutureTech Alliance Inc","Software - Infrastructure"
"47089W104","AIFC","AI Financial Corporation","Software - Infrastructure"
"29287L502","AIFD","TCW Artificial Intelligence ETF","ETF"
"317970101","AIFF","Firefly Neuroscience Inc","Software - Application"
"30712A103","AIFU","AIFU Inc","Insurance Brokers"
"026874784","AIG","American International Group","Insurance - Diversified"
"817225204","AIHS","Senmiao Technology Ltd","Rental & Leasing Services"
"026948109","AII","American Integrity Insurance Group Inc","Insurance - Property & Casualty"
"G01336117","AIIAR","AI Infrastructure Acquisition Corp","Shell Companies"
"G6693P106","AIIO","Robo.ai Inc","Auto Manufacturers"
"G6693P114","AIIOW","Robo.ai Inc","Auto Manufacturers"
"45175Q106","AILEQ","iLearningEngines Inc","Software - Application"
"45175Q114","AILEW","iLearningEngines Inc","Software - Application"
"00901B105","AIM","AIM ImmunoTech Inc","Biotechnology"
"G0135E126","AIMAU","Aimfinity Investment Corp I","Shell Companies"
"00902F402","AIMD","Ainos Inc","Scientific & Technical Instruments"
"00902F113","AIMDW","Ainos Inc","Scientific & Technical Instruments"
"012348108","AIN","Albany International Corp","Textile Manufacturing"
"92838Y100","AIO","Virtus Artificial Intelligence & Technology Opportunities Fund","Asset Management"
"19763T103","AIOAX","Columbia Income Opportunities Fund Class A","ETF"
"G6593L122","AIOS","AIOS Tech Inc","Information Technology Services"
"73931J109","AIOT","Powerfleet Inc","Software - Infrastructure"
"04302A104","AIP","Arteris Inc","Semiconductors"
"26923N538","AIPI","REX AI Equity Premium Income ETF","ETF"
"00950R100","AIPUY","Airports of Thailand Public Company Limited","Airports & Air Services"
"37954Y632","AIQ","Global X Artificial Intelligence & Technology ETF","ETF"
"009126202","AIQUY","L'Air Liquide SA","Specialty Chemicals"
"000361105","AIR","AAR Corp","Aerospace & Defense"
"N0280G100","AIR.PA","Airbus SE","Aerospace & Defense"
"03750L109","AIRC","Apartment Income REIT Corp","REIT - Residential"
"75607T105","AIRE","reAlpha Tech Corp","Real Estate Services"
"00938A104","AIRG","Airgain Inc","Communication Equipment"
"00912N403","AIRI","Air Industries Group","Aerospace & Defense"
"612160101","AIRJ","AirJoule Technologies Corporation","Building Products & Equipment"
"612160119","AIRJW","AirJoule Technologies Corporation","Building Products & Equipment"
"882927106","AIRL","Themes Airlines ETF","ETF"
"009422106","AIRO","AIRO Group Holdings Inc","Aerospace & Defense"
"33738R704","AIRR","First Trust RBA American Industrial RenaissanceTM ETF","ETF"
"009496100","AIRS","AirSculpt Technologies Inc","Medical Care Facilities"
"009207101","AIRT","Air T Inc","Conglomerates"
"45259A845","AIS","VistaShares Artificial Intelligence Supercycle ETF","ETF"
"008940108","AISP","Airship AI Holdings Inc","Software - Infrastructure"
"008940116","AISPW","Airship AI Holdings Inc","Software - Infrastructure"
"03820C105","AIT","Applied Industrial Technologies Inc","Industrial Distribution"
"G01490104","AITR","AI Transportation Acquisition Corp","Shell Companies"
"03748R747","AIV","Apartment Investment and Management Co","REIT - Residential"
"032108573","AIVC","Amplify Bloomberg AI Value Chain ETF","ETF"
"97717W786","AIVI","WisdomTree International AI Enhanced Value Fund","ETF"
"97717W406","AIVL","WisdomTree US Al Enhanced Value Fund","ETF"
"74754R301","AIXC","AIxCrypto Holdings Inc","Software - Infrastructure"
"98423X209","AIXI","Xiao-I Corporation","Software - Application"
"04621X108","AIZ","Assurant Inc","Insurance - Property & Casualty"
"45783Y418","AJAN","Innovator Equity Defined Protection ETF - 2 Yr To January 2026","ETF"
"363576109","AJG","Gallagher Arthur J & Co","Insurance Brokers"
"009707100","AJINY","Ajinomoto Co Inc","Packaged Foods"
"45783Y236","AJUL","Innovator Equity Defined Protection ETF - 2 Yr to July 2026","ETF"
"00152K200","AKA","a.k.a. Brands Holding Corp","Apparel Retail"
"00971T101","AKAM","Akamai Technologies Inc","Software - Infrastructure"
"00971TAJ0","AKAM","Akamai Technologies Inc","Software - Infrastructure"
"00971TAL5","AKAM","Akamai Technologies Inc","Software - Infrastructure"
"00971TAN1","AKAM","Akamai Technologies Inc","Software - Infrastructure"
"00971TAQ4","AKAM","Akamai Technologies Inc","Software - Infrastructure"
"00971M403","AKAN","Akanda Corp","Drug Manufacturers - Specialty & Generic"
"00972D105","AKBA","Akebia Therapeutics Inc","Drug Manufacturers - Specialty & Generic"
"009719501","AKBTY","Akbank TAS","Banks - Regional"
"F0392W125","AKE.PA","Arkema SA","Specialty Chemicals"
"29081P204","AKOA","Embotelladora Andina S A","Beverages - Non-Alcoholic"
"29081P303","AKOB","Embotelladora Andina S A","Beverages - Non-Alcoholic"
"004239109","AKR","Acadia Realty Trust","REIT - Retail"
"74316P579","AKRE","Akre Focus ETF","ETF"
"00973Y108","AKRO","Akero Therapeutics Inc","Biotechnology"
"01021M104","AKTS","Aktis Oncology Inc","Biotechnology"
"00973N102","AKTSQ","Akoustis Technologies Inc","Semiconductors"
"00972G207","AKTX","Akari Therapeutics plc","Biotechnology"
"00974H104","AKYA","Akoya Biosciences Inc","Diagnostics & Research"
"010199503","AKZOY","Akzo Nobel NV","Specialty Chemicals"
"00912X302","AL","Air Lease Corp","Rental & Leasing Services"
"04626A103","ALAB","Astera Labs Inc","Semiconductors"
"015564503","ALAI","Alger AI Enablers & Adopters ETF","ETF"
"78643B500","ALAR","Alarum Technologies Ltd","Software - Infrastructure"
"012653101","ALB","Albemarle Corp","Specialty Chemicals"
"02071M507","ALBKY","Alpha Bank SA","Banks - Regional"
"012653200","ALBPA","Albemarle Corp","Specialty Chemicals"
"H01301128","ALC","Alcon Ag (Nys)","Medical Instruments & Supplies"
"016230104","ALCO","Alico Inc","Farm Products"
"G0232F109","ALCY","Alchemy Investments Acquisition Corp 1","Shell Companies"
"G0232F133","ALCYW","Alchemy Investments Acquisition Corp 1","Shell Companies"
"G01558108","ALDF","Aldel Financial II Inc","Shell Companies"
"G01558116","ALDFU","Aldel Financial II Inc","Shell Companies"
"G01558124","ALDFW","Aldel Financial II Inc","Shell Companies"
"01438T106","ALDX","Aldeyra Therapeutics Inc","Biotechnology"
"018522300","ALE","Allete Inc","Utilities - Diversified"
"014442107","ALEC","Alector Inc","Biotechnology"
"FR0014004","ALENO","Enogia SAS","Specialty Industrial Machinery"
"014491104","ALEX","Alexander & Baldwin Inc","REIT - Diversified"
"G20315100","ALF","Centurion Acquisition Corp","Shell Companies"
"G20315126","ALFUU","Centurion Acquisition Corp","Shell Companies"
"G20315118","ALFUW","Centurion Acquisition Corp","Shell Companies"
"015393101","ALFVY","Alfa Laval AB","Specialty Industrial Machinery"
"011311107","ALG","Alamo Group Inc","Farm & Heavy Construction Machinery"
"01749D105","ALGM","Allegro Microsystems Inc","Semiconductors"
"016255101","ALGN","Align Technology Inc","Medical Instruments & Supplies"
"01626L204","ALGS","Aligos Therapeutics Inc","Biotechnology"
"01748X102","ALGT","Allegiant Travel Co","Airlines"
"01862Q107","ALH","Alliance Laundry Holdings Inc","Furnishings, Fixtures & Appliances"
"01625V104","ALHC","Alignment Healthcare Inc","Healthcare Plans"
"G1771C101","ALIS","Calisa Acquisition Corp","Shell Companies"
"01626W101","ALIT","Alight Inc","Software - Application"
"018820100","ALIZY","Allianz Se Unsponsrd Ads","Insurance - Diversified"
"011659109","ALK","Alaska Air Group Inc","Airlines"
"G01767105","ALKS","Alkermes plc","Drug Manufacturers - Specialty & Generic"
"G01767106","ALKS","Alkermes plc","Drug Manufacturers - Specialty & Generic"
"01644J108","ALKT","Alkami Technology Inc","Software - Application"
"01644JAB4","ALKT","Alkami Technology Inc","Software - Application"
"020002101","ALL","The Allstate Corporation","Insurance - Property & Casualty"
"G0176J109","ALLE","Allegion plc","Security & Protection Services"
"W74925103","ALLEI.ST","Alleima AB",""
"N0796A100","ALLGF","Allego NV","Specialty Retail"
"01671P100","ALLK","Allakos Inc","Biotechnology"
"019770106","ALLO","Allogene Therapeutics Inc","Biotechnology"
"016744500","ALLR","Allarity Therapeutics Inc","Biotechnology"
"M0854Q105","ALLT","Allot Ltd","Software - Infrastructure"
"78470P630","ALLW","SPDR Bridgewater ALL Weather ETF","ETF"
"02005N100","ALLY","Ally Financial Inc","Credit Services"
"020398707","ALM","Almonty Industries Inc","Other Industrial Metals & Mining"
"010911105","ALMR","Alamar Biosciences Inc","Medical Devices"
"022307102","ALMS","Alumis Inc","Biotechnology"
"00776X109","ALMU","Aeluma Inc","Semiconductors"
"019330109","ALNT","Allient Inc","Electronic Components"
"02043Q107","ALNY","Alnylam Pharmaceuticals Inc","Biotechnology"
"02043QAB3","ALNY","Alnylam Pharmaceuticals Inc","Biotechnology"
"04638F108","ALOT","AstroNova Inc","Computer Hardware"
"G01900102","ALOV","Aldabra 4 Liquidity Opportunity Vehicle Inc","Shell Companies"
"G01900110","ALOVW","Aldabra 4 Liquidity Opportunity Vehicle Inc","Shell Companies"
"75606V101","ALOY","REalloys Inc","Other Industrial Metals & Mining"
"G7185A136","ALP","Alpha Compute Corp","Asset Management"
"04623U102","ALPMY","Astellas Pharma","Drug Manufacturers - General"
"011642105","ALRM","Alarm.com Holdings Inc","Software - Application"
"011642AB1","ALRM","Alarm.com Holdings Inc","Software - Application"
"011642AD7","ALRM","Alarm.com Holdings Inc","Software - Application"
"01446U103","ALRS","Alerus Financial Corporation","Banks - Regional"
"021244207","ALSMY","Alstom SA","Railroads"
"01973R101","ALSN","Allison Transmission Holdings Inc","Auto Parts"
"02155H200","ALT","Altimmune Inc","Biotechnology"
"02128L106","ALTG","Alta Equipment Group Inc","Rental & Leasing Services"
"02157E106","ALTI","Alti Global Inc","Asset Management"
"69374H717","ALTL","Pacer Lunt Large Cap Alternator ETF","ETF"
"G0508H110","ALTM","Arcadium Lithium plc","Other Industrial Metals & Mining"
"021513106","ALTO","Alto Ingredients Inc","Specialty Chemicals"
"021369103","ALTR","Altair Engineering","Software - Application"
"G0233J126","ALUB","Alussa Energy Acquisition Corp","Shell Companies"
"02008G110","ALURWS","Allurion Technologies Inc","Medical Devices"
"052800109","ALV","Autoliv Inc","Auto Parts"
"L01800108","ALVO","Alvotech","Drug Manufacturers - Specialty & Generic"
"L01800116","ALVOW","Alvotech","Drug Manufacturers - Specialty & Generic"
"019818103","ALVR","AlloVir Inc","Biotechnology"
"014752109","ALX","Alexanders Inc","REIT - Retail"
"00166B105","ALXO","ALX Oncology Holdings Inc","Biotechnology"
"02262M506","ALZN","Alzamend Neuro Inc","Biotechnology"
"03676B102","AM","Antero Midstream Corporation","Oil & Gas Midstream"
"02263T104","AMADY","Amadeus IT Group","Information Technology Services"
"022671101","AMAL","Amalgamated Financial Corp","Banks - Regional"
"038222105","AMAT","Applied Materials Inc","Semiconductor Equipment & Materials"
"85521B783","AMAX","Adaptive Hedged Multi-Asset Income ETF","ETF"
"G037AX101","AMBA","Ambarella Inc","Semiconductor Equipment & Materials"
"G02532102","AMBIQ","Ambipar Emergency Response","Waste Management"
"02322P309","AMBO","Ambow Education Holding Ltd","Education & Training Services"
"L02235106","AMBP","Ardagh Metal Packaging SA","Packaging & Containers"
"L02235114","AMBPW","Ardagh Metal Packaging SA","Packaging & Containers"
"023193105","AMBQ","Ambiq Micro Inc","Semiconductors"
"45113Y203","AMBR","Amber International Holding Ltd","Software - Infrastructure"
"G02532110","AMBWQ","Ambipar Emergency Response","Waste Management"
"00165C302","AMC","AMC Entertainment Holdings Inc","Entertainment"
"00166R100","AMCI","AMC Robotics Corporation","Computer Hardware"
"G0250X107","AMCR","Amcor plc","Packaging & Containers"
"G0250X149","AMCR","Amcor plc","Packaging & Containers"
"00164V103","AMCX","AMC Networks Inc","Entertainment"
"007903107","AMD","Advanced Micro Devices Inc","Semiconductors"
"25461A395","AMDD","Direxion Daily AMD Bear 1X Shares","ETF"
"882927627","AMDG","Leverage Shares 2X Long AMD Daily ETF","ETF"
"38747R751","AMDL","GraniteShares 2x Long AMD Daily ETF","ETF"
"031100100","AME","Ametek Inc","Specialty Industrial Machinery"
"023436108","AMED","Amedisys Inc","Medical Care Facilities"
"008252108","AMG","Affiliated Managers Group Inc","Asset Management"
"031162100","AMGN","Amgen Inc","Drug Manufacturers - General"
"02665T306","AMH","American Homes 4 Rent","REIT - Residential"
"02072L839","AMID","Argent Mid Cap ETF","ETF"
"007192107","AMIGY","Admiral Group plc","Insurance - Property & Casualty"
"05330T205","AMIX","Autonomix Medical Inc","Medical Devices"
"48133Q309","AMJB","Alerian MLP Index ETN","ETF"
"04546L106","AMK","AssetMark Financial Holdings Inc","Asset Management"
"00202F102","AMKBY","AP Møller - Mærsk A/S","Marine Shipping"
"031652100","AMKR","Amkor Technology Inc","Semiconductor Equipment & Materials"
"027259209","AMLIF","American Lithium Corp","Other Industrial Metals & Mining"
"00162Q452","AMLP","Alerian MLP ETF","ETF"
"03237H101","AMLX","Amylyx Pharmaceuticals Inc","Drug Manufacturers - Specialty & Generic"
"020283305","AMM.V","Almaden Minerals Ltd","Gold"
"001744101","AMN","AMN Healthcare Services Inc","Medical Care Facilities"
"020952107","AMOD","Alpha Modus Holdings Inc","Software - Application"
"020952115","AMODW","Alpha Modus Holdings Inc","Software - Application"
"30151E780","AMOM","QRAFT AI-Enhanced US Large Cap Momentum ETF","ETF"
"03076C106","AMP","Ameriprise Financial Inc","Asset Management"
"03211Q200","AMPG","Amplitech Group Inc","Communication Equipment"
"03211Q119","AMPGW","Amplitech Group Inc","Communication Equipment"
"03209R103","AMPH","Amphastar Pharmaceuticals Inc","Drug Manufacturers - Specialty & Generic"
"03213A104","AMPL","Amplitude Inc","Software - Application"
"02217A102","AMPS","Altus Power Inc","Solar"
"03214Q108","AMPX","Amprius Technologies Inc","Electrical Equipment & Parts"
"03214Q116","AMPXWS","Amprius Technologies Inc","Electrical Equipment & Parts"
"03212B103","AMPY","Amplify Energy Corp","Oil & Gas E&P"
"020764106","AMR","Alpha Metallurgical Resources Inc","Coking Coal"
"02361E108","AMRC","Ameresco Inc","Engineering & Construction"
"023111206","AMRN","Amarin Corp plc","Drug Manufacturers - General"
"02925A105","AMRRY","American Rare Earths Limited","Other Industrial Metals & Mining"
"03168L105","AMRX","Amneal Pharmaceuticals Inc","Drug Manufacturers - Specialty & Generic"
"H2927K103","AMRZ","Amrize Ltd","Building Materials"
"029595105","AMS","American Shared Hospital Services","Medical Care Facilities"
"030111207","AMSC","American Superconductor Corp","Specialty Industrial Machinery"
"03071H100","AMSF","Amerisafe Inc","Insurance - Specialty"
"031094204","AMST","Amesite Inc","Software - Application"
"03027X100","AMT","American Tower Corporation","REIT - Specialty"
"023576101","AMTB","Amerant Bancorp Inc","Banks - Regional"
"00180G304","AMTD","AMTD IDEA Group","Asset Management"
"023939101","AMTM","Amentum Holdings Inc","Specialty Business Services"
"00770K202","AMTX","Aemetis Inc","Specialty Chemicals"
"90274D374","AMUB","UBS ETRACS Alerian MLP Index ETN Series B","ETF"
"00182CAC7","AMUN","Amundi","ETF"
"25461A411","AMUU","Direxion Daily AMD Bull 2X Shares","ETF"
"030506109","AMWD","American Woodmark Corporation","Furnishings, Fixtures & Appliances"
"03044L105","AMWL","American Well Corp","Health Information Services"
"03044L204","AMWL","American Well Corp","Health Information Services"
"02390A101","AMX","América Móvil SAB de CV","Telecom Services"
"38747R330","AMYY","Graniteshares YieldBOOST AMD ETF","ETF"
"26923G772","AMZA","InfraCap MLP ETF","ETF"
"25461A502","AMZD","Direxion Daily AMZN Bear 1X Shares","ETF"
"35804X200","AMZE","Amaze Holdings Inc","Software - Application"
"023135106","AMZN","Amazon Com Inc","Internet Retail"
"500948401","AMZP","Kurv Yield Premium Strategy Amazon ETF","ETF"
"25461A858","AMZU","Direxion Daily AMZN Bull 2X Shares","ETF"
"88634T840","AMZY","YieldMax AMZN Option Income Strategy ETF","ETF"
"38747R744","AMZZ","GraniteShares 2x Long AMZN Daily ETF","ETF"
"05329W102","AN","Autonation Inc","Auto & Truck Dealerships"
"032724106","ANAB","AnaptysBio Inc","Biotechnology"
"360802102","ANCFX","American Funds Fundamental Investors® Class A","ETF"
"034164103","ANDE","Andersons Inc","Food Distribution"
"033853102","ANDG","Andersen Group Inc","Personal Services"
"034569103","ANEB","Anebulo Pharmaceuticals Inc","Biotechnology"
"040413205","ANET","Arista Networks Inc","Computer Hardware"
"74347G796","ANEW","ProShares MSCI Transformational Changes ETF","ETF"
"002896207","ANF","Abercrombie & Fitch Co","Apparel Retail"
"G0369L101","ANGH","Anghami Inc","Entertainment"
"G0369L119","ANGHW","Anghami Inc","Entertainment"
"00183L201","ANGI","Angi Inc","Internet Content & Information"
"92189F437","ANGL","VanEck Fallen Angel High Yield Bond ETF","ETF"
"03475V101","ANGO","Angiodynamics Inc","Medical Instruments & Supplies"
"03486T202","ANGPY","Valterra Platinum Limited","Other Precious Metals & Mining"
"034948109","ANGX","Angel Studios Inc","Entertainment"
"035255108","ANIK","Anika Therapeutics Inc","Drug Manufacturers - Specialty & Generic"
"00182C103","ANIP","ANI Pharmaceuticals Inc","Drug Manufacturers - Specialty & Generic"
"03528H109","ANIX","Anixa Biosciences Inc","Biotechnology"
"00704R109","ANL","Adlai Nortye Ltd","Biotechnology"
"01444V103","ANNA","Aleanna Inc","Oil & Gas E&P"
"01444V111","ANNAW","Aleanna Inc","Oil & Gas E&P"
"03589W102","ANNX","Annexon Inc","Biotechnology"
"03662P107","ANPDY","ANTA Sports Products Limited","Leisure"
"02157Q109","ANRO","Alto Neuroscience Inc","Biotechnology"
"G0131Y100","ANSC","Agriculture & Natural Solutions Acquisition Corporation","Shell Companies"
"G0131Y118","ANSCW","Agriculture & Natural Solutions Acquisition Corporation","Shell Companies"
"03634M208","ANSLY","Ansell Limited","Medical Instruments & Supplies"
"03662Q105","ANSS","Ansys Inc","Software - Application"
"G0395R106","ANTA","Antalpha Platform Holding Co","Credit Services"
"00941Q203","ANTE","Airnet Technology Inc","Internet Content & Information"
"037326105","ANTX","An2 Therapeutics Inc","Biotechnology"
"03615A108","ANVS","Annovis Bio Inc","Biotechnology"
"648018109","ANWPX","American Funds New Perspective Fund","ETF"
"84841L308","ANY","Sphere 3D Corp","Capital Markets"
"00774W103","ANYYY","Aena SME SA","Airports & Air Services"
"03736N104","ANZGY","ANZ Group Holdings Limited","Banks - Diversified"
"464289859","AOA","iShares Core 80/20 Aggressive Allocation ETF","ETF"
"45784N601","AOCT","Innovator Equity Defined Protection ETF - 2 Yr to October 2026","ETF"
"00326L100","AOD","abrdn Total Dynamic Dividend Fund","Asset Management"
"03463K745","AOHY","Angel Oak High Yield Opportunities ETF","ETF"
"464289883","AOK","iShares Core 30/70 Conservative Allocation ETF","ETF"
"464289875","AOM","iShares Core 40/60 Moderate Allocation ETF","ETF"
"03464Y108","AOMR","Angel Oak Mortgage REIT Inc","REIT - Mortgage"
"G0403H108","AON","Aon plc","Insurance Brokers"
"007627102","AONNY","Aeon Co Ltd","Department Stores"
"464289867","AOR","iShares Core 60/40 Balanced Allocation ETF","ETF"
"228903100","AORT","Artivion Inc","Medical Devices"
"831865209","AOS","A. O. Smith Corporation","Specialty Industrial Machinery"
"G6331P104","AOSL","Alpha & Omega Semiconductor","Semiconductors"
"02875D109","AOUT","American Outdoor Brands Inc","Leisure"
"032037103","AP","Ampco-Pittsburgh Corporation","Metal Fabrication"
"03743Q108","APA","APA Corporation","Oil & Gas E&P"
"G85096108","APAC","StoneBridge Acquisition II Corporation","Shell Companies"
"G85096116","APACR","StoneBridge Acquisition II Corporation","Shell Companies"
"G85096124","APACU","StoneBridge Acquisition II Corporation","Shell Companies"
"G04819127","APADU","A Paradise Acquisition Corp","Shell Companies"
"04316A108","APAM","Artisan Partners Asset Management","Asset Management"
"04124A100","APC","ARKO Petroleum Corp","Oil & Gas Refining & Marketing"
"89834G752","APCB","ActivePassive Core Bond ETF","ETF"
"03834B309","APCX","AppTech Payments Corp","Software - Infrastructure"
"03834B127","APCXW","AppTech Payments Corp","Software - Infrastructure"
"009158106","APD","Air Products & Chemicals Inc","Specialty Chemicals"
"03815U409","APDN","Applied DNA Sciences Inc","Biotechnology"
"88636R388","APED","STKd 100% MSTR & 100% COIN ETF","ETF"
"02913V103","APEI","American Public Education Inc","Education & Training Services"
"00187Y100","APG","APi Group Corporation","Engineering & Construction"
"03770N101","APGE","Apogee Therapeutics Inc","Biotechnology"
"032095101","APH","Amphenol Corporation","Electronic Components"
"04314H857","APHKX","Artisan International Value Fund","ETF"
"00851L103","API","Agora Inc","Software - Application"
"89834G737","APIE","ActivePassive International Equity ETF","ETF"
"038169108","APLD","Applied Digital Corporation","Information Technology Services"
"038169207","APLD","Applied Digital Corporation","Information Technology Services"
"03784Y200","APLE","Apple Hospitality REIT Inc","REIT - Hotel & Motel"
"G0411D115","APLM","Apollomics Inc","Biotechnology"
"G0411D123","APLMW","Apollomics Inc","Biotechnology"
"03753U106","APLS","Apellis Pharmaceuticals Inc","Biotechnology"
"03828A101","APLT","Applied Therapeutics Inc","Biotechnology"
"01989A209","APLU","Allspring Core Plus ETF","ETF"
"46092D665","APLX","Tradr 2X Long APLD Daily ETF","ETF"
"88634T857","APLY","YieldMax AAPL Option Income Strategy ETF","ETF"
"G0344N107","APMC","AmperCap Acquisition Company","Shell Companies"
"G0344N131","APMCR","AmperCap Acquisition Company","Shell Companies"
"05467C108","APMI","Corgi AMAT 2x Daily ETF","ETF"
"04530Y106","APNHY","Aspen Pharmacare Holdings Limited","Drug Manufacturers - Specialty & Generic"
"03769M106","APO","Apollo Global Management Inc","Asset Management"
"45784N882","APOC","Innovator Equity Defined Protection ETF - 6 Mo Apr/Oct","ETF"
"037598109","APOG","Apogee Enterprises Inc","Building Products & Equipment"
"03769M304","APOPA","Apollo Global Management Inc","Asset Management"
"03831W108","APP","AppLovin Corporation","Advertising Agencies"
"03783C100","APPF","AppFolio Inc","Software - Application"
"03782L101","APPN","Appian Corporation","Software - Infrastructure"
"25400W102","APPS","Digital Turbine Inc","Software - Application"
"46092D103","APPX","Tradr 2X Long APP Daily ETF","ETF"
"46152A536","APPX","Tradr 2X Long APP Daily ETF","ETF"
"45783Y632","APRD","Innovator Premium Income 10 Barrier ETF - April","ETF"
"03836J201","APRE","Aprea Therapeutics Inc","Biotechnology"
"45783Y624","APRH","Innovator Premium Income 20 Barrier ETF - April","ETF"
"45783Y616","APRJ","Innovator Premium Income 30 Barrier ETF - April","ETF"
"45783Y590","APRQ","Innovator Premium Income 40 Barrier ETF - April","ETF"
"00888H109","APRT","AllianzIM US Large Cap Buffer10 Apr ETF","ETF"
"00888H208","APRW","AllianzIM US Large Cap Buffer20 Apr ETF","ETF"
"53656F730","APRZ","TrueShares Structured Outcome (April) ETF","ETF"
"020772109","APT","Alpha Pro Tech Ltd","Building Products & Equipment"
"03835T408","APTOF","Aptose Biosciences Inc","Biotechnology"
"G3265R107","APTV","Aptiv plc","Auto Parts"
"89834G729","APUE","ActivePassive US Equity ETF","ETF"
"03771D102","APUS","Apimeds Pharmaceuticals US Inc","Drug Manufacturers - Specialty & Generic"
"G0535E106","APWC","Asia Pacific Wire & Cable Co","Electrical Equipment & Parts"
"G04104108","APXT","Apex Treasury Corporation","Shell Companies"
"G04104116","APXTU","Apex Treasury Corporation","Shell Companies"
"G04104124","APXTW","Apex Treasury Corporation","Shell Companies"
"03837C106","APYX","Apyx Medical Corporation","Medical Devices"
"03842K309","AQB","Aquabounty Technologies Inc","Farm Products"
"46438G497","AQLT","iShares MSCI Global Quality Factor ETF","ETF"
"03837J101","AQMS","Aqua Metals Inc","Waste Management"
"015857105","AQN","Algonquin Power & Utilities Corp","Utilities - Diversified"
"03843E104","AQST","Aquestive Therapeutics Inc","Drug Manufacturers - Specialty & Generic"
"03842W105","AQUC","Aquaron Acquisition Corp","Shell Companies"
"03842W113","AQUNR","Aquaron Acquisition Corp","Shell Companies"
"37954Y186","AQWA","Global X Clean Water ETF","ETF"
"03674X106","AR","Antero Resources Corporation","Oil & Gas E&P"
"04272H204","ARAI","Arrive AI Inc","Scientific & Technical Instruments"
"004397105","ARAY","Accuray Inc","Medical Devices"
"02210T108","ARB","AltShares Merger Arbitrage ETF","ETF"
"G0447T100","ARBB","Arb Iot Group Ltd","Information Technology Services"
"M1R95N100","ARBE","Arbe Robotics Ltd","Scientific & Technical Instruments"
"M1R95N118","ARBEW","Arbe Robotics Ltd","Scientific & Technical Instruments"
"040126302","ARBK","Argo Blockchain plc","Capital Markets"
"00191G103","ARC","Arc Document Solutions Inc","Specialty Business Services"
"03937C105","ARCB","ArcBest Corporation","Trucking"
"04010L103","ARCC","Ares Capital Corporation","Asset Management"
"03940R107","ARCH","Arch Resources Inc","Thermal Coal"
"G0453R105","ARCI","Archimedes Tech SPAC Partners III Co","Shell Companies"
"G0453R113","ARCIW","Archimedes Tech SPAC Partners III Co","Shell Companies"
"042765719","ARCM","Arrow Reserve Capital Management ETF","ETF"
"G0457F107","ARCO","Arcos Dorados Holdings Inc","Restaurants"
"03969T109","ARCT","Arcturus Therapeutics Holdings Inc","Biotechnology"
"46092D780","ARCX","Tradr 2X Long ACHR Daily ETF","ETF"
"M1492B104","ARD.TA","Arad Ltd",""
"04014F102","ARDC","Ares Dynamic Credit Allocation Fund Inc","Asset Management"
"03980N107","ARDT","Ardent Health Partners Inc","Medical Care Facilities"
"039697107","ARDX","Ardelyx Inc","Biotechnology"
"015271109","ARE","Alexandria Real Estate Equities Inc","REIT - Office"
"02919L604","AREB","American Rebel Holdings Inc","Footwear & Accessories"
"02919L117","AREBW","American Rebel Holdings Inc","Footwear & Accessories"
"02927U208","AREC","American Resources Corporation","Coking Coal"
"040044109","AREN","The Arena Group Holdings Inc","Internet Content & Information"
"03990B101","ARES","Ares Management Corporation","Asset Management"
"03990B309","ARESB","Ares Management Corporation","Asset Management"
"04626D206","ARGGY","Aston Martin Lagonda Global Holdings plc","Auto Manufacturers"
"37950E259","ARGT","Global X MSCI Argentina ETF","ETF"
"04016X101","ARGX","argenx SE","Biotechnology"
"04035M102","ARHS","Arhaus Inc","Specialty Retail"
"03762U105","ARI","Apollo Commercial Real Estate Finance Inc","REIT - Mortgage"
"04040Y109","ARIS","Aris Mining Corporation","Gold"
"02072L359","ARKA","ARK 21Shares Active Bitcoin Futures Strategy ETF","ETF"
"041232109","ARKAY","Arkema SA","Specialty Chemicals"
"040919102","ARKB","ARK 21Shares Bitcoin ETF","ETF"
"02072L292","ARKD","ARK 21Shares Digital Asset and Blockchain Strategy ETF","ETF"
"00214Q708","ARKF","Ark Fintech Innovation ETF","ETF"
"00214Q302","ARKG","ARK Genomic Revolution ETF","ETF"
"00214Q104","ARKK","ARK Innovation ETF","ETF"
"041242108","ARKO","Arko Corp","Specialty Retail"
"041242116","ARKOW","Arko Corp","Specialty Retail"
"00214Q203","ARKQ","ARK Autonomous Technology & Robotics ETF","ETF"
"040712101","ARKR","Ark Restaurants Corp","Restaurants"
"04072H107","ARKVX","ARK Venture Fund","ETF"
"00214Q401","ARKW","ARK Next Generation Internet ETF","ETF"
"00214Q807","ARKX","ARK Space Exploration & Innovation ETF","ETF"
"02072L334","ARKZ","ARK 21Shares Active Ethereum Futures Strategy ETF","ETF"
"029174109","ARL","American Realty Investors Inc","Real Estate Services"
"04206A101","ARLO","Arlo Technologies Inc","Building Products & Equipment"
"01877R108","ARLP","Alliance Resource Partners LP","Thermal Coal"
"00888H612","ARLU","AllianzIM US Equity Buffer15 Uncapped Apr ETF","ETF"
"042068205","ARM","ARM Holdings","Semiconductors"
"420682058","ARM","ARM Holdings","Semiconductors"
"882927577","ARMG","Leverage Shares 2X Long ARM Daily ETF","ETF"
"03852U106","ARMK","Aramark","Specialty Business Services"
"04216R102","ARMP","Armata Pharmaceuticals Inc","Biotechnology"
"26923N298","ARMU","2X Long ARM Daily Target ETF","ETF"
"M6058P108","ARNG.TA","Augwind Energy Tech Storage Lt",""
"00217N108","ARNNY","ASR Nederland NV","Insurance - Diversified"
"03957W106","AROC","Archrock Inc","Oil & Gas Equipment & Services"
"042744102","AROW","Arrow Financial Corporation","Banks - Regional"
"00791R301","ARP","Pmv Adaptive Risk Parity ETF","ETF"
"00770C101","ARQ","Arq Inc","Pollution & Treatment Controls"
"G0567U127","ARQQ","Arqit Quantum Inc","Software - Infrastructure"
"G0567U119","ARQQW","Arqit Quantum Inc","Software - Infrastructure"
"03969K108","ARQT","Arcutis Biotherapeutics Inc","Biotechnology"
"042315705","ARR","ARMOUR Residential REIT Inc","REIT - Mortgage"
"042315507","ARR.MX","ARMOUR RESIDENTIAL REIT",""
"04271T100","ARRY","Array Technologies Inc","Solar"
"04271TAB6","ARRY","Array Technologies Inc","Solar"
"04301G607","ARTL","Artelo Biosciences Inc","Biotechnology"
"043113208","ARTNA","Artesian Resources Corporation","Utilities - Regulated Water"
"04317A107","ARTV","Artiva Biotherapeutics Inc","Biotechnology"
"043168103","ARTW","Art's-Way Manufacturing Co Inc","Farm & Heavy Construction Machinery"
"46435U556","ARTY","iShares Future AI & Tech ETF","ETF"
"04335A105","ARVN","Arvinas Inc","Biotechnology"
"33734X762","ARVR","First Trust Indxx Metaverse ETF","ETF"
"042735100","ARW","Arrow Electronics Inc","Electronics & Computer Distribution"
"04280A100","ARWR","Arrowhead Pharmaceuticals Inc","Biotechnology"
"04280AAC4","ARWR","Arrowhead Pharmaceuticals Inc","Biotechnology"
"G00894108","ARX","Accelerant Holdings","Insurance Brokers"
"04339D105","ARXS","Arxis Inc","Aerospace & Defense"
"M1500S107","ARYT","Aryt Industries Ltd","Aerospace & Defense"
"04545K109","ARZGY","Assicurazioni Generali SpA","Insurance - Diversified"
"G0260P102","AS","Amer Sports Inc","Leisure"
"G3156P103","ASA","ASA Gold and Precious Metals Limited","Asset Management"
"81689T104","ASAIY","Sendas Distribuidora S A","Grocery Stores"
"04342Y104","ASAN","Asana Inc","Software - Application"
"045387107","ASAZY","Assa Abloy AB","Security & Protection Services"
"045487105","ASB","Associated Banc-Corp","Banks - Regional"
"045519402","ASBFY","Associated British Foods plc","Packaged Foods"
"738920107","ASBP","Aspire Biopharma Holdings Inc","Biotechnology"
"738920115","ASBPW","Aspire Biopharma Holdings Inc","Biotechnology"
"Y0207T100","ASC","Ardmore Shipping Corporation","Marine Shipping"
"04521N101","ASCCY","ASICS Corporation","Footwear & Accessories"
"01989A704","ASCE","Allspring SMID Core ETF","ETF"
"003022266","ASCI","abrdn International Small Cap Active ETF","ETF"
"37950E648","ASEA","Global X FTSE Southeast Asia ETF","ETF"
"33939L738","ASET","FlexShares Real Assets Allocation Index Fund","ETF"
"529900102","ASG","Liberty All-Star Growth Fund Inc","Asset Management"
"00326W106","ASGI","abrdn Global Infrastructure Income Fund","Asset Management"
"044186104","ASH","Ashland Inc","Specialty Chemicals"
"045055209","ASHGY","Ashtead Group plc","Rental & Leasing Services"
"233051879","ASHR","Xtrackers Harvest CSI 300 China A-Shares ETF","ETF"
"233051754","ASHS","Xtrackers Harvest CSI 500 China A-Shares Small Cap ETF","ETF"
"045055100","ASHTY","Ashtead Group plc","Rental & Leasing Services"
"577130578","ASIA","Matthews Pacific Tiger Active ETF","ETF"
"04681Y103","ASIC","Ategrity Specialty Insurance Company Holdings","Insurance - Property & Casualty"
"00773T101","ASIX","Advansix Inc","Chemicals"
"00810F106","ASLE","Aersale Corporation","Airports & Air Services"
"04522R309","ASLN","Aslan Pharmaceuticals Ltd","Biotechnology"
"053906103","ASM","Avino Silver & Gold Mines Ltd","Other Precious Metals & Mining"
"045396207","ASMB","Assembly Biosciences Inc","Biotechnology"
"882927668","ASMG","Leverage Shares 2X Long ASML Daily ETF","ETF"
"74016W734","ASMH","ASML Holding NV hedged","ETF"
"N07045102","ASMIY","ASM International NV","Semiconductor Equipment & Materials"
"N07059210","ASML","ASML Holding NV","Semiconductor Equipment & Materials"
"00212G108","ASMVY","ASMPT Limited","Semiconductor Equipment & Materials"
"04351P101","ASND","Ascendis Pharma A/S","Biotechnology"
"04351PAD3","ASND","Ascendis Pharma A/S","Biotechnology"
"K08588103","ASND","Ascendis Pharma A/S","Biotechnology"
"00503R409","ASNS","Actelis Networks Inc","Communication Equipment"
"00402L107","ASO","Academy Sports and Outdoors Inc","Specialty Retail"
"G0316P130","ASPC","A SPAC III Acquisition Corp","Shell Companies"
"G0544A145","ASPCR","A SPAC III Acquisition Corp","Shell Companies"
"G0544A137","ASPCU","A SPAC III Acquisition Corp","Shell Companies"
"00218A105","ASPI","ASP Isotopes Inc","Chemicals"
"04523Y105","ASPN","Aspen Aerogels Inc","Building Products & Equipment"
"L0175J104","ASPS","Altisource Portfolio Solutions","Real Estate Services"
"L0175J138","ASPS","Altisource Portfolio Solutions","Real Estate Services"
"L0175J112","ASPSW","Altisource Portfolio Solutions","Real Estate Services"
"L0175J120","ASPSZ","Altisource Portfolio Solutions","Real Estate Services"
"40051E202","ASR","Grupo Aeroportuario del Sureste","Airports & Air Services"
"03074A102","ASRV","AmeriServ Financial Inc","Banks - Regional"
"862945102","ASST","Strive Asset Management LLC","Asset Management"
"862945300","ASST","Strive Asset Management LLC","Asset Management"
"046484309","ASTC","Astrotech Corporation","Scientific & Technical Instruments"
"046224101","ASTE","Astec Industries Inc","Farm & Heavy Construction Machinery"
"03763A207","ASTH","Astrana Health Inc","Medical Care Facilities"
"043635804","ASTI","Ascent Solar Technologies Inc","Solar"
"015658107","ASTL","Algoma Steel Group Inc","Steel"
"015658115","ASTLW","Algoma Steel Group Inc","Steel"
"00217D100","ASTS","AST Spacemobile Inc","Communication Equipment"
"46143U542","ASTX","Tradr 2X Long ASTS Daily ETF","ETF"
"04649U102","ASUR","Asure Software Inc","Software - Application"
"00215W100","ASX","ASE Technology Holding Co Ltd","Semiconductors"
"00212E103","ASXFY","ASX Limited","Financial Data & Stock Exchanges"
"032332504","ASYS","Amtech Systems Inc","Semiconductor Equipment & Materials"
"04650F101","ATAI","AtaiBeckley Inc","Biotechnology"
"N0731H103","ATAI","AtaiBeckley Inc","Biotechnology"
"04965M106","ATAT","Atour Lifestyle Holdings Limited","Lodging"
"G0625A105","ATC","Graniteshares Autocallable Coin ETF","ETF"
"128745205","ATCH","Atlasclear Holdings Inc","Capital Markets"
"05277E104","ATDRY","Autotrader Group plc","Internet Content & Information"
"02081G201","ATEC","Alphatec Holdings Inc","Medical Devices"
"02081GAB8","ATEC","Alphatec Holdings Inc","Medical Devices"
"02081GAD4","ATEC","Alphatec Holdings Inc","Medical Devices"
"002121101","ATEN","A10 Networks Inc","Software - Infrastructure"
"02156U101","ATER","Aterian Inc","Furnishings, Fixtures & Appliances"
"03676C100","ATEX","Anterix Inc","Telecom Services"
"00762U200","ATEYY","Advantest Corporation","Semiconductor Equipment & Materials"
"015564206","ATFV","Alger 35 ETF","ETF"
"G0232G107","ATGL","Alpha Technology Group Limited","Software - Infrastructure"
"02155X205","ATHE","Alterity Therapeutics Ltd","Biotechnology"
"05278C107","ATHM","Autohome Inc","Internet Content & Information"
"00809R202","ATHR","Aether Holdings Inc","Software - Application"
"01741R102","ATI","ATI Inc","Metal Fabrication"
"G04537109","ATII","Archimedes Tech SPAC Partners II Co","Shell Companies"
"G04537117","ATIIU","Archimedes Tech SPAC Partners II Co","Shell Companies"
"G04537125","ATIIW","Archimedes Tech SPAC Partners II Co","Shell Companies"
"047649108","ATKR","Atkore Inc","Electrical Equipment & Parts"
"04914Y102","ATLC","Atlanticus Holdings Corp","Credit Services"
"049255805","ATLCY","Atlas Copco AB","Specialty Industrial Machinery"
"049255706","ATLKY","Atlas Copco AB","Specialty Industrial Machinery"
"031001100","ATLO","Ames National Corp","Banks - Regional"
"105861306","ATLX","Atlas Lithium Corp","Other Industrial Metals & Mining"
"G0223V105","ATMC","Alphatime Acquisition Corp","Shell Companies"
"G0223V139","ATMCR","Alphatime Acquisition Corp","Shell Companies"
"G0223V121","ATMCW","Alphatime Acquisition Corp","Shell Companies"
"06742C723","ATMP","Barclays ETN+ Select MLP ETN","ETF"
"04956D107","ATMU","Atmus Filtration Technologies Inc","Auto Parts"
"00215F107","ATNI","Atlantic Tele-Network","Telecom Services"
"00507W206","ATNM","Actinium Pharmaceuticals Inc","Biotechnology"
"049560105","ATO","Atmos Energy Corp","Utilities - Regulated Gas"
"003022274","ATOIX","abrdn Ultra Short Municipal Income Active ETF","ETF"
"04965B100","ATOM","Atomera Inc","Semiconductor Equipment & Materials"
"008389207","ATPC","Agape ATP Corp","Packaged Foods"
"038336103","ATR","Aptargroup Inc","Medical Instruments & Supplies"
"046513206","ATRA","Atara Biotherapeutics Inc","Biotechnology"
"04963C209","ATRC","Atricure Inc","Medical Instruments & Supplies"
"046433108","ATRO","Astronics Corporation","Aerospace & Defense"
"046433207","ATROB","Astronics Corporation","Aerospace & Defense"
"00217Y104","ATS","ATS Corporation","Specialty Industrial Machinery"
"00922R105","ATSG","Air Transport Services Group Inc","Integrated Freight & Logistics"
"00922RAD7","ATSG","Air Transport Services Group Inc","Integrated Freight & Logistics"
"00507V109","ATVI","Activision Blizzard Inc",""
"00653L301","ATXG","Addentax Group Corp","Integrated Freight & Logistics"
"04635X102","ATXS","Astria Therapeutics Inc","Biotechnology"
"002120202","ATYR","aTyr Pharma Inc","Biotechnology"
"G0378L100","AU","AngloGold Ashanti plc","Gold"
"04911A107","AUB","Atlantic Union Bankshares Corp","Banks - Regional"
"050473107","AUBN","Auburn National Bancorporation","Banks - Regional"
"G0602B209","AUC","ATIF Holdings Limited","Capital Markets"
"M15342104","AUDC","Audiocodes Ltd","Communication Equipment"
"33740U562","AUGM","FT Vest US Equity Max Buffer ETF - August","ETF"
"G06973112","AUGO","Aura Minerals Inc","Gold"
"69420N825","AUGP","PGIM S&P 500 Buffer 12 ETF - Aug","ETF"
"00888H729","AUGT","AllianzIM US Large Cap Buffer10 Aug ETF","ETF"
"00888H562","AUGU","AllianzIM US Equity Buffer15 Uncapped Aug ETF","ETF"
"00888H711","AUGW","AllianzIM US Large Cap Buffer20 Aug ETF","ETF"
"53656F722","AUGZ","TrueShares Structured Outcome (August) ETF","ETF"
"46264C305","AUID","Authid Inc","Software - Infrastructure"
"L0415A103","AUNA","Auna S A","Medical Care Facilities"
"002255404","AUOTY","AUO Corporation","Electronic Components"
"05156V102","AUPH","Aurinia Pharmaceuticals Inc","Biotechnology"
"051774107","AUR","Aurora Innovation Inc","Auto Parts"
"05153U107","AURA","Aura Biosciences Inc","Biotechnology"
"G7244A119","AURE","Prestige Wealth Inc","Capital Markets"
"051774115","AUROW","Aurora Innovation Inc","Auto Parts"
"37954Y574","AUSF","Global X Adaptive US Factor ETF","ETF"
"05223F106","AUST","Austin Gold Corp","Gold"
"05280R100","AUTL","Autolus Therapeutics plc","Biotechnology"
"05072K206","AUUD","Auddia Inc","Software - Application"
"05072K115","AUUDW","Auddia Inc","Software - Application"
"05379B107","AVA","Avista Corp","Utilities - Diversified"
"05356F105","AVAH","Aveanna Healthcare Holdings Inc","Medical Care Facilities"
"40053W101","AVAL","Grupo Aval Acciones y Valores SA","Banks - Regional"
"05338N101","AVAT","Avalanche Treasury Corporation","Asset Management"
"008073108","AVAV","AeroVironment Inc","Aerospace & Defense"
"008073AA6","AVAV","AeroVironment Inc","Aerospace & Defense"
"G0713X132","AVAW","Avation plc","Rental & Leasing Services"
"053484101","AVB","AvalonBay Communities Inc","REIT - Residential"
"05369T100","AVBC","Avidia Bancorp Inc","Banks - Regional"
"05368J103","AVBH","Avidbank Holdings Inc","Banks - Regional"
"04272N102","AVBP","Arrivent Biopharma Inc","Biotechnology"
"030371108","AVD","American Vanguard Corp","Agricultural Inputs"
"025072703","AVDE","Avantis International Equity ETF","ETF"
"G29687103","AVDL","Avadel Pharmaceuticals plc","Drug Manufacturers - Specialty & Generic"
"025072190","AVDS","Avantis International Small Cap Equity ETF","ETF"
"025072802","AVDV","Avantis International Small Cap Value ETF","ETF"
"05368X102","AVDX","AvidXchange Holdings Inc","Software - Application"
"025072141","AVEE","Avantis Emerging Markets Small Cap Equity ETF","ETF"
"025072604","AVEM","Avantis Emerging Markets Equity ETF","ETF"
"025072372","AVES","Avantis Emerging Markets Value ETF","ETF"
"00835T107","AVEX","AEVEX Corp","Aerospace & Defense"
"025072232","AVGE","Avantis All Equity Markets ETF","ETF"
"11135F101","AVGO","Broadcom Inc","Semiconductors"
"053734877","AVGR","Avinger Inc","Medical Devices"
"025072216","AVGV","Avantis ALL Equity Markets Value ETF","ETF"
"77926X619","AVGW","Roundhill AVGO WeeklyPay ETF","ETF"
"88636J238","AVGX","Defiance Daily Target 2X Long AVGO ETF","ETF"
"025072240","AVIE","Avantis Inflation Focused Equity ETF","ETF"
"00753G103","AVIFY","Advanced Info Service Public Company Limited","Telecom Services"
"025072562","AVIG","Avantis Core Fixed Income ETF","ETF"
"04683R106","AVIR","Atea Pharmaceuticals Inc","Biotechnology"
"025072364","AVIV","Avantis International Large Cap Value ETF","ETF"
"00764C109","AVK","Advent Convertible and Income Fund","Asset Management"
"25461A569","AVL","Direxion Daily AVGO Bull 2X Shares","ETF"
"025072158","AVLC","Avantis US Large Cap Equity ETF","ETF"
"05348Y105","AVLN","Avalyn Pharma Inc","Biotechnology"
"025072349","AVLV","Avantis US Large Cap Value ETF","ETF"
"025072125","AVMC","Avantis US Mid Cap Equity ETF","ETF"
"025072695","AVMU","Avantis Core Municipal Fixed Income ETF","ETF"
"025072133","AVMV","Avantis US Mid Cap Value ETF","ETF"
"025072174","AVNM","Avantis All International Markets Equity ETF","ETF"
"05350V106","AVNS","Avanos Medical Inc","Medical Devices"
"05368V106","AVNT","Avient Corporation","Specialty Chemicals"
"025072166","AVNV","Avantis All International Markets Value ETF","ETF"
"05366Y201","AVNW","Aviat Networks Inc","Communication Equipment"
"60510V108","AVO","Mission Produce Inc","Food Distribution"
"054303102","AVP","Avon Products Inc","Household & Personal Products"
"053604104","AVPT","AvePoint Inc","Software - Infrastructure"
"03675P102","AVR","Anteris Technologies Global","Medical Instruments & Supplies"
"025072356","AVRE","Avantis Real Estate ETF","ETF"
"25461A551","AVS","Direxion Daily AVGO Bear 1X Shares","ETF"
"025072323","AVSC","Avantis US Small Cap Equity ETF","ETF"
"025072299","AVSD","Avantis Responsible International Equity ETF","ETF"
"025072315","AVSE","Avantis Responsible Emerging Markets Equity ETF","ETF"
"025072687","AVSF","Avantis Short-Term Fixed Income ETF","ETF"
"025072281","AVSU","Avantis Responsible US Equity ETF","ETF"
"053807103","AVT","Avnet Inc","Electronics & Computer Distribution"
"008064107","AVTE","Aerovate Therapeutics Inc","Biotechnology"
"05352A100","AVTR","Avantor Inc","Medical Instruments & Supplies"
"05338F306","AVTX","Avalo Therapeutics Inc","Biotechnology"
"02507A507","AVUQ","Avantis US Quality ETF","ETF"
"025072885","AVUS","Avantis US Equity ETF","ETF"
"025072877","AVUV","Avantis US Small Cap Value ETF","ETF"
"05382A302","AVVIY","Aviva plc","Insurance - Diversified"
"02507A101","AVXC","Avantis Emerging Markets Ex-China Equity ETF","ETF"
"032797300","AVXL","Anavex Life Sciences Corp","Biotechnology"
"053611109","AVY","Avery Dennison Corp","Packaging & Containers"
"032108540","AWAY","Amplify Travel Tech ETF","ETF"
"015564305","AWEG","Alger Weatherbie Enduring Growth ETF","ETF"
"01879R106","AWF","AllianceBernstein Global High Income Fund","Asset Management"
"04537Y208","AWHL","Aspira Womens Health Inc","Diagnostics & Research"
"04247X102","AWI","Armstrong World Industries Inc","Building Products & Equipment"
"03040WBE4","AWK","American Water Works Company Inc","Utilities - Regulated Water"
"030420103","AWK","American Water Works Company Inc","Utilities - Regulated Water"
"00302L207","AWP","abrdn Global Premier Properties Fund","Asset Management"
"029899101","AWR","American States Water","Utilities - Regulated Water"
"05453N100","AWRE","Aware Inc","Software - Application"
"939330106","AWSHX","American Funds Washington Mutual A","ETF"
"05343P109","AWX","Avalon Holdings Corporation","Waste Management"
"05465C100","AX","Axos Financial Inc","Banks - Regional"
"054536107","AXAHY","AXA","Insurance - Diversified"
"00430H201","AXDX","Accelerate Diagnostics Inc","Diagnostics & Research"
"G82759104","AXG","Solowin Holdings","Capital Markets"
"05463X106","AXGN","Axogen Inc","Medical Devices"
"15234Q108","AXIAPR","AXIA Energia SA","Utilities - Renewable"
"15234Q207","AXIAY","AXIA Energia SA","Utilities - Renewable"
"15236F100","AXICY","AXIA Energia SA","Utilities - Renewable"
"76151R206","AXIL","Axil Brands Inc","Consumer Electronics"
"G0750N104","AXIN","Axiom Intelligence Acquisition Corp 1","Shell Companies"
"G0750N112","AXINR","Axiom Intelligence Acquisition Corp 1","Shell Companies"
"G0750N120","AXINU","Axiom Intelligence Acquisition Corp 1","Shell Companies"
"05465P101","AXNX","Axonics Modulation Technologies Inc","Medical Devices"
"05464C101","AXON","Axon Enterprise Inc","Aerospace & Defense"
"05464CAB7","AXON","Axon Enterprise Inc","Aerospace & Defense"
"025816109","AXP","American Express Company","Credit Services"
"032159105","AXR","AMREP Corporation","Real Estate - Development"
"G0692U109","AXS","AXIS Capital Holdings Limited","Insurance - Specialty"
"05464T104","AXSM","Axsome Therapeutics Inc","Biotechnology"
"G0750C108","AXTA","Axalta Coating Systems","Specialty Chemicals"
"00246W103","AXTI","AXT Inc","Semiconductor Equipment & Materials"
"46152A320","AXTX","Tradr 2X Long AXTI Daily ETF","ETF"
"05466C109","AYA","Aya Gold & Silver Inc","Silver"
"00508Y102","AYI","Acuity Inc","Electrical Equipment & Parts"
"054754858","AYTU","Aytu Biopharma Inc","Drug Manufacturers - Specialty & Generic"
"02156B103","AYX","Alteryx Inc","Software - Application"
"002205102","AZ","A2Z Cust2Mate Solutions Corp","Software - Application"
"05478C105","AZEK","AZEK Company Inc","Building Products & Equipment"
"G06382108","AZI","Autozi Internet Technology (Global) Ltd","Auto & Truck Dealerships"
"29414V209","AZIO","Azio AI Holdings Inc","Auto Manufacturers"
"046353108","AZN","AstraZeneca plc","Drug Manufacturers - General"
"G0593M107","AZN","AstraZeneca plc","Drug Manufacturers - General"
"74016W304","AZNH","AstraZeneca plc hedged","ETF"
"053332102","AZO","AutoZone Inc","Auto Parts"
"29109X106","AZPN","Aspen Technology Inc","Software - Application"
"V0393H103","AZREF","Azure Power Global Ltd","Utilities - Renewable"
"114340102","AZTA","Azenta Inc","Medical Instruments & Supplies"
"886364470","AZTD","Aztlan Global Stock Selection Dm SMID ETF","ETF"
"05479L203","AZTR","Azitra Inc","Biotechnology"
"05501U601","AZUL","Azul SA","Airlines"
"05501U106","AZULQ","Azul S A","Airlines"
"38747R322","AZYY","Graniteshares YieldBOOST AMZN ETF","ETF"
"002474104","AZZ","AZZ Inc","Specialty Business Services"
"067901108","B","Barrick Mining Corporation","Gold"
"06849F108","B","Barrick Mining Corporation","Gold"
"097023105","BA","The Boeing Company","Aerospace & Defense"
"970231058","BA","The Boeing Company","Aerospace & Defense"
"46138G805","BAB","Invesco Taxable Municipal Bond ETF","ETF"
"01609W102","BABA","Alibaba Group Holding Limited","Internet Retail"
"01609WBG6","BABA","Alibaba Group Holding Limited","Internet Retail"
"88636R107","BABO","YieldMax BABA Option Income Strategy ETF","ETF"
"38747R868","BABX","GraniteShares 2x Long BABA Daily ETF","ETF"
"060505104","BAC","Bank America Corp","Banks - Diversified"
"G1331A108","BACC","Blue Acquisition Corp","Shell Companies"
"G1331A116","BACCR","Blue Acquisition Corp","Shell Companies"
"G1331A124","BACCU","Blue Acquisition Corp","Shell Companies"
"06426M104","BACHY","Bank of China Limited","Banks - Diversified"
"44967K302","BACK","IMAC Holdings Inc","Medical Care Facilities"
"060505682","BACPRL","Bank America Corp","Banks - Diversified"
"G1169T138","BACQR","Inflection Point Acquisition Corp IV","Shell Companies"
"G1169T120","BACQU","Inflection Point Acquisition Corp IV","Shell Companies"
"96812F102","BAER","Bridger Aerospace Group Holdings Inc","Security & Protection Services"
"96812F110","BAERW","Bridger Aerospace Group Holdings Inc","Security & Protection Services"
"05523R107","BAESY","BAE Systems","Aerospace & Defense"
"00775Y322","BAFE","Brown Advisory Flexible Equity ETF","ETF"
"07279B104","BAFN","Bayfirst Financial Corp","Banks - Regional"
"032108466","BAGY","Amplify Bitcoin Max Income Covered Call ETF","ETF"
"099502106","BAH","Booz Allen Hamilton Holding Corporation","Consulting Services"
"09290C780","BAI","iShares A.I. Innovation and Tech Active ETF","ETF"
"105532105","BAK","Braskem","Chemicals"
"09290C863","BALI","iShares Advantage Large Cap Income ETF","ETF"
"058498106","BALL","Ball Corp","Packaging & Containers"
"45783Y855","BALT","Innovator Defined Wealth Shield ETF","ETF"
"05875B304","BALY","Bally's Corporation","Resorts & Casinos"
"113004105","BAM","Brookfield Asset Management Ltd","Asset Management"
"66537J879","BAMA","Brookstone Active ETF","ETF"
"66537J804","BAMB","Brookstone Intermediate Bond ETF","ETF"
"66537J507","BAMD","Brookstone Dividend Stock ETF","ETF"
"66537J606","BAMG","Brookstone Growth Stock ETF","ETF"
"66537J861","BAMO","Brookstone Opportunities ETF","ETF"
"66537J887","BAMU","Brookstone Ultra-Short Bond ETF","ETF"
"66537J705","BAMV","Brookstone Value Stock ETF","ETF"
"66537J853","BAMY","Brookstone Yield ETF","ETF"
"05990K106","BANC","Banc Of California Inc","Banks - Regional"
"05988J103","BAND","Bandwidth Inc","Software - Infrastructure"
"05988JAD5","BAND","Bandwidth Inc","Software - Infrastructure"
"05945F103","BANF","Bancfirst Corp","Banks - Regional"
"06051XLD2","BANK","Fiinu Plc","Banks - Regional"
"G1991X109","BANL","CBL International Ltd","Oil & Gas Midstream"
"06652V208","BANR","Banner Corp","Banks - Regional"
"861780104","BANX","ArrowMark Financial Corp","Asset Management"
"G2519Y108","BAP","Credicorp Ltd","Banks - Regional"
"097023204","BAPA","Boeing Co","Aerospace & Defense"
"45782C888","BAPR","Innovator US Equity Buffer ETF - April","ETF"
"38748G101","BAR","GraniteShares Gold Trust","ETF"
"68622E104","BARK","Bark Inc","Specialty Retail"
"68622E112","BARKWS","Bark Inc","Specialty Retail"
"22207T101","BASE","Couchbase Inc","Software - Infrastructure"
"055262505","BASFY","BASF","Chemicals"
"07134L107","BATL","Battalion Oil Corp","Oil & Gas E&P"
"047726104","BATRA","Atlanta Braves Holdings Inc","Entertainment"
"047726302","BATRK","Atlanta Braves Holdings Inc","Entertainment"
"G1510J102","BATS","British American Tobacco plc","Tobacco"
"032108805","BATT","Amplify Lithium & Battery Technology ETF","ETF"
"45782C698","BAUG","Innovator US Equity Buffer ETF - August","ETF"
"071813109","BAX","Baxter International Inc","Medical Instruments & Supplies"
"07323B100","BAYA","Bayview Acquisition Corp","Shell Companies"
"072730302","BAYRY","Bayer Aktiengesellschaft","Drug Manufacturers - General"
"09228F103","BB","Blackberry Ltd","Software - Infrastructure"
"46641Q241","BBAG","JPMorgan BetaBuilders US Aggregate Bond ETF","ETF"
"08975B109","BBAI","BigBearai Holdings Inc","Information Technology Services"
"058934100","BBAR","Banco BBVA Argentina","Banks - Regional"
"46641Q233","BBAX","JPMorgan BetaBuilders Developed Asia Pacific ex-Japan ETF","ETF"
"09789C747","BBBI","Bondbloxx BBB Rated 5-10 Year Corporate Bond ETF","ETF"
"09789C762","BBBL","Bondbloxx BBB Rated 10+ Year Corporate Bond ETF","ETF"
"09789C754","BBBS","Bondbloxx BBB Rated 1-5 Year Corporate Bond ETF","ETF"
"690370101","BBBY","Bed Bath & Beyond Inc","Specialty Retail"
"075896159","BBBYW","Bed Bath & Beyond Inc","Specialty Retail"
"26923G301","BBC","Virtus LifeSci Biotech Clinical Trials ETF","ETF"
"46641Q225","BBCA","JPMorgan BetaBuilders Canada ETF","ETF"
"46641Q449","BBCB","JPMorgan BetaBuilders USD Investment Grade Corporate Bond ETF","ETF"
"206704108","BBCP","Concrete Pumping Holdings Inc","Engineering & Construction"
"G1170E104","BBCQ","Bleichroeder Acquisition Corp II","Shell Companies"
"G1170E120","BBCQU","Bleichroeder Acquisition Corp II","Shell Companies"
"G1170E112","BBCQW","Bleichroeder Acquisition Corp II","Shell Companies"
"059460303","BBD","Banco Bradesco S A","Banks - Regional"
"06759L103","BBDC","Barings Bdc Inc","Asset Management"
"059460402","BBDO","Banco Bradesco S A","Banks - Regional"
"46654Q807","BBEM","JPMorgan Betabuilders Emerging Markets Equity ETF","ETF"
"46641Q191","BBEU","JPMorgan BetaBuilders Europe ETF","ETF"
"074014200","BBGI","Beasley Broadcast Group Inc","Broadcasting"
"92189F726","BBH","VanEck Biotech ETF","ETF"
"05528C675","BBHL","BBH Select Large Cap ETF","ETF"
"05528C667","BBHM","BBH Select Mid Cap ETF","ETF"
"46641Q878","BBHY","JPMorgan BetaBuilders USD High Yield Corporate Bond ETF","ETF"
"46654Q849","BBIB","JPMorgan Betabuilders US Treasury Bond 3-10 Year ETF","ETF"
"927330100","BBIG","Vinco Ventures Inc","Leisure"
"46641Q373","BBIN","JPMorgan BetaBuilders International Equity ETF","ETF"
"10806X102","BBIO","Bridgebio Pharma Inc","Biotechnology"
"10806XAB8","BBIO","Bridgebio Pharma Inc","Biotechnology"
"10806XAD4","BBIO","Bridgebio Pharma Inc","Biotechnology"
"10806XAJ1","BBIO","BridgeBio Pharma Inc","Biotechnology"
"46641Q217","BBJP","JPMorgan BetaBuilders Japan ETF","ETF"
"46654Q831","BBLB","JPMorgan Betabuilders US Treasury Bond 20+ Year ETF","ETF"
"098070600","BBLG","Bone Biologics Corp","Biotechnology"
"098070154","BBLGW","Bone Biologics Corp","Biotechnology"
"G07031209","BBLNF","Babylon Holdings Limited","Health Information Services"
"02072L714","BBLU","EA Bridgeway Blue Chip ETF","ETF"
"46641Q340","BBMC","JPMorgan BetaBuilders US Mid Cap Equity ETF","ETF"
"09248X100","BBN","BlackRock Taxable Municipal Bond Trust","Asset Management"
"08659B102","BBNX","Beta Bionics Inc","Medical Devices"
"107924102","BBOT","BridgeBio Oncology Therapeutics Inc","Biotechnology"
"26923G202","BBP","Virtus LifeSci Biotech Products ETF","ETF"
"46641Q738","BBRE","JPMorgan BetaBuilders MSCI US REIT ETF","ETF"
"46654Q856","BBSB","JPMorgan Betabuilders US Treasury Bond 1-3 Year ETF","ETF"
"46641Q290","BBSC","JPMorgan BetaBuilders US Small Cap Equity ETF","ETF"
"05541J103","BBSEY","BB Seguridade Participações SA","Insurance - Diversified"
"068463108","BBSI","Barrett Business Services Inc","Staffing & Employment Services"
"084680107","BBT","Brookline Bancorp Inc","Banks - Regional"
"G16234109","BBU","Brookfield Business Partners","Conglomerates"
"11259V106","BBUC","Brookfield Business Corp","Conglomerates"
"46641Q399","BBUS","JPMorgan BetaBuilders US Equity ETF","ETF"
"05946K101","BBVA","Banco Bilbao Vizcaya Argentaria SA","Banks - Diversified"
"120076104","BBW","Build-A-Bear Workshop Inc","Specialty Retail"
"070830104","BBWI","Bath & Body Works Inc","Specialty Retail"
"086516101","BBY","Best Buy Inc","Specialty Retail"
"38747R298","BBYY","GraniteShares YieldBOOST BABA ETF","ETF"
"117043109","BC","Brunswick Corporation","Recreational Vehicles"
"09077B104","BCAB","Bioatla Inc","Biotechnology"
"84252A106","BCAL","California Bancorp","Banks - Regional"
"G2616F101","BCAR","D Boral ARC Acquisition I Corp","Shell Companies"
"G2616F127","BCARU","D. Boral ARC Acquisition I Corp","Shell Companies"
"G2616F119","BCARW","D Boral ARC Acquisition I Corp","Shell Companies"
"09260U109","BCAT","BlackRock Capital Allocation Term Trust","Asset Management"
"055477103","BCAX","Bicara Therapeutics Inc","Biotechnology"
"055298103","BCBP","BCB Bancorp Inc","Banks - Regional"
"09739D100","BCC","Boise Cascade Company","Lumber & Wood Production"
"37960A347","BCCC","Global X Bitcoin Covered Call ETF","ETF"
"003261203","BCD","abrdn Bloomberg All Commodity Longer Dated Strategy K-1 Free ETF","ETF"
"09060U507","BCDA","Biocardia Inc","Biotechnology"
"09060U606","BCDA","Biocardia Inc","Biotechnology"
"53656G209","BCDF","Horizon Kinetics Blockchain Development ETF","ETF"
"05534B760","BCE","BCE Inc","Telecom Services"
"09032H105","BCG","Binah Capital Group Inc","Asset Management"
"059520106","BCH","Banco De Chile","Banks - Regional"
"38963P109","BCHG","Grayscale Bitcoin Cash Trust","ETF"
"90139K209","BCHI","GMO Beyond China ETF","ETF"
"05636G105","BCHMY","Bachem Holding AG","Biotechnology"
"74255Y714","BCHP","Principal Focused Blue Chip ETF","ETF"
"59833H200","BCHT","Birchtech Corp","Pollution & Treatment Controls"
"003261104","BCI","abrdn Bloomberg All Commodity Strategy K-1 Free ETF","ETF"
"73688F201","BCIC","BCP Investment Corp","Asset Management"
"30151E541","BCIL","Bancreek International Large Cap ETF","ETF"
"003261609","BCIM","abrdn Bloomberg Industrial Metals Strategy K-1 Free ETF","ETF"
"056155104","BCKIY","Babcock International Group PLC","Engineering & Construction"
"10501E300","BCLI","Brainstorm Cell Therapeutics","Biotechnology"
"07272M107","BCML","Baycom Corp","Banks - Regional"
"109696104","BCO","Brinks Co","Security & Protection Services"
"10921T101","BCOV","Brightcove Inc","Software - Application"
"28253R105","BCOW","1895 Bancorp Of Wis Inc","Banks - Regional"
"057665200","BCPC","Balchem Corp","Specialty Chemicals"
"067383109","BCR","CR Bard Inc","Medical Devices"
"09058V103","BCRX","Biocryst Pharmaceuticals Inc","Drug Manufacturers - Specialty & Generic"
"06738E204","BCS","Barclays plc","Banks - Diversified"
"05684B107","BCSF","Bain Capital Specialty Finance Inc","Asset Management"
"G0R78B106","BCSS","Bain Capital GSS Investment Corp","Shell Companies"
"G0R78B122","BCSS","Bain Capital GSS Investment Corp","Shell Companies"
"06829D503","BCTK","Baron Technology ETF","ETF"
"30151E558","BCUS","Bancreek US Large Cap ETF","ETF"
"059695106","BCV","Bancroft Fund Ltd","Asset Management"
"09257A108","BCX","Blackrock Resources & Commodities Strategy Trust","Asset Management"
"088786108","BCYC","Bicycle Therapeutics plc","Biotechnology"
"301505368","BDBT","Bluemonte Core Bond ETF","ETF"
"077454106","BDC","Belden Inc","Communication Equipment"
"G0701G109","BDCI","BTC Development Corp","Shell Companies"
"G0701G125","BDCIU","BTC Development Corp","Shell Companies"
"G0701G117","BDCIW","BTC Development Corp","Shell Companies"
"90269A260","BDCX","ETRACS Quarterly Pay 1.5X Leveraged Wells Fargo BDC Index ETN","ETF"
"90274D416","BDCZ","Ubs Ag London Branch","ETF"
"45782C557","BDEC","Innovator US Equity Buffer ETF - December","ETF"
"02072L474","BDGS","Bridges Capital Tactical ETF","ETF"
"26922B469","BDIV","AAM Brentview Dividend Growth ETF","ETF"
"09251A104","BDJ","Blackrock Enhanced Equity Dividend Trust","Asset Management"
"338517105","BDL","Flanigans Enterprises Inc","Restaurants"
"G0705H103","BDMD","Baird Medical Investment Holdings Limited","Medical Devices"
"G0705H111","BDMDW","Baird Medical Investment Holdings Limited","Medical Devices"
"105368203","BDN","Brandywine Realty Trust","REIT - Office"
"09752V102","BDNNY","Boliden AB","Other Industrial Metals & Mining"
"059578104","BDORY","Banco do Brasil SA","Banks - Regional"
"05537Y304","BDOUY","BDO Unibank Inc","Banks - Regional"
"07724U103","BDRFY","Beiersdorf Aktiengesellschaft","Household & Personal Products"
"59564R880","BDRX","Biodexa Pharmaceuticals plc","Biotechnology"
"03210A107","BDRY","Breakwave Dry Bulk Shipping ETF","ETF"
"09203E105","BDTX","Black Diamond Therapeutics Inc","Biotechnology"
"53700T751","BDVG","iMGP Berkshire Dividend Growth ETF","ETF"
"09290C715","BDVL","iShares Disciplined Volatility Equity Active ETF","ETF"
"088836309","BDVSY","The Bidvest Group Limited","Conglomerates"
"075887109","BDX","Becton Dickinson & Co","Medical Instruments & Supplies"
"09290C723","BDYN","iShares Dynamic Equity Active ETF","ETF"
"093712107","BE","Bloom Energy Corp","Electrical Equipment & Parts"
"093712AH0","BE","Bloom Energy Corp","Electrical Equipment & Parts"
"093712AK3","BE","Bloom Energy Corp","Electrical Equipment & Parts"
"G2003N105","BEAG","Bold Eagle Acquisition Corp","Shell Companies"
"G2003N121","BEAGR","Bold Eagle Acquisition Corp","Shell Companies"
"G2003N113","BEAGU","Bold Eagle Acquisition Corp","Shell Companies"
"07373V105","BEAM","Beam Therapeutics Inc","Biotechnology"
"42238H108","BEAT","Heartbeam Inc","Health Information Services"
"42238H116","BEATW","Heartbeam Inc","Health Information Services"
"G8773E126","BEBE","TGE Value Creative Solutions Co","Shell Companies"
"073685109","BECN","Beacon Roofing Supply Inc","Industrial Distribution"
"109199208","BEDU","Bright Scholar Education Holdings Ltd","Education & Training Services"
"00768Y396","BEDZ","AdvisorShares Hotel ETF","ETF"
"07373B109","BEEM","Beam Global","Solar"
"60739N101","BEEP","Mobile Infrastructure Corp","Infrastructure Operations"
"45259A761","BEEX","The BeeHive ETF","ETF"
"02072L326","BEEZ","Honeytree US Equity ETF","ETF"
"88340F209","BEG","Leverage Shares 2X Long BE Daily ETF","ETF"
"19423L433","BEGS","Rareview 2x Bull Cryptocurrency & Precious Metals ETF","ETF"
"482497104","BEKE","KE Holdings Inc","Real Estate Services"
"077347201","BELFA","Bel Fuse Inc","Electronic Components"
"077347300","BELFB","Bel Fuse Inc","Electronic Components"
"09290C814","BELT","iShares US Select Equity Active ETF","ETF"
"46436E262","BEMB","iShares J.P. Morgan Broad USD Emerging Markets Bond ETF","ETF"
"354613101","BEN","Franklin Resources Inc","Asset Management"
"08178Q309","BENF","Beneficient","Asset Management"
"08178Q119","BENFW","Beneficient","Asset Management"
"44053A622","BENJ","Horizon Landmark ETF","ETF"
"G16258108","BEP","Brookfield Renewable Partners LP","Utilities - Renewable"
"11285B108","BEPC","Brookfield Renewable Corp","Utilities - Renewable"
"11284V105","BEPC.TO","Brookfield Renewable Corporation","Utilities - Renewable"
"08579W103","BERY","Berry Global Group Inc","Packaging & Containers"
"063679450","BERZ","MicroSectors Solactive FANG & Innovation -3X Inverse Leveraged ETNs","ETF"
"02072Q671","BESF","Bastion Energy ETF","ETF"
"073320103","BESIY","BE Semiconductor Industries NV","Semiconductor Equipment & Materials"
"08653C601","BEST","BEST Inc","Integrated Freight & Logistics"
"086921103","BETA","BETA Technologies Inc","Aerospace & Defense"
"74349Y407","BETE","ProShares Bitcoin & Ether Equal Weight ETF","ETF"
"74349Y308","BETH","ProShares Bitcoin & Ether Market Cap Weight ETF","ETF"
"08774B508","BETR","Better Home & Finance Holding Company","Mortgage Finance"
"08774B110","BETRW","Better Home & Finance Holding Company","Mortgage Finance"
"53656F789","BETZ","Roundhill Sports Betting & iGaming ETF","ETF"
"46092D376","BEX","Tradr 2X Long BE Daily ETF","ETF"
"08862E112","BEYOND","Bound and Beyond Public Company Limited","Specialty Retail"
"46152A213","BEZ","Tradr 2X Short Be Daily ETF","ETF"
"M2012Q100","BEZQ.TA","Bezeq The Israeli Telecommunic",""
"115637100","BF.A","Brown-Forman Corp Class A","Beverages - Wineries & Distilleries"
"115637209","BF.B","Brown-Forman Corp Class B","Beverages - Wineries & Distilleries"
"109194100","BFAM","Bright Horizons Family Solutions Inc","Personal Services"
"06211J100","BFC","Bank First Corp","Banks - Regional"
"45782C433","BFEB","Innovator US Equity Buffer ETF - February","ETF"
"018581108","BFH","Bread Financial Holdings Inc","Credit Services"
"018581AN8","BFH","Bread Financial Holdings Inc","Credit Services"
"06643P104","BFIN","Bankfinancial Corp","Banks - Regional"
"12009B101","BFIX","Build Bond Innovation ETF","ETF"
"09248F109","BFK","BlackRock Municipal Income Trust","Asset Management"
"124155102","BFLY","Butterfly Network Inc","Medical Devices"
"124155110","BFLYWS","Butterfly Network Inc","Medical Devices"
"00162Q726","BFOR","Barron's 400 ETF","ETF"
"12021E109","BFRG","Bullfrog AI Holdings Inc","Health Information Services"
"09077D209","BFRI","Biofrontera Inc","Drug Manufacturers - Specialty & Generic"
"09077D118","BFRIW","Biofrontera Inc","Drug Manufacturers - Specialty & Generic"
"804395101","BFS","Saul Centers Inc","REIT - Retail"
"12326C105","BFST","Business First Bancshares Inc","Banks - Regional"
"09248E102","BFZ","BlackRock California Municipal Income Trust","Asset Management"
"H11356104","BG","Bunge Global SA","Farm Products"
"09257R101","BGB","Blackstone Strategic Credit 2027 Term Fund","Asset Management"
"088929104","BGC","Bgc Group Inc","Capital Markets"
"57778N307","BGDE","Big Digital Energy Inc","Capital Markets"
"08915P101","BGFV","Big 5 Sporting Goods Corp","Specialty Retail"
"06760L100","BGH","Barings Global Short Duration High Yield","Asset Management"
"09088U109","BGI","Birks Group Inc","Luxury Goods"
"26922B527","BGIG","Bahl & Gaynor Income Growth Etf","ETF"
"G1331C104","BGL","Blue Gold Limited","Gold"
"090628207","BGLC","Bionexus Gene Lab Corp","Specialty Chemicals"
"33733E849","BGLD","FT Vest Gold Strategy Quarterly Buffer ETF","ETF"
"G1331C112","BGLWW","Blue Gold Limited","Gold"
"G7307E123","BGM","BGM Group Ltd","Drug Manufacturers - Specialty & Generic"
"23254L876","BGMS","Bio Green Med Solution Inc","Biotechnology"
"23254L207","BGMSP","Bio Green Med Solution Inc","Biotechnology"
"09250U101","BGR","BlackRock Energy and Resources Trust","Asset Management"
"46435U440","BGRN","iShares USD Green Bond ETF","ETF"
"05508R106","BGS","B&G Foods Inc","Packaged Foods"
"05601C105","BGSF","BGSF Inc","Staffing & Employment Services"
"103310108","BGSI","Boyd Group Services Inc","Auto & Truck Dealerships"
"091941104","BGT","BlackRock Floating Rate Income Trust","Asset Management"
"09257D102","BGX","Blackstone Long-Short Credit Income Fund","Asset Management"
"092524107","BGY","BlackRock Enhanced International Dividend Trust","Asset Management"
"08986R309","BH","Biglari Holdings Inc","Restaurants"
"08986R408","BHA","Biglari Holdings Inc","Restaurants"
"066849100","BHB","Bar Harbor Bankshares","Banks - Regional"
"071734107","BHC","Bausch Health Companies Inc","Drug Manufacturers - Specialty & Generic"
"08160H101","BHE","Benchmark Electronics Inc","Electronic Components"
"10922N103","BHF","Brighthouse Financial Inc","Insurance - Life"
"082490202","BHILQ","Benson Hill Inc","Farm Products"
"09249E101","BHK","BlackRock Core Bond Trust","Asset Management"
"096813209","BHKLY","BOC Hong Kong (Holdings) Limited","Banks - Regional"
"082490111","BHLWQ","Benson Hill Inc","Farm Products"
"09631H100","BHM","Bluerock Homes Trust Inc","REIT - Residential"
"088606108","BHP","BHP Group Ltd","Other Industrial Metals & Mining"
"10482B101","BHR","Braemar Hotels & Resorts Inc","REIT - Hotel & Motel"
"12135Y108","BHRB","Burke & Herbert Financial Services Corp","Banks - Regional"
"10482B200","BHRPB","Braemar Hotels & Resorts Inc","REIT - Hotel & Motel"
"092481100","BHV","BlackRock Virginia Municipal Bond Trust","Asset Management"
"G1110E107","BHVN","Biohaven Ltd","Biotechnology"
"23306X878","BHYB","Xtrackers USD High Yield BB-B ex Financials ETF","ETF"
"09076W109","BIAF","bioAffinity Technologies Inc","Diagnostics & Research"
"09076W117","BIAFW","bioAffinity Technologies Inc","Diagnostics & Research"
"115233306","BIAWX","Brown Advisory Sustainable Growth Fund","ETF"
"74347R214","BIB","ProShares Ultra Nasdaq Biotechnology","ETF"
"66538H534","BIBL","Inspire 100 ETF","ETF"
"W2R45B104","BICO.ST","BICO Group AB",""
"09290C848","BIDD","iShares International Dividend Active ETF","ETF"
"056752108","BIDU","Baidu Inc","Internet Content & Information"
"089302103","BIGGQ","Former BL Stores Inc","Discount Stores"
"88636R750","BIGY","YieldMax Target 12 Big 50 Option Income ETF","ETF"
"09062X103","BIIB","Biogen Inc","Drug Manufacturers - General"
"78468R663","BIL","SPDR Bloomberg 1-3 Month T-Bill ETF","ETF"
"555927102","BILD","Macquarie Global Listed Infrastructure ETF","ETF"
"090040106","BILI","Bilibili Inc","Internet Content & Information"
"090040AD8","BILI","Bilibili Inc","Internet Content & Information"
"090040AF3","BILI","Bilibili Inc","Internet Content & Information"
"090043100","BILL","BILL Holdings Inc","Software - Application"
"090043AF7","BILL","BILL Holdings Inc","Software - Application"
"78468R523","BILS","SPDR Bloomberg 3-12 Month T-Bill ETF","ETF"
"72201R577","BILZ","PIMCO Ultra Short Government Active ETF","ETF"
"09260C307","BIMBX","BlackRock Systematic Multi-Strategy Fund","ETF"
"092528603","BINC","iShares Flexible Income Active ETF","ETF"
"301505376","BINT","Bluemonte Global Equity ETF","ETF"
"900934209","BINV","Brandes International ETF","ETF"
"090572207","BIO","Bio-Rad Laboratories Inc","Medical Devices"
"09077V100","BIOA","Bioage Labs Inc","Drug Manufacturers - Specialty & Generic"
"090572108","BIOB","Bio-Rad Laboratories Inc","Medical Devices"
"G1125A108","BIOT","Instinct Bio Technical Company Holdings Inc","Household & Personal Products"
"G1125A116","BIOTW","Instinct Bio Technical Company Holdings Inc","Household & Personal Products"
"G1117K114","BIOX","Bioceres Crop Solutions Corp","Agricultural Inputs"
"G16252101","BIP","Brookfield Infrastructure Partners L.P.","Utilities - Diversified"
"11276H106","BIPC","Brookfield Infrastructure Corporation","Utilities - Regulated Gas"
"11275Q107","BIPC.TO","Brookfield Infrastructure Corporation","Utilities - Regulated Gas"
"01675A109","BIRD","Allbirds Inc","Apparel Retail"
"01675A208","BIRD","Allbirds Inc","Apparel Retail"
"090697103","BIREF","Birchcliff Energy Ltd","Oil & Gas E&P"
"M2029K104","BIRK","Birkenstock Holding plc","Footwear & Accessories"
"74347G838","BIS","ProShares UltraShort Nasdaq Biotechnology","ETF"
"09258A107","BIT","BlackRock Multi-Sector Income Trust","Asset Management"
"09174C104","BITB","Bitwise Bitcoin ETF","ETF"
"091748202","BITC","Bitwise Trendwise Bitcoin and Treasuries Rotation Strategy ETF","ETF"
"74347G184","BITI","ProShares Short Bitcoin ETF","ETF"
"74347G291","BITI","ProShares Short Bitcoin ETF","ETF"
"74347G440","BITO","ProShares Bitcoin ETF","ETF"
"37960A727","BITS","Global X Blockchain & Bitcoin Strategy ETF","ETF"
"74349Y704","BITU","ProShares Ultra Bitcoin ETF","ETF"
"091749101","BITW","Bitwise 10 Crypto Index Fund","ETF"
"92864M301","BITX","2x Bitcoin Strategy ETF","ETF"
"921937819","BIV","Vanguard Intermediate-Term Bond Index Fund","ETF"
"09074F504","BIVI","BioVie Inc","Biotechnology"
"G1143H101","BIXI","Bitcoin Infrastructure Acquisition Corp Ltd","Shell Companies"
"G1143H127","BIXIU","Bitcoin Infrastructure Acquisition Corp Ltd","Shell Companies"
"G07064101","BIYA","Baiya International Group Inc","Software - Application"
"92189F411","BIZD","VanEck BDC Income ETF","ETF"
"05550J101","BJ","BJ's Wholesale Club Holdings Inc","Discount Stores"
"45782C409","BJAN","Innovator US Equity Buffer ETF - January","ETF"
"095633509","BJDX","Bluejay Diagnostics Inc","Medical Devices"
"09180C106","BJRI","Bjs Restaurants Inc","Restaurants"
"45782C789","BJUL","Innovator US Equity Buffer ETF - July","ETF"
"45782C755","BJUN","Innovator US Equity Buffer ETF - June","ETF"
"09661T602","BKAG","BNY Mellon Core Bond ETF","ETF"
"05613H209","BKCG","BNY Mellon ETF Trust II: BNY Mellon Concentrated Growth ETF","ETF"
"37960A735","BKCH","Global X Blockchain ETF","ETF"
"09661T834","BKCI","BNY Mellon Concentrated International ETF","ETF"
"112463104","BKD","Brookdale Senior Living Inc","Medical Care Facilities"
"05613H100","BKDV","BNY Mellon Dynamic Value ETF","ETF"
"118440106","BKE","Buckle Inc","Apparel Retail"
"09661T503","BKEM","BNY Mellon Emerging Markets Equity ETF","ETF"
"464286657","BKF","iShares MSCI BIC ETF","ETF"
"08425P302","BKGFY","The Berkeley Group Holdings plc","Residential Construction"
"09661T826","BKGI","Bny Mellon Global Infrastructure Income ETF","ETF"
"092113109","BKH","Black Hills Corp","Utilities - Regulated Gas"
"G1148A101","BKHA","Black Hawk Acquisition Corp","Shell Companies"
"G1148A119","BKHAR","Black Hawk Acquisition Corp","Shell Companies"
"09661T800","BKHY","BNY Mellon High Yield ETF","ETF"
"062510300","BKHYY","Bank Hapoalim BM","Banks - Regional"
"09661T404","BKIE","BNY Mellon International Equity ETF","ETF"
"09661T818","BKIV","BNY Mellon Innovators ETF","ETF"
"059893107","BKKLY","Bangkok Bank Public Company Limited","Banks - Regional"
"05759B107","BKKT","Bakkt Holdings Inc","Software - Infrastructure"
"05759B305","BKKT","Bakkt Holdings Inc","Software - Infrastructure"
"09661T107","BKLC","BNY Mellon US Large Cap Core Equity ETF","ETF"
"46138G508","BKLN","Invesco Senior Loan ETF","ETF"
"09661T206","BKMC","BNY Mellon US Mid Cap Core Equity ETF","ETF"
"09247D105","BKN","BlackRock Investment Quality Municipal Trust Inc","Asset Management"
"09857L108","BKNG","Booking Holdings Inc","Travel Services"
"066460304","BKNIY","Bankinter SA","Banks - Regional"
"05722G100","BKR","Baker Hughes Company","Oil & Gas Equipment & Services"
"06279J109","BKRIY","Bank of Ireland Group plc","Banks - Regional"
"69366X100","BKRKY","PT Bank Rakyat Indonesia (Persero) Tbk","Banks - Regional"
"09661T305","BKSE","BNY Mellon US Small Cap Core Equity ETF","ETF"
"09263B108","BKSY","BlackSky Technology Inc","Specialty Business Services"
"09263B207","BKSY","BlackSky Technology Inc","Specialty Business Services"
"09263B116","BKSYWS","BlackSky Technology Inc","Specialty Business Services"
"09247F209","BKT","BlackRock Income Trust Inc","Asset Management"
"05587G203","BKTI","BK Technologies Corporation","Communication Equipment"
"06652K103","BKU","BankUnited Inc","Banks - Regional"
"09661T859","BKUI","BNY Mellon Ultra Short Income ETF","ETF"
"05603J108","BKV","BKV Corporation","Oil & Gas E&P"
"09060C507","BKYI","Bio-Key International Inc","Security & Protection Services"
"09239B109","BL","BlackLine Inc","Software - Application"
"09239BAF6","BL","BlackLine Inc","Software - Application"
"079174124","BLACR","Bellevue Life Sciences Acquisition Corp","Shell Companies"
"079174116","BLACW","Bellevue Life Sciences Acquisition Corp","Shell Companies"
"095306106","BLBD","Blue Bird Corp","Farm & Heavy Construction Machinery"
"829658202","BLCN","Siren Nasdaq NexGen Economy ETF","ETF"
"071705107","BLCO","Bausch + Lomb Corp","Medical Instruments & Supplies"
"717051076","BLCO","Bausch + Lomb Corp","Medical Instruments & Supplies"
"09290C855","BLCR","iShares Large Cap Core Active ETF","ETF"
"09290C871","BLCV","iShares Large Cap Value Active ETF","ETF"
"89055F103","BLD","TopBuild Corp","Engineering & Construction"
"132061813","BLDG","Cambria Global Real Estate ETF","ETF"
"091937185","BLDIX","BlackRock Managed Income Fund","ETF"
"058586108","BLDP","Ballard Power Systems Inc","Electrical Equipment & Parts"
"12008R107","BLDR","Builders FirstSource Inc","Building Products & Equipment"
"704223387","BLDX","Impax Global Sustainable Infrastructure ETF","ETF"
"09249N101","BLE","BlackRock Municipal Income Trust II","Asset Management"
"66538H658","BLES","Inspire Global Hope ETF","ETF"
"09062W204","BLFS","Biolife Solutions Inc","Medical Instruments & Supplies"
"09549B104","BLFY","Blue Foundry Bancorp","Banks - Regional"
"10807Q700","BLIN","Bridgeline Digital Inc","Software - Infrastructure"
"G09675102","BLIV","BeLive Holdings","Software - Application"
"09259E111","BLK","BlackRock Inc","Asset Management"
"09290D101","BLK","BlackRock Inc","Asset Management"
"09227Q100","BLKB","Blackbaud Inc","Software - Application"
"46138G524","BLKC","Invesco Alerian Galaxy Blockchain Users and Decentralized Commerce ETF","ETF"
"090168105","BLLN","BillionToOne Inc","Diagnostics & Research"
"094235108","BLMN","Bloomin Brands Inc","Restaurants"
"G1180K116","BLMZ","Harrison Global Holdings Inc","Entertainment"
"09352U108","BLND","Blend Labs Inc","Software - Application"
"277802500","BLNE","Beeline Holdings Inc","Mortgage Finance"
"09354A100","BLNK","Blink Charging Co","Engineering & Construction"
"032108607","BLOK","Amplify Transformational Data Sharing ETF","ETF"
"88636V728","BLOX","Nicholas Crypto Income ETF","ETF"
"G1352R105","BLRK","Bluerock Acquisition Corp","Shell Companies"
"G1352R121","BLRKU","Bluerock Acquisition Corp","Shell Companies"
"G1352R113","BLRKW","Bluerock Acquisition Corp","Shell Companies"
"09071M304","BLRX","BioLineRx Ltd","Biotechnology"
"09625Q207","BLSFY","BlueScope Steel Limited","Steel"
"G16910120","BLSH","Bullish","Software - Infrastructure"
"301505350","BLST","Bluemonte Short Term Bond ETF","ETF"
"301505343","BLTD","Bluemonte Long Term Bond ETF","ETF"
"07782B104","BLTE","Belite Bio Inc","Biotechnology"
"10319B308","BLTH","American Battery Materials Inc","Other Industrial Metals & Mining"
"G1261Q107","BLUAF","BlueRiver Acquisition Corp","Shell Companies"
"301505426","BLUC","Bluemonte Large Cap Core ETF","ETF"
"09609G209","BLUE","Bluebird Bio Inc","Biotechnology"
"301505335","BLUI","Bluemonte Diversified Income ETF","ETF"
"G1261Q123","BLUVF","BlueRiver Acquisition Corp","Shell Companies"
"G1368E106","BLUW","Blue Water Acquisition Corp III","Shell Companies"
"G1368E122","BLUWU","Blue Water Acquisition Corp III","Shell Companies"
"301505384","BLUX","Bluemonte Dynamic Total Market ETF","ETF"
"921937793","BLV","Vanguard Long-Term Bond Fund","ETF"
"09249W101","BLW","BlackRock Limited Duration Income Trust","Asset Management"
"P16994132","BLX","Banco Latinoamericano de Comercio Exterior SA","Banks - Regional"
"05637B105","BLZE","Backblaze Inc","Software - Infrastructure"
"G9009S103","BLZR","Trailblazer Acquisition Corp","Shell Companies"
"G9009S129","BLZRU","Trailblazer Acquisition Corp","Shell Companies"
"G9009S111","BLZRW","Trailblazer Acquisition Corp","Shell Companies"
"05961W105","BMA","Banco Macro SA","Banks - Regional"
"45782C391","BMAR","Innovator US Equity Buffer ETF - March","ETF"
"26923N322","BMAX","REX Bitcoin Corporate Treasury Convertible Bond ETF","ETF"
"45782C326","BMAY","Innovator US Equity Buffer ETF- May","ETF"
"12047B105","BMBL","Bumble Inc","Internet Content & Information"
"40052V104","BMBOY","Grupo Bimbo","Packaged Foods"
"92647X780","BMDL","VictoryShares WestEnd Economic Cycle Bond ETF","ETF"
"09250W107","BME","BlackRock Health Sciences Trust","Asset Management"
"09077A106","BMEA","Biomea Fusion Inc","Biotechnology"
"09290C400","BMED","iShares Health Innovation Active ETF","ETF"
"09260E105","BMEZ","BlackRock Health Sciences Term Trust","Asset Management"
"G0864B103","BMGL","Basel Medical Group Ltd","Medical Care Facilities"
"056525108","BMI","Badger Meter Inc","Scientific & Technical Instruments"
"09570Q509","BMM","Blue Moon Metals Inc","Other Industrial Metals & Mining"
"09262G108","BMN","Blackrock 2037 Municipal Target Term Trust","Asset Management"
"88340C685","BMNG","Leverage Shares 2X Long BMNR Daily ETF","ETF"
"09175A206","BMNR","BitMine Immersion Technologies Inc","Capital Markets"
"26923Q564","BMNU","T-Rex 2X Long BMNR Daily Target ETF","ETF"
"88636W551","BMNZ","Defiance Daily Target 2X Short BMNR ETF","ETF"
"063671101","BMO","Bank of Montreal","Banks - Diversified"
"M1R79L104","BMR","Beamr Imaging Ltd","Software - Application"
"09061H307","BMRA","Biomerica Inc","Medical Devices"
"063425102","BMRC","Bank Marin Bancorp","Banks - Regional"
"09061G101","BMRN","BioMarin Pharmaceutical Inc","Biotechnology"
"09061GAK7","BMRN","BioMarin Pharmaceutical Inc","Biotechnology"
"05590Y100","BMRRY","B&M European Value Retail SA","Discount Stores"
"05591L107","BMTX","BM Technologies Inc","Software - Application"
"46137V712","BMVP","Invesco Bloomberg MVP Multi-Factor ETF","ETF"
"072743404","BMWKY","Bayerische Motoren Werke AG","Auto Manufacturers"
"110122018","BMY","Bristol-Myers Squibb Company","Drug Manufacturers - General"
"110122108","BMY","Bristol-Myers Squibb Company","Drug Manufacturers - General"
"11271J107","BN","Brookfield Corporation","Asset Management"
"104932207","BNAI","Brand Engagement Network Inc","Software - Infrastructure"
"104932116","BNAIW","Brand Engagement Network Inc","Software - Infrastructure"
"03815U607","BNBX","BNB Plus Corp","Asset Management"
"86887P309","BNC","CEA Industries Inc","Farm & Heavy Construction Machinery"
"86887P119","BNCWW","CEA Industries Inc","Farm & Heavy Construction Machinery"
"921937835","BND","Vanguard Total Bond Market Index Fund","ETF"
"33939L670","BNDC","FlexShares Core Select Bond Fund","ETF"
"500767587","BNDD","Quadratic Deflation ETF","ETF"
"78433H402","BNDI","Neos Enhanced Income Aggregate Bond ETF","ETF"
"92206C565","BNDW","Vanguard Total World Bond ETF","ETF"
"92203J407","BNDX","Vanguard Total International Bond Index Fund","ETF"
"06777U200","BNED","Barnes & Noble Education Inc","Specialty Retail"
"33738R647","BNGE","First Trust S-Network Streaming & Gaming ETF","ETF"
"48208F105","BNKK","Bonk Inc","Asset Management"
"063679435","BNKU","MicroSectors™ US Big Banks 3x Leveraged ETNs","ETF"
"11135E203","BNL","Broadstone Net Lease Inc","REIT - Diversified"
"11135E207","BNL","Broadstone Net Lease Inc","REIT - Diversified"
"91167Q100","BNO","United States Brent Oil Fund LP","ETF"
"45782C581","BNOV","Innovator US Equity Buffer ETF - November","ETF"
"05565A202","BNPQY","BNP Paribas SA","Banks - Regional"
"12233L206","BNR","Burning Rock Biotech Ltd","Diagnostics & Research"
"M2R43K362","BNRG","Brenmiller Energy Ltd","Utilities - Renewable"
"064149107","BNS","Bank Nova Scotia Halifax","Banks - Diversified"
"G17434104","BNT","Brookfield Wealth Solutions Ltd","Insurance - Diversified"
"08205P209","BNTC","Benitec Biopharma Inc","Biotechnology"
"107180101","BNTGY","Brenntag SE","Specialty Chemicals"
"09075V102","BNTX","BioNTech SE","Biotechnology"
"064058100","BNY","The Bank of New York Mellon Corporation","Banks - Diversified"
"886364645","BOAT","SonicShares Global Shipping ETF","ETF"
"09681N106","BOBS","Bob's Discount Furniture Inc","Specialty Retail"
"101044105","BOC","Boston Omaha Corporation","Conglomerates"
"45782C771","BOCT","Innovator US Equity Buffer ETF October","ETF"
"073463309","BODI","The Beachbody Company Inc","Internet Content & Information"
"092501105","BOE","BlackRock Enhanced Global Dividend Trust","Asset Management"
"25461A320","BOED","Direxion Daily BA Bear 1X Shares","ETF"
"105230106","BOF","BranchOut Food Inc","Packaged Foods"
"062540109","BOH","Bank of Hawaii Corporation","Banks - Regional"
"74347Y748","BOIL","ProShares Ultra Bloomberg Natural Gas","ETF"
"74347Y763","BOIL","ProShares Ultra Bloomberg Natural Gas","ETF"
"74347Y870","BOIL","ProShares Ultra Bloomberg Natural Gas","ETF"
"05561Q201","BOKF","BOK Financial Corporation","Banks - Regional"
"10170A100","BOLD","Boundless Bio Inc","Biotechnology"
"11778E106","BOLSY","B3 SA - Brasil Bolsa Balcão","Financial Data & Stock Exchanges"
"097702104","BOLT","Bolt Biotherapeutics Inc","Biotechnology"
"G14492121","BON","Bon Natural Life Limited","Specialty Chemicals"
"72201R775","BOND","PIMCO Active Bond ETF","ETF"
"23291C103","BOOM","DMC Global Inc","Conglomerates"
"099406100","BOOT","Boot Barn Holdings Inc","Apparel Retail"
"G1466R173","BORR","Borr Drilling Ltd","Oil & Gas Drilling"
"M20115180","BOSC","Bos Better Online Solutions","Communication Equipment"
"470299108","BOTJ","Bank of the James Financial Group Inc","Banks - Regional"
"37954Y715","BOTZ","Global X Robotics & Artificial Intelligence ETF","ETF"
"45782C763","BOUT","Innovator IBD Breakout Opportunities ETF","ETF"
"102117108","BOUYY","Bouygues SA","Engineering & Construction"
"10240L102","BOW","Bowhead Specialty Holdings Inc","Insurance - Property & Casualty"
"G12729110","BOWN","Bowen Acquisition Corp","Shell Companies"
"G12729128","BOWNR","Bowen Acquisition Corp","Shell Companies"
"10316T104","BOX","Box Inc","Software - Infrastructure"
"10316TAD6","BOX","Box Inc","Software - Infrastructure"
"02072Q408","BOXA","Alpha Architect Aggregate Bond ETF","ETF"
"02072L565","BOXX","Alpha Architect 1-3 Month Box ETF","ETF"
"055622104","BP","BP plc","Oil & Gas Integrated"
"G1792A100","BPAC","Blueport Acquisition Ltd","Shell Companies"
"G1792A126","BPACU","Blueport Acquisition Ltd","Shell Companies"
"09290C889","BPAY","iShares FinTech Active ETF","ETF"
"724249503","BPIRY","Piraeus Financial Holdings SA","Banks - Regional"
"09627Y109","BPMC","Blueprint Medicines Corp","Biotechnology"
"733174700","BPOP","Popular Inc","Banks - Regional"
"055630107","BPPTU","BP Prudhoe Bay Royalty Trust","Oil & Gas E&P"
"09631P102","BPRE","Bluerock Private Real Estate Fund","Asset Management"
"74179A107","BPRN","Princeton Bancorp Inc","Banks - Regional"
"09057N409","BPTH","Bio-Path Holdings Inc","Biotechnology"
"09076G401","BPTSY","Biophytis SA","Biotechnology"
"91355E105","BPV","Banco Provincial SA","Banks - Regional"
"G1624R107","BPYPM","Brookfield Property Preferred LP","Asset Management"
"09950L302","BQ","Boqii Holding Limited","Specialty Retail"
"11133T103","BR","Broadridge Financial Solutions Inc","Information Technology Services"
"11125B110","BRAC","Broad Capital Acquisition Corp","Shell Companies"
"104833306","BRAG","Bragg Gaming Group Inc","Gambling"
"37960A560","BRAZ","Global X Brazil Active ETF","ETF"
"05616P109","BRBI","BRBI BR Partners SA","Capital Markets"
"07831C103","BRBR","Bellring Brands Inc","Packaged Foods"
"079823100","BRBR","Bellring Brands Inc","Packaged Foods"
"095825105","BRBS","Blue Ridge Bankshares Inc","Banks - Regional"
"104674106","BRC","Brady Corp","Security & Protection Services"
"092244102","BRCB","Black Rock Coffee Bar Inc","Restaurants"
"05601U105","BRCC","BRC Inc","Packaged Foods"
"108441205","BRDCY","Bridgestone Corporation","Auto Parts"
"10806B100","BRDG","Bridge Investment Group Holdings Inc","Asset Management"
"G13311108","BREA","Brera Holdings plc","Entertainment"
"92189F825","BRF","VanEck Brazil Small-Cap ETF","ETF"
"067532200","BRFH","Barfresh Food Group Inc","Beverages - Non-Alcoholic"
"10552T107","BRFS","BRF S.A.","Packaged Foods"
"108763103","BRID","Bridgford Foods Corp","Packaged Foods"
"78433H626","BRIF","FIS Bright Portfolios Focused Equity ETF","ETF"
"084670108","BRK.A","Berkshire Hathaway Class A","Insurance - Diversified"
"084670702","BRK.B","Berkshire Hathaway Class B","Insurance - Diversified"
"88634T832","BRKC","YieldMax BRKB Option Income Strategy ETF","ETF"
"25461A437","BRKD","Direxion Daily BRKB Bear 1X Shares","ETF"
"11373M107","BRKL","Brookline Bancorp Inc","Banks - Regional"
"116794108","BRKR","Bruker Corp","Medical Devices"
"116794207","BRKRP","Bruker Corporation","Medical Devices"
"25461A452","BRKU","Direxion Daily BRKB Bull 2X Shares","ETF"
"092528405","BRLN","iShares Floating Rate Loan Active ETF","ETF"
"09973D105","BRLS","Borealis Foods Inc","Packaged Foods"
"09973D113","BRLSW","Borealis Foods Inc","Packaged Foods"
"109504100","BRLT","Brilliant Earth Group Inc","Luxury Goods"
"068221100","BRN","Barnwell Industries Inc","Oil & Gas E&P"
"91864C107","BRNS","Barinthus Biotherapeutics plc","Biotechnology"
"02072L649","BRNY","Burney US Factor Rotation ETF","ETF"
"115236101","BRO","Brown & Brown Inc","Insurance Brokers"
"G1611B107","BROG","Brooge Energy Ltd","Oil & Gas Midstream"
"26701L100","BROS","Dutch Bros Inc","Restaurants"
"G2296A109","BRR","Columbus Circle Capital Corp I","Capital Markets"
"068788108","BRRLY","Barry Callebaut AG","Confectioners"
"91916J100","BRRR","CoinShares Valkyrie Bitcoin","ETF"
"G2296A125","BRRWU","Columbus Circle Capital Corp I","Capital Markets"
"G2296A117","BRRWW","Columbus Circle Capital Corp I","Capital Markets"
"G4863A108","BRSL","Brightstar Lottery PLC","Gambling"
"10949T109","BRSP","Brightspire Capital Inc","REIT - Mortgage"
"055645303","BRT","BRT Apartments Corp","REIT - Residential"
"092528876","BRTR","Blackrock ETF Trust II","ETF"
"090655606","BRTX","BioRestorative Therapies Inc","Biotechnology"
"09940T100","BRUN","Boost Run Inc","Software - Infrastructure"
"78518H202","BRW","Saba Capital Income & Opportunities Fund","Asset Management"
"11120U105","BRX","Brixmor Property Group Inc","REIT - Retail"
"08579X101","BRY","Berry Corp","Oil & Gas E&P"
"10576N102","BRZE","Braze Inc","Software - Application"
"106762115","BRZHW","Breeze Holdings Acquis -Cw27",""
"25460G708","BRZU","Direxion Daily MSCI Brazil Bull 2X Shares","ETF"
"G1069P103","BSAA","BEST SPAC I Acquisition Corp","Shell Companies"
"G1069P129","BSAAR","BEST SPAC I Acquisition Corp","Shell Companies"
"G1069P137","BSAAU","BEST SPAC I Acquisition Corp","Shell Companies"
"05965X109","BSAC","Banco Santander-Chile","Banks - Regional"
"097235105","BSBK","Bogota Financial Corp","Banks - Regional"
"05967A107","BSBR","Banco Santander Brasil SA","Banks - Regional"
"46138J825","BSCP","Invesco BulletShares 2025 Corporate Bond ETF","ETF"
"46138J791","BSCQ","Invesco BulletShares 2026 Corporate Bond ETF","ETF"
"46138J783","BSCR","Invesco BulletShares 2027 Corporate Bond ETF","ETF"
"46138J643","BSCS","Invesco BulletShares 2028 Corporate Bond ETF","ETF"
"46138J577","BSCT","Invesco BulletShares 2029 Corporate Bond ETF","ETF"
"46138J460","BSCU","Invesco BulletShares 2030 Corporate Bond ETF","ETF"
"46138J429","BSCV","Invesco BulletShares 2031 Corporate Bond ETF","ETF"
"46139W858","BSCW","Invesco Bulletshares 2032 Corporate Bond ETF","ETF"
"46139W825","BSCX","Invesco Bulletshares 2033 Corporate Bond ETF","ETF"
"46139W783","BSCY","Invesco BulletShares 2034 Corporate Bond ETF","ETF"
"M20119109","BSEN.TA","Bet Shemesh Engines Holdings 1",""
"45782C664","BSEP","Innovator US Equity Buffer ETF - September","ETF"
"070203104","BSET","Bassett Furniture Industries Incorporated","Furnishings, Fixtures & Appliances"
"G1153L109","BSII","Black Spade Acquisition II","Shell Companies"
"G1153L125","BSIIU","Black Spade Acquisition II","Shell Companies"
"911805307","BSIN","Big Sky Industrial Inc","Oil & Gas E&P"
"46138J817","BSJP","Invesco BulletShares 2025 High Yield Corporate Bond ETF","ETF"
"46138J635","BSJQ","Invesco BulletShares 2026 High Yield Corporate Bond ETF","ETF"
"46138J585","BSJR","Invesco BulletShares 2027 High Yield Corporate Bond ETF","ETF"
"46138J452","BSJS","Invesco BulletShares 2028 High Yield Corporate Bond ETF","ETF"
"46138J395","BSJT","Invesco BulletShares 2029 High Yield Corporate Bond ETF","ETF"
"46139W841","BSJU","Invesco Bulletshares 2030 High Yield Corporate Bond ETF","ETF"
"46139W817","BSJV","Invesco BulletShares 2031 High Yield Corporate Bond ETF","ETF"
"46139W775","BSJW","Invesco BulletShares 2032 High Yield Corporate Bond ETF","ETF"
"09256U105","BSL","Blackstone Senior Floating Rate 2027 Term Fund","Asset Management"
"09769B115","BSLKW","Bolt Projects Holdings Inc","Specialty Chemicals"
"09225M101","BSM","Black Stone Minerals L.P.","Oil & Gas E&P"
"900934100","BSMC","Brandes US Small-Mid Cap Value ETF","ETF"
"46138J528","BSMP","Invesco BulletShares 2025 Municipal Bond ETF","ETF"
"46138J510","BSMQ","Invesco BulletShares 2026 Municipal Bond ETF","ETF"
"46138J494","BSMR","Invesco BulletShares 2027 Municipal Bond ETF","ETF"
"46138J486","BSMS","Invesco BulletShares 2028 Municipal Bond ETF","ETF"
"46138J478","BSMT","Invesco BulletShares 2029 Municipal Bond ETF","ETF"
"46138J445","BSMU","Invesco BulletShares 2030 Municipal Bond ETF","ETF"
"46138J411","BSMV","Invesco BulletShares 2031 Municipal Bond ETF","ETF"
"46139W833","BSMW","Invesco Bulletshares 2032 Municipal Bond ETF","ETF"
"46139W767","BSMY","Invesco Bulletshares 2034 Municipal Bond ETF","ETF"
"091948109","BSOL","Bitwise Solana Staking ETF","ETF"
"66538F199","BSR","Beacon Selective Risk ETF","ETF"
"82620P102","BSRR","Sierra Bancorp","Banks - Regional"
"46139W791","BSSX","Invesco Bulletshares 2033 Municipal Bond ETF","ETF"
"09258G104","BST","BlackRock Science and Technology Trust","Asset Management"
"45783Y731","BSTP","Innovator Buffer Step-Up Strategy ETF","ETF"
"09259K401","BSTT","Blackstone Real Estate Income Trust","REIT - Diversified"
"09260K101","BSTZ","BlackRock Science and Technology Term Trust","Asset Management"
"921937827","BSV","Vanguard Short-Term Bond Index Fund ETF","ETF"
"06652N107","BSVN","Bank7 Corp","Banks - Regional"
"02072L532","BSVO","EA Bridgeway Omni Small-Cap Value ETF","ETF"
"101137107","BSX","Boston Scientific Corp","Medical Devices"
"08265T208","BSY","Bentley Systems","Software - Application"
"08265TAB5","BSY","Bentley Systems","Software - Application"
"08265TAD1","BSY","Bentley Systems","Software - Application"
"09250B103","BTA","BlackRock Long-Term Municipal Advantage Trust","Asset Management"
"09075P105","BTAI","BioXcel Therapeutics Inc","Drug Manufacturers - Specialty & Generic"
"00110G408","BTAL","AGF US Market Neutral Anti-Beta Fund","ETF"
"0557MQ206","BTBD","BT Brands Inc","Restaurants"
"0557MQ115","BTBDW","BT Brands Inc","Restaurants"
"G1144A105","BTBT","Bit Digital Inc","Capital Markets"
"389930108","BTC","Grayscale Bitcoin Mini Trust ETF","ETF"
"389930207","BTC","Grayscale Bitcoin Mini Trust ETF","ETF"
"38963H305","BTCC","Grayscale Funds Trust Grayscale","ETF"
"78433H642","BTCI","NEOS Bitcoin High Income ETF","ETF"
"98148L753","BTCL","T-Rex 2X Long Bitcoin Daily Target ETF","ETF"
"46091J101","BTCO","Invesco Galaxy Bitcoin ETF","ETF"
"88561M107","BTCQ.TO","3iQ Bitcoin ETF","ETF"
"88562D106","BTCQ.TO","3iQ Bitcoin ETF","ETF"
"05581M404","BTCS","BTCS Inc","Capital Markets"
"G6055H155","BTCT","BTC Digital Ltd","Computer Hardware"
"97720F101","BTCW","WisdomTree Bitcoin Fund","ETF"
"98148L746","BTCZ","T-Rex 2X Inverse Bitcoin Daily Target ETF","ETF"
"068334101","BTDPY","Barratt Redrow plc","Residential Construction"
"09175RAA8","BTDR","Bitdeer Technologies Group","Software - Application"
"G11448100","BTDR","Bitdeer Technologies Group","Software - Application"
"G20048100","BTDR","Bitdeer Technologies Group","Software - Application"
"07317Q105","BTE","Baytex Energy Corp","Oil & Gas E&P"
"91917A108","BTF","CoinShares Bitcoin and Ether ETF","ETF"
"91917A504","BTFX","CoinShares Bitcoin Leverage ETF","ETF"
"11777Q209","BTG","B2Gold Corp","Gold"
"88636R834","BTGD","STKd 100% Bitcoin & 100% Gold ETF","ETF"
"091947101","BTGO","BitGo Holdings Inc","Capital Markets"
"110448107","BTI","British American Tobacco plc","Tobacco"
"090683103","BTMD","Biote Corp","Medical Care Facilities"
"09174P113","BTMWQ","Bitcoin Depot Inc","Credit Services"
"409735206","BTO","John Hancock Financial Opportunities Fund","Asset Management"
"042255109","BTOC","Armlogi Holding Corp","Integrated Freight & Logistics"
"G21621118","BTOG","Bit Origin Ltd","Financial Data & Stock Exchanges"
"091748400","BTOP","Bitwise Trendwise BTC/ETH and Treasuries Rotation Strategy ETF","ETF"
"055869101","BTQ","BTQ Technologies Corp","Software - Infrastructure"
"37960A487","BTRN","Global X Bitcoin Trend Strategy ETF","ETF"
"10950A106","BTSG","BrightSpring Health Services Inc","Health Information Services"
"10950A205","BTSGU","BrightSpring Health Services Inc","Health Information Services"
"09257P105","BTT","Blackrock Municipal 2030 Target Term Trust","Asset Management"
"G1156E102","BTTC","Black Titan Corporation","Shell Companies"
"704551100","BTU","Peabody Energy Corp","Thermal Coal"
"704551AD2","BTU","Peabody Energy Corp","Thermal Coal"
"09260Q108","BTX","BlackRock Innovation and Growth Term Trust","Asset Management"
"114082100","BTX","BlackRock Innovation and Growth Term Trust","Asset Management"
"092508100","BTZ","BlackRock Credit Allocation Income Trust","Asset Management"
"120831102","BU.TO","Burcon NutraScience Corporation","Packaged Foods"
"82889N640","BUCK","Simplify Treasury Option Income ETF","ETF"
"03524A108","BUD","Anheuser-Busch InBev SA/NV","Beverages - Brewers"
"45783Y756","BUFB","Innovator Laddered Allocation Buffer ETF","ETF"
"00039J806","BUFC","AB Conservative Buffer ETF","ETF"
"33740U703","BUFD","FT Vest Laddered Deep Buffer ETF","ETF"
"45783Y814","BUFF","Innovator Laddered Allocation Power Buffer ETF","ETF"
"33740U778","BUFG","FT Vest Buffered Allocation Growth ETF","ETF"
"33744U105","BUFH","FT Vest Laddered Max Buffer ETF","ETF"
"00039J814","BUFI","AB International Buffer ETF","ETF"
"00039J798","BUFM","AB Moderate Buffer ETF","ETF"
"69420N718","BUFP","PGIM Laddered S&P 500 Buffer 12 ETF","ETF"
"33740U752","BUFQ","FT Vest Laddered Nasdaq Buffer ETF","ETF"
"33740F755","BUFR","FT Vest Laddered Buffer ETF","ETF"
"33740F243","BUFS","FT Vest Laddered Small Cap Moderate Buffer ETF","ETF"
"33740U760","BUFT","FT Vest Buffered Allocation Defensive ETF","ETF"
"33744U204","BUFX","FT Vest Laddered Enhance & Moderate Buffer ETF","ETF"
"33740F169","BUFY","FT Vest Laddered International Moderate Buffer ETF","ETF"
"33740U729","BUFZ","FT Vest Laddered Moderate Buffer ETF","ETF"
"37954Y384","BUG","Global X Cybersecurity ETF","ETF"
"09248D104","BUI","BlackRock Utilities, Infrastructure & Power Opportunities Trust","Asset Management"
"G1676M105","BUJA","Bukit Jalil Global Acquisition","Shell Companies"
"G1676M121","BUJAR","Bukit Jalil Global Acquisition","Shell Companies"
"G1676M113","BUJAW","Bukit Jalil Global Acquisition","Shell Companies"
"69374H667","BUL","Pacer US Cash Cows Growth ETF","ETF"
"69374H410","BULD","Pacer BlueStar Engineering the Future ETF","ETF"
"G9572D103","BULL","Webull Corp","Software - Application"
"063679559","BULZ","MicroSectors Solactive FANG Innovation 3X Leveraged ETN","ETF"
"G17977110","BUR","Burford Capital Limited","Asset Management"
"12082W204","BURBY","Burberry Group plc","Luxury Goods"
"07012B403","BURCF","Basin Uranium Corp","Uranium"
"122017106","BURL","Burlington Stores Inc","Apparel Retail"
"122017AD8","BURL","Burlington Stores Inc","Apparel Retail"
"67021W301","BURU","Nuburu Inc","Specialty Industrial Machinery"
"900934308","BUSA","Brandes US Value ETF","ETF"
"319383204","BUSE","First Busey Corp","Banks - Regional"
"02072L441","BUXX","Strive Enhanced Income Short Maturity ETF","ETF"
"500767348","BUYO","KraneShares Man Buyout Beta Index ETF","ETF"
"66538H179","BUYW","Main Buywrite ETF","ETF"
"35473P538","BUYZ","Franklin Disruptive Commerce ETF","ETF"
"92189H839","BUZZ","VanEck Social Sentiment ETF","ETF"
"10948C107","BV","BrightView Holdings Inc","Specialty Business Services"
"44951X104","BVC","BitVentures Limited","Software - Application"
"M19199112","BVCLF","BATM Advanced Communications Ltd","Medical Instruments & Supplies"
"05603E208","BVFL","BV Financial Inc","Banks - Regional"
"111190104","BVIC","Britvic plc","Beverages - Non-Alcoholic"
"204448104","BVN","Compania de Minas Buenaventura SAA","Other Precious Metals & Mining"
"071771109","BVNRY","Bavarian Nordic A/S","Biotechnology"
"09075A108","BVS","Bioventus Inc","Medical Devices"
"12117P109","BVVBY","Bureau Veritas SA","Consulting Services"
"05614L209","BW","Babcock & Wilcox Enterprises","Specialty Industrial Machinery"
"099724106","BWA","BorgWarner Inc","Auto Parts"
"10501L106","BWAY","BrainsWay Ltd","Medical Devices"
"108621103","BWB","Bridgewater Bancshares Inc","Banks - Regional"
"11161T207","BWEN","Broadwind Inc","Specialty Industrial Machinery"
"06654A103","BWFG","Bankwell Financial Group Inc","Banks - Regional"
"10537L104","BWG","BrandyWineGLOBAL Income Opportunities Fund Inc","Asset Management"
"05589G102","BWIN","The Baldwin Insurance Group Inc","Insurance Brokers"
"G1368A104","BWIV","Blue Water Acquisition Corp IV","Shell Companies"
"G1368A120","BWIV-UN","Blue Water Acquisition Corp IV","Shell Companies"
"Y10230103","BWLP","BW LPG Limited","Oil & Gas Midstream"
"103002101","BWMN","Bowman Consulting Group Ltd","Engineering & Construction"
"P1666E105","BWMX","Betterware de México SAPI de CV","Specialty Retail"
"26923N637","BWTG","Brendan Wood TopGun ETF","ETF"
"78464A516","BWX","SPDR Bloomberg International Treasury Bond ETF","ETF"
"05605H100","BWXT","Bwx Technologies Inc","Aerospace & Defense"
"78464A334","BWZ","SPDR Bloomberg Short Term International Treasury Bond ETF","ETF"
"09257WAE0","BX","Blackstone Inc","Asset Management"
"09260D107","BX","Blackstone Inc","Asset Management"
"30334J102","BXBL","BOXABL Inc","Shell Companies"
"105105209","BXBLY","Brambles Limited","Specialty Business Services"
"09624H208","BXC","BlueLinx Holdings Inc","Industrial Distribution"
"09257W100","BXMT","Blackstone Mortgage Trust Inc","REIT - Mortgage"
"6706ER101","BXMX","Nuveen S&P 500 Buy-Write Income Fund","Asset Management"
"101121101","BXP","Bxp Inc","REIT - Office"
"09261X102","BXSL","Blackstone Secured Lending Fund","Asset Management"
"124411109","BY","Byline Bancorp Inc","Banks - Regional"
"G6925R102","BYAH","Park Ha Biological Technology Co Ltd","Household & Personal Products"
"103304101","BYD","Boyd Gaming Corporation","Resorts & Casinos"
"05606L100","BYDDY","BYD Company Limited","Auto Manufacturers"
"111444709","BYFC","Broadway Financial Corporation","Banks - Regional"
"46434V787","BYLD","iShares Yield Optimized Bond ETF","ETF"
"092479104","BYM","BlackRock Municipal Income Quality Trust","Asset Management"
"08862E109","BYND","Beyond Meat Inc","Packaged Foods"
"08862EAB5","BYND","Beyond Meat Inc","Packaged Foods"
"124420100","BYNO","byNordic Acquisition Corporation","Shell Companies"
"124420118","BYNOW","byNordic Acquisition Corporation","Shell Companies"
"74255Y722","BYRE","Principal Real Estate Active Opportunities ETF","ETF"
"12448X201","BYRN","Byrna Technologies Inc","Aerospace & Defense"
"G10830100","BYSI","Beyondspring Inc","Biotechnology"
"48553T106","BZ","Kanzhun Limited","Internet Content & Information"
"092915107","BZAI","Blaize Holdings Inc","Software - Application"
"092915115","BZAIW","Blaize Holdings Inc","Software - Application"
"12430A102","BZFD","Buzzfeed Inc","Internet Content & Information"
"12430A300","BZFD","Buzzfeed Inc","Internet Content & Information"
"12430A110","BZFDW","Buzzfeed Inc","Internet Content & Information"
"07556Q881","BZH","Beazer Homes Usa Inc","Residential Construction"
"120738406","BZLFY","Bunzl plc","Food Distribution"
"74347G283","BZQ","ProShares UltraShort MSCI Brazil Capped","ETF"
"06684L103","BZUN","Baozun Inc","Internet Retail"
"067806109","B_OLD","Barnes Group Inc","Specialty Industrial Machinery"
"172967424","C","Citigroup Inc","Banks - Diversified"
"23306X852","CA","Xtrackers California Municipal Bond ETF","ETF"
"L1995B107","CAAP","Corporación América Airports S.A.","Airports & Air Services"
"12674W109","CABA","Cabaletta Bio Inc","Biotechnology"
"142795202","CABGY","Carlsberg A/S","Beverages - Brewers"
"12685J105","CABO","Cable One Inc","Telecom Services"
"12685JAE5","CABO","Cable One Inc","Telecom Services"
"12685JAG0","CABO","Cable One Inc","Telecom Services"
"133034108","CAC","Camden National Corporation","Banks - Regional"
"225310101","CACC","Credit Acceptance Corporation","Credit Services"
"127190304","CACI","CACI International Inc","Information Technology Services"
"G1901X108","CACO","Caravelle International Group","Marine Shipping"
"12740C103","CADE","Cadence Bank","Banks - Regional"
"137404109","CADL","Candel Therapeutics Inc","Biotechnology"
"124765108","CAE","Cae Inc","Aerospace & Defense"
"G1828A108","CAEP","Cantor Equity Partners III Inc","Shell Companies"
"617468103","CAF","Morgan Stanley China A Share Fund Inc","Asset Management"
"74316P587","CAFX","Congress Intermediate Bond ETF","ETF"
"205887102","CAG","Conagra Brands Inc","Packaged Foods"
"14149Y108","CAH","Cardinal Health Inc","Medical Distribution"
"142152107","CAI","Caris Life Sciences Inc","Biotechnology"
"12811T571","CAIE","Calamos US Equity Autocallable Income ETF","ETF"
"12811T530","CAIQ","Calamos Nasdaq Autocallable Income ETF","ETF"
"12803K109","CAIXY","CaixaBank SA","Banks - Regional"
"138006309","CAJPY","Canon Inc","Computer Hardware"
"163072101","CAKE","Cheesecake Factory Inc","Restaurants"
"163072AC5","CAKE","Cheesecake Factory Inc","Restaurants"
"129500104","CAL","Caleres Inc","Apparel Retail"
"38942Q202","CALC","Calcimedica Inc","Biotechnology"
"69374H857","CALF","Pacer US Small Cap Cash Cows 100 ETF","ETF"
"092528884","CALI","iShares Short-Term California Muni Active ETF","ETF"
"128030202","CALM","Cal Maine Foods Inc","Farm Products"
"13100M509","CALX","Calix Inc","Software - Infrastructure"
"131193104","CALY","Callaway Golf Company","Leisure"
"00039J772","CAM","AB California Intermediate Municipal ETF","ETF"
"74316P637","CAML","Congress Large Cap Growth ETF","ETF"
"128126109","CAMP","Camp4 Therapeutics Corp","Biotechnology"
"13463J101","CAMP","Camp4 Therapeutics Corp","Biotechnology"
"13469VAB4","CAMT","Camtek Ltd","Semiconductor Equipment & Materials"
"M20791105","CAMT","Camtek Ltd","Semiconductor Equipment & Materials"
"0075W0163","CAMX","Cambiar Aggressive Value ETF","ETF"
"134748102","CAN","Canaan Inc","Computer Hardware"
"87975E701","CANC","Tema Oncology ETF","ETF"
"88166A409","CANE","Teucrium Sugar Fund","ETF"
"137586103","CANG","Cango Inc","Capital Markets"
"83418T108","CANPY","Cian Plc","Real Estate Services"
"12811T506","CANQ","Calamos Nasdaq Equity & Income ETF","ETF"
"02072L516","CAOS","Alpha Architect Tail Risk ETF","ETF"
"25861R204","CAPE","DoubleLine Shiller CAPE US Equities ETF","ETF"
"22758A105","CAPL","Crossamerica Partners LP","Oil & Gas Refining & Marketing"
"G1993W109","CAPN","Cayson Acquisition Corp","Shell Companies"
"G1993W117","CAPNR","Cayson Acquisition Corp","Shell Companies"
"G1993W125","CAPNU","Cayson Acquisition Corp","Shell Companies"
"14070B309","CAPR","Capricor Therapeutics Inc","Biotechnology"
"14068E208","CAPS","Capstone Holding Corp","Building Materials"
"G1871M108","CAQ","Cambridge Acquisition Corp","Shell Companies"
"G1871M124","CAQUU","Cambridge Acquisition Corp","Shell Companies"
"G1871M116","CAQUW","Cambridge Acquisition Corp","Shell Companies"
"053774105","CAR","Avis Budget Group","Rental & Leasing Services"
"063679468","CARD","Max Auto Industry -3X Inverse Leveraged ETN","ETF"
"146103106","CARE","Carter Bankshares Inc","Banks - Regional"
"141788109","CARG","Cargurus Inc","Auto & Truck Dealerships"
"00791R608","CARK","Castleark Large Growth ETF","ETF"
"14280C105","CARL","Carlsmed Inc","Health Information Services"
"14216R101","CARM","Carisma Therapeutics Inc","Biotechnology"
"14448C104","CARR","Carrier Global Corporation","Building Products & Equipment"
"14575E105","CARS","Cars Com Inc","Internet Content & Information"
"565394103","CART","Maplebear Inc","Internet Retail"
"063679476","CARU","Max Auto Industry 3X Leveraged ETN","ETF"
"146875604","CARV","Carver Bancorp Inc","Banks - Regional"
"03463K760","CARY","Angel Oak Income ETF","ETF"
"33734X309","CARZ","First Trust S-Network Future Vehicles & Technology ETF","ETF"
"147151104","CAS","Simplify China A Shares PLUS Income ETF","ETF"
"59100U108","CASH","Pathward Financial Inc","Banks - Regional"
"G1933S101","CASI","Casi Pharmaceuticals Inc","Drug Manufacturers - Specialty & Generic"
"14808P109","CASS","Cass Information Systems Inc","Specialty Business Services"
"147528103","CASY","Casey's General Stores","Specialty Retail"
"149123101","CAT","Caterpillar Inc","Farm & Heavy Construction Machinery"
"025072117","CATF","American Century California Municipal Bond ETF","ETF"
"37954Y889","CATH","Global X S&P 500 Catholic Values ETF","ETF"
"149205106","CATO","The Cato Corporation","Apparel Retail"
"46489V302","CATX","Perspective Therapeutics Inc","Medical Devices"
"149150104","CATY","Cathay General Bancorp","Banks - Regional"
"148929102","CAVA","Cava Group Inc","Restaurants"
"H1467J104","CB","Chubb Limited","Insurance - Property & Casualty"
"19623P101","CBAN","Colony Bankcorp Inc","Banks - Regional"
"14986C102","CBAT","Cbak Energy Technology Inc","Electrical Equipment & Parts"
"152413100","CBC","Central Bancompany Inc","Banks - Regional"
"12479G101","CBFV","CB Financial Services Inc","Banks - Regional"
"K36628137","CBGB","Carlsberg B A/S","Beverages - Brewers"
"G2545C104","CBIO","Crescent Biopharma Inc","Biotechnology"
"20112C106","CBK","Commercial Bancgroup Inc","Banks - Regional"
"124830878","CBL","CBL & Associates Properties Inc","REIT - Retail"
"12511CAC4","CBL","CBL & Associates Properties Inc","REIT - Retail"
"15678C102","CBLL","Ceribell Inc","Medical Devices"
"210322806","CBLS","Clough Hedged Equity ETF","ETF"
"15746L100","CBNA","Chain Bridge Bancorp Inc","Banks - Regional"
"139737100","CBNK","Capital Bancorp Inc","Banks - Regional"
"12503M108","CBOE","Cboe Global Markets Inc","Financial Data & Stock Exchanges"
"12811T688","CBOJ","Calamos Bitcoin Structured Alt Protection ETF - January","ETF"
"92189F379","CBON","VanEck China Bond ETF","ETF"
"12504L109","CBRE","CBRE Group Inc","Real Estate Services"
"22410J106","CBRL","Cracker Barrel Old Country Store","Restaurants"
"15675D103","CBRS","Cerebras Systems Inc","Semiconductors"
"46152A247","CBRX","Tradr 2X Long CBRS Daily","ETF"
"124857202","CBSA","CBS Corporation","Entertainment"
"200525103","CBSH","Commerce Bancshares Inc","Banks - Regional"
"127055101","CBT","Cabot Corp","Specialty Chemicals"
"12811T720","CBTJ","Calamos Bitcoin 80 Series Structured Alt Protection ETF - January","ETF"
"203607106","CBU","Community Financial System I","Banks - Regional"
"17166A101","CBUS","Cibus Inc","Biotechnology"
"12811T662","CBXA","Calamos Bitcoin 90 Series Structured Alt Protection ETF - April","ETF"
"12811T712","CBXJ","Calamos Bitcoin 90 Series Structured Alt Protection ETF - January","ETF"
"124805102","CBZ","CBIZ Inc","Specialty Business Services"
"163851108","CC","Chemours Co","Specialty Chemicals"
"131649303","CCAFX","Calvert Mid-Cap Fund","ETF"
"048453104","CCAJ","Coastal Capital Acquisition Corp","Engineering & Construction"
"225655109","CCAP","Crescent Capital BDC Inc","Asset Management"
"G2867S109","CCAQ","Collective Acquisition Corp","Shell Companies"
"G2867S125","CCAQU","Collective Acquisition Corp","Shell Companies"
"G2867S117","CCAQW","Collective Acquisition Corp","Shell Companies"
"19046P209","CCB","Coastal Financial Corporation","Banks - Regional"
"139674105","CCBG","Capital City Bank Group Inc","Banks - Regional"
"12510Q100","CCC","CCC Intelligent Solutions Holdings Inc","Software - Application"
"12529R107","CCCC","C4 Therapeutics Inc","Biotechnology"
"197615107","CCCFX","Columbia Credit Income Opportunities Fund","ETF"
"G2130T108","CCCX","Churchill Capital Corp X","Shell Companies"
"G2130T124","CCCXU","Churchill Capital Corp X","Shell Companies"
"G2130T116","CCCXW","Churchill Capital Corp X","Shell Companies"
"12811V105","CCD","Calamos Dynamic Convertible & Income Fund","Asset Management"
"Y00408107","CCEC","Capital Clean Energy Carrier","Marine Shipping"
"12811T407","CCEF","Calamos CEF Income & Arbitrage ETF","ETF"
"228895108","CCEL","Cryo-Cell International Inc","Medical Care Facilities"
"G25839104","CCEP","Coca-Cola European Partners","Beverages - Non-Alcoholic"
"02072Q515","CCFE","Concourse Capital Focused Equity ETF","ETF"
"G20707108","CCG","Cheche Group Inc","Internet Content & Information"
"G20707116","CCGWW","Cheche Group Inc","Internet Content & Information"
"191223205","CCHGY","Coca-Cola HBC AG","Beverages - Non-Alcoholic"
"22822V101","CCI","Crown Castle Inc","REIT - Specialty"
"92535C104","CCIF","Carlyle Credit Income Fund","Asset Management"
"G2254C121","CCII","Cohen Circle Acquisition Corp II","Shell Companies"
"G2254C105","CCIIU","Cohen Circle Acquisition Corp II","Shell Companies"
"G3730H106","CCIR","Cohen Circle Acquisition Corp","Shell Companies"
"G3730H122","CCIRU","Cohen Circle Acquisition Corp","Shell Companies"
"G3730H114","CCIRW","Cohen Circle Acquisition Corp","Shell Companies"
"G21301109","CCIX","Churchill Capital Corp IX","Shell Companies"
"G21301125","CCIXU","Churchill Capital Corp IX","Shell Companies"
"G21301117","CCIXW","Churchill Capital Corp IX","Shell Companies"
"13321L108","CCJ","Cameco Corp","Uranium"
"228368106","CCK","Crown Holdings","Packaging & Containers"
"143658300","CCL","Carnival Corp","Travel Services"
"G2004J103","CCL","Carnival Corp","Travel Services"
"14167R100","CCLD","CareCloud Inc","Health Information Services"
"206277204","CCM","Concord Medical Services Holdings Limited","Medical Care Facilities"
"126128107","CCNE","CNB Financial Corporation","Banks - Regional"
"18453H106","CCO","Clear Channel Outdoor Holdings Inc","Advertising Agencies"
"13916V107","CCOEY","Capcom Co Ltd","Electronic Gaming & Multimedia"
"19239V302","CCOI","Cogent Communications Holdings Inc","Telecom Services"
"53656F847","CCOR","Core Alternative ETF","ETF"
"45816D100","CCRD","CoreCard Corporation","Software - Application"
"227483104","CCRN","Cross Country Healthcare Inc","Medical Care Facilities"
"46431W564","CCRV","iShares Commodity Curve Carry Strategy ETF","ETF"
"156504300","CCS","Century Communities Inc","Real Estate - Development"
"88636J535","CCSB","Carbon Collective Short Duration Green Bond ETF","ETF"
"20848V105","CCSI","Consensus Cloud Solutions Inc","Software - Infrastructure"
"88634T105","CCSO","Carbon Collective Climate Solutions US Equity ETF","ETF"
"G1993R100","CCTG","CCSC Technology International Holdings Limited","Electrical Equipment & Parts"
"204429104","CCU","Compania Cervecerias Unidas","Beverages - Brewers"
"26923Q614","CCUP","T-REX 2X Long CRCL Daily Target ETF","ETF"
"G2131A108","CCXI","Churchill Capital Corp XI","Shell Companies"
"G2131A124","CCXIU","Churchill Capital Corp XI","Shell Companies"
"G2131A116","CCXIW","Churchill Capital Corp XI","Shell Companies"
"G59467202","CD","Chaince Digital Holdings Inc","Capital Markets"
"92647N824","CDC","VictoryShares US EQ Income Enhanced Volatility Wtd ETF","ETF"
"192108504","CDE","Coeur Mining Inc","Gold"
"61774R304","CDEI","Calvert US Large-Cap Diversity, Equity And Inclusion Index ETF","ETF"
"14159C202","CDIO","Cardio Diagnostics Holdings","Biotechnology"
"14159C111","CDIOW","Cardio Diagnostics Holdings","Biotechnology"
"92647N865","CDL","VictoryShares US Large Cap High Div Volatility Wtd ETF","ETF"
"12738K109","CDLR","Cadeler A/S","Engineering & Construction"
"14161W105","CDLX","Cardlytics Inc","Advertising Agencies"
"14161W303","CDLX","Cardlytics Inc","Advertising Agencies"
"05368M106","CDMO","Avid Bioservices Inc","Biotechnology"
"14167L103","CDNA","CareDx Inc","Diagnostics & Research"
"13471N300","CDNGF","Canadian Gold Resources Ltd","Gold"
"14154A102","CDNL","Cardinal Infrastructure Group Inc","Engineering & Construction"
"127387108","CDNS","Cadence Design System Inc","Software - Application"
"22002T108","CDP","COPT Defense Properties","REIT - Office"
"12763L105","CDRE","Cadre Holdings Inc","Aerospace & Defense"
"L18268109","CDRO","Codere Online Luxembourg SA","Gambling"
"L18268117","CDROW","Codere Online Luxembourg SA","Gambling"
"G2030P107","CDTG","CDT Environmental Technology","Waste Management"
"20678X114","CDTTW","Conduit Pharmaceuticals Inc","Drug Manufacturers - Specialty & Generic"
"171757206","CDTX","Cidara Therapeutics Inc","Biotechnology"
"12514G108","CDW","CDW Corporation","Information Technology Services"
"192005106","CDXS","Codexis Inc","Biotechnology"
"127537207","CDZI","Cadiz Inc","Utilities - Regulated Water"
"150870103","CE","Celanese Corporation","Chemicals"
"125141101","CECO","Ceco Environmental Corp","Pollution & Treatment Controls"
"153436100","CEE","The Central and Eastern Europe Fund Inc","Asset Management"
"85208R101","CEF","Sprott Physical Gold & Silver","ETF"
"37954Y368","CEFA","Global X S&P Catholic Values Developed ex-U.S. ETF","ETF"
"90269A286","CEFD","ETRACS Monthly Pay 15X Leveraged Closed-End Fund Index ETN","ETF"
"30151E806","CEFS","Saba Closed-End Funds ETF","ETF"
"21037T109","CEG","Constellation Energy Corp","Utilities - Independent Power Producers"
"46143U534","CEGX","Tradr 2X Long CEG Daily ETF","ETF"
"20854L108","CEIX","Consol Energy Inc","Thermal Coal"
"M2196U109","CEL.TA","Cellcom Israel Ltd",""
"15102K100","CELC","Celcuity Inc","Biotechnology"
"15102KAA8","CELC","Celcuity Inc","Biotechnology"
"15102KAB6","CELC","Celcuity Inc","Biotechnology"
"15118V207","CELH","Celsius Holdings Inc","Beverages - Non-Alcoholic"
"151190204","CELU","Celularity Inc","Biotechnology"
"151190113","CELUW","Celularity Inc","Biotechnology"
"22529Y408","CELZ","Creative Medical Technology Holdings","Biotechnology"
"464286251","CEMB","iShares J.P. Morgan EM Corporate Bond ETF","ETF"
"150964104","CENN","Cenntro Inc","Auto Manufacturers"
"153527106","CENT","Central Garden & Pet Co","Packaged Foods"
"153527205","CENTA","Central Garden & Pet Co","Packaged Foods"
"156431108","CENX","Century Aluminum Co","Aluminum"
"G1828E100","CEPF","Cantor Equity Partners IV Inc","Shell Companies"
"26923N439","CEPI","REX Crypto Equity Premium Income ETF","ETF"
"14067D607","CEPL","Capstone Energy+ Inc","Specialty Industrial Machinery"
"G1827K107","CEPO","Cantor Equity Partners I Inc","Shell Companies"
"G1827P106","CEPT","Cantor Equity Partners II Inc","Shell Companies"
"155038201","CEPU","Central Puerto SA","Utilities - Regulated Electric"
"G1828S109","CEPV","Cantor Equity Partners V Inc","Shell Companies"
"71902K105","CERO","CERo Therapeutics Holdings Inc","Biotechnology"
"71902K113","CEROW","CERo Therapeutics Holdings Inc","Biotechnology"
"157085101","CERS","Cerus Corp","Medical Devices"
"15687V109","CERT","Certara Inc","Health Information Services"
"78468R440","CERY","SPDR Bloomberg Enhanced Roll Yield Commodity Strategy No K-1 ETF","ETF"
"155123102","CET","Central Securities Corp","Asset Management"
"15130G881","CETX","Cemtrex Inc","Software - Infrastructure"
"18452H206","CETY","Clean Energy Technologies Inc","Specialty Industrial Machinery"
"27826F101","CEV","Eaton Vance California Municipal Income Trust","Asset Management"
"157210105","CEVA","Ceva Inc","Semiconductors"
"97717W133","CEW","WisdomTree Emerging Currency Strategy Fund","ETF"
"125269100","CF","CF Industries Holdings Inc","Agricultural Inputs"
"92647N766","CFA","VictoryShares US 500 Volatility Wtd ETF","ETF"
"22766M109","CFB","Crossfirst Bankshares Inc","Banks - Regional"
"12520L109","CFBK","CF Bankshares Inc","Banks - Regional"
"00509W105","CFCV","ClearBridge Focus Value ESG ETF","ETF"
"T19404101","CFDZF","CIR S.p.A. - Compagnie Industriali Riunite","Conglomerates"
"12466Q104","CFFI","C&F Financial Corporation","Banks - Regional"
"14057J101","CFFN","Capitol Federal Financial Inc","Banks - Regional"
"12521H107","CFFS","CF Acquisition Corp VII","Shell Companies"
"174610105","CFG","Citizens Financial Group Inc","Banks - Regional"
"132061763","CFIT","Cambria ETF Trust Cambria Fixed","ETF"
"20717M103","CFLT","Confluent Inc","Software - Infrastructure"
"20717MAB9","CFLT","Confluent Inc","Software - Infrastructure"
"12673Q103","CFND","C1 Fund Inc","Asset Management"
"92647N782","CFO","VictoryShares US 500 Enhanced Volatility Wtd ETF","ETF"
"229899109","CFR","Cullen Frost Bankers Inc","Banks - Regional"
"H25662182","CFRHF","Compagnie Financiere Richemont","Luxury Goods"
"204319107","CFRUY","Compagnie Financiere Richemont","Luxury Goods"
"14316J108","CG","Carlyle Group Inc","Asset Management"
"152006102","CGAU","Centerra Gold Inc","Gold"
"872280102","CGBD","Carlyle Secured Lending Inc","Asset Management"
"14021D107","CGBL","Capital Group Core Balanced","ETF"
"G268AP109","CGBS","Crown Lng Holdings Ltd","Oil & Gas Midstream"
"G268AP117","CGBSW","Crown Lng Holdings Ltd","Oil & Gas Midstream"
"138035704","CGC","Canopy Growth Corporation","Drug Manufacturers - Specialty & Generic"
"14020Y508","CGCB","Capital Group Core Bond ETF","ETF"
"14020Y102","CGCP","Capital Group Core Plus Income ETF","ETF"
"G19307118","CGCTU","Cartesian Growth Corp III","Shell Companies"
"14020U100","CGCV","Capital Group Conservative Equity ETF","ETF"
"14021L109","CGDG","Capital Group Dividend Growers ETF","ETF"
"14020W106","CGDV","Capital Group Dividend Value ETF","ETF"
"230031106","CGEM","Cullinan Therapeutics Inc","Biotechnology"
"13961R100","CGEMY","Capgemini SE","Information Technology Services"
"M25722105","CGEN","Compugen Ltd","Biotechnology"
"14020R107","CGGE","Capital Group Global Equity ETF","ETF"
"14020X104","CGGO","Capital Group Global Growth Equity ETF","ETF"
"14020G101","CGGR","Capital Group Growth ETF","ETF"
"168935104","CGHLY","China Gas Holdings Limited","Utilities - Regulated Gas"
"14020Y805","CGHM","Capital Group Municipal High-Income ETF","ETF"
"14020Y870","CGHY","Capital Group High Yield Bond ETF","ETF"
"14020Y706","CGIB","Capital Group International Bond ETF (USD-Hedged)","ETF"
"14021T102","CGIC","Capital Group International Core Equity ETF","ETF"
"14021M107","CGIE","Capital Group International Equity ETF","ETF"
"14022A102","CGMM","Capital Group US Small and Mid Cap ETF","ETF"
"14020Y300","CGMS","Capital Group US Multi-Sector Income ETF","ETF"
"14020Y201","CGMU","Capital Group Municipal Income ETF","ETF"
"14021N105","CGNG","Capital Group New Geography Equity ETF","ETF"
"M25133105","CGNT","Cognyte Software Ltd","Software - Infrastructure"
"192422103","CGNX","Cognex Corp","Scientific & Technical Instruments"
"128118106","CGO","Calamos Global Total Return Fund","Asset Management"
"156944100","CGON","CG Oncology Inc","Biotechnology"
"88634T394","CGRO","CoreValues Alpha Greater China Growth ETF","ETF"
"14020Y409","CGSD","Capital Group Short Duration Income ETF","ETF"
"14020Y607","CGSM","Capital Group Short Duration Municipal Income ETF","ETF"
"G2563P102","CGTL","Creative Global Technology Holdings Ltd","Specialty Retail"
"19243B102","CGTX","Cognition Therapeutics Inc","Biotechnology"
"14020Y888","CGUI","Capital Group Ultra Short Income ETF","ETF"
"14020V108","CGUS","Capital Group Core Equity ETF","ETF"
"90214Q584","CGV","Conductor Global Equity Value ETF","ETF"
"46138E263","CGW","Invesco S&P Global Water Index ETF","ETF"
"14019W109","CGXU","Capital Group International Focus Equity ETF","ETF"
"15743P104","CHA","Chagee Holdings Limited","Restaurants"
"83013Q871","CHAI","Core AI Holdings Inc","Internet Content & Information"
"G9877L107","CHAR","Charlton Aria Acquisition Corporation","Shell Companies"
"G9877L115","CHARR","Charlton Aria Acquisition Corporation","Shell Companies"
"G9877L123","CHARU","Charlton Aria Acquisition Corporation","Shell Companies"
"88636J600","CHAT","Roundhill Generative AI & Technology ETF","ETF"
"25490K869","CHAU","Direxion Daily CSI 300 China A Share Bull 2X Shares","ETF"
"205684202","CHCI","Comstock Holding Companies Inc","Real Estate Services"
"177835105","CHCO","City Holding Company","Banks - Regional"
"20369C106","CHCT","Community Healthcare Trust Inc","REIT - Healthcare Facilities"
"171340102","CHD","Church & Dwight Co Inc","Household & Personal Products"
"171484108","CHDN","Churchill Downs Inc","Gambling"
"16359R103","CHE","Chemed Corporation","Medical Care Facilities"
"G20873124","CHEB","Chenghe Acquisition II Co","Shell Companies"
"G2086N105","CHEC","Chenghe Acquisition III Co","Shell Companies"
"162825103","CHECK","Checkin.com Group AB","Software - Application"
"163086AE1","CHEF","The Chefs' Warehouse Inc","Food Distribution"
"191459205","CHEOY","Cochlear Limited","Medical Devices"
"05344R302","CHGA","Change Agents Corporation","Real Estate Services"
"171269103","CHGCY","Chugai Pharmaceutical Co Ltd","Drug Manufacturers - General"
"163092109","CHGG","Chegg Inc","Education & Training Services"
"163092AD1","CHGG","Chegg Inc","Education & Training Services"
"163092AF6","CHGG","Chegg Inc","Education & Training Services"
"169905106","CHH","Choice Hotels International Inc","Lodging"
"128117108","CHI","Calamos Convertible Opportunities and Income Fund","Asset Management"
"37950E408","CHIQ","Global X MSCI China Consumer Discretionary ETF","ETF"
"M22465104","CHKP","Check Point Software Technologies Ltd","Software - Infrastructure"
"170272108","CHLSY","Chocoladefabriken Lindt & Sprüngli AG","Confectioners"
"164024101","CHMG","Chemung Financial Corp","Banks - Regional"
"164651101","CHMI","Cherry Hill Mortgage Investment Corp","REIT - Mortgage"
"169373107","CHN","The China Fund","ETF"
"G2110U117","CHNR","China Natural Resources Inc","Other Industrial Metals & Mining"
"G2124J108","CHOW","ChowChow Cloud International Holdings Limited","Software - Infrastructure"
"G2124S108","CHPG","ChampionsGate Acquisition Corp","Shell Companies"
"G2124S116","CHPGR","ChampionsGate Acquisition Corp","Shell Companies"
"G2124S124","CHPGU","ChampionsGate Acquisition Corp","Shell Companies"
"23306X886","CHPS","Xtrackers Semiconductor Select Equity ETF","ETF"
"15961R105","CHPT","ChargePoint Holdings Inc","Specialty Retail"
"88636R693","CHPY","YieldMax Semiconductor Portfolio Option Income ETF","ETF"
"G39973113","CHR","Cheer Holding Inc","Advertising Agencies"
"674215207","CHRD","Chord Energy Corporation","Oil & Gas E&P"
"282644301","CHRN","ChronoScale Corporation","Information Technology Services"
"19249H103","CHRS","Coherus Biosciences Inc","Biotechnology"
"12541W209","CHRW","C.H. Robinson Worldwide Inc","Integrated Freight & Logistics"
"G2104U107","CHSN","Chanson International Holding","Restaurants"
"17133Q502","CHT","Chunghwa Telecom Co Ltd","Telecom Services"
"16119P108","CHTR","Charter Communications Inc","Telecom Services"
"171604101","CHUY","Chuy's Holdings Inc","Restaurants"
"12811L107","CHW","Calamos Global Dynamic Income Fund","Asset Management"
"16679L109","CHWY","Chewy Inc","Internet Retail"
"15872M104","CHX","ChampionX Corporation","Oil & Gas Equipment & Services"
"12811P108","CHY","Calamos Convertible and High Income Fund","Asset Management"
"16935C109","CHYM","Chime Financial Inc","Software - Application"
"125523100","CI","The Cigna Group","Healthcare Plans"
"174740100","CIA","Citizens Inc","Insurance - Life"
"169495108","CIADY","China Mengniu Dairy Company Limited","Packaged Foods"
"05968L102","CIB","Grupo Cibest SA","Banks - Regional"
"40090E106","CIB","Grupo Cibest SA","Banks - Regional"
"201712304","CIBEY","Commercial International Bank Egypt (CIB) SAE","Banks - Regional"
"33734X846","CIBR","First Trust NASDAQ Cybersecurity ETF","ETF"
"168919108","CICHY","China Construction Bank Corporation","Banks - Diversified"
"22112X106","CICOY","COSCO SHIPPING Holdings Co Ltd","Marine Shipping"
"171779309","CIEN","Ciena Corporation","Communication Equipment"
"59318T109","CIF","MFS Intermediate High Income Fund","Asset Management"
"17253J106","CIFR","Cipher Mining Inc","Information Technology Services"
"17253JAA4","CIFR","Cipher Mining Inc","Information Technology Services"
"17253J114","CIFRW","Cipher Mining Inc","Information Technology Services"
"26923Q275","CIFU","T-REX 2X LONG CIFR DAILY TARGET ETF","ETF"
"204409601","CIG","Companhia Energética de Minas Gerais","Utilities - Regulated Electric"
"204409882","CIGC","Companhia Energética de Minas Gerais","Utilities - Regulated Electric"
"194693107","CIGI","Colliers International Group Inc","Real Estate Services"
"G2452S100","CIGL","Concorde International Group Ltd","Security & Protection Services"
"16950T102","CIHKY","China Merchants Bank Co Ltd","Banks - Regional"
"09256A109","CII","BlackRock Enhanced Large Cap Core Fund Inc","Asset Management"
"88631G205","CIIT","Tianci International Inc","Integrated Freight & Logistics"
"224916106","CIK","Credit Suisse Asset Management Inc","Asset Management"
"92647N840","CIL","VictoryShares International Volatility Wtd ETF","ETF"
"16934Q802","CIM","Chimera Investment Corporation","REIT - Mortgage"
"172062101","CINF","Cincinnati Financial Corporation","Insurance - Property & Casualty"
"17248W303","CING","Cingulate Inc","Biotechnology"
"17248W113","CINGW","Cingulate Inc","Biotechnology"
"G21307106","CINT","CI&T Inc","Software - Infrastructure"
"178587101","CIO","City Office REIT Inc","REIT - Office"
"17259U204","CION","CION Investment Corporation","Asset Management"
"048592109","CIRC","Circle8 Group Inc","Staffing & Employment Services"
"15672X201","CISO","Ciso Global Inc","Software - Infrastructure"
"Y18284201","CISS","C3Is Inc","Marine Shipping"
"178867107","CIVB","Civista Bancshares Inc","Banks - Regional"
"17888H103","CIVI","Civitas Resources Inc","Oil & Gas E&P"
"20563P101","CIX","CompX International Inc","Security & Protection Services"
"158496109","CJHBQ","Champion Enterprises Inc","Residential Construction"
"131100109","CJMB","Callan JMB Inc","Integrated Freight & Logistics"
"153766100","CJPRY","Central Japan Railway Company","Railroads"
"220873103","CJREF","Corus Bankshares Inc","Entertainment"
"12562Y100","CKHUY","CK Hutchison Holdings Limited","Conglomerates"
"162828206","CKPT","Checkpoint Therapeutics Inc","Biotechnology"
"194162103","CL","Colgate Palmolive Co","Household & Personal Products"
"18270P109","CLAR","Clarus Corporation","Leisure"
"21867A105","CLB","Core Laboratories Inc","Oil & Gas Equipment & Services"
"197641103","CLBK","Columbia Financial Inc","Banks - Regional"
"19533H108","CLBR","Colombier Acquisition Corp I","Shell Companies"
"G2283U126","CLBR","Colombier Acquisition Corp I","Shell Companies"
"M2197Q107","CLBT","Cellebrite DI Ltd","Software - Infrastructure"
"G2415A113","CLCO","Cool Company Ltd","Oil & Gas Midstream"
"320703101","CLDI","Calidi Biotherapeutics Inc","Biotechnology"
"25460G625","CLDL","Direxion Daily Cloud Computing Bull 2X Shares","ETF"
"16208T102","CLDT","Chatham Lodging Trust","REIT - Hotel & Motel"
"15117B202","CLDX","Celldex Therapeutics Inc","Biotechnology"
"185899101","CLF","Cleveland-Cliffs Inc","Steel"
"18482P103","CLFD","Clearfield Inc","Communication Equipment"
"M2R51X116","CLGN","CollPlant Biotechnologies Ltd","Biotechnology"
"184496107","CLH","Clean Harbors Inc","Waste Management"
"G2R09D110","CLIK","Click Holdings Limited","Personal Services"
"187171103","CLIM","Climate Resilient US REIT Index ETF",""
"187171111","CLIMW","Climate Real Impact Sol-Cw27",""
"37960A438","CLIP","Global X 1-3 Month T-Bill ETF","ETF"
"185064102","CLIR","ClearSign Technologies Corporation","Pollution & Treatment Controls"
"74347B375","CLIX","ProShares Long Online/Short Stores ETF","ETF"
"15117X105","CLLNY","Cellnex Telecom SA","Real Estate Services"
"15117K103","CLLS","Cellectis S.A.","Biotechnology"
"21924B302","CLM","Cornerstone Strategic Investment Fund Inc","Asset Management"
"946760105","CLMB","Climb Global Solutions Inc","Electronics & Computer Distribution"
"13648X108","CLMPF","Canadian Premium Sand Inc","Other Industrial Metals & Mining"
"131428104","CLMT","Calumet Inc","Specialty Chemicals"
"184499101","CLNE","Clean Energy Fuels Corp","Oil & Gas Refining & Marketing"
"185634201","CLNN","Clene Inc","Packaged Foods"
"092528504","CLOA","iShares AAA CLO Active ETF","ETF"
"92189H656","CLOB","VanEck AABB CLO ETF","ETF"
"882927205","CLOD","Themes Cloud Computing ETF","ETF"
"92189H748","CLOI","VanEck CLO ETF","ETF"
"64953X407","CLOO","VanEck CLO Opportunities Fund","ETF"
"37954Y442","CLOU","Global X Cloud Computing ETF Global X Cloud Computing ETF","ETF"
"18914F103","CLOV","Clover Health Investments Co","Healthcare Plans"
"81752T486","CLOX","Eldridge AAA CLO ETF","ETF"
"81752T528","CLOZ","Eldridge BBB CLO ETF","ETF"
"19624Y200","CLPBY","Coloplast A/S","Medical Instruments & Supplies"
"18946Q101","CLPHY","CLP Holdings Limited","Utilities - Regulated Electric"
"18885T306","CLPR","Clipper Realty Inc","REIT - Residential"
"G31642104","CLPS","CLPS Incorporation","Information Technology Services"
"18507C103","CLPT","Clearpoint Neuro Inc","Medical Devices"
"16890R109","CLPXY","China Longyuan Power Group Corporation Limited","Utilities - Renewable"
"15117F880","CLRB","Cellectar Biosciences Inc","Biotechnology"
"15101Q207","CLS","Celestica Inc","Electronic Components"
"89834G760","CLSE","Convergence Long/Short Equity ETF","ETF"
"18452B209","CLSK","CleanSpark Inc","Capital Markets"
"18452B118","CLSKW","CleanSpark Inc","Capital Markets"
"30151E624","CLSM","ETC Cabana Target Leading Sector Moderate ETF","ETF"
"14888L101","CLST","Catalyst Bancorp Inc","Banks - Regional"
"46092D590","CLSX","Tradr 2X Long CLSK Daily ETF","ETF"
"G21810109","CLVT","Clarivate plc","Information Technology Services"
"18538R103","CLW","Clearwater Paper Corporation","Paper & Paper Products"
"G32030127","CLWT","Euro Tech Holdings Company Limited","Pollution & Treatment Controls"
"189054109","CLX","The Clorox Company","Household & Personal Products"
"28658R106","CLYM","Climb Bio Inc","Biotechnology"
"136069101","CM","Canadian Imperial Bank of Commerce","Banks - Diversified"
"200340107","CMA","Comerica Inc","Banks - Regional"
"14171W202","CMAXQ","Caremax Inc","Medical Care Facilities"
"G17766109","CMBM","Cambium Networks Corporation","Communication Equipment"
"46429B366","CMBS","iShares CMBS ETF","ETF"
"B38564108","CMBT","CMB.TECH NV","Oil & Gas Midstream"
"201723103","CMC","Commercial Metals Company","Metal Fabrication"
"92189Y501","CMCI","VanEck CMCI Commodity Strategy ETF","ETF"
"G1757E113","CMCL","Caledonia Mining Corporation plc","Gold"
"163075203","CMCM","Cheetah Mobile Inc","Internet Content & Information"
"199333105","CMCO","Columbus McKinnon Corporation","Farm & Heavy Construction Machinery"
"20030N101","CMCSA","Comcast Corporation","Telecom Services"
"125525584","CMCT","Creative Media & Community Trust Corporation","REIT - Office"
"Y2001C101","CMDB","Costamare Bulkers Holdings Limited","Marine Shipping"
"72201R593","CMDT","PIMCO Commodity Strategy Active ETF","ETF"
"46431W598","CMDY","iShares Bloomberg Roll Select Commodity Strategy ETF","ETF"
"12572Q105","CME","CME Group Inc","Financial Data & Stock Exchanges"
"464288356","CMF","iShares California Muni Bond ETF","ETF"
"169656105","CMG","Chipotle Mexican Grill Inc","Restaurants"
"20370L103","CMHF","Community Heritage Financial Inc","Banks - Regional"
"231021106","CMI","Cummins Inc","Specialty Industrial Machinery"
"G2296M103","CMII","Columbus Circle Capital Corp II","Shell Companies"
"G2296M129","CMIIW","Columbus Circle Capital Corp II","Shell Companies"
"231082801","CMLSQ","Cumulus Media Inc","Broadcasting"
"16385C203","CMMB","Chemomab Therapeutics Ltd","Biotechnology"
"185053402","CMND","Clearmind Medicine Inc","Biotechnology"
"20451N101","CMP","Compass Minerals International Inc","Other Industrial Metals & Mining"
"13161X733","CMPAX","Calvert Small/Mid-Cap A","ETF"
"20449X401","CMPGY","Compass Group PLC","Restaurants"
"20459V113","CMPOW","Composecure Inc","Credit Services"
"G2143T103","CMPR","Cimpress plc","Specialty Business Services"
"20451W101","CMPS","Compass Pathways plc","Medical Care Facilities"
"20454B104","CMPX","Compass Therapeutics Inc","Biotechnology"
"08975P108","CMRC","Commerce.com Inc","Software - Application"
"Y1771G102","CMRE","Costamare Inc","Marine Shipping"
"12558Q103","CMRF","CIM Real Estate Finance Trust Inc","REIT - Diversified"
"16934W106","CMRX","Chimerix Inc","Biotechnology"
"125896100","CMS","CMS Energy Corporation","Utilities - Regulated Electric"
"20557R105","CMSQY","Computershare Limited","Capital Markets"
"218683100","CMT","Core Molding Technologies Inc","Specialty Chemicals"
"18270D106","CMTG","Claros Mortgage Trust Inc","REIT - Mortgage"
"205826209","CMTL","Comtech Telecommunications Corp","Communication Equipment"
"59318E102","CMU","MFS High Yield Municipal Trust","Asset Management"
"202712600","CMWAY","Commonwealth Bank of Australia","Banks - Diversified"
"126117100","CNA","CNA Financial","Insurance - Property & Casualty"
"19423L466","CNAV","Mohr Company Nav ETF","ETF"
"032108482","CNBS","Amplify Seymour Cannabis ETF","ETF"
"15135B101","CNC","Centene Corporation","Healthcare Plans"
"N20967118","CNCK","Coincheck Group NV","Capital Markets"
"N20967100","CNCKW","Coincheck Group NV","Capital Markets"
"20607U108","CNDA","Concord Acquisition Corp II","Shell Companies"
"20607U207","CNDAU","Concord Acquisition Corp II","Shell Companies"
"206071110","CNDAW","Concord Acquisition Corp II",""
"20607U116","CNDAW","Concord Acquisition Corp II",""
"206787103","CNDT","Conduent Inc","Information Technology Services"
"015564404","CNEQ","Alger Concentrated Equity ETF","ETF"
"98880R307","CNET","ZW Data Action Technologies Inc","Advertising Agencies"
"G2181K204","CNEY","CN Energy Group Inc","Specialty Chemicals"
"18979T105","CNF","CNFinance Holdings Limited","Mortgage Finance"
"N20944109","CNH","CNH Industrial N.V.","Farm & Heavy Construction Machinery"
"136375102","CNI","Canadian National Railway Company","Railroads"
"17243V102","CNK","Cinemark Holdings Inc","Entertainment"
"19425C100","CNL","Collective Mining Ltd","Gold"
"21874C102","CNM","Core & Main Inc","Industrial Distribution"
"207410101","CNMD","CONMED Corporation","Medical Devices"
"13765N107","CNNE","Cannae Holdings Inc","Restaurants"
"12621E103","CNO","CNO Financial Group Inc","Insurance - Life"
"20786W107","CNOB","Connectone Bancorp Inc","Banks - Regional"
"15189T107","CNP","Centerpoint Energy Inc","Utilities - Regulated Electric"
"15189TBD8","CNP","Centerpoint Energy Inc","Utilities - Regulated Electric"
"136385101","CNQ","Canadian Natural Resources Limited","Oil & Gas E&P"
"218937100","CNR","Core Natural Resources Inc","Thermal Coal"
"78468R655","CNRG","SPDR Kensho Clean Power ETF","ETF"
"19247A100","CNS","Cohen & Steers Inc","Asset Management"
"209034107","CNSL","Consolidated Communications Holdings Inc","Telecom Services"
"18978H508","CNSP","CNS Pharmaceuticals Inc","Biotechnology"
"21037X100","CNSWF","Constellation Software","Software - Application"
"72941H509","CNSY","Cerenome Inc","Biotechnology"
"152309100","CNTA","Centessa Pharmaceuticals plc","Biotechnology"
"207523101","CNTB","Connect Biopharma Holdings Limited","Biotechnology"
"207944109","CNTM","ConnectM Technology Solutions Inc","Utilities - Renewable"
"432705309","CNTN","Canton Strategic Holdings Inc","Biotechnology"
"21077P108","CNTX","Context Therapeutics Inc","Biotechnology"
"156492100","CNTY","Century Casinos Inc","Resorts & Casinos"
"172406308","CNVS","Cineverse Corp","Entertainment"
"21244X109","CNVVY","Convatec Group PLC","Medical Instruments & Supplies"
"12653C108","CNX","CNX Resources Corporation","Oil & Gas E&P"
"20602D101","CNXC","Concentrix Corporation","Information Technology Services"
"69318J100","CNXN","PC Connection Inc","Electronics & Computer Distribution"
"92189F627","CNXT","VanEck ChiNext ETF","ETF"
"212873103","CNXX","CONX Corp","Real Estate Services"
"212873111","CNXXW","CONX Corp","Real Estate Services"
"46434V514","CNYA","iShares MSCI China A ETF","ETF"
"301505467","COAL","Range Global Coal ETF","ETF"
"29415V109","COCH","Envoy Medical Inc","Medical Devices"
"29415V117","COCHW","Envoy Medical Inc","Medical Devices"
"92846Q107","COCO","Vita Coco Co Inc","Beverages - Non-Alcoholic"
"19188J409","COCP","Cocrystal Pharma Inc","Biotechnology"
"19188U206","CODA","Coda Octopus Group Inc","Aerospace & Defense"
"20451Q104","CODI","Compass Diversified Holdings","Conglomerates"
"189763105","CODX","Co-Diagnostics Inc","Medical Devices"
"204280309","CODYY","Compagnie de Saint-Gobain SA","Building Products & Equipment"
"16954L204","COE","51Talk Online Education Group","Education & Training Services"
"19207A116","COEPW","Coeptis Therapeutics Holding","Biotechnology"
"14040H105","COF","Capital One Financial Corporation","Credit Services"
"170386106","COFS","ChoiceOne Financial Services Inc","Banks - Regional"
"19243N106","COGNY","Cogna Educação SA","Education & Training Services"
"19240Q201","COGT","Cogent Biosciences Inc","Biotechnology"
"19240QAA0","COGT","Cogent Biosciences Inc","Biotechnology"
"189754104","COH","Coach Inc","Luxury Goods"
"19249M102","COHN","Cohen & Co Inc","Capital Markets"
"19247G107","COHR","Coherent Corp","Scientific & Technical Instruments"
"192576106","COHU","Cohu Inc","Semiconductor Equipment & Materials"
"46152A569","COHX","Tradr 2X Long COHR Daily ETF","ETF"
"227047305","COIHY","Croda International Plc","Specialty Chemicals"
"19260Q107","COIN","Coinbase Global Inc","Financial Data & Stock Exchanges"
"19260QAB3","COIN","Coinbase Global Inc","Financial Data & Stock Exchanges"
"19260QAF4","COIN","Coinbase Global Inc","Financial Data & Stock Exchanges"
"77926X767","COIW","Roundhill COIN WeeklyPay ETF","ETF"
"191098102","COKE","Coca Cola Cons Inc","Beverages - Non-Alcoholic"
"G2295P107","COLA","Columbus Acquisition Corp","Shell Companies"
"G2295P115","COLAR","Columbus Acquisition Corp","Shell Companies"
"197236102","COLB","Columbia Banking System Inc","Banks - Regional"
"03064D108","COLD","Americold Realty Trust Inc","REIT - Industrial"
"19459J104","COLL","Collegium Pharmaceutical Inc","Drug Manufacturers - Specialty & Generic"
"19459JAC8","COLL","Collegium Pharmaceutical Inc","Drug Manufacturers - Specialty & Generic"
"198516106","COLM","Columbia Sportswear Co","Apparel Manufacturing"
"37954Y327","COLO","Global X MSCI Colombia ETF","ETF"
"25460E307","COM","Direxion Auspice Broad Commodity Strategy ETF","ETF"
"38747R108","COMB","GraniteShares Bloomberg Commodity Broad Strategy No K-1 ETF","ETF"
"20464U100","COMP","Compass Inc","Real Estate Services"
"46431W853","COMT","iShares GSCI Commodity Dynamic Roll Strategy ETF","ETF"
"20603L102","CON","Concentra Group Holdings Parent Inc","Medical Care Facilities"
"38747R363","CONI","GraniteShares 2x Short COIN Daily ETF","ETF"
"38747R728","CONI","GraniteShares 2x Short COIN Daily ETF","ETF"
"38747R801","CONL","GraniteShares 2x Long COIN Daily ETF","ETF"
"88634T824","CONY","YieldMax COIN Option Income Strategy ETF","ETF"
"88636X856","CONY","YieldMax COIN Option Income Strategy ETF","ETF"
"216648501","COO","The Cooper Companies Inc","Medical Instruments & Supplies"
"216648402","COO.MX","COOPER COS INC",""
"89269P103","COOK","Traeger Inc","Furnishings, Fixtures & Appliances"
"G2425N105","COOL","VegaShares AI Thermal Cooling & Power Management ETF","ETF"
"62482R107","COOP","Mr Cooper Group Inc","Mortgage Finance"
"G07041109","COOT","Australian Oilseeds Holdings Limited","Packaged Foods"
"G07041117","COOTW","Australian Oilseeds Holdings Limited","Packaged Foods"
"20825C104","COP","ConocoPhillips","Oil & Gas E&P"
"882927783","COPA","Themes Copper Miners ETF","ETF"
"85208P501","COPJ","Sprott Junior Copper Miners ETF","ETF"
"G24243100","COPL","Copley Acquisition Corp","Shell Companies"
"G24243118","COPLU","Copley Acquisition Corp","Shell Companies"
"G24243126","COPLWS","Copley Acquisition Corp","Shell Companies"
"85208P881","COPP","Sprott Copper Miners ETF","ETF"
"37954Y830","COPX","Global X Copper Miners ETF","ETF"
"75526L860","COPY","Tweedy, Browne Insider + Value ETF","ETF"
"03073E105","COR","Cencora Inc","Medical Distribution"
"03073E108","COR","Cencora Inc","Medical Distribution"
"G39342103","CORBF","Global Cord Blood Corporation","Diagnostics & Research"
"26923Q465","CORD","T-REX 2X Inverse CRWV Daily Target ETF","ETF"
"21874A906","CORE","Soluzione Tasse SpA","Specialty Business Services"
"88166A102","CORN","Teucrium Corn Fund","ETF"
"72201R817","CORP","PIMCO Investment Grade Corporate Bond Index ETF","ETF"
"218352102","CORT","Corcept Therapeutics Inc","Biotechnology"
"21874A106","CORZ","Core Scientific Inc","Software - Infrastructure"
"21874A114","CORZW","Core Scientific Inc","Software - Infrastructure"
"21874A130","CORZZ","Core Scientific Inc","Software - Infrastructure"
"221413305","COSM","Cosmos Health Inc","Medical Distribution"
"19058X207","COSO","CoastalSouth Bancshares Inc","Banks - Regional"
"22160K105","COST","Costco Wholesale Corporation","Discount Stores"
"222070203","COTY","Coty Inc","Household & Personal Products"
"22266M104","COUR","Coursera Inc","Education & Training Services"
"22304D207","COVTY","Covestro AG","Specialty Chemicals"
"69374H360","COWG","Pacer US Large Cap Cash Cows Growth Leaders ETF","ETF"
"032108698","COWS","Amplify Cash Flow Dividend Leaders ETF","ETF"
"69374H881","COWZ","Pacer US Cash Cows 100 ETF","ETF"
"22407B108","COYA","Coya Therapeutics Inc","Biotechnology"
"38747R371","COYY","GraniteShares YieldBOOST COIN ETF","ETF"
"46092D392","COZX","Tradr 2X Long CORZ Daily ETF","ETF"
"13646K108","CP","Canadian Pacific Kansas City","Railroads"
"13645T100","CP.TO","Canadian Pacific Kansas City Limited","Railroads"
"P31076105","CPA","Copa Holdings SA","Airlines"
"15126Q208","CPAC","Cementos Pacasmayo S.A.A.","Building Materials"
"66538R540","CPAI","Counterpoint Quantitative Equity ETF","ETF"
"219948106","CPAY","Corpay Inc","Software - Infrastructure"
"134429109","CPB","The Campbells Company","Packaged Foods"
"00141A438","CPBFX","Invesco Core Plus Bond R6","ETF"
"15486W100","CPBI","Central Plains Bancshares Inc","Banks - Regional"
"13123X508","CPE","Callon Petroleum Company","Oil & Gas E&P"
"911718104","CPER","United States Copper Index Fund LP","ETF"
"154760409","CPF","Central Pac Financial Corp","Banks - Regional"
"13811E101","CPHC","Canterbury Park Holding Corp","Resorts & Casinos"
"886364553","CPII","American Beacon Ionic Inflation Protection ETF","ETF"
"230770109","CPIX","Cumberland Pharmaceuticals Inc","Drug Manufacturers - Specialty & Generic"
"165303108","CPK","Chesapeake Utils Corp","Utilities - Regulated Gas"
"45409F785","CPLB","NYLI MacKay Core Plus Bond ETF","ETF"
"00039J855","CPLS","AB Core Plus Bond ETF","ETF"
"22266T109","CPNG","Coupang Inc","Internet Retail"
"12811T878","CPNJ","Calamos Nasdaq-100 Structured Alt Protection ETF - June","ETF"
"12811T845","CPNM","Calamos Nasdaq-100 Structured Alt Protection ETF - March","ETF"
"12811T852","CPNQ","Calamos Nasdaq-100 Structured Alt Protection ETF - December","ETF"
"12811T860","CPNS","Calamos Nasdaq-100 Structured Alt Protection ETF - September","ETF"
"G71700119","CPOP","Pop Culture Group Co Ltd","Entertainment"
"N24565108","CPR","Davide Campari-Milano","Beverages - Wineries & Distilleries"
"G1890L107","CPRI","Capri Holdings Limited","Luxury Goods"
"12811T837","CPRJ","Calamos Russell 2000 Structured Alt Protection ETF - July","ETF"
"12811T118","CPRO","Calamos Russell 2000 Structured Alt Protection ETF - October","ETF"
"217204106","CPRT","Copart Inc","Specialty Business Services"
"14888U101","CPRX","Catalyst Pharmaceuticals Inc","Biotechnology"
"21676P103","CPS","Cooper-Standard Holdings Inc","Auto Parts"
"12811T704","CPSA","Calamos S&P 500 Structured Alt Protection ETF - August","ETF"
"12811T795","CPSD","Calamos S&P 500 Structured Alt Protection ETF - December","ETF"
"12811T779","CPSF","Calamos S&P 500 Structured Alt Protection ETF - February","ETF"
"12619F104","CPSH","CPS Technologies Corp","Electronic Components"
"12811T803","CPSJ","Calamos S&P 500 Structured Alt Protection ETF - July","ETF"
"12811T605","CPSM","Calamos S&P 500 Structured Alt Protection ETF - May","ETF"
"12811T811","CPSN","Calamos S&P 500 Structured Alt Protection ETF - November","ETF"
"12811T829","CPSO","Calamos S&P 500 Structured Alt Protection ETF - October","ETF"
"12811T753","CPSP","Calamos S&P 500 Structured Alt Protection ETF - April","ETF"
"14070Y101","CPSR","Calamos S&P 500 Structured Alt Protection ETF - March","ETF"
"210502100","CPSS","Consumer Portfolio Services Inc","Credit Services"
"12811T886","CPST","Calamos S&P 500 Structured Alt Protection ETF - September","ETF"
"12811T746","CPSU","Calamos S&P 500 Structured Alt Protection ETF - June","ETF"
"12811T787","CPSY","Calamos S&P 500 Structured Alt Protection ETF - January","ETF"
"133131102","CPT","Camden Property Trust","REIT - Residential"
"G18932106","CPTAF","Captivision Inc","Building Materials"
"37954Y731","CPTL","Global X Morningstar Capital Allocation Leaders ETF","ETF"
"15673X200","CPTN","Cepton Inc","Electronic Components"
"45259A688","CPXR","USCF Daily Target 2X Copper Index ETF","ETF"
"15639K300","CPYYY","Centrica plc","Utilities - Independent Power Producers"
"12812C106","CPZ","Calamos Long/Short Equity & Dynamic Income Term Trust","Asset Management"
"16411Q101","CQP","Cheniere Energy Partners LP","Oil & Gas Midstream"
"46138E800","CQQQ","Invesco China Technology ETF","ETF"
"224408104","CR","Crane Company","Specialty Industrial Machinery"
"G2574F119","CRAC","Crown Reserve Acquisition Corp I","Shell Companies"
"12618T105","CRAI","CRA International Inc","Consulting Services"
"92189F585","CRAK","VanEck Oil Refiners ETF","ETF"
"G25014104","CRAN","Crane Harbor Acquisition Corp II","Shell Companies"
"G25014112","CRANR","Crane Harbor Acquisition Corp II","Shell Companies"
"G25014120","CRANU","Crane Harbor Acquisition Corp II","Shell Companies"
"G17564108","CRAQ","Cal Redwood Acquisition Corp","Shell Companies"
"G17564116","CRAQR","Cal Redwood Acquisition Corp","Shell Companies"
"G17564124","CRAQU","Cal Redwood Acquisition Corp","Shell Companies"
"225313105","CRARY","Crédit Agricole SA","Banks - Regional"
"21871X109","CRBG","Corebridge Financial Inc","Asset Management"
"46434V464","CRBN","iShares MSCI ACWI Low Carbon Target ETF","ETF"
"21833P301","CRBP","Corbus Pharmaceuticals Holdings Inc","Biotechnology"
"142038108","CRBU","Caribou Biosciences Inc","Biotechnology"
"13057Q305","CRC","California Resources Corporation","Oil & Gas E&P"
"74349Y431","CRCA","ProShares Ultra CRCL","ETF"
"26923Q457","CRCD","T-REX 2X Inverse CRCL Daily Target ETF","ETF"
"88340C701","CRCG","Leverage Shares 2X Long CRCL Daily ETF","ETF"
"172573107","CRCL","Circle Internet Group Inc","Capital Markets"
"88636W866","CRCO","YieldMax CRCL Option Income Strategy ETF","ETF"
"22658D100","CRCT","Cricut Inc","Computer Hardware"
"224633206","CRDA","Crawford & Co","Insurance Brokers"
"224633107","CRDB","Crawford & Co","Insurance Brokers"
"14147L108","CRDF","Cardiff Oncology Inc","Biotechnology"
"14161Y200","CRDL","Cardiol Therapeutics Inc","Drug Manufacturers - Specialty & Generic"
"G25457105","CRDO","Credo Technology Group Holding Ltd","Semiconductors"
"82889N558","CRDT","Simplify Opportunistic Income ETF","ETF"
"46152A528","CRDU","Tradr 2X Long CRDO Daily ETF","ETF"
"19761L110","CRED","Columbia Research Enhanced Real Estate ETF","ETF"
"168913309","CREG","Smart Powerr Corp","Utilities - Renewable"
"226406106","CRESY","Cresud SACIF","Conglomerates"
"G1893D110","CREVW","Carbon Revolution Ltd","Auto Parts"
"22530J309","CREX","Creative Realities Inc","Software - Application"
"21924U300","CRF","Cornerstone Total Return Fund Inc","Asset Management"
"514051013","CRGO","Freightos Limited","Integrated Freight & Logistics"
"G51405119","CRGOW","Freightos Limited","Integrated Freight & Logistics"
"14179K101","CRGX","Cargo Therapeutics Inc","Biotechnology"
"44952J104","CRGY","Crescent Energy Company","Oil & Gas E&P"
"12626K203","CRH","CRH plc","Building Materials"
"G25508105","CRH","CRH plc","Building Materials"
"16940R109","CRHKY","China Resources Beer Company Limited","Beverages - Brewers"
"146229109","CRI","Carters Inc","Apparel Retail"
"231269200","CRIS","Curis Inc","Biotechnology"
"205768302","CRK","Comstock Resources Inc","Oil & Gas E&P"
"228339404","CRKN","Crown Electrokinetics Corp","Specialty Chemicals"
"159864107","CRL","Charles River Laboratories International Inc","Diagnostics & Research"
"22587M106","CRLBF","Cresco Labs Inc","Drug Manufacturers - Specialty & Generic"
"79466L302","CRM","Salesforce Inc","Software - Application"
"21900C308","CRMD","CorMedix Inc","Biotechnology"
"882927338","CRMG","Leverage Shares 2X Long CRM Daily ETF","ETF"
"G2662B103","CRML","Critical Metals Corp","Other Industrial Metals & Mining"
"G2662B111","CRMLW","Critical Metals Corp","Other Industrial Metals & Mining"
"03062T105","CRMT","Americas Car-Mart Inc","Auto & Truck Dealerships"
"156727109","CRNC","Cerence Inc","Software - Application"
"M22013102","CRNT","Ceragon Networks Ltd","Communication Equipment"
"22663K107","CRNX","Crinetics Pharmaceuticals Inc","Biotechnology"
"22717L101","CRON","Cronos Group Inc","Drug Manufacturers - Specialty & Generic"
"227046109","CROX","Crocs Inc","Footwear & Accessories"
"33740F540","CRPT","First Trust SkyBridge Crypto Industry and Digital Economy ETF","ETF"
"144430204","CRRFY","Carrefour SA","Grocery Stores"
"144285103","CRS","Carpenter Technology","Metal Fabrication"
"H17182108","CRSP","CRISPR Therapeutics AG","Biotechnology"
"22041X102","CRSR","Corsair Gaming Inc","Computer Hardware"
"22757R109","CRT","Cross Timbers Royalty Trust","Oil & Gas E&P"
"G1995D117","CRTAF","Cartica Acquisition Corp","Shell Companies"
"23306X860","CRTC","Xtrackers US National Critical Technologies ETF","ETF"
"226718104","CRTO","Criteo S A","Advertising Agencies"
"172755100","CRUS","Cirrus Logic Inc","Semiconductors"
"26922B873","CRUZ","Defiance Hotel Airline and Cruise ETF","ETF"
"221006109","CRVL","Corvel Corp","Insurance Brokers"
"15713L109","CRVO","CervoMed Inc","Biotechnology"
"221015100","CRVS","Corvus Pharmaceuticals Inc","Biotechnology"
"22788C105","CRWD","CrowdStrike Holdings Inc","Software - Infrastructure"
"88340C875","CRWG","Leverage Shares 2X Long CRWV Daily ETF","ETF"
"38747R645","CRWL","GraniteShares 2x Long CRWD Daily ETF","ETF"
"228309100","CRWS","Crown Crafts Inc","Furnishings, Fixtures & Appliances"
"26923Q655","CRWU","T-REX 2X Long CRWV Daily Target ETF","ETF"
"21873S108","CRWV","CoreWeave Inc","Software - Infrastructure"
"202597605","CRZBY","Commerzbank AG","Banks - Regional"
"225401108","CS","Credit Suisse Group AG",""
"92647N832","CSA","VictoryShares US Small Cap Volatility Wtd ETF","ETF"
"18912E207","CSAI","Cloudastructure Inc","Software - Infrastructure"
"22113B103","CSAN","Cosan SA","Oil & Gas Refining & Marketing"
"92647N873","CSB","VictoryShares US Small Cap High Div Volatility Wtd ETF","ETF"
"15870P307","CSBR","Champions Oncology Inc","Biotechnology"
"205363104","CSC","Computer Sciences Corp","Information Technology Services"
"22112H101","CSCIF","COSCIENS Biopharma Inc","Biotechnology"
"17275R102","CSCO","Cisco Systems Inc","Communication Equipment"
"46137V159","CSD","Invesco S&P Spin-Off ETF","ETF"
"92647N774","CSF","VictoryShares US Discovery Enhanced Volatility Wtd ETF","ETF"
"22160N109","CSGP","Costar Group Inc","Real Estate Services"
"126349109","CSGS","CSG Systems International","Software - Application"
"126349AH2","CSGS","CSG Systems International","Software - Application"
"78433H501","CSHI","Neos Enhanced Income Cash Alternative ETF","ETF"
"09290C822","CSHP","iShares Enhanced Short-Term Bond Active ETF","ETF"
"14756K102","CSHX","Cashmere Valley Bank","Banks - Regional"
"136635109","CSIQ","Canadian Solar Inc","Solar"
"142339100","CSL","Carlisle Inc","Building Products & Equipment"
"12637N204","CSLLY","CSL Limited","Biotechnology"
"G2365L101","CSLM","CSLM Acquisition Corp","Shell Companies"
"G2365L119","CSLMF","CSLM Acquisition Corp","Shell Companies"
"G2365L127","CSLMR","CSLM Acquisition Corp","Shell Companies"
"74347R248","CSM","ProShares Large Cap Core Plus","ETF"
"19249U302","CSNR","Cohen & Steers Natural Resources Active ETF","ETF"
"12591J207","CSPCY","CSPC Pharmaceutical Group Limited","Drug Manufacturers - General"
"126389105","CSPI","CSP Inc","Information Technology Services"
"128125101","CSQ","Calamos Strategic Total Return Fund","Asset Management"
"15202L107","CSR","Centerspace","REIT - Residential"
"16842Q100","CSSEQ","Chicken Soup for the Soul Entertainment Inc","Entertainment"
"G2R18K105","CSTAF","Constellation Acquisition Corp I","Shell Companies"
"M20598104","CSTE","Caesarstone Ltd","Building Products & Equipment"
"14843C105","CSTL","Castle Biosciences Inc","Diagnostics & Research"
"F21107101","CSTM","Constellium SE","Aluminum"
"16942A302","CSUAY","China Shenhua Energy Company Limited","Thermal Coal"
"143905107","CSV","Carriage Services Inc","Personal Services"
"126402106","CSW","CSW Industrials Inc","Specialty Industrial Machinery"
"140501107","CSWC","Capital Southwest Corp","Asset Management"
"140501AE7","CSWC","Capital Southwest Corp","Asset Management"
"126408103","CSX","CSX Corporation","Railroads"
"14575D107","CSXXY","CAR Group Limited","Internet Content & Information"
"82889N699","CTA","Simplify Managed Futures Strategy ETF","ETF"
"172908105","CTAS","Cintas Corp","Specialty Business Services"
"204149108","CTBI","Community Trust Bancorp Inc","Banks - Regional"
"02072Q499","CTEF","Castellan Targeted Equity ETF","ETF"
"62548M209","CTEV","Claritev Corporation","Health Information Services"
"74347G515","CTEX","ProShares S&P Kensho Cleantech ETF","ETF"
"21077F100","CTGO","Contango Ore Inc","Gold"
"159765205","CTHRQ","Charles & Colvard Ltd","Luxury Goods"
"02072Q481","CTIF","Castellan Targeted Income ETF","ETF"
"23285D109","CTKB","Cytek Biosciences Inc","Medical Devices"
"138103106","CTLP","Cantaloupe Inc","Software - Infrastructure"
"148806102","CTLT","Catalent Inc","Drug Manufacturers - Specialty & Generic"
"14838T204","CTM","Castellum Inc","Information Technology Services"
"23284F105","CTMX","CytomX Therapeutics Inc","Biotechnology"
"21217B100","CTNM","Contineum Therapeutics Inc","Biotechnology"
"16307X202","CTNT","Cheetah Net Supply Chain Inc","Integrated Freight & Logistics"
"22948Q101","CTO","CTO Realty Growth Inc","REIT - Diversified"
"17331Y109","CTOR","Citius Oncology Inc","Drug Manufacturers - Specialty & Generic"
"23204X103","CTOS","Custom Truck One Source Inc","Rental & Leasing Services"
"17304K102","CTPCY","CITIC Limited","Conglomerates"
"127097103","CTRA","Coterra Energy Inc","Oil & Gas E&P"
"14174T107","CTRE","CareTrust REIT Inc","REIT - Healthcare Facilities"
"155923105","CTRI","Centuri Holdings Inc","Utilities - Regulated Gas"
"Y1146L208","CTRM","Castor Maritime Inc","Marine Shipping"
"17306X102","CTRN","Citi Trends Inc","Apparel Retail"
"126501105","CTS","CTS Corporation","Electronic Components"
"192446102","CTSH","Cognizant Technology Solutions Corporation","Information Technology Services"
"23283X206","CTSO","Cytosorbents Corp","Medical Devices"
"210771200","CTTAY","Continental Aktiengesellschaft","Auto Parts"
"457679116","CTV","Innovid Corp","Software - Application"
"22052L104","CTVA","Corteva Inc","Agricultural Inputs"
"15101Q108","CTW.SG","CELESTICA INC",""
"222067100","CTWO","COtwo Advisors Physical European Carbon Allowance Trust","ETF"
"032123507","CTXAY","Ampol Limited","Oil & Gas Refining & Marketing"
"17322U306","CTXR","Citius Pharmaceuticals Inc","Biotechnology"
"177376100","CTXS","Citrix Systems Inc","Software - Application"
"G5501C109","CUB","Lionheart Holdings","Shell Companies"
"229663109","CUBE","CubeSmart","REIT - Industrial"
"23204G100","CUBI","Customers Bancorp Inc","Banks - Regional"
"G5501C117","CUBWW","Lionheart Holdings","Shell Companies"
"22978P106","CUE","Cue Biopharma Inc","Biotechnology"
"14365C103","CUK","Carnival plc","Travel Services"
"230215105","CULP","Culp Inc","Textile Manufacturing"
"G2592E102","CUPR","Cuprina Holdings (Cayman) Limited","Medical Instruments & Supplies"
"23128Q101","CURB","Curbline Properties Corp","REIT - Retail"
"25459Y876","CURE","Direxion Daily Healthcare Bull 3X Shares","ETF"
"23130Q107","CURI","Curiositystream Inc","Broadcasting"
"23130Q115","CURIW","CuriosityStream Inc","Broadcasting"
"G47862100","CURR","Currenc Group Inc","Software - Application"
"89142B107","CURV","Torrid Holdings Inc","Apparel Retail"
"23126K106","CURX","Curanex Pharmaceuticals Inc","Biotechnology"
"46138E545","CUT","Invesco MSCI Global Timber ETF","ETF"
"232109108","CUTRQ","Cutera Inc","Medical Devices"
"222795502","CUZ","Cousins Properties Inc","REIT - Office"
"140935107","CV","CapsoVision Inc","Medical Devices"
"N2451R105","CVAC","CureVac","Biotechnology"
"26923N876","CVAR","Cultivar ETF","ETF"
"126600105","CVBF","CVB Financial Corp","Banks - Regional"
"149568107","CVCO","Cavco Industries Inc","Residential Construction"
"15135U109","CVE","Cenovus Energy Inc","Oil & Gas Integrated"
"17878Y207","CVEO","Civeo Corporation","Lodging"
"202608105","CVGI","Commercial Veh Group Inc","Auto Parts"
"128246105","CVGW","Calavo Growers Inc","Food Distribution"
"12662P108","CVI","CVR Energy Inc","Oil & Gas Refining & Marketing"
"61774R106","CVIE","Calvert International Responsible Index ETF","ETF"
"127636207","CVKD","Cadrenal Therapeutics Inc","Biotechnology"
"61774R205","CVLC","Calvert US Large-Cap Core Responsible Index ETF","ETF"
"22284P105","CVLG","Covenant Logistics Group Inc","Trucking"
"204166102","CVLT","CommVault Systems Inc","Software - Application"
"150837706","CVM","CEL-SCI Corporation","Biotechnology"
"61774R403","CVMC","Calvert US Mid-Cap Core Responsible Index ETF","ETF"
"146869102","CVNA","Carvana Co","Auto & Truck Dealerships"
"88636R206","CVNY","YieldMax CVNA Option Income Strategy ETF","ETF"
"168088102","CVR","Chicago Rivet & Machine Co","Tools & Accessories"
"557441409","CVRD","Madison Covered Call ETF","ETF"
"12811T308","CVRT","Calamos Convertible Equity Alternative ETF","ETF"
"126638105","CVRX","CVRx Inc","Medical Devices"
"126650100","CVS","CVS Health Corporation","Healthcare Plans"
"00737L103","CVSA","Covista Inc","Education & Training Services"
"61774R601","CVSB","Calvert Ultra-Short Investment Grade ETF","ETF"
"61774R502","CVSE","Calvert US Select Equity ETF","ETF"
"125919308","CVU","CPI Aerostructures Inc","Aerospace & Defense"
"126601103","CVV","CVD Equipment Corporation","Specialty Industrial Machinery"
"166764100","CVX","Chevron Corporation","Oil & Gas Integrated"
"46137Y500","CVY","Invesco Zacks Multi-Asset Income ETF","ETF"
"231561101","CW","Curtiss-Wright Corporation","Aerospace & Defense"
"185123106","CWAN","Clearwater Analytics Holdings Inc","Software - Application"
"78464A359","CWB","SPDR Bloomberg Convertible Securities ETF","ETF"
"203937107","CWBC","Community West Bancshares","Banks - Regional"
"204157101","CWBC","Community West Bancshares","Banks - Regional"
"16106R109","CWBHF","Charlotte's Web Holdings Inc","Drug Manufacturers - Specialty & Generic"
"G23773107","CWCO","Consolidated Water Co Inc","Utilities - Regulated Water"
"13000T109","CWD","Calibercos Inc","Asset Management"
"25460G187","CWEB","Direxion Daily CSI China Internet Bull 2X Shares","ETF"
"18539C204","CWEN","Clearway Energy Inc","Utilities - Renewable"
"18539C105","CWENA","Clearway Energy Inc","Utilities - Renewable"
"13462K109","CWH","Camping World Holdings Inc","Auto & Truck Dealerships"
"78463X848","CWI","SPDR MSCI ACWI ex-US ETF","ETF"
"G2717C106","CWK","Cushman & Wakefield Limited","Real Estate Services"
"00768Y560","CWS","AdvisorShares Focused Equity ETF","ETF"
"147448104","CWST","Casella Waste Systems","Waste Management"
"130788102","CWT","California Water Service Group","Utilities - Regulated Water"
"46143U526","CWVX","Tradr 2X Long CRWV Daily ETF","ETF"
"151290889","CX","Cemex","Building Materials"
"23248B109","CXAI","CXApp Inc","Software - Application"
"23248B117","CXAIW","CXApp Inc","Software - Application"
"226552107","CXDO","Crexendo Inc","Telecom Services"
"59318D104","CXE","MFS High Income Municipal Trust","Asset Management"
"59318B108","CXH","MFS Investment Grade Municipal Trust","Asset Management"
"G2131M102","CXII","Churchill Capital Corp XII","Shell Companies"
"G2131M110","CXIIW","Churchill Capital Corp XII","Shell Companies"
"85208T107","CXM","Sprinklr Inc","Software - Application"
"53656G316","CXRN","Teucrium 2x Daily Corn ETF","ETF"
"97717X719","CXSE","WisdomTree China ex-State-Owned Enterprises Fund","ETF"
"224441105","CXT","Crane NXT Co","Specialty Industrial Machinery"
"21871N101","CXW","Corecivic Inc","Security & Protection Services"
"89278D125","CYAB","Cyabra Inc","Software - Infrastructure"
"210919106","CYATY","Contemporary Amperex Technology","Electrical Equipment & Parts"
"M2682V108","CYBR","Cyberark Software Ltd","Software - Infrastructure"
"23255M105","CYCN","Cyclerion Therapeutics Inc","Biotechnology"
"23255M204","CYCN","Cyclerion Therapeutics Inc","Biotechnology"
"95758L107","CYCU","Cycurion Inc","Information Technology Services"
"95758L115","CYCUW","Cycurion Inc","Information Technology Services"
"G21082105","CYD","China Yuchai International Ltd","Auto Manufacturers"
"203668108","CYH","Community Health Systems Inc","Medical Care Facilities"
"73933G902","CYPC","China Yangtze Power Co Ltd","Utilities - Renewable"
"52187K200","CYPH","Cypherpunk Technologies Inc","Asset Management"
"229050307","CYRX","CryoPort Inc","Integrated Freight & Logistics"
"23254X110","CYTH","Cyclo Therapeutics Inc","Biotechnology"
"23254X201","CYTHW","Cyclo Therapeutics Inc","Biotechnology"
"23282W605","CYTK","Cytokinetics Inc","Biotechnology"
"23282WAC4","CYTK","Cytokinetics Inc","Biotechnology"
"G0360L134","CYTOF","Altamira Therapeutics Ltd","Biotechnology"
"46137Y401","CZA","Invesco Zacks Mid-Cap ETF","ETF"
"174615104","CZFS","Citizens Financial Services Inc","Banks - Regional"
"14218T105","CZMWY","Carl Zeiss Meditec AG","Medical Instruments & Supplies"
"172922106","CZNC","Citizens & Northern Corporation","Banks - Regional"
"G2007L121","CZOOF","Cazoo Group Ltd","Auto & Truck Dealerships"
"12769G100","CZR","Caesars Entertainment Inc","Resorts & Casinos"
"174903104","CZWI","Citizens Community Bancorp Inc","Banks - Regional"
"25746U109","D","Dominion Energy Inc","Utilities - Regulated Electric"
"G2868C103","DAAQ","Digital Asset Acquisition Co","Shell Companies"
"G2868C129","DAAQU","Digital Asset Acquisition Co","Shell Companies"
"G2868C111","DAAQW","Digital Asset Acquisition Co","Shell Companies"
"25861R808","DABS","DoubleLine Asset-Backed Securities ETF","ETF"
"Y1968P121","DAC","Danaos Corporation","Marine Shipping"
"23344D108","DADA","Dada Nexus Ltd","Internet Retail"
"886364157","DADS","Tidal ETF Trust - Digital Asset Debt Strategy ETF","ETF"
"171756109","DAIC","CID HoldCo Inc","Information Technology Services"
"171756117","DAICW","CID HoldCo Inc","Information Technology Services"
"237690102","DAIO","Data I/O","Electronic Components"
"234264109","DAKT","Daktronics Inc","Electronic Components"
"247361702","DAL","Delta Air Lines","Airlines"
"33738R712","DALI","First Trust Dorsey Wright DALI 1 ETF","ETF"
"235050101","DALN","DallasNews Corporation","Publishing"
"88636W619","DAMD","Defiance Daily Target 2X Short AMD ETF","ETF"
"235825205","DAN","Dana Holding Corp","Auto Parts"
"M27013107","DANE.TA","Danel Adir Yeoshua Ltd",""
"23636T100","DANOY","Danone","Packaged Foods"
"98741T104","DAO","Youdao Inc","Education & Training Services"
"92189H821","DAPP","VanEck Digital Transformation ETF","ETF"
"33740U802","DAPR","FT Vest US Equity Deep Buffer ETF - April","ETF"
"237266101","DAR","Darling Ingredients Inc","Packaged Foods"
"23666P200","DARE","Dare Bioscience Inc","Biotechnology"
"88636J857","DARP","Grizzle Growth ETF","ETF"
"25809K105","DASH","Doordash Inc","Internet Retail"
"25809KAB1","DASH","DoorDash Inc","Internet Retail"
"237545108","DASTY","Dassault Systèmes SE","Software - Application"
"74347G457","DAT","ProShares Big Data Refiners ETF","ETF"
"33740F854","DAUG","FT Vest US Equity Deep Buffer ETF - August","ETF"
"29260V105","DAVA","Endava plc","Software - Infrastructure"
"23834J201","DAVE","Dave Inc","Software - Application"
"23834J110","DAVEW","Dave Inc","Software - Application"
"23954D109","DAWN","Day One Biopharmaceuticals Inc","Biotechnology"
"37954Y491","DAX","Global X DAX Germany ETF","ETF"
"15677J108","DAY","Dayforce Inc","Software - Application"
"D18190898","DB","Deutsche Bank","Banks - Regional"
"46140H106","DBA","Invesco DB Agriculture Fund","ETF"
"233051820","DBAW","Xtrackers MSCI All World ex-US Hedged Equity ETF","ETF"
"46140H700","DBB","Invesco DB Base Metals Fund","ETF"
"46138B103","DBC","Invesco DB Commodity Index Tracking Fund","ETF"
"253651202","DBD","Diebold Nixdorf Inc","Software - Application"
"46140H304","DBE","Invesco DB Energy Fund","ETF"
"233051200","DBEF","Xtrackers MSCI EAFE Hedged Equity ETF","ETF"
"233051101","DBEM","Xtrackers MSCI Emerging Markets Hedged Equity ETF","ETF"
"233051853","DBEU","Xtrackers MSCI Europe Hedged Equity ETF","ETF"
"233051697","DBEZ","Xtrackers MSCI Eurozone Hedged Equity ETF","ETF"
"250565108","DBI","Designer Brands Inc","Footwear & Accessories"
"233051507","DBJP","Xtrackers MSCI Japan Hedged Equity ETF","ETF"
"258623107","DBL","DoubleLine Opportunistic Credit Fund","Asset Management"
"53700T827","DBMF","iMGP DBi Managed Futures Strategy ETF","ETF"
"25861R105","DBND","DoubleLine Opportunistic Core Bond ETF","ETF"
"46140H403","DBO","Invesco DB Oil Fund","ETF"
"251542106","DBOEY","Deutsche Borse AG","Financial Data & Stock Exchanges"
"46140H502","DBP","Invesco DB Precious Metals Fund","ETF"
"25401T603","DBRG","Digitalbridge Group Inc","Asset Management"
"23304Y100","DBSDY","DBS Group Holdings","Banks - Regional"
"23306J309","DBVT","DBV Technologies SA","Biotechnology"
"26210C104","DBX","Dropbox Inc","Software - Infrastructure"
"26210CAD6","DBX","Dropbox Inc","Software - Infrastructure"
"46655E100","DC","Dakota Gold Corp","Gold"
"45259A506","DCAP","Unity Wealth Partners Dynamic Capital Appreciation & Options ETF","ETF"
"25609L105","DCBO","Docebo Inc","Software - Application"
"256086109","DCGO","DocGo Inc","Medical Care Facilities"
"024061103","DCH","Dauch Corporation","Auto Parts"
"257651109","DCI","Donaldson Inc","Specialty Industrial Machinery"
"25861R501","DCMT","DoubleLine Commodity Strategy ETF","ETF"
"264147109","DCO","Ducommun","Aerospace & Defense"
"25432X102","DCOM","Dime Community Bancshares Inc","Banks - Regional"
"25434V625","DCOR","Dimensional US Core Equity 1 ETF","ETF"
"79400X503","DCOY","Decoy Therapeutics Inc","Biotechnology"
"24344T101","DCPH","Deciphera Pharmaceuticals Inc","Biotechnology"
"25861R303","DCRE","DoubleLine Commercial Real Estate ETF","ETF"
"24661P807","DCTH","Delcath Systems Inc","Medical Devices"
"G4465R111","DCX","Digital Currency X Technology Inc","Auto Manufacturers"
"24610B826","DCZRX","Macquarie Small Cap Core Fund","ETF"
"26614N102","DD","DuPont de Nemours Inc","Specialty Chemicals"
"26614N201","DD","DuPont de Nemours Inc","Specialty Chemicals"
"G276AC101","DDC","DDC Enterprise Ltd","Packaged Foods"
"88554D205","DDD","3D Systems Corporation","Computer Hardware"
"33740U406","DDEC","FT Vest US Equity Deep Buffer ETF - December","ETF"
"45784N452","DDFN","Innovator Equity Dual Directional 15 Buffer ETF November","ETF"
"25862B109","DDI","Doubledown Interactive Co Ltd","Electronic Gaming & Multimedia"
"33738R696","DDIV","First Trust Dorsey Wright Momentum & Dividend ETF","ETF"
"25445D101","DDL","Dingdong Cayman Ltd","Grocery Stores"
"97717X271","DDLS","WisdomTree Dynamic International SmallCap Equity ETF","ETF"
"74347R305","DDM","ProShares Ultra Dow30","ETF"
"23804L103","DDOG","Datadog Inc","Software - Application"
"23804LAB9","DDOG","Datadog Inc","Software - Application"
"23804LAD5","DDOG","Datadog Inc","Software - Application"
"254067101","DDS","Dillards Inc","Department Stores"
"97717X263","DDWM","WisdomTree Dynamic International Equity ETF","ETF"
"02072L748","DDX","EA Series Trust - Defined Duration 10 ETF","ETF"
"244199105","DE","Deere & Co","Farm & Heavy Construction Machinery"
"27616P103","DEA","Easterly Government Properties Inc","REIT - Office"
"27616P301","DEA","Easterly Government Properties Inc","REIT - Office"
"25520W107","DEC","Diversified Energy Company","Oil & Gas Integrated"
"G2891G204","DEC","Diversified Energy Company","Oil & Gas Integrated"
"G6256B106","DECA","Denali Capital Acquisition Corp","Shell Companies"
"G6256B114","DECAW","Denali Capital Acquisition Corp","Shell Companies"
"243537107","DECK","Deckers Outdoor Corporation","Footwear & Accessories"
"33740U497","DECM","FT Vest US Equity Max Buffer ETF - December","ETF"
"78470P655","DECO","SPDR Galaxy Digital Asset Ecosystem ETF","ETF"
"69420N726","DECP","PGIM S&P 500 Buffer 12 ETF - Dec","ETF"
"00888H836","DECT","AllianzIM US Large Cap Buffer10 Dec ETF","ETF"
"00888H521","DECU","AllianzIM US Equity Buffer15 Uncapped Dec ETF","ETF"
"00888H794","DECW","AllianzIM US Large Cap Buffer20 Dec ETF","ETF"
"53656F672","DECZ","TrueShares Structured Outcome (December) ETF","ETF"
"33740U109","DEED","First Trust Securitized Plus ETF","ETF"
"233051515","DEEF","Xtrackers FTSE Developed ex-US Multifactor ETF","ETF"
"26922A701","DEEP","Acquirers Small and Micro Deep Value ETF","ETF"
"88634V100","DEFI","Hashdex Bitcoin ETF","ETF"
"26922B451","DEFR","Aptus Deferred Income ETF","ETF"
"244916102","DEFT","DeFi Technologies Inc","Capital Markets"
"25434V757","DEHP","Dimensional Emerging Markets High Profitability ETF","ETF"
"25960P109","DEI","Douglas Emmett Inc","REIT - Office"
"24701M103","DELHY","Delivery Hero SE","Internet Retail"
"24703L202","DELL","Dell Technologies Inc","Computer Hardware"
"97717W315","DEM","WisdomTree Emerging Markets High Dividend Fund","ETF"
"DK0060738","DEMANT","Demant A/S","Medical Devices"
"00774Q346","DEMZ","Democratic Large Cap Core ETF","ETF"
"24869P104","DENN","Dennys Corp","Restaurants"
"25243Q205","DEO","Diageo plc","Beverages - Wineries & Distilleries"
"48115J109","DERM","Journey Medical Corp","Drug Manufacturers - Specialty & Generic"
"97717W604","DES","WisdomTree US SmallCap Dividend Fund","ETF"
"92189H714","DESK","VanEck Office And Commercial REIT ETF","ETF"
"G27358103","DESP","Despegar.com Corp","Travel Services"
"233051481","DEUS","Xtrackers Russell US Multifactor ETF","ETF"
"251936100","DEVS","DevvStream Corp","Pollution & Treatment Controls"
"97717W877","DEW","WisdomTree Global High Dividend Fund","ETF"
"25434V534","DEXC","Dimensional Emerging Markets ex China Core Equity ETF","ETF"
"25434V708","DFAC","Dimensional US Core Equity 2 ETF","ETF"
"25434V302","DFAE","Dimensional Emerging Core Equity Market ETF","ETF"
"25434V203","DFAI","Dimensional International Core Equity Market ETF","ETF"
"25434V823","DFAR","Dimensional US Real Estate ETF","ETF"
"25434V500","DFAS","Dimensional US Small Cap ETF","ETF"
"25434V609","DFAT","Dimensional US Targeted Value ETF","ETF"
"25434V104","DFAU","Dimensional US Core Equity Market ETF","ETF"
"25434V617","DFAW","Dimensional World Equity ETF","ETF"
"25434V880","DFAX","Dimensional World ex US Core Equity 2 ETF","ETF"
"25434V633","DFCA","Dimensional California Municipal Bond ETF","ETF"
"25434V872","DFCF","Dimensional Core Fixed Income ETF","ETF"
"47100L301","DFDV","DeFi Development Corp","Asset Management"
"47100L111","DFDVW","DeFi Development Corp","Asset Management"
"97717W869","DFE","WisdomTree Europe SmallCap Dividend Fund","ETF"
"33740F771","DFEB","FT Vest US Equity Deep Buffer ETF - February","ETF"
"25434V732","DFEM","Dimensional Emerging Markets Core Equity 2 ETF","ETF"
"25460E661","DFEN","Direxion Daily Aerospace & Defense Bull 3X Shares","ETF"
"25434V740","DFEV","Dimensional Emerging Markets Value ETF","ETF"
"25434V583","DFGP","Dimensional Global Core Plus Fixed Income ETF","ETF"
"25434V658","DFGR","Dimensional Global Real Estate ETF","ETF"
"25434V575","DFGX","Dimensional Global ex-US Core Fixed Income ETF","ETF"
"26154D100","DFH","Dream Finders Homes Inc","Residential Construction"
"25434V799","DFIC","Dimensional International Core Equity 2 ETF","ETF"
"33733E724","DFII","FT Vest Bitcoin Strategy & Target Income ETF","ETF"
"25787G100","DFIN","Donnelley Financial Solutions Inc","Software - Application"
"25434V856","DFIP","Dimensional Inflation-Protected Securities ETF","ETF"
"25434V773","DFIS","Dimensional International Small Cap ETF","ETF"
"25434V807","DFIV","Dimensional International Value ETF","ETF"
"97717W836","DFJ","WisdomTree Japan SmallCap Dividend Fund","ETF"
"233802107","DFKCY","Daifuku Co Ltd","Specialty Industrial Machinery"
"26145B304","DFLI","Dragonfly Energy Holdings Corp","Electrical Equipment & Parts"
"26145B114","DFLIW","Dragonfly Energy Holdings Corp","Electrical Equipment & Parts"
"25434V666","DFLV","Dimensional US Large Cap Value ETF","ETF"
"25239Y238","DFMC","DFA US Micro Cap Portfolio ETF Class","ETF"
"829658400","DFND","Siren DIVCON Dividend Defender ETF","ETF"
"23908L108","DFNL","Davis Select Financial ETF","ETF"
"25434V849","DFNM","Dimensional National Municipal Bond ETF","ETF"
"67054R203","DFNS","T3 Defense Inc","Aerospace & Defense"
"67054R112","DFNSW","T3 Defense Inc","Aerospace & Defense"
"33848W106","DFP","Flaherty & Crumrine Dynamic Preferred and Income Fund Inc","Asset Management"
"254709108","DFS","Discover Financial Services","Credit Services"
"25434V674","DFSB","Dimensional Global Sustainability Fixed Income ETF","ETF"
"501506703","DFSC","Kwesst Micro Systems Inc","Aerospace & Defense"
"501506133","DFSCW","DEFSEC Technologies Inc","Aerospace & Defense"
"25434V864","DFSD","Dimensional Short-Duration Fixed Income ETF","ETF"
"25434V682","DFSE","Dimensional Emerging Markets Sustainability Core 1 ETF","ETF"
"25434V690","DFSI","Dimensional International Sustainability Core 1 ETF","ETF"
"25434V716","DFSU","Dimensional US Sustainability Core 1 ETF","ETF"
"25434V815","DFSV","Dimensional US Small Cap Value ETF","ETF"
"24477V105","DFTX","Definium Therapeutics Inc","Biotechnology"
"60255C885","DFTX","Definium Therapeutics Inc","Biotechnology"
"25434V401","DFUS","Dimensional US Equity Market ETF","ETF"
"25434V724","DFUV","Dimensional US Marketwide Value ETF","ETF"
"25861R600","DFVE","Doubleline Fortune 500 Equal Weight ETF","ETF"
"25434V641","DFVX","Dimensional US Large Cap Vector ETF","ETF"
"256677105","DG","Dollar General Corporation","Discount Stores"
"25434V567","DGCB","Dimensional Global Credit ETF","ETF"
"G42089113","DGE","Diageo plc","Beverages - Wineries & Distilleries"
"25381D206","DGHI","Digihost Technology Inc","Information Technology Services"
"257701201","DGICA","Donegal Group Inc","Insurance - Property & Casualty"
"257701300","DGICB","Donegal Group Inc","Insurance - Property & Casualty"
"253798102","DGII","Digi International Inc","Communication Equipment"
"92189H789","DGIN","VanEck Digital India ETF","ETF"
"G28687104","DGNX","Diginex Limited","Consulting Services"
"25154H749","DGP","DB Gold Double Long ETN","ETF"
"97717W323","DGRE","WisdomTree Emerging Markets Quality Dividend Growth Fund","ETF"
"46434V621","DGRO","iShares Core Dividend Growth ETF","ETF"
"97717X651","DGRS","WisdomTree US SmallCap Quality Dividend Growth Fund","ETF"
"97717X669","DGRW","WisdomTree US Quality Dividend Growth Fund","ETF"
"97717W281","DGS","WisdomTree Emerging Markets SmallCap Dividend Fund","ETF"
"78464A706","DGT","SPDR Global Dow ETF","ETF"
"74834L100","DGX","Quest Diagnostics Inc","Diagnostics & Research"
"25380B102","DGXX","Digi Power X Inc","Utilities - Independent Power Producers"
"24477E103","DH","Definitive Healthcare Corp","Health Information Services"
"23290B106","DHAI","DIH Holding US Inc","Medical Devices"
"23290B114","DHAIW","DIH Holding US Inc","Medical Devices"
"25525P107","DHC","Diversified Healthcare Trust","REIT - Healthcare Facilities"
"33740U547","DHDG","FT Vest US Equity Quarterly 2.5 to 15 Buffer ETF","ETF"
"09660L105","DHF","BNY Mellon High Yield Strategies Fund","Asset Management"
"23331A109","DHI","DR Horton Inc","Residential Construction"
"25264R207","DHIL","Diamond Hill Investment Group Inc","Asset Management"
"25157Y202","DHLGY","Deutsche Post DHL","Integrated Freight & Logistics"
"235851102","DHR","Danaher Corporation","Diagnostics & Research"
"97717W208","DHS","WisdomTree US High Dividend Fund","ETF"
"86280R795","DHSB","Day Hagan Smart Buffer ETF","ETF"
"Y2065G121","DHT","DHT Holdings Inc","Oil & Gas Midstream"
"23331S100","DHX","DHI Group Inc","Software - Application"
"22544F103","DHY","Credit Suisse High Yield Credit Fund","Asset Management"
"78467X109","DIA","SPDR Dow Jones Industrial Average ETF Trust","ETF"
"19761L508","DIAL","Columbia Diversified Fixed Income Allocation ETF","ETF"
"67075F105","DIAX","Nuveen Dow 30 Dynamic Overwrite Fund","Asset Management"
"320551104","DIBS","1Stdibs Com Inc","Internet Content & Information"
"23292E108","DIDIY","DiDi Global Inc","Software - Application"
"35473P207","DIEM","Franklin Emerging Market Core Dividend Tilt Index ETF","ETF"
"23405X209","DIFTY","Daito Trust Construction CoLtd","Real Estate - Diversified"
"74347G705","DIG","ProShares Ultra Energy","ETF"
"25434V765","DIHP","Dimensional International High Profitability ETF","ETF"
"97717W778","DIM","WisdomTree International MidCap Dividend Fund","ETF"
"254423106","DIN","Dine Brands Global Inc","Restaurants"
"403949100","DINO","HF Sinclair Corp","Oil & Gas Refining & Marketing"
"23908L405","DINT","Davis Select International ETF","ETF"
"254543101","DIOD","Diodes Inc","Semiconductors"
"88636J485","DIPS","YieldMax Short NVDA Option Income Strategy ETF","ETF"
"254687106","DIS","The Walt Disney Company","Entertainment"
"25470MAF6","DISHB","Amala Foods plc","Packaged Foods"
"88634T444","DISO","YieldMax DIS Option Income Strategy ETF","ETF"
"G9878M112","DISTW","Distoken Acquisition Corp","Shell Companies"
"25434V781","DISV","Dimensional International Small Cap Value ETF","ETF"
"02341Q205","DIT","AMCON Distributing Company","Food Distribution"
"37950E291","DIV","Global X SuperDividend US ETF","ETF"
"46435U861","DIVB","iShares Core Dividend ETF","ETF"
"02072L656","DIVD","Altrius Global Dividend ETF","ETF"
"46138G458","DIVG","Invesco S&P 500 High Dividend Growers ETF","ETF"
"35473P108","DIVI","Franklin International Core Dividend Tilt Index ETF","ETF"
"557441508","DIVL","Madison Dividend Value ETF","ETF"
"032108409","DIVO","Amplify CWP Enhanced Dividend Income ETF","ETF"
"00791R707","DIVP","Cullen Enhanced Equity Income ETF","ETF"
"402031835","DIVS","SmartETFs Dividend Builder ETF","ETF"
"886364793","DIVY","Tidal ETF Trust - Sound Equity Income ETF","ETF"
"210322731","DIVZ","Opal Dividend Income ETF","ETF"
"33740F631","DJAN","FT Vest US Equity Deep Buffer ETF - January","ETF"
"233912104","DJCO","Daily Journal Corp","Software - Application"
"46137V605","DJD","Invesco Dow Jones Industrial Average Dividend ETF","ETF"
"37960A859","DJIA","Global X Dow 30 Covered Call ETF","ETF"
"06738C778","DJP","iPath Bloomberg Commodity Index Total Return ETN","ETF"
"25400Q105","DJT","Trump Media & Technology Group Corp","Internet Content & Information"
"26923N314","DJTU","2X Long DJT Daily Target ETF","ETF"
"25400Q113","DJTWW","Trump Media & Technology Group Corp","Internet Content & Information"
"33740F698","DJUL","FT Vest US Equity Deep Buffer ETF - July","ETF"
"33740F714","DJUN","FT Vest US Equity Deep Buffer ETF - June","ETF"
"24665A103","DK","Delek US Holdings Inc","Oil & Gas Refining & Marketing"
"G2657S103","DKI","Darkiris Inc","Electronic Gaming & Multimedia"
"23381B106","DKILY","Daikin IndustriesLtd","Building Products & Equipment"
"24664T103","DKL","Delek Logistics Partners LP","Oil & Gas Refining & Marketing"
"26142R104","DKNG","DraftKings Inc","Gambling"
"26142RAB0","DKNG","DraftKings Inc","Gambling"
"26142V105","DKNG","DraftKings Inc","Gambling"
"253393102","DKS","Dicks Sporting Goods Inc","Specialty Retail"
"251561304","DLAKY","Deutsche Lufthansa AG","Airlines"
"25659T107","DLB","Dolby Laboratories Inc","Specialty Business Services"
"T3508H102","DLG","De'Longhi","Furnishings, Fixtures & Appliances"
"23335Q100","DLHC","DLH Holdings Corp","Specialty Business Services"
"23380Y107","DLICY","Dai-ichi Life Holdings Inc","Insurance - Life"
"38747R561","DLLL","GraniteShares 2x Long DELL Daily ETF","ETF"
"25675T107","DLMAF","Dollarama Inc","Discount Stores"
"97717W307","DLN","WisdomTree US LargeCap Dividend Fund","ETF"
"Y2188B108","DLNG","Dynagas LNG Partners LP","Oil & Gas Midstream"
"G29018101","DLO","DLocal Limited","Software - Infrastructure"
"25686H308","DLPN","Dolphin Entertainment Inc","Advertising Agencies"
"253868103","DLR","Digital Realty Trust Inc","REIT - Specialty"
"97717W760","DLS","WisdomTree International SmallCap Dividend Fund","ETF"
"26443V101","DLTH","Duluth Holdings Inc","Apparel Retail"
"256746108","DLTR","Dollar Tree Inc","Discount Stores"
"248019101","DLX","Deluxe Corp","Conglomerates"
"25862D105","DLY","DoubleLine Yield Opportunities Fund","Asset Management"
"25058X303","DM","Desktop Metal Inc","Specialty Industrial Machinery"
"25065A502","DMA","Destra Multi-Alternative Fund","Asset Management"
"G2847J104","DMAA","Drugs Made In America Acquisition Corp","Shell Companies"
"G2847J112","DMAAR","Drugs Made In America Acquisition Corp","Shell Companies"
"G2847J120","DMAAU","Drugs Made In America Acquisition Corp","Shell Companies"
"25253X207","DMAC","Diamedica Therapeutics Inc","Biotechnology"
"33740F615","DMAR","FT Vest US Equity Deep Buffer ETF - March","ETF"
"46438G471","DMAX","iShares Large Cap Max Buffer Dec ETF","ETF"
"33740F730","DMAY","FT Vest US Equity Deep Buffer ETF - May","ETF"
"09662W109","DMB","BNY Mellon Municipal Bond Infrastructure Fund Inc","Asset Management"
"25861R402","DMBS","Doubleline ETF Trust Mortgage","ETF"
"G36738105","DMC","Del Monte Corporation","Farm Products"
"00774Q148","DMCY","Democracy International Fund","ETF"
"05589T104","DMF","BNY Mellon Municipal Income","ETF"
"G2851K104","DMII","Drugs Made In America Acquisition II Corp","Shell Companies"
"G2851K112","DMIIR","Drugs Made In America Acquisition II Corp","Shell Companies"
"G2851K120","DMIIU","Drugs Made In America Acquisition II Corp","Shell Companies"
"805700101","DML1.MU","Sayona Mining Ltd","Other Industrial Metals & Mining"
"25820R105","DMLP","Dorchester Minerals","Oil & Gas E&P"
"235750106","DMNIF","Damon Inc","Recreational Vehicles"
"36322Q206","DMRA","Damora Therapeutics Inc","Biotechnology"
"25381B101","DMRC","Digimarc Corporation","Software - Application"
"25382K100","DMRC","Digimarc Corporation","Software - Application"
"24984K105","DMTKQ","Dermtech Inc",""
"25861R709","DMX","DoubleLine Multi-Sector Income ETF","ETF"
"46436E759","DMXF","iShares ESG Advanced MSCI EAFE Index ETF","ETF"
"233276104","DMYY","dMY Squared Technology Group","Shell Companies"
"233276203","DMYYU","dMY Squared Technology Group","Shell Companies"
"233276112","DMYYWS","dMY Squared Technology Group","Shell Companies"
"37611X209","DNA","Ginkgo Bioworks Holdings Inc","Biotechnology"
"37611X100","DNA.MX","Ginkgo Bioworks Holdings Inc","Biotechnology"
"26484T106","DNB","Dun & Bradstreet Holdings Inc","Consulting Services"
"23341C103","DNBBY","DNB Bank ASA","Banks - Regional"
"719156101","DNK","Phoenix Tree Holdings Ltd","Real Estate Services"
"236363206","DNKEY","Danske Bank A/S","Banks - Diversified"
"97717W844","DNL","WisdomTree Global ex-U.S. Quality Dividend Growth Fund","ETF"
"24823R105","DNLI","Denali Therapeutics Inc","Biotechnology"
"236272100","DNMR","Danimer Scientific Inc","Specialty Chemicals"
"G2949T109","DNMX","Dynamix Corporation III","Shell Companies"
"G2949T125","DNMXU","Dynamix Corporation III","Shell Companies"
"G2949T117","DNMXW","Dynamix Corporation III","Shell Companies"
"248356107","DNN","Denison Mines Corp","Uranium"
"68750L102","DNNGY","Ørsted A/S","Utilities - Renewable"
"33740F839","DNOV","FT Vest US Equity Deep Buffer ETF - November","ETF"
"67011P100","DNOW","DNOW Inc","Industrial Distribution"
"23325P104","DNP","DNP Select Income Fund Inc","Asset Management"
"233806306","DNPLY","Dai Nippon Printing Co Ltd","Conglomerates"
"252828108","DNTH","Dianthus Therapeutics Inc","Biotechnology"
"50101L106","DNUT","Krispy Kreme Inc","Grocery Stores"
"24872B100","DNZOY","DENSO Corporation","Auto Parts"
"25271C201","DO","Diamond Offshore Drilling Inc","Oil & Gas Drilling"
"42250P103","DOC","Healthpeak Properties Inc","REIT - Healthcare Facilities"
"25402D102","DOCN","DigitalOcean Holdings Inc","Software - Infrastructure"
"26622P107","DOCS","Doximity Inc","Health Information Services"
"33740F672","DOCT","FT Vest US Equity Deep Buffer ETF - October","ETF"
"256163106","DOCU","Docusign Inc","Software - Application"
"74347B235","DOG","ProShares Short Dow30","ETF"
"33738D846","DOGG","FT Vest DJIA Dogs 10 Target Income ETF","ETF"
"G2788T111","DOGZ","Dogness International Corp","Leisure"
"97717W794","DOL","WisdomTree International LargeCap Dividend Fund","ETF"
"G27907107","DOLE","Dole plc","Farm Products"
"008875304","DOMH","Dominari Holdings Inc","Capital Markets"
"257554105","DOMO","Domo Inc","Software - Application"
"97717W505","DON","WisdomTree US MidCap Dividend Fund","ETF"
"05577W200","DOO","Bombardier Recreational Products Inc","Recreational Vehicles"
"258278100","DORM","Dorman Products Inc","Auto Parts"
"25961D105","DOUG","Douglas Elliman Inc","Real Estate Services"
"260003108","DOV","Dover Corp","Specialty Industrial Machinery"
"260557103","DOW","Dow Inc","Chemicals"
"G02602103","DOX","Amdocs Ltd","Software - Infrastructure"
"25985W204","DOYU","DouYu International Holdings Limited","Internet Content & Information"
"G2R11M108","DPC","DPC Holdings PLC","Aerospace & Defense"
"26433C105","DPG","Duff & Phelps Utility and Infrastructure Fund Inc","Asset Management"
"25455X104","DPMAY","Diploma PLC","Industrial Distribution"
"26142Q304","DPRO","Draganfly Inc","Computer Hardware"
"25460G153","DPST","Direxion Daily Regional Banks Bull 3X Shares","ETF"
"G8923U103","DPU","DB Commodity Long ETN","Capital Markets"
"25754A201","DPZ","Dominos Pizza Inc","Restaurants"
"23703Q203","DQ","Daqo New Energy Corp","Semiconductor Equipment & Materials"
"69807K105","DQJCY","Pan Pacific International Holdings Corporation","Discount Stores"
"02072L243","DRAI","Draco Evolution AI ETF","ETF"
"77926X320","DRAM","Roundhill Memory ETF","ETF"
"G5853A107","DRAY","YieldMax DKNG Option Income Strategy ETF","ETF"
"25461T105","DRCT","Direct Digital Holdings Inc","Advertising Agencies"
"26152H301","DRD","Drdgold Limited","Gold"
"G7633M104","DRDB","Roman DBDR Acquisition Corp","Shell Companies"
"G7633M120","DRDBU","Roman DBDR Acquisition Corp","Shell Companies"
"G7633M112","DRDBW","Roman DBDR Acquisition Corp","Shell Companies"
"252784301","DRH","Diamondrock Hospitality Co","REIT - Hotel & Motel"
"237194105","DRI","Darden Restaurants Inc","Restaurants"
"23725P209","DRIO","Dariohealth Corp","Health Information Services"
"25460G328","DRIP","Direxion Daily S&P Oil & Gas Exp. & Prod. Bear 2X Shares","ETF"
"37954Y624","DRIV","Global X Autonomous & Electric Vehicles ETF","ETF"
"02072L722","DRLL","Strive US Energy ETF","ETF"
"249845405","DRMA","Dermata Therapeutics Inc","Biotechnology"
"249845116","DRMAW","Dermata Therapeutics Inc","Biotechnology"
"258268101","DRMKY","dormakaba Holding AG","Building Products & Equipment"
"25459W755","DRN","Direxion Daily Real Estate Bull 3X Shares","ETF"
"761562503","DRNZ","REX Drone ETF","ETF"
"23345V107","DRPRY","Dr Ing hc F Porsche AG","Auto Manufacturers"
"262037104","DRQ","Dril-Quip Inc","Oil & Gas Equipment & Services"
"266605500","DRRX","Durect Corp","Biotechnology"
"52661A108","DRS","Leonardo DRS Inc","Aerospace & Defense"
"26922A388","DRSK","Aptus Defined Risk ETF","ETF"
"M0740A108","DRTS","Alpha Tau Medical Ltd","Biotechnology"
"M0740A116","DRTSW","Alpha Tau Medical Ltd","Biotechnology"
"10919W405","DRUG","Bright Minds Biosciences Inc","Biotechnology"
"38747R603","DRUP","Graniteshares Nasdaq Select Disruptors ETF","ETF"
"25460G419","DRV","Direxion Daily Real Estate Bear 3X Shares","ETF"
"26210V102","DRVN","Driven Brands Holdings Inc","Auto & Truck Dealerships"
"G2616C108","DSAC","Daedalus Special Acquisition Corp","Shell Companies"
"G2616C124","DSACU","Daedalus Special Acquisition Corp","Shell Companies"
"G2616C116","DSACW","Daedalus Special Acquisition Corp","Shell Companies"
"25461D100","DSCSY","Disco Corporation","Semiconductor Equipment & Materials"
"26251A108","DSDVY","DSV A/S","Integrated Freight & Logistics"
"234064301","DSEEY","Daiwa Securities Group Inc","Capital Markets"
"33740F680","DSEP","FT Vest US Equity Deep Buffer ETF - September","ETF"
"23346J103","DSFIY","DSM Firmenich AG","Specialty Chemicals"
"25056L103","DSGN","Design Therapeutics Inc","Biotechnology"
"520776105","DSGR","Distribution Solutions Group Inc","Industrial Distribution"
"249906108","DSGX","The Descartes Systems Group Inc","Software - Application"
"464288570","DSI","iShares ESG MSCI KLD 400 ETF","ETF"
"258622109","DSL","Doubleline Income Solutions","Asset Management"
"09662E109","DSM","BNY Mellon Strategic Municipal Bond Fund Inc","Asset Management"
"26922B667","DSMC","Distillate Small/Mid Cash Flow ETF","ETF"
"23381D102","DSNKY","Daiichi Sankyo Company Limited","Drug Manufacturers - General"
"92557A101","DSP","Viant Technology Inc","Software - Application"
"26253C201","DSS","DSS Inc","Packaging & Containers"
"26922A321","DSTL","Distillate US Fundamental Stability & Value ETF","ETF"
"26922B501","DSTX","Distillate International Fundamental Stability & Value ETF","ETF"
"09255R202","DSU","BlackRock Debt Strategies Fund Inc","Asset Management"
"250639101","DSWL","Deswell Industries Inc","Electronic Components"
"Y2066G104","DSX","Diana Shipping Inc","Marine Shipping"
"G1263B108","DSY","Big Tree Cloud Holdings Limited","Household & Personal Products"
"S2192Y109","DSY.JO","Discovery Ltd",""
"F24571451","DSY.PA","Dassault Systemes SE",""
"G1263B116","DSYWW","Big Tree Cloud Holdings Limited","Household & Personal Products"
"268150109","DT","Dynatrace Inc","Software - Application"
"02072L219","DTAN","Sparkline International Intangible Value ETF","ETF"
"09661D102","DTCAX","BNY Mellon Sustainable US Equity Fund","ETF"
"G2677P105","DTCK","Davis Commodities Ltd","Farm Products"
"37954Y236","DTCR","Global X Data Center & Digital Infrastructure ETF","ETF"
"25161M103","DTCWY","Deutsche Wohnen SE","Real Estate Services"
"97717W109","DTD","WisdomTree US Total Dividend Fund","ETF"
"233331107","DTE","DTE Energy Company","Utilities - Regulated Electric"
"00162Q478","DTEC","ALPS Disruptive Technologies ETF","ETF"
"251566105","DTEGY","Deutsche Telekom Ag Sponsored Ads","Telecom Services"
"23334J107","DTF","DTF Tax-Free Income 2028 Term Fund","Asset Management"
"97717W802","DTH","WisdomTree International High Dividend","ETF"
"26205E107","DTI","Drilling Tools International Corp","Oil & Gas Equipment & Services"
"74019P207","DTIL","Precision Biosciences Inc","Biotechnology"
"23345M107","DTM","DT Midstream Inc","Oil & Gas Midstream"
"33736N101","DTRE","First Trust Alerian Disruptive Technology Real Estate ETF","ETF"
"23384L101","DTRUY","Daimler Truck Holding AG","Farm & Heavy Construction Machinery"
"G2853N106","DTSQ","DT Cloud Star Acquisition Corporation","Shell Companies"
"G2853N114","DTSQR","DT Cloud Star Acquisition Corporation","Shell Companies"
"G2853N122","DTSQU","DT Cloud Star Acquisition Corporation","Shell Companies"
"238116305","DTSS","Datasea Inc","Software - Infrastructure"
"23786R201","DTST","Data Storage Corp","Information Technology Services"
"23786R110","DTSTW","Data Storage Corporation","Information Technology Services"
"26922B535","DUBS","Aptus Large Cap Enhanced Yield ETF","ETF"
"26431Q114","DUET","Duet Acquisition Corp","Shell Companies"
"26433T108","DUFRY","Avolta AG","Specialty Retail"
"74347G176","DUG","ProShares UltraShort Energy ETF","ETF"
"25434V831","DUHP","Dimensional US High Profitability ETF","ETF"
"26441C204","DUK","Duke Energy Corp","Utilities - Regulated Electric"
"26441CBY0","DUK","Duke Energy Corp","Utilities - Regulated Electric"
"66538J332","DUKQ","Ocean Park Domestic ETF","ETF"
"66538J324","DUKX","Ocean Park International ETF","ETF"
"66538J282","DUKZ","Ocean Park Diversified Income ETF","ETF"
"063679518","DULL","MicroSectors Gold -3X Inverse Leveraged ETN","ETF"
"30712L307","DUO","Fangdd Network Group Ltd","Real Estate Services"
"26603R106","DUOL","Duolingo Inc","Software - Application"
"266042407","DUOT","Duos Technologies Group Inc","Software - Application"
"92189H102","DURA","VanEck Durable High Dividend ETF","ETF"
"23908L207","DUSA","Davis Select US Equity ETF","ETF"
"25434V591","DUSB","Dimensional UltraShort Fixed Income ETF","ETF"
"25460E737","DUSL","Direxion Daily Industrials Bull 3X Shares","ETF"
"25460G880","DUST","Direxion Daily Gold Miners Index Bear 2X Shares","ETF"
"25461A189","DUST","Direxion Daily Gold Miners Index Bear 2X Shares","ETF"
"25461A478","DUST","Direxion Daily Gold Miners Index Bear 2X Shares","ETF"
"25862V105","DV","DoubleVerify Holdings Inc","Advertising Agencies"
"23918K108","DVA","Davita Inc","Medical Care Facilities"
"35473P462","DVAL","BrandywineGLOBAL Dynamic US Large Cap Value ETF","ETF"
"268158201","DVAX","Dynavax Technologies Corp","Biotechnology"
"23857X103","DVCMY","Davide Campari-Milano","Beverages - Wineries & Distilleries"
"86633R609","DVLT","Datavault AI Inc","Software - Infrastructure"
"33741L207","DVLU","First Trust Dorsey Wright Momentum & Value ETF","ETF"
"25179M103","DVN","Devon Energy Corporation","Oil & Gas E&P"
"33741L108","DVOL","First Trust Dorsey Wright Momentum & Low Volatility ETF","ETF"
"256827783","DVS","Dolly Varden Silver Corp","Silver"
"464287168","DVY","iShares Select Dividend ETF","ETF"
"464286293","DVYA","iShares Asia/Pacific Dividend ETF","ETF"
"464286319","DVYE","iShares Emerging Markets Dividend ETF","ETF"
"234062206","DWAHY","Daiwa House Industry","Real Estate - Development"
"46138E842","DWAS","Invesco DWA SmallCap Momentum ETF","ETF"
"00768Y479","DWAW","AdvisorShares Dorsey Wright FSM All Cap World ETF","ETF"
"042765685","DWCR","Arrow DWA Tactical: International ETF","ETF"
"23908L306","DWLD","Davis Select Worldwide ETF","ETF"
"97717W703","DWM","WisdomTree International Equity Fund","ETF"
"97717Y774","DWMF","WisdomTree International Multifactor Fund","ETF"
"00768Y529","DWSH","AdvisorShares Dorsey Wright Short ETF","ETF"
"239360100","DWSN","Dawson Geophysical Company","Oil & Gas Equipment & Services"
"92829J203","DWTX","Dogwood Therapeutics Inc","Biotechnology"
"00768Y487","DWUS","AdvisorShares Dorsey Wright FSM US Core ETF","ETF"
"78463X772","DWX","SPDR S&P International Dividend ETF","ETF"
"26817Q886","DX","Dynex Capital Inc","REIT - Mortgage"
"23355L106","DXC","DXC Technology Company","Information Technology Services"
"252131107","DXCM","Dexcom Inc","Medical Devices"
"252131AK3","DXCM","Dexcom Inc","Medical Devices"
"252131AM9","DXCM","Dexcom Inc","Medical Devices"
"74347B276","DXD","ProShares UltraShort Dow30","ETF"
"74347G374","DXD","ProShares UltraShort Dow30","ETF"
"26605Q304","DXF","Eason Technology Limited","Credit Services"
"25434V542","DXIV","Dimensional International Vector Equity ETF","ETF"
"97717W851","DXJ","WisdomTree Japan Hedged Equity Fund","ETF"
"25065K104","DXLG","Destination XL Group Inc","Apparel Retail"
"233377407","DXPE","DXP Enterprises Inc","Industrial Distribution"
"239467103","DXR","Daxor Corp","Medical Instruments & Supplies"
"G2748R106","DXST","Decent Holding Inc","Waste Management"
"25434V559","DXUV","Dimensional US Vector Equity ETF","ETF"
"255519100","DXYN","Dixie Group Inc","Textile Manufacturing"
"25063F107","DXYZ","Destiny Tech100 Inc","Asset Management"
"267475101","DY","Dycom Industries Inc","Engineering & Construction"
"26745T101","DYAI","Dyadic International Inc","Biotechnology"
"26923N660","DYFI","IDX Dynamic Fixed Income ETF","ETF"
"90214Q675","DYLD","LeaderShares Dynamic Yield ETF","ETF"
"37960A511","DYLG","Global X Dow 30 Covered Call & Growth ETF","ETF"
"26818M108","DYN","Dyne Therapeutics Inc","Biotechnology"
"G2949D104","DYNC","Dynamix Corporation","Shell Companies"
"G2949D120","DYNCU","Dynamix Units","Shell Companies"
"G2949D112","DYNCW","Dynamix Corporation","Shell Companies"
"09290C103","DYNF","iShares US Equity Factor Rotation Active ETF","ETF"
"26923N678","DYNI","IDX Dynamic Innovation ETF","ETF"
"G4814G105","DYOR","Insight Digital Partners II","Shell Companies"
"G4814G113","DYORW","Insight Digital Partners II","Shell Companies"
"74933W577","DYTA","SGI Dynamic Tactical ETF","ETF"
"268211109","DZSIQ","DZS Inc",""
"25154H756","DZZ","DB Gold Double Short ETN","ETF"
"26874R108","E","Eni S.p.A.","Oil & Gas Integrated"
"285512109","EA","Electronic Arts Inc","Electronic Gaming & Multimedia"
"94987B105","EAD","Allspring Income Opportunities Fund","Asset Management"
"009279100","EADSY","Airbus SE","Aerospace & Defense"
"384313607","EAF","GrafTech International Ltd","Electrical Equipment & Parts"
"384313508","EAF.MX","GRAFTECH INTL LTD",""
"46435U549","EAGG","iShares ESG US Aggregate Bond ETF","ETF"
"88339Y102","EAGL","Eagle Capital Select Equity ETF","ETF"
"Y2187A150","EAGLE","Eagle Filters Group Oyj","Specialty Industrial Machinery"
"45783Y475","EALT","Innovator US Equity 5 To 15 Buffer ETF - Quarterly","ETF"
"46436E668","EAOA","iShares ESG Aware 80/20 Aggressive Allocation ETF","ETF"
"46436E692","EAOK","iShares ESG Aware 30/70 Conservative Allocation ETF","ETF"
"46436E684","EAOM","iShares ESG Aware 40/60 Moderate Allocation ETF","ETF"
"46436E676","EAOR","iShares ESG Aware 60/40 Balanced Allocation ETF","ETF"
"45782C359","EAPR","Innovator Emerging Markets Power Buffer ETF - April","ETF"
"288578107","EARN","Ellington Credit Company","Asset Management"
"37960A867","EART","Global X Rare Earth & Critical Materials ETF","ETF"
"233051218","EASG","Xtrackers MSCI EAFE Selection Equity ETF","ETF"
"109641100","EAT","Brinker International Inc","Restaurants"
"00770X261","EATV","VegTech Food Innovation & Climate ETF","ETF"
"00768Y388","EATZ","AdvisorShares Restaurant ETF","ETF"
"29975E109","EB","Eventbrite Inc","Entertainment"
"278642103","EBAY","eBay Inc","Internet Retail"
"27627N105","EBC","Eastern Bankshares Inc","Banks - Regional"
"278614201","EBCOY","Ebara Corporation","Specialty Industrial Machinery"
"293389102","EBF","Ennis Inc","Business Equipment & Supplies"
"75526L852","EBI","Longview Advantage ETF","ETF"
"41151J786","EBIT","Harbor AlphaEdge Small Cap Earners ETF","ETF"
"37954Y467","EBIZ","Global X E-commerce ETF","ETF"
"296036304","EBKDY","Erste Group Bank AG","Banks - Regional"
"26942G100","EBMT","Eagle Bancorp Mont Inc","Banks - Regional"
"78464A391","EBND","SPDR Bloomberg Emerging Markets Local Bond ETF","ETF"
"G3R33A205","EBON","Ebang International Holdings Inc","Computer Hardware"
"G3R33A106","EBON.MX","Ebang International Holdings Inc","Computer Hardware"
"29089Q105","EBS","Emergent Biosolutions Inc","Drug Manufacturers - Specialty & Generic"
"293668109","EBTC","Enterprise Bancorp Inc","Banks - Regional"
"45783Y210","EBUF","Innovator Emerging Markets 10 Buffer ETF - Quarterly","ETF"
"279158109","EC","Ecopetrol S A","Oil & Gas Integrated"
"09262F100","ECAT","BlackRock ESG Capital Allocation Term Trust","Asset Management"
"26828M106","ECBK","ECB Bancorp Inc","Banks - Regional"
"269808101","ECC","Eagle Point Credit Company Inc","Asset Management"
"27877D104","ECDA","Ecd Automotive Design Inc","Auto Manufacturers"
"27877D112","ECDAW","Ecd Automotive Design Inc","Auto Manufacturers"
"289074106","ECF","Ellsworth Growth And Income","Asset Management"
"300426103","ECG","Everus Construction Group","Engineering & Construction"
"464286640","ECH","iShares MSCI Chile ETF","ETF"
"278768106","ECHO","EchoStar Corporation","Telecom Services"
"278768AB2","ECHO","EchoStar Corporation","Telecom Services"
"278865100","ECL","Ecolab Inc","Specialty Chemicals"
"02072L466","ECML","Euclidean Fundamental Value ETF","ETF"
"46429B200","ECNS","iShares MSCI China Small-Cap ETF","ETF"
"Y64177101","ECO","Okeanis Eco Tankers Corp","Marine Shipping"
"19762B509","ECON","Columbia Research Enhanced Emerging Economies ETF","ETF"
"28531P202","ECOR","electroCore Inc","Medical Devices"
"69374H865","ECOW","Pacer Emerging Markets Cash Cows 100 ETF","ETF"
"M3798N105","ECP.TA","Electra Consumer Products 1970",""
"292554102","ECPG","Encore Capital Group Inc","Credit Services"
"26827L109","ECTM","ECA Marcellus Trust I","Oil & Gas Integrated"
"27923Q109","ECVT","Ecovyst Inc","Specialty Chemicals"
"G29201103","ECX","ECARX Holdings Inc","Auto Parts"
"G29201111","ECXWW","ECARX Holdings Inc","Auto Parts"
"209115104","ED","Consolidated Edison Inc","Utilities - Regulated Electric"
"28059P402","EDBL","Edible Garden AG Incorporated","Farm Products"
"28059P113","EDBLW","Edible Garden AG Incorporated","Farm Products"
"25490K281","EDC","Direxion Daily MSCI Emerging Markets Bull 3X Shares","ETF"
"617477104","EDD","Morgan Stanley Emerging Markets Domestic Debt Fund Inc","Asset Management"
"46429B523","EDEN","iShares MSCI Denmark ETF","ETF"
"86164T107","EDF","Virtus Stone Harbor Emerging Markets Income Fund","Asset Management"
"00791R830","EDGF","3EDGE Dynamic Fixed Income ETF","ETF"
"00791R822","EDGH","3EDGE Dynamic Hard Assets ETF","ETF"
"00791R814","EDGI","3EDGE Dynamic International Equity ETF","ETF"
"00791R798","EDGU","3EDGE Dynamic US Equity ETF","ETF"
"G32212105","EDHL","Everbright Digital Holding Limited","Advertising Agencies"
"28106W103","EDIT","Editas Medicine Inc","Biotechnology"
"78463X533","EDIV","SPDR S&P Emerging Markets Dividend ETF","ETF"
"29244A102","EDN","Empresa Distribuidora y Comercializadora Norte Sociedad Anónima","Utilities - Regulated Electric"
"279655104","EDNMY","Edenred SE","Credit Services"
"00162Q668","EDOG","ALPS Emerging Sector Dividend Dogs ETF","ETF"
"33733A201","EDOW","First Trust Dow 30 Equal Weight ETF","ETF"
"268353109","EDPFY","EDP - Energias de Portugal SA","Utilities - Diversified"
"29260Y109","EDR","Endeavor Group Holdings Inc","Entertainment"
"Y23508107","EDRY","Eurodry Ltd","Marine Shipping"
"27966L306","EDSA","Edesa Biotech Inc","Biotechnology"
"G8211A108","EDTK","Skillful Craftsman Education Technology Limited","Education & Training Services"
"647581107","EDU","New Oriental Education & Technology","Education & Training Services"
"647581206","EDU","New Oriental Education & Technology","Education & Training Services"
"281479105","EDUC","Educational Development Corporation","Publishing"
"921910709","EDV","Vanguard Extended Duration Treasury Index Fund ETF","ETF"
"25460E547","EDZ","Direxion Daily MSCI Emerging Markets Bear 3X Shares","ETF"
"30069T101","EE","Excelerate Energy Inc","Oil & Gas Midstream"
"298768102","EEA","The European Equity Fund Inc","Asset Management"
"298736109","EEFT","Euronet Worldwide Inc","Software - Infrastructure"
"G3104J100","EEIQ","EpicQuest Education Group International Limited","Education & Training Services"
"46138E297","EELV","Invesco S&P Emerging Markets Low Volatility ETF","ETF"
"464287234","EEM","iShares MSCI Emerging Markets ETF","ETF"
"464286426","EEMA","iShares MSCI Emerging Markets Asia ETF","ETF"
"46138E289","EEMO","Invesco S&P Emerging Markets Momentum ETF","ETF"
"464286475","EEMS","iShares MSCI Emerging Markets Small-Cap ETF","ETF"
"464286533","EEMV","iShares MSCI Emerging Markets Min Vol Factor ETF","ETF"
"78470E205","EEMX","SPDR MSCI Emerging Markets Fossil Fuel Reserves Free ETF","ETF"
"97717W562","EES","WisdomTree US SmallCap Earnings Fund","ETF"
"74347X302","EET","ProShares Ultra MSCI Emerging Markets","ETF"
"74349Y100","EETH","ProShares Ether ETF","ETF"
"74347B284","EEV","ProShares UltraShort MSCI Emerging Markets","ETF"
"29103W104","EEX","Emerald Holding Inc","Advertising Agencies"
"464287465","EFA","iShares MSCI EAFE ETF","ETF"
"46090A713","EFAA","Invesco MSCI EAFE Income Advantage ETF","ETF"
"74347B839","EFAD","ProShares MSCI EAFE Dividend Growers ETF","ETF"
"37954Y699","EFAS","Global X MSCI SuperDividend EAFE ETF","ETF"
"46429B689","EFAV","iShares MSCI EAFE Min Vol Factor ETF","ETF"
"78470E106","EFAX","SPDR MSCI EAFE Fossil Fuel Reserves Free ETF","ETF"
"28852N109","EFC","Ellington Financial Inc","REIT - Mortgage"
"41151J737","EFFE","Harbor Osmosis Emerging Markets Resource Efficient ETF","ETF"
"41151J729","EFFI","Harbor Osmosis International Resource Efficient ETF","ETF"
"464288885","EFG","iShares MSCI EAFE Growth ETF","ETF"
"78468R531","EFIV","SPDR S&P 500 ESG ETF","ETF"
"33740U604","EFIX","First Trust TCW Emerging Markets Debt ETF","ETF"
"46429B515","EFNL","iShares MSCI Finland ETF","ETF"
"74347X500","EFO","ProShares Ultra MSCI EAFE","ETF"
"29268T508","EFOI","Energy Focus Inc","Furnishings, Fixtures & Appliances"
"00191U102","EFOR","Everforth Inc","Information Technology Services"
"27828Q105","EFR","Eaton Vance Senior Floating-Rate Trust","Asset Management"
"46436E254","EFRA","iShares Environmental Infrastructure and Industrials ETF","ETF"
"293712105","EFSC","Enterprise Financial Services Corp","Banks - Regional"
"26951R104","EFSI","Eagle Financial Services Inc","Banks - Regional"
"278279104","EFT","Eaton Vance Floating-Rate Income Trust","Asset Management"
"74349Y738","EFU","ProShares UltraShort MSCI EAFE","ETF"
"464288877","EFV","iShares MSCI EAFE Value ETF","ETF"
"294429105","EFX","Equifax Inc","Consulting Services"
"29269R105","EFXT","Enerflex Ltd","Oil & Gas Equipment & Services"
"74347R370","EFZ","ProShares Short MSCI EAFE","ETF"
"G3223R108","EG","Everest Group Ltd","Insurance - Reinsurance"
"28225C806","EGAN","Egain Corp","Software - Application"
"268948106","EGBN","Eagle Bancorp Inc","Banks - Regional"
"29873D104","EGFEY","Eurobank Ergasias Services and Holdings SA","Banks - Diversified"
"45259A696","EGGQ","NestYield Visionary ETF","ETF"
"45259A795","EGGS","NestYield Total Return Guard ETF","ETF"
"45259A787","EGGY","NestYield Dynamic Income ETF","ETF"
"G2946P100","EGHA","EGH Acquisition Corp","Shell Companies"
"G2946P118","EGHAR","EGH Acquisition Corp","Shell Companies"
"282914100","EGHT","8X8 Inc","Software - Application"
"29286U107","EGIEY","Engie Brasil Energia SA","Utilities - Renewable"
"284902509","EGO","Eldorado Gold Corp","Gold"
"277276101","EGP","Eastgroup Properties Inc","REIT - Industrial"
"G3312W109","EGRVF","Evergreen Corporation","Shell Companies"
"269796108","EGRX","Eagle Pharmaceuticals Inc","Drug Manufacturers - Specialty & Generic"
"46436E239","EGUS","iShares ESG Aware MSCI USA Growth ETF","ETF"
"91851C201","EGY","Vaalco Energy Inc","Oil & Gas E&P"
"26853E102","EH","EHang Holdings Limited","Aerospace & Defense"
"29332G102","EHAB","Enhabit Inc","Medical Care Facilities"
"29261A100","EHC","Encompass Health Corp","Medical Care Facilities"
"G3121H103","EHGO","Eshallgo Inc","Business Equipment & Supplies"
"95766B109","EHI","Western Asset Global High Income Fund Inc","Asset Management"
"Y234DY109","EHLD","Euroholdings Ltd","Marine Shipping"
"28238P109","EHTH","eHealth Inc","Insurance Brokers"
"269817102","EIC","Eagle Point Income","Asset Management"
"46429B309","EIDO","iShares MSCI Indonesia ETF","ETF"
"292218104","EIG","Employers Holdings Inc","Insurance - Specialty"
"282564103","EIKN","Eikon Therapeutics Inc","Biotechnology"
"27827X101","EIM","Eaton Vance Municipal Bond Fund","Asset Management"
"92189H870","EINC","VanEck Energy Income ETF","ETF"
"33740F276","EIPI","FT Energy Income Partners Enhanced Income ETF","ETF"
"33739Q804","EIPX","FT Energy Income Partners Strategy ETF","ETF"
"46429B507","EIRL","iShares MSCI Ireland ETF","ETF"
"464286632","EIS","iShares MSCI Israel ETF","ETF"
"281020107","EIX","Edison International","Utilities - Regulated Electric"
"45782C516","EJAN","Innovator Emerging Markets Power Buffer ETF - January","ETF"
"273202101","EJPRY","East Japan Railway Company","Railroads"
"45782C714","EJUL","Innovator Emerging Markets Power Buffer ETF - July","ETF"
"33719L106","EKG","First Trust Nasdaq Lux Digital Health Solutions ETF","ETF"
"518439104","EL","The Estée Lauder Companies Inc","Household & Personal Products"
"29402E102","ELA","Envela Corp","Luxury Goods"
"73017P201","ELAB","PMGC Holdings Inc","Biotechnology"
"28414H103","ELAN","Elanco Animal Health Incorporated","Drug Manufacturers - Specialty & Generic"
"28474P706","ELBM","Electra Battery Materials Corporation","Other Industrial Metals & Mining"
"86280R811","ELCV","Eventide High Dividend ETF","ETF"
"97717X867","ELD","WisdomTree Emerging Markets Local Debt Fund","ETF"
"28617K101","ELDN","Eledon Pharmaceuticals Inc","Biotechnology"
"28620K106","ELE","Elemental Royalty Corporation","Other Precious Metals & Mining"
"28623U101","ELEV","Elevation Oncology Inc","Biotechnology"
"29258N206","ELEZY","Endesa SA","Utilities - Regulated Electric"
"26856L103","ELF","e.l.f. Beauty Inc","Household & Personal Products"
"00162Q338","ELFY","ALPS Electrification Infrastructure ETF","ETF"
"25461A312","ELIL","Direxion Daily LLY Bull 2X Shares","ETF"
"285046116","ELIWQ","Electriq Power Holdings Inc",""
"81752T429","ELM","Elm Market Navigator ETF","ETF"
"285409108","ELMD","Electromed Inc","Medical Devices"
"939653101","ELME","Elme Communities","REIT - Residential"
"28489L104","ELMSQ","Electric Last Mile Solutions Inc","Auto Manufacturers"
"289395105","ELMT","The Elmet Group Co","Aerospace & Defense"
"45259A654","ELON","Battleshares TSLA vs F ETF","ETF"
"20441B605","ELP","Companhia Paranaense de Energia","Utilities - Regulated Electric"
"20441B704","ELPC","Companhia Paranaense de Energia","Utilities - Regulated Electric"
"G3016G103","ELPW","Elong Power Holding Ltd","Electrical Equipment & Parts"
"46436E437","ELQD","iShares ESG Advanced Investment Grade Corporate Bond ETF","ETF"
"29472R108","ELS","Equity LifeStyle Properties Inc","REIT - Residential"
"285233102","ELSE","Electro-Sensors Inc","Scientific & Technical Instruments"
"M40184208","ELTK","Eltek Ltd","Electronic Components"
"28657F103","ELTX","Elicio Therapeutics Inc","Biotechnology"
"05479K106","ELUT","Elutia Inc","Medical Devices"
"010198208","ELUXY","AB Electrolux","Furnishings, Fixtures & Appliances"
"036752103","ELV","Elevance Health Inc","Healthcare Plans"
"28617B606","ELVA","Electrovaya Inc","Electrical Equipment & Parts"
"29337E102","ELVN","Enliven Therapeutics Inc","Biotechnology"
"28417M109","ELWT","Elauwit Connection Inc","Telecom Services"
"83193E102","EM","Smart Share Global Ltd","Personal Services"
"290876101","EMA","Emera Inc","Utilities - Regulated Electric"
"464288281","EMB","iShares J.P. Morgan USD Emerging Markets Bond ETF","ETF"
"29082K105","EMBC","Embecta Corp","Medical Instruments & Supplies"
"37954Y350","EMBD","Global X Emerging Markets Bond ETF","ETF"
"29082A107","EMBJ","Embraer SA","Aerospace & Defense"
"92107P772","EMBX","VanEck Emerging Markets Bond ETF","ETF"
"37960A644","EMC","Global X Emerging Markets Great Consumer ETF","ETF"
"97717X784","EMCB","WisdomTree Emerging Markets Corporate Bond Fund","ETF"
"G3034H109","EMCGF","Embrace Change Acquisition Corp","Shell Companies"
"233051192","EMCR","Xtrackers Emerging Markets Carbon Reduction and Climate Improvers ETF","ETF"
"G3034H141","EMCRF","Embrace Change Acquisition Corp","Shell Companies"
"233051226","EMCS","Xtrackers MSCI Emerging Markets Climate Selection ETF","ETF"
"G3034H125","EMCWF","Embrace Change Acquisition Corp","Shell Companies"
"95766A101","EMD","Western Asset Emerging Markets Debt Fund Inc","Asset Management"
"33734X754","EMDM","First Trust Bloomberg Emerging Market Democracies ETF","ETF"
"74347B847","EMDV","ProShares MSCI Emerging Markets Dividend Growers ETF","ETF"
"29084Q100","EME","Emcor Group Inc","Engineering & Construction"
"555927508","EMEQ","Macquarie Focused Emerging Markets Equity ETF","ETF"
"92189Y204","EMET","VanEck ETF Trust - VanEck Copper And Green Metals ETF","ETF"
"880191101","EMF","Templeton Emerging Markets Fund","Asset Management"
"46434G889","EMGF","iShares Emerging Markets Equity Factor ETF","ETF"
"78468R515","EMHC","SPDR Bloomberg Emerging Markets USD Bond ETF","ETF"
"464286285","EMHY","iShares J.P. Morgan EM High Yield Bond ETF","ETF"
"464288216","EMIF","iShares Emerging Markets Infrastructure ETF","ETF"
"G3037D105","EMIS","Emmis Acquisition Corp","Shell Companies"
"G3037D113","EMISR","Emmis Acquisition Corp","Shell Companies"
"G3037D121","EMISU","Emmis Acquisition Corp","Shell Companies"
"290846401","EMKR","Emcore Corp","Electronic Components"
"52110K301","EMKT","Lazard Emerging Markets Opportunities ETF","ETF"
"276317104","EML","Eastern Co","Tools & Accessories"
"92189H300","EMLC","VanEck J.P. Morgan EM Local Currency Bond ETF","ETF"
"33738D101","EMLP","First Trust North American Energy Infrastructure Fund","ETF"
"37960A636","EMM","Global X Emerging Markets ex-China ETF","ETF"
"97717Y782","EMMF","WisdomTree Emerging Markets Multifactor Fund","ETF"
"277432100","EMN","Eastman Chemical","Specialty Chemicals"
"72201R643","EMNT","PIMCO Enhanced Short Maturity Active ESG ETF","ETF"
"18469P209","EMO","ClearBridge Energy Midstream Opportunity Fund Inc","Asset Management"
"33738R613","EMOT","First Trust S&P 500 Economic Moat ETF","ETF"
"92864V608","EMPD","Empery Digital Inc","Auto Manufacturers"
"301505889","EMQQ","EMQQ The Emerging Markets Internet ETF","ETF"
"291011104","EMR","Emerson Electric Inc","Specialty Industrial Machinery"
"577130628","EMSF","Matthews Emerging Markets Sustainable Future Active ETF","ETF"
"78470P309","EMTL","SPDR DoubleLine Emerging Markets Fixed Income ETF","ETF"
"74347B367","EMTY","ProShares Decline of the Retail Store ETF","ETF"
"26873J107","EMX","Emx Royalty Corp","Gold"
"46434G764","EMXC","iShares MSCI Emerging Markets ex China ETF","ETF"
"46436E742","EMXF","iShares ESG Advanced MSCI EM ETF","ETF"
"29250N105","ENB","Enbridge Inc","Oil & Gas Midstream"
"292812104","ENFN","Enfusion Inc","Software - Application"
"00162Q676","ENFR","Alerian Energy Infrastructure ETF","ETF"
"16943W204","ENFY","Enlightify Inc","Agricultural Inputs"
"293306205","ENGCQ","Englobal Corp","Engineering & Construction"
"29248L104","ENGGY","Enagás SA","Utilities - Regulated Gas"
"29286D105","ENGIY","Engie","Utilities - Diversified"
"29286M105","ENGN","Engene Holdings Inc","Biotechnology"
"29286M113","ENGNW","Engene Holdings Inc","Biotechnology"
"G3040B104","ENGS","Energys Group Ltd","Waste Management"
"G04819101","ENHA","Enhanced Group Inc","Packaged Foods"
"29278D105","ENIC","Enel Chile S.A.","Utilities - Regulated Electric"
"29265W207","ENLAY","Enel SpA","Utilities - Diversified"
"29336T100","ENLC","Enlink Midstream","Oil & Gas Midstream"
"M4056D110","ENLT","Enlight Renewable Energy Ltd","Utilities - Renewable"
"M4130Y106","ENLV","Enlivex Therapeutics Ltd","Biotechnology"
"686588104","ENO","Entergy Utility Group Inc 1ST MTG BD 66","Utilities - Regulated Electric"
"46429B499","ENOR","iShares MSCI Norway ETF","ETF"
"194014502","ENOV","Enovis Corporation","Medical Devices"
"194014AB2","ENOV","Enovis Corporation","Medical Devices"
"29355A107","ENPH","Enphase Energy Inc","Solar"
"29355AAK3","ENPH","Enphase Energy Inc","Solar"
"29272W109","ENR","Energizer Holdings Inc","Electrical Equipment & Parts"
"29275Y102","ENS","Enersys","Electrical Equipment & Parts"
"293602504","ENSC","Ensysce Biosciences Inc","Biotechnology"
"29358P101","ENSG","Ensign Group Inc","Medical Care Facilities"
"29358Y201","ENSV","Enservco Corp","Oil & Gas Equipment & Services"
"29251M106","ENTA","Enanta Pharmaceuticals Inc","Biotechnology"
"29362U104","ENTG","Entegris Inc","Semiconductor Equipment & Materials"
"M40527109","ENTX","Entera Bio Ltd","Biotechnology"
"29357K103","ENVA","Enova International Inc","Credit Services"
"29405E406","ENVB","Enveric Biosciences Inc","Biotechnology"
"293594107","ENVX","Enovix Corporation","Electrical Equipment & Parts"
"293594AD9","ENVX","Enovix Corporation","Electrical Equipment & Parts"
"294100102","ENZB","Enzo Biochem Inc","Diagnostics & Research"
"464289123","ENZL","iShares MSCI New Zealand ETF","ETF"
"45782C623","EOCT","Innovator Emerging Markets Power Buffer ETF - October","ETF"
"94987C103","EOD","Allspring Global Dividend Opportunity Fund","Asset Management"
"26875P101","EOG","EOG Resources Inc","Oil & Gas E&P"
"278274105","EOI","Eaton Vance Enhanced Equity Income Fund","Asset Management"
"30052C107","EOLS","Evolus Inc","Drug Manufacturers - Specialty & Generic"
"268780103","EONGY","EON SE","Utilities - Diversified"
"40472A102","EONR","Eon Resources Inc","Oil & Gas E&P"
"40472A128","EONRWS","Eon Resources Inc","Oil & Gas E&P"
"278277108","EOS","Eaton Vance Enhanced Equity Income Fund II","Asset Management"
"29415C101","EOSE","Eos Energy Enterprises Inc","Electrical Equipment & Parts"
"29415C119","EOSEW","Eos Energy Enterprises Inc","Electrical Equipment & Parts"
"27829L105","EOT","Eaton Vance National Municipal Opportunities Trust","Asset Management"
"292034303","EP","Empire Pete Corp","Oil & Gas E&P"
"292765104","EPAC","Enerpac Tool Group Corp","Specialty Industrial Machinery"
"29414B104","EPAM","EPAM Systems","Information Technology Services"
"28035Q102","EPC","Edgewell Personal Care Company","Household & Personal Products"
"293792107","EPD","Enterprise Products Partners LP","Oil & Gas Midstream"
"46429B408","EPHE","iShares MSCI Philippines ETF","ETF"
"97717W422","EPI","WisdomTree India Earnings Fund","ETF"
"29429L105","EPIA","Epiroc AB","Farm & Heavy Construction Machinery"
"29668H708","EPIX","Essa Pharma Inc","Biotechnology"
"30049A107","EPM","Evolution Pete Corp","Oil & Gas E&P"
"29429L402","EPOAY","Epiroc Aktiebolag","Farm & Heavy Construction Machinery"
"46429B606","EPOL","iShares MSCI Poland ETF","ETF"
"G3932F106","EPOW","Sunrise New Energy Co Ltd","Electrical Equipment & Parts"
"464286665","EPP","iShares MSCI Pacific ex Japan ETF","ETF"
"283678209","EPPC","El Paso Energy Capital Trust I","Oil & Gas Midstream"
"26884U109","EPR","EPR Properties","REIT - Specialty"
"45783Y822","EPRF","Innovator S&P Investment Grade Preferred ETF","ETF"
"213637223","EPROB","Electrolux Professional AB Ser","Furnishings, Fixtures & Appliances"
"26884U208","EPRPC","EPR Properties","REIT - Specialty"
"26884U307","EPRPE","EPR Properties","REIT - Specialty"
"29670E107","EPRT","Essential Properties Realty Trust Inc","REIT - Retail"
"29842P105","EPRX","Eupraxia Pharmaceuticals Inc","Biotechnology"
"97717W588","EPS","WisdomTree US LargeCap Fund","ETF"
"G3090S106","EPSM","Epsium Enterprise Ltd","Beverages - Wineries & Distilleries"
"294375209","EPSN","Epsilon Energy Ltd","Oil & Gas E&P"
"464289842","EPU","iShares MSCI Peru ETF","ETF"
"74349Y720","EPV","ProShares UltraShort FTSE Europe","ETF"
"G30905106","EPWK","Epwk Holdings Ltd","Software - Application"
"29446K106","EQ","Equillium Inc","Biotechnology"
"46138E420","EQAL","Invesco Russell 1000 Equal Weight ETF","ETF"
"29460X109","EQBK","Equity Bancshares Inc","Banks - Regional"
"294628102","EQC","Equity Commonwealth","REIT - Office"
"29452E101","EQH","Equitable Holdings Inc","Asset Management"
"26886A119","EQHAW","EQ Health Acquisition Corp",""
"19761L854","EQIN","Columbia US Equity Income ETF","ETF"
"29444U700","EQIX","Equinix Inc","REIT - Specialty"
"00162Q205","EQL","ALPS Equal Sector Weight ETF","ETF"
"46438G109","EQLT","iShares MSCI Emerging Markets Quality Factor ETF","ETF"
"29446M102","EQNR","Equinor ASA","Oil & Gas Integrated"
"29445S100","EQPT","EquipmentSharecom Inc","Rental & Leasing Services"
"29476L107","EQR","Equity Residential","REIT - Residential"
"74347B391","EQRR","ProShares Equities for Rising Rates ETF","ETF"
"294766100","EQS","Equus Total Return Inc","Asset Management"
"26884L109","EQT","EQT Corporation","Oil & Gas E&P"
"92046L353","EQTY","Kovitz Core Equity ETF","ETF"
"294411103","EQUEY","Equatorial SA","Utilities - Regulated Electric"
"G3106N125","EQVU","EQV Ventures Acquisition Corp","Shell Companies"
"G3106N117","EQVWS","EQV Ventures Acquisition Corp","Shell Companies"
"46137V449","EQWL","Invesco S&P 100 Equal Weight ETF","ETF"
"29446Y502","EQX","Equinox Gold Corp","Gold"
"29479A108","ERAS","Erasca Inc","Biotechnology"
"94987D101","ERC","Allspring Multi-Sector Income Fund","Asset Management"
"46436E270","ERET","iShares Environmentally Aware Real Estate ETF","ETF"
"L31839134","ERF","Eurofins Scientific","Diagnostics & Research"
"294821608","ERIC","Telefonaktiebolaget LM Ericsson","Communication Equipment"
"29530P102","ERIE","Erie Indemnity Co","Insurance Brokers"
"29270J100","ERII","Energy Recovery Inc","Pollution & Treatment Controls"
"114082209","ERNA","Ernexa Therapeutics Inc","Biotechnology"
"210322723","ERNZ","TrueShares Active Yield ETF","ETF"
"296006109","ERO","Ero Copper Corp","Copper"
"296013105","EROC","ERock Inc","Specialty Industrial Machinery"
"27005A105","EROK","EagleRock Land LLC","Oil & Gas Equipment & Services"
"46137V407","ERTH","Invesco MSCI Sustainable Future ETF","ETF"
"25460G609","ERX","Direxion Daily Energy Bull 2X Shares","ETF"
"25460G179","ERY","Direxion Daily Energy Bear 2X Shares","ETF"
"30040W108","ES","Eversource Energy","Utilities - Regulated Electric"
"29605J106","ESAB","Esab Corporation","Metal Fabrication"
"28258A107","ESAIY","Eisai Co Ltd","Drug Manufacturers - Specialty & Generic"
"292102100","ESBA","Empire State Realty OP","REIT - Office"
"296056104","ESCA","Escalade Inc","Leisure"
"296315104","ESE","Esco Technologies Inc","Scientific & Technical Instruments"
"Y23592135","ESEA","Euroseas Ltd","Marine Shipping"
"33939L696","ESG","FlexShares STOXX US ESG Select Index Fund","ETF"
"46435G516","ESGD","iShares ESG Aware MSCI EAFE ETF","ETF"
"46434G863","ESGE","iShares ESG Aware MSCI EM ETF","ETF"
"33939L688","ESGG","FlexShares STOXX Global ESG Select Index Fund","ETF"
"G3075P101","ESGR","Enstar Group Limited","Insurance - Reinsurance"
"46435G425","ESGU","iShares ESG Aware MSCI USA ETF","ETF"
"921910733","ESGV","Vanguard ESG US Stock ETF","ETF"
"296424104","ESHA","ESH Acquisition Corp","Shell Companies"
"296424112","ESHAR","ESH Acquisition Corp","Shell Companies"
"28618M106","ESI","Element Solutions Inc","Specialty Chemicals"
"297584104","ESLA","Estrella Immunopharma Inc","Biotechnology"
"297584112","ESLAW","Estrella Immunopharma Inc","Biotechnology"
"297284200","ESLOY","EssilorLuxottica","Medical Instruments & Supplies"
"M3760D101","ESLT","Elbit Systems Ltd","Aerospace & Defense"
"46435U663","ESML","iShares ESG Aware MSCI USA Small-Cap ETF","ETF"
"46436E445","ESMV","iShares ESG Optimized MSCI USA Min Vol Factor ETF","ETF"
"664925708","ESN","Essential 40 Stock ETF","ETF"
"G3198U102","ESNT","Essent Group Ltd","Insurance - Specialty"
"29271Q103","ESOA","Energy Services of America Corporation","Engineering & Construction"
"296650104","ESP","Espey MFG & Electronics Corp","Electrical Equipment & Parts"
"92189F114","ESPO","VanEck Video Gaming and eSports ETF","ETF"
"29664W105","ESPR","Esperion Therapeutics Inc","Drug Manufacturers - Specialty & Generic"
"29667J101","ESQ","Esquire Financial Holdings Inc","Banks - Regional"
"292104106","ESRT","Empire State Realty Trust Inc","REIT - Diversified"
"297178105","ESS","Essex Property Trust Inc","REIT - Residential"
"29667D104","ESSA","Essa Bancorp Inc","Banks - Regional"
"G31249108","ESTA","Establishment Labs Holdings Inc","Medical Devices"
"N14506104","ESTC","Elastic NV","Software - Application"
"86280R787","ESUM","Strategy Shares - Eventide US Market ETF","ETF"
"29273V100","ET","Energy Transfer LP","Oil & Gas Midstream"
"27828X100","ETB","Eaton Vance Tax-Managed Buy-Write Income Fund","Asset Management"
"38963Q107","ETCG","Grayscale Ethereum Classic","ETF"
"297602104","ETD","Ethan Allen Interiors Inc","Furnishings, Fixtures & Appliances"
"46436E197","ETEC","iShares Breakthrough Environmental Solutions ETF","ETF"
"26922A902","ETFLF","Eastfield Resources Ltd","Other Precious Metals & Mining"
"27828S101","ETG","Eaton Vance Tax-Advantaged Global Dividend Income Fund","Asset Management"
"38964R104","ETH","Grayscale Ethereum Mini Trust ETF","ETF"
"38964R203","ETH","Grayscale Ethereum Mini Trust ETF","ETF"
"46438R105","ETHA","iShares Ethereum Trust ETF","ETF"
"46438M106","ETHB","iShares Staked Ethereum Trust ETF","ETF"
"74349Y795","ETHD","ProShares UltraShort Ether ETF","ETF"
"74350P550","ETHD","ProShares UltraShort Ether ETF","ETF"
"389638107","ETHE","Grayscale Ethereum Trust ETF","ETF"
"032108557","ETHO","Amplify Etho Climate Leadership US ETF","ETF"
"88428H101","ETHQ.TO","3iQ Ether Staking ETF","ETF"
"74349Y571","ETHT","ProShares Ultra Ether ETF","ETF"
"92864M400","ETHU","Volatility Shares Trust - 2x Ether ETF","ETF"
"92864M798","ETHU","Volatility Shares Trust - 2x Ether ETF","ETF"
"92189L103","ETHV","VanEck Ethereum ETF","ETF"
"091955104","ETHW","Bitwise Ethereum ETF","ETF"
"27829G106","ETJ","Eaton Vance Risk-Managed Diversified Equity Income Fund","Asset Management"
"G29183103","ETN","Eaton Corporation plc","Specialty Industrial Machinery"
"282559103","ETNB","89Bio Inc","Biotechnology"
"27828U106","ETO","Eaton Vance Tax-Advantaged Global Dividend Opportunities Fund","Asset Management"
"29772L108","ETON","Eton Pharmaceuticals Inc","Drug Manufacturers - Specialty & Generic"
"G32089107","ETOR","Etoro Group Ltd","Capital Markets"
"98148L720","ETQ","T-Rex 2X Inverse Ether Daily Target ETF","ETF"
"29364G103","ETR","Entergy Corporation","Utilities - Regulated Electric"
"28661C104","ETS","Elite Express Holding Inc","Trucking"
"G23017109","ETSS","Energy Transition Special Opportunities","Shell Companies"
"29786A106","ETSY","Etsy Inc","Internet Retail"
"29786AAL0","ETSY","Etsy Inc","Internet Retail"
"29786AAN6","ETSY","Etsy Inc","Internet Retail"
"98148L738","ETU","T-Rex 2X Long Ether Daily Target ETF","ETF"
"27828Y108","ETV","Eaton Vance Tax-Managed Buy-Write Opportunities Fund","Asset Management"
"27829C105","ETW","Eaton Vance Tax-Managed Global Buy-Write Opportunities Fund","Asset Management"
"29788T103","ETWO","E2Open Parent Holdings Inc","Software - Application"
"29788T111","ETWOW","E2Open Parent Holdings Inc","Software - Application"
"27829U105","ETX","Eaton Vance Municipal Income 2028 Term Trust","Asset Management"
"27828N102","ETY","Eaton Vance Tax-Managed Diversified Equity Income Fund","Asset Management"
"29259W700","EU","Encore Energy Corp","Uranium"
"84858T772","EUAD","Select STOXX Europe Aerospace & Defense ETF","ETF"
"G3142E105","EUDA","Euda Health Holdings Ltd","Real Estate Services"
"G3142E121","EUDAW","Euda Health Holdings Ltd","Real Estate Services"
"97717X610","EUDG","WisdomTree Europe Quality Dividend Growth Fund","ETF"
"74347B540","EUDV","ProShares MSCI Europe Dividend Growers ETF","ETF"
"464289180","EUFN","iShares MSCI Europe Financials ETF","ETF"
"464286210","EUHY","iShares Inc - iShares Euro High Yield Corporate Bond USD Hedged ETF","ETF"
"74349Y746","EUM","ProShares Short MSCI Emerging Markets","ETF"
"74347W882","EUO","ProShares UltraShort Euro","ETF"
"G32168109","EURK","Eureka Acquisition Corp","Shell Companies"
"G32168125","EURKR","Eureka Acquisition Corp","Shell Companies"
"G32168117","EURKU","Eureka Acquisition Corp","Shell Companies"
"25459Y280","EURL","Direxion Daily FTSE Europe Bull 3X Shares","ETF"
"464286681","EUSA","iShares MSCI USA Equal Weighted ETF","ETF"
"46436E619","EUSB","iShares ESG Advanced Total USD Bond Market ETF","ETF"
"218946663","EUV","Corgi Lithography & Semiconductor Photonics ETF","ETF"
"29415B103","EVA","Enviva Inc","Utilities - Renewable"
"G3106Q102","EVAC","EQV Ventures Acquisition Corp II","Shell Companies"
"G3106Q128","EVACU","EQV Ventures Acquisition Corp II","Shell Companies"
"25460G146","EVAV","Direxion Daily Electric and Autonomous Vehicles Bull 2X Shares","ETF"
"29970R303","EVAX","Evaxion A/S","Biotechnology"
"29911Q208","EVBN","Evans Bancorp Inc","Banks - Regional"
"29382R107","EVC","Entravision Communications Corp","Advertising Agencies"
"29977X105","EVCM","Evercommerce Inc","Software - Application"
"29978K102","EVCO","Everest Consolidator Acquisition Corporation","Shell Companies"
"29978K201","EVCOU","Everest Consolidator Acquisition Corporation","Shell Companies"
"29978K110","EVCOW","Everest Consolidator Acquisition Co C/Wts 19/07/2028 (To Pur Com Class A)",""
"30041R108","EVER","Everquote Inc","Internet Content & Information"
"29970N104","EVEX","Eve Holding Inc","Aerospace & Defense"
"29970N112","EVEXWS","EVE Health Group Limited","Medical Care Facilities"
"27826S103","EVF","Eaton Vance Senior Income Trust","Asset Management"
"27828V104","EVG","Eaton Vance Short Duration Diversified Income Fund","Asset Management"
"M4119S187","EVGN","Evogene Ltd","Biotechnology"
"M4119S104","EVGN.TA","Evogene Ltd","Biotechnology"
"30052F100","EVGO","Evgo Inc","Specialty Retail"
"30052F118","EVGOW","Evgo Inc","Specialty Retail"
"G3312W117","EVGRW","Evergreen Corporation","Shell Companies"
"30050B101","EVH","Evolent Health Inc","Health Information Services"
"30050BAJ0","EVH","Evolent Health Inc","Health Information Services"
"61774R809","EVHY","Eaton Vance High Yield ETF","ETF"
"26929N102","EVI","Evi Industries Inc","Industrial Distribution"
"61774R882","EVIM","Eaton Vance Intermediate Municipal Income ETF","ETF"
"D2R90Y117","EVK.DE","Evonik Industries AG",""
"61774R833","EVLN","Eaton Vance Floating-Rate ETF","ETF"
"46438G208","EVLU","iShares MSCI Emerging Markets Value Factor ETF","ETF"
"30049H102","EVLV","Evolv Technologies Holdings Inc","Security & Protection Services"
"27828A100","EVM","Eaton Vance California Municipal Bond Fund","ETF"
"30054Y107","EVMN","Evommune Inc","Biotechnology"
"27826U108","EVN","Eaton Vance Municipal Income Trust","Asset Management"
"30050E105","EVO","Evotec SE","Drug Manufacturers - Specialty & Generic"
"30049G302","EVOK","Evoke Pharma Inc","Drug Manufacturers - Specialty & Generic"
"G3226F101","EVOX","Evolution Global Acquisition Corp","Shell Companies"
"G3226F119","EVOXW","Evolution Global Acquisition Corp","Shell Companies"
"29977A105","EVR","Evercore Inc","Capital Markets"
"30034W106","EVRG","Evergy Inc","Utilities - Regulated Electric"
"30034WAD8","EVRG","Evergy Inc","Utilities - Regulated Electric"
"30034T103","EVRI","Everi Holdings Inc","Gambling"
"61774R700","EVSB","Eaton Vance Ultra-Short Income ETF","ETF"
"61774R825","EVSD","Eaton Vance Short Duration Income ETF","ETF"
"61774R858","EVSM","Eaton Vance Short Duration Municipal Income ETF","ETF"
"27828G107","EVT","Eaton Vance Tax-Advantaged Dividend Income Fund","Asset Management"
"D1646D105","EVT.DE","Evotec SE","Drug Manufacturers - Specialty & Generic"
"30040P103","EVTC","Evertec Inc","Software - Infrastructure"
"G9471C206","EVTL","Vertical Aerospace Ltd","Aerospace & Defense"
"61774R841","EVTR","Eaton Vance Total Return Bond ETF","ETF"
"G9471C115","EVTWF","Vertical Aerospace Ltd","Aerospace & Defense"
"46436E221","EVUS","iShares ESG Aware MSCI USA Value ETF","ETF"
"27828H105","EVV","Eaton Vance Limited Duration","Asset Management"
"30051E104","EVVTY","Evolution AB","Gambling"
"92189F304","EVX","VanEck Environmental Services ETF","ETF"
"61774R783","EVYM","Eaton Vance High Income Municipal ETF","ETF"
"28176E108","EW","Edwards Lifesciences Corp","Medical Devices"
"464286103","EWA","iShares MSCI Australia ETF","ETF"
"27579R104","EWBC","East West Bancorp Inc","Banks - Regional"
"464286509","EWC","iShares MSCI Canada ETF","ETF"
"29882P106","EWCZ","European Wax Ctr Inc","Household & Personal Products"
"464286756","EWD","iShares MSCI Sweden ETF","ETF"
"464286806","EWG","iShares MSCI Germany ETF","ETF"
"464286871","EWH","iShares MSCI Hong Kong ETF","ETF"
"46434G830","EWI","iShares MSCI Italy ETF","ETF"
"46434G822","EWJ","iShares MSCI Japan ETF","ETF"
"46435U374","EWJV","iShares MSCI Japan Value ETF","ETF"
"464286301","EWK","iShares MSCI Belgium ETF","ETF"
"464286749","EWL","iShares MSCI Switzerland ETF","ETF"
"46434G814","EWM","iShares MSCI Malaysia ETF","ETF"
"464286814","EWN","iShares MSCI Netherlands ETF","ETF"
"464286202","EWO","iShares MSCI Austria ETF","ETF"
"464286764","EWP","iShares MSCI Spain ETF","ETF"
"464286707","EWQ","iShares MSCI France ETF","ETF"
"46434G780","EWS","iShares MSCI Singapore ETF","ETF"
"46434G772","EWT","iShares MSCI Taiwan ETF","ETF"
"28036F105","EWTX","Edgewise Therapeutics Inc","Biotechnology"
"46435G334","EWU","iShares MSCI United Kingdom ETF","ETF"
"46429B416","EWUS","iShares MSCI United Kingdom Small-Cap ETF","ETF"
"464286822","EWW","iShares MSCI Mexico ETF","ETF"
"78463X756","EWX","SPDR S&P Emerging Markets Small Cap ETF","ETF"
"464286772","EWY","iShares MSCI South Korea ETF","ETF"
"464286400","EWZ","iShares MSCI Brazil ETF","ETF"
"464289131","EWZS","iShares MSCI Brazil Small-Cap ETF","ETF"
"30223G102","EXAI","Exscientia plc","Biotechnology"
"30063P105","EXAS","Exact Sciences Corp","Biotechnology"
"30161N101","EXC","Exelon Corp","Utilities - Regulated Electric"
"165167164","EXE","Expand Energy Corporation","Oil & Gas E&P"
"165167735","EXE","Expand Energy Corporation","Oil & Gas E&P"
"165167180","EXEEL","Expand Energy Corporation","Oil & Gas E&P"
"165167172","EXEEZ","Expand Energy Corporation","Oil & Gas E&P"
"30161Q104","EXEL","Exelixis Inc","Biotechnology"
"30219Q106","EXFY","Expensify Inc","Software - Application"
"27829F108","EXG","Eaton Vance Tax-Managed Global Diversified Equity Income Fund","Asset Management"
"464288729","EXI","iShares Global Industrials ETF","ETF"
"29258Y103","EXK","Endeavour Silver Corp","Silver"
"302081104","EXLS","Exlservice Holdings Inc","Information Technology Services"
"30069C801","EXN.V","Excellon Resources Inc","Silver"
"30209R106","EXOD","Exodus Movement Inc","Software - Infrastructure"
"461874109","EXOZ","Invizyne Technologies Inc","Biotechnology"
"26969P108","EXP","Eagle Materials","Building Materials"
"302130109","EXPD","Expeditors International of Washington Inc","Integrated Freight & Logistics"
"30212P303","EXPE","Expedia Group Inc","Travel Services"
"30212PBE4","EXPE","Expedia Group Inc","Travel Services"
"30215C101","EXPGY","Experian plc","Consulting Services"
"30214U102","EXPO","Exponent Inc","Engineering & Construction"
"30225T102","EXR","Extra Space Storage Inc","REIT - Industrial"
"02028M105","EXTOY","Almacenes Éxito","Grocery Stores"
"30226D106","EXTR","Extreme Networks","Communication Equipment"
"63845R107","EYE","National Vision Holdings Inc","Specialty Retail"
"00039J863","EYEG","AB Corporate Bond ETF","ETF"
"30234E104","EYEN","Eyenovia Inc","Drug Manufacturers - Specialty & Generic"
"132061706","EYLD","Cambria Emerging Shareholder Yield ETF","ETF"
"30233G209","EYPT","Eyepoint Pharmaceuticals Inc","Biotechnology"
"464286780","EZA","iShares MSCI South Africa ETF","ETF"
"354921108","EZBC","Franklin Bitcoin ETF","ETF"
"G5279F110","EZGO","Ezgo Technologies Ltd","Recreational Vehicles"
"74347X708","EZJ","ProShares Ultra MSCI Japan","ETF"
"97717W570","EZM","WisdomTree US MidCap Earnings Fund","ETF"
"302301106","EZPW","Ezcorp Inc","Credit Services"
"35349C109","EZPZ","Franklin Crypto Index ETF","ETF"
"75946W405","EZRA","Reliance Global Group Inc","Insurance Brokers"
"75946W116","EZRAW","Reliance Global Group Inc","Insurance Brokers"
"464286608","EZU","iShares MSCI Eurozone ETF","ETF"
"345370860","F","Ford Motor Company","Auto Manufacturers"
"345370CZ1","F","Ford Motor Company","Auto Manufacturers"
"885260109","F7G.F","THORNE HEALTHTECH INC",""
"31846B108","FA","First Advantage Corporation","Specialty Business Services"
"33740Y101","FAAR","First Trust Alternative Absolute Return Strategy ETF","ETF"
"G27617102","FAAS","DigiAsia Corp","Information Technology Services"
"33733C108","FAB","First Trust Multi Cap Value AlphaDEX Fund","ETF"
"054748306","FABC","FabricAI Inc","Auto Manufacturers"
"30258N600","FABTQ","Fat Brands Inc","Restaurants"
"G19307100","FAC","Factorial Energy Inc","Shell Companies"
"G3663X110","FACT","Fact II Acquisition Corp","Shell Companies"
"G32901111","FACTU","Fact II Acquisition Corp","Shell Companies"
"G32901129","FACTW","Fact II Acquisition Corp","Shell Companies"
"G19307126","FACWW","Factorial Energy Inc","Shell Companies"
"33733F101","FAD","First Trust Multi Cap Growth AlphaDEX Fund","ETF"
"31847R102","FAF","First American Financial Corporation","Insurance - Specialty"
"33734X739","FAI","First Trust Bloomberg Artificial Intelligence ETF","ETF"
"306137209","FALC","FalconStor Software Inc","Software - Application"
"46435G474","FALN","iShares Fallen Angels USD Bond ETF","ETF"
"G33277131","FAMI","Farmmi Inc","Packaged Foods"
"33736G106","FAN","First Trust Global Wind Energy ETF","ETF"
"25278X109","FANG","Diamondback Energy Inc","Oil & Gas E&P"
"307305102","FANUY","Fanuc Corporation","Specialty Industrial Machinery"
"33740U885","FAPR","FT Vest US Equity Buffer ETF - April","ETF"
"307675108","FARM","Farmer Bros Co","Packaged Foods"
"311642102","FARO","Faro Technologies Inc","Scientific & Technical Instruments"
"00764Q637","FARX","Frontier Asset Absolute Return ETF","ETF"
"25459Y694","FAS","Direxion Daily Financial Bull 3X Shares","ETF"
"311900104","FAST","Fastenal Co","Industrial Distribution"
"30258N105","FATAQ","Fat Brands Inc","Restaurants"
"30258N121","FATBW","Fat Brands Inc","Restaurants"
"31189P102","FATE","Fate Therapeutics Inc","Biotechnology"
"311921100","FATN","FatPipe Inc","Software - Infrastructure"
"33740F862","FAUG","FT Vest US Equity Buffer ETF - August","ETF"
"003009867","FAX","abrdn Asia-Pacific Income Fund Inc","Asset Management"
"25460E240","FAZ","Direxion Daily Financial Bear 3X Shares","ETF"
"74349Y613","FB","ProShares S&P 500 Dynamic Daily Buffer ETF","ETF"
"316092352","FBCG","Fidelity Blue Chip Growth ETF","ETF"
"316092345","FBCV","Fidelity Blue Chip Value ETF","ETF"
"33740F110","FBDC","FT Confluence BDC & Specialty Finance Income ETF","ETF"
"G3337S109","FBGL","FBS Global Limited","Engineering & Construction"
"34964C106","FBIN","Fortune Brands Innovations Inc","Building Products & Equipment"
"34960Q307","FBIO","Fortress Biotech Inc","Biotechnology"
"319390100","FBIZ","First Business Financial Services Inc","Banks - Regional"
"30257X104","FBK","FB Financial Corporation","Banks - Regional"
"38747R843","FBL","GraniteShares 2x Long META Daily ETF","ETF"
"31425A109","FBLA","Fb Bancorp Inc","Banks - Regional"
"318916103","FBMS","First Bancshares Inc (Mississippi)","Banks - Regional"
"318910106","FBNC","First Bancorp (North Carolina)","Banks - Regional"
"316188309","FBND","Fidelity Total Bond ETF","ETF"
"316092170","FBOT","Fidelity Disruptive Automation ETF","ETF"
"318672706","FBP","First BanCorp","Banks - Regional"
"35243J101","FBRT","Franklin BSP Realty Trust Inc","REIT - Mortgage"
"34962G208","FBRX","Forte Biosciences Inc","Biotechnology"
"33733E203","FBT","First Trust NYSE Arca Biotechnology Index Fund","ETF"
"315948109","FBTC","Fidelity Wise Origin Bitcoin Fund","ETF"
"31624J737","FBUF","Fidelity Dynamic Buffered Equity ETF","ETF"
"88634T816","FBY","YieldMax META Option Income Strategy ETF","ETF"
"306121104","FBYD","Falcons Beyond Global Inc","Conglomerates"
"306121112","FBYDW","Falcons Beyond Global Inc","Conglomerates"
"38747R314","FBYY","GraniteShares YieldBOOST META ETF","ETF"
"33737J133","FBZ","First Trust Brazil AlphaDEX Fund","ETF"
"353469109","FC","Franklin Covey Co","Education & Training Services"
"33737J141","FCA","First Trust China AlphaDEX Fund","ETF"
"33739P863","FCAL","First Trust California Municipal High Income ETF","ETF"
"31942S104","FCAP","First Capital Inc","Banks - Regional"
"31983A103","FCBC","First Community Bankshares Inc","Banks - Regional"
"00764Q629","FCBD","Frontier Asset Core Bond ETF","ETF"
"31943F200","FCBM","First Carolina Financial Services Inc","Banks - Regional"
"931CVR013","FCC","Fomento de Construcciones y Contratas SA","Engineering & Construction"
"319835104","FCCO","First Community Corporation","Banks - Regional"
"33740F409","FCEF","First Trust Income Opportunity ETF","ETF"
"35952H601","FCEL","Fuelcell Energy Inc","Electrical Equipment & Parts"
"35952H700","FCEL","Fuelcell Energy Inc","Electrical Equipment & Parts"
"319829107","FCF","First Commonwealth Financial Corporation","Banks - Regional"
"33768G107","FCFS","Firstcash Holdings Inc","Credit Services"
"33733E799","FCFY","First Trust S&P 500 Diversified Free Cash Flow ETF","ETF"
"33733E807","FCG","First Trust Natural Gas ETF","ETF"
"G3580P109","FCHL","Fitness Champs Holdings Limited","Education & Training Services"
"316092246","FCLD","Fidelity Cloud Computing ETF","ETF"
"302941109","FCN","Fti Consulting Inc","Consulting Services"
"31946M103","FCNCA","First Citizens BancShares Inc","Banks - Regional"
"316071109","FCNTX","Fidelity Contrafund","ETF"
"003013109","FCO","abrdn Global Income Fund Inc","Asset Management"
"316092873","FCOM","Fidelity MSCI Communication Services Index ETF","ETF"
"316188101","FCOR","Fidelity Corporate Bond ETF","ETF"
"316092386","FCPI","Fidelity Stocks for Inflation ETF","ETF"
"35086T109","FCPT","Four Corners Property Trust Inc","REIT - Retail"
"G3730U123","FCRS-UN","FutureCrest Acquisition Corp","Shell Companies"
"33733U108","FCT","First Trust Senior Floating Rate Income Fund II","Asset Management"
"26923N512","FCTE","SMI 3Fourteen Full-Cycle Trend ETF","ETF"
"33733E872","FCTR","First Trust Lunt US Factor Rotation ETF","ETF"
"88634T519","FCUS","Pinnacle Focused Opportunities ETF","ETF"
"35671D857","FCX","Freeport-Mcmoran Inc","Copper"
"88636J402","FDAT","Tactical Advantage ETF","ETF"
"31609R100","FDBC","Fidelity D & D Bancorp Inc","Banks - Regional"
"90214Q550","FDCE","Foundations Dynamic Core ETF","ETF"
"316092162","FDCF","Fidelity Disruptive Communications ETF","ETF"
"33735T109","FDD","First Trust STOXX European Select Dividend Index Fund","ETF"
"33740U505","FDEC","FT Vest US Equity Buffer ETF - December","ETF"
"316092543","FDEM","Fidelity Emerging Markets Multifactor ETF","ETF"
"316092535","FDEV","Fidelity International Multifactor ETF","ETF"
"316092154","FDFF","Fidelity Disruptive Finance ETF","ETF"
"025072810","FDG","American Century Focused Dynamic Growth ETF","ETF"
"90214Q543","FDGR","Foundations Dynamic Growth ETF","ETF"
"316092238","FDHT","Fidelity Digital Health ETF","ETF"
"316092618","FDHY","Fidelity Enhanced High Yield ETF","ETF"
"316092121","FDIF","Fidelity Disruptors ETF","ETF"
"316092196","FDIG","Fidelity Crypto Industry and Digital Payments ETF","ETF"
"46138E578","FDIQ","Invesco Bloomberg Financial Data Providers ETF","ETF"
"316092204","FDIS","Fidelity MSCI Consumer Discretionary Index ETF","ETF"
"02072L417","FDIV","MarketDesk Focused US Dividend ETF","ETF"
"336917109","FDL","First Trust Morningstar Dividend Leaders Index Fund","ETF"
"316092824","FDLO","Fidelity Low Volatility Factor ETF","ETF"
"66538H187","FDLS","Inspire Fidelis Multi Factor ETF","ETF"
"33718M105","FDM","First Trust Dow Jones Select MicroCap Index Fund","ETF"
"316092816","FDMO","Fidelity Momentum Factor ETF","ETF"
"35104E100","FDMT","4D Molecular Therapeutics Inc","Biotechnology"
"33733E302","FDN","First Trust Dow Jones Internet Index Fund","ETF"
"33738D754","FDND","FT Vest Dow Jones Internet & Target Income ETF","ETF"
"33734X770","FDNI","First Trust Dow Jones International Internet ETF","ETF"
"307000109","FDO","Family Dollar Stores Inc","Discount Stores"
"316092832","FDRR","Fidelity Dividend ETF for Rising Rates","ETF"
"316092220","FDRV","Fidelity Electric Vehicles and Future Transportation ETF","ETF"
"303075105","FDS","FactSet Research Systems Inc","Financial Data & Stock Exchanges"
"316926104","FDSB","Fifth District Bancorp Inc","Banks - Regional"
"31617F205","FDSVX","Fidelity Growth Discovery","ETF"
"33737J174","FDT","First Trust Developed Markets ex-US AlphaDEX Fund","ETF"
"90214Q527","FDTB","Foundations Dynamic Income ETF","ETF"
"353496656","FDTRX","Franklin DynaTech R6","ETF"
"33737J406","FDTS","First Trust Developed Markets ex-US Small Cap AlphaDEX Fund","ETF"
"316092139","FDTX","Fidelity Disruptive Technology ETF","ETF"
"316500107","FDUS","Fidus Investment Corporation","Asset Management"
"31423L305","FDV","Federated Hermes US Strategic Dividend ETF","ETF"
"90214Q535","FDVL","Foundations Dynamic Value ETF","ETF"
"316092840","FDVV","Fidelity High Dividend ETF","ETF"
"316092287","FDWM","Fidelity Women's Leadership ETF","ETF"
"31428X106","FDX","Fedex Corp","Integrated Freight & Logistics"
"314352105","FDXF","FedEx Freight Holding Company Inc","Integrated Freight & Logistics"
"337932107","FE","Firstenergy Corp","Utilities - Regulated Electric"
"337932AT4","FE","FirstEnergy Corp","Utilities - Regulated Electric"
"31609A701","FEAC","Fidelity Enhanced US All-Cap Equity ETF","ETF"
"33830Q109","FEAM","5E Advanced Materials Inc","Specialty Chemicals"
"88636R669","FEAT","YieldMax Dorsey Wright Featured 5 Income ETF","ETF"
"33740U422","FEBM","FT Vest US Equity Max Buffer ETF - February","ETF"
"G3413G102","FEBO","Fenbo Holdings Ltd","Consumer Electronics"
"69420N304","FEBP","PGIM S&P 500 Buffer 12 ETF - Feb","ETF"
"00888H828","FEBT","AllianzIM US Large Cap Buffer10 Feb ETF","ETF"
"00888H497","FEBU","AllianzIM US Equity Buffer15 Uncapped Feb ETF","ETF"
"00888H786","FEBW","AllianzIM US Large Cap Buffer20 Feb ETF","ETF"
"53656F755","FEBZ","TrueShares Structured Outcome (February) ETF","ETF"
"33939L597","FEDM","FlexShares ESG & Climate Developed Markets ex-US Core Index Fund","ETF"
"35101A309","FEDU","Four Seasons Education (Cayman) Inc","Education & Training Services"
"63008J702","FEED","ENvue Medical Inc","Medical Devices"
"75526L886","FEGE","First Eagle Global Equity ETF","ETF"
"33939L571","FEIG","FlexShares ESG & Climate Investment Grade Corporate Core Index Fund","ETF"
"358010106","FEIM","Frequency Electronics Inc","Communication Equipment"
"316092113","FELC","Fidelity Enhanced Large Cap Core ETF","ETF"
"353514102","FELE","Franklin Electric Co Inc","Specialty Industrial Machinery"
"31609A305","FELG","Fidelity Enhanced Large Cap Growth ETF","ETF"
"35955T107","FELTY","Fuji Electric Co Ltd","Electrical Equipment & Parts"
"31609A107","FELV","Fidelity Enhanced Large Cap Value ETF","ETF"
"33737J182","FEM","First Trust Emerging Markets AlphaDEX Fund","ETF"
"33739P202","FEMB","First Trust Emerging Markets Local Currency Bond ETF","ETF"
"31609A800","FEMR","Fidelity Enhanced Emerging Markets ETF","ETF"
"33737J307","FEMS","First Trust Emerging Markets Small Cap AlphaDEX Fund","ETF"
"31447E105","FEMY","Femasys Inc","Medical Instruments & Supplies"
"31447P100","FENC","Fennec Pharmaceuticals Inc","Biotechnology"
"71910C202","FENG","Phoenix New Media Limited","Internet Content & Information"
"31609A404","FENI","Fidelity Enhanced International ETF","ETF"
"316092402","FENY","Fidelity MSCI Energy Index ETF","ETF"
"75526L878","FEOE","First Eagle Overseas Equity ETF","ETF"
"33737J117","FEP","First Trust Europe AlphaDEX Fund","ETF"
"26923N744","FEPI","REX FANG & Innovation Equity Premium Income ETF","ETF"
"N3168P101","FER","Ferrovial SE","Engineering & Construction"
"G3415K101","FERA","Fifth Era Acquisition Corp I","Shell Companies"
"G3415K135","FERAR","Fifth Era Acquisition Corp I","Shell Companies"
"G3415K127","FERAU","Fifth Era Acquisition Corp I","Shell Companies"
"31488V107","FERG","Ferguson Enterprises Inc","Industrial Distribution"
"31609A206","FESM","Fidelity Enhanced Small Cap ETF","ETF"
"34984V209","FET","Forum Energy Technologies Inc","Oil & Gas Equipment & Services"
"31613E103","FETH","Fidelity Ethereum Fund","ETF"
"33939L613","FEUS","FlexShares ESG & Climate US Large Cap Core Index Fund","ETF"
"33737J505","FEUZ","First Trust Eurozone AlphaDEX ETF","ETF"
"33734K109","FEX","First Trust Large Cap Core AlphaDEX Fund","ETF"
"78463X202","FEZ","SPDR EURO STOXX 50 ETF","ETF"
"36116M106","FF","FutureFuel Corp","Specialty Chemicals"
"337318109","FFA","First Trust Enhanced Equity Income Fund","Asset Management"
"307359885","FFAI","Faraday Future Intelligent Electric Inc","Auto Manufacturers"
"307359117","FFAIW","Faraday Future Intelligent Electric Inc","Auto Manufacturers"
"320209109","FFBC","First Financial Bancorp","Banks - Regional"
"338478100","FFC","Flaherty & Crumrine Preferred Securities Income Fund Inc","Asset Management"
"31609A883","FFDI","Fidelity Fundamental Developed International ETF","ETF"
"33740F763","FFEB","FT Vest US Equity Buffer ETF - February","ETF"
"31609A867","FFEM","Fidelity Fundamental Emerging Markets ETF","ETF"
"31609A875","FFGX","Fidelity Fundamental Global ex-US ETF","ETF"
"343873105","FFIC","Flushing Financial Corporation","Banks - Regional"
"32020R109","FFIN","First Financial Bankshares Inc","Banks - Regional"
"84858T202","FFIU","Fieldstone UVA Unconstrained Medium-Term Fixed Income ETF","ETF"
"315616102","FFIV","F5 Inc","Software - Infrastructure"
"316092360","FFLC","Fidelity Fundamental Large Cap Core ETF","ETF"
"316092337","FFLG","Fidelity Fundamental Large Cap Growth ETF","ETF"
"66538F165","FFLS","The Future Fund Long/Short ETF","ETF"
"31609A602","FFLV","Fidelity Fundamental Large Cap Value ETF","ETF"
"32022K102","FFNW","First Financial Northwest Inc","Banks - Regional"
"35473P421","FFOG","Franklin Focused Growth ETF","ETF"
"316092295","FFSM","Fidelity Fundamental Small-Mid Cap ETF","ETF"
"45782C102","FFTY","Innovator IBD 50 ETF","ETF"
"30336V103","FFUCF","F4 Uranium Corp","Uranium"
"31624J620","FFUT","Fidelity Managed Futures ETF","ETF"
"32026V104","FFWM","First Foundation Inc","Banks - Regional"
"30190A104","FG","F&G Annuities & Life Inc","Insurance - Life"
"33733G109","FGB","First Trust Specialty Finance And Financial Opportunities Fund","ETF"
"32043P106","FGBI","First Guaranty Bancshares Inc","Banks - Regional"
"33734X200","FGD","First Trust Dow Jones Global Select Dividend Index Fund","ETF"
"35473M105","FGDL","Franklin Responsibly Sourced Gold ETF","ETF"
"G3302D103","FGI","FGI Industries Ltd","Furnishings, Fixtures & Appliances"
"G3R41C102","FGII","FG Imperii Acquisition Corp","Shell Companies"
"G3R41C110","FGIIW","FG Imperii Acquisition Corp","Shell Companies"
"G3302D111","FGIWW","FGI Industries Ltd","Furnishings, Fixtures & Appliances"
"G3662E105","FGL","Founder Group Limited","Engineering & Construction"
"33737J190","FGM","First Trust Germany AlphaDEX Fund","ETF"
"30334J128","FGMCR","FG Merger II Corp","Shell Companies"
"30334J201","FGMCU","FG Merger II Corp","Shell Companies"
"30329Y304","FGNX","FG Nexus Inc","Asset Management"
"00764Q595","FGSM","Frontier Asset Global Small Cap Equity ETF","ETF"
"32051X108","FHB","First Hawaiian Inc","Banks - Regional"
"33740U539","FHDG","FT Vest US Equity Quarterly Dynamic Buffer ETF","ETF"
"31624J745","FHEQ","Fidelity Hedged Equity ETF","ETF"
"314211103","FHI","Federated Hermes Inc","Asset Management"
"316092600","FHLC","Fidelity MSCI Health Care Index ETF","ETF"
"320517105","FHN","First Horizon Corporation","Banks - Regional"
"320505100","FHSEY","First High School Education Group Co Ltd","Education & Training Services"
"344174107","FHTX","Foghorn Therapeutics Inc","Biotechnology"
"31423L206","FHYS","Federated Hermes Short Duration High Yield ETF","ETF"
"88636J477","FIAT","YieldMax Short COIN Option Income Strategy ETF","ETF"
"88634T535","FIAX","Nicholas Fixed Income Alternative ETF","ETF"
"32055Y201","FIBK","First Interstate BancSystem Inc","Banks - Regional"
"303250104","FICO","Fair Isaac Corporation","Software - Application"
"33738R662","FICS","First Trust International Developed Cap Strength ETF","ETF"
"33738R688","FID","First Trust S&P International Dividend Aristocrats ETF","ETF"
"316092725","FIDI","Fidelity International High Dividend ETF","ETF"
"316092709","FIDU","Fidelity MSCI Industrials Index ETF","ETF"
"316841105","FIG","Figma Inc","Software - Application"
"316188606","FIGB","Fidelity Investment Grade Bond ETF","ETF"
"88340C859","FIGG","Leverage Shares 2x Long FIG Daily ETF","ETF"
"349381103","FIGR","Figure Technology Solutions Inc","Capital Markets"
"30260D103","FIGS","FIGS Inc","Apparel Manufacturing"
"G3473K100","FIGX","FIGX Capital Acquisition Corp","Shell Companies"
"G3473K126","FIGXU","FIGX Capital Acquisition Corp","Shell Companies"
"33738D796","FIIG","First Trust Intermediate Duration Investment Grade Corporate ETF","ETF"
"52660W101","FINMY","Leonardo Spa","Aerospace & Defense"
"03464A100","FINS","Angel Oak Financial Strategies Income Term Trust","Asset Management"
"316071604","FINSX","Fidelity Advisor New Insights Fund","ETF"
"00764Q587","FINT","Frontier Asset Total International Equity ETF","ETF"
"31810T101","FINV","FinVolution Group","Credit Services"
"31813A109","FINW","FinWise Bancorp","Banks - Regional"
"37954Y814","FINX","Global X FinTech ETF","ETF"
"35953C106","FIP","FTAI Infrastructure Inc","Conglomerates"
"886364215","FIRI","FIRE Funds Income Target ETF","ETF"
"886364223","FIRS","FIRE Funds Wealth Builder ETF","ETF"
"83067L208","FIRY","Firy Inc","Electronic Gaming & Multimedia"
"31620M106","FIS","Fidelity National Information Services Inc","Information Technology Services"
"317585404","FISI","Financial Instns Inc","Banks - Regional"
"243927100","FISN","Deep Fission Inc","Specialty Industrial Machinery"
"78470P507","FISR","SPDR SSGA Fixed Income Sector Rotation ETF","ETF"
"337738108","FISV","Fiserv Inc","Information Technology Services"
"316773100","FITB","Fifth Third Bancorp","Banks - Regional"
"78468R671","FITE","SPDR S&P Kensho Future Security ETF","ETF"
"316092717","FIVA","Fidelity International Value Factor ETF","ETF"
"33829M101","FIVE","Five Below Inc","Specialty Retail"
"338307101","FIVN","Five9 Inc","Software - Infrastructure"
"88636R651","FIVY","YieldMax Dorsey Wright Hybrid 5 Income ETF","ETF"
"33733B100","FIW","First Trust Water ETF","ETF"
"199908104","FIX","Comfort Systems USA Inc","Engineering & Construction"
"33740F805","FIXD","First Trust Smith Opportunistic Fixed Income ETF","ETF"
"886364165","FIXP","FolioBeyond Enhanced Fixed Income Premium ETF","ETF"
"87191E105","FIXT","TCW Core Plus Bond ETF","ETF"
"635017106","FIZZ","National Beverage Corp","Beverages - Non-Alcoholic"
"33740F623","FJAN","FT Vest US Equity Buffer ETF - January","ETF"
"85529M104","FJET","Starfighters Space Inc","Aerospace & Defense"
"35959H109","FJIKY","Fujikura Ltd","Conglomerates"
"33737J158","FJP","First Trust Japan AlphaDEX Fund","ETF"
"359590304","FJTSY","Fujitsu","Information Technology Services"
"33740U208","FJUL","FT Vest US Equity Buffer ETF - July","ETF"
"33740F722","FJUN","FT Vest US Equity Buffer ETF - June","ETF"
"353496508","FKGRX","Franklin Growth Fund","ETF"
"353496300","FKINX","Franklin Income A1","ETF"
"33737J224","FKU","First Trust United Kingdom AlphaDEX Fund","ETF"
"355184102","FKWL","Franklin Wireless Corp","Communication Equipment"
"344849104","FL","Foot Locker Inc","Apparel Retail"
"37960A354","FLAG","Global X S&P 500 US Market Leaders TOP 50 ETF","ETF"
"00888H620","FLAO","AllianzIM US Equity 6 Month Floor5 Apr/Oct ETF","ETF"
"35473P843","FLAU","Franklin FTSE Australia ETF","ETF"
"35473P660","FLAX","Franklin FTSE Asia ex Japan ETF","ETF"
"35473P595","FLBL","Franklin Senior Loan ETF","ETF"
"35473P835","FLBR","Franklin FTSE Brazil ETF","ETF"
"338479108","FLC","Flaherty & Crumrine Total Return Fund Inc","Asset Management"
"35473P827","FLCA","Franklin FTSE Canada ETF","ETF"
"35473P553","FLCB","Franklin US Core Bond ETF","ETF"
"31423L503","FLCC","Federated Hermes MDT Large Cap Core ETF","ETF"
"00764Q579","FLCE","Frontier Asset US Large Cap Equity ETF","ETF"
"31423L800","FLCG","Federated Hermes MDT Large Cap Growth ETF","ETF"
"35473P819","FLCH","Franklin FTSE China ETF","ETF"
"35473P603","FLCO","Franklin Investment Grade Corporate ETF","ETF"
"31423L701","FLCV","Federated Hermes MDT Large Cap Value ETF","ETF"
"29103K100","FLD","Fold Holdings Inc","Capital Markets"
"316188861","FLDB","Fidelity Low Duration Bond ETF","ETF"
"29103K118","FLDDW","Fold Holdings Inc","Capital Markets"
"316188408","FLDR","Fidelity Low Duration Bond Factor ETF","ETF"
"210322715","FLDZ","RiverNorth Patriot ETF","ETF"
"35473P652","FLEE","Franklin FTSE Europe ETF","ETF"
"35473P645","FLEU","Franklin FTSE Eurozone ETF","ETF"
"Y2573F102","FLEX","Flex Ltd","Electronic Components"
"649445400","FLG","Flagstar Financial Inc","Banks - Regional"
"35473P678","FLGB","Franklin FTSE United Kingdom ETF","ETF"
"64944P307","FLGPRU","Flagstar Financial Inc","Banks - Regional"
"35473P785","FLGR","Franklin FTSE Germany ETF","ETF"
"359664109","FLGT","Fulgent Genetics Inc","Diagnostics & Research"
"35473P488","FLGV","Franklin US Treasury Bond ETF","ETF"
"34379U105","FLGZY","Flughafen Zürich AG","Airports & Air Services"
"35473P777","FLHK","Franklin FTSE Hong Kong ETF","ETF"
"35473P629","FLHY","Franklin High Yield Corporate ETF","ETF"
"35473P611","FLIA","Franklin International Aggregate Bond ETF","ETF"
"320734106","FLIC","First Long Is Corp","Banks - Regional"
"35473P769","FLIN","Franklin FTSE India ETF","ETF"
"35473P637","FLJH","Franklin FTSE Japan Hedged ETF","ETF"
"00888H638","FLJJ","AllianzIM US Large Cap 6 Month Floor5 Jan/Jul ETF","ETF"
"35473P744","FLJP","Franklin FTSE Japan ETF","ETF"
"35473P710","FLKR","Franklin FTSE South Korea ETF","ETF"
"359678109","FLL","Full House Resorts Inc","Resorts & Casinos"
"35473P561","FLLA","Franklin FTSE Latin America ETF","ETF"
"35473P850","FLMB","Franklin Municipal Green Bond ETF","ETF"
"35473P868","FLMI","Franklin Dynamic Municipal Bond ETF","ETF"
"35473P736","FLMX","Franklin FTSE Mexico ETF","ETF"
"33737J125","FLN","First Trust Latin America AlphaDEX Fund","ETF"
"14817C107","FLNA","Filana Therapeutics Inc","Biotechnology"
"34379V103","FLNC","Fluence Energy Inc","Utilities - Renewable"
"34379VAB9","FLNC","Fluence Energy Inc","Utilities - Renewable"
"G35947202","FLNG","Flex Lng Ltd","Oil & Gas Midstream"
"34380C201","FLNT","Fluent Inc","Advertising Agencies"
"343498101","FLO","Flowers Foods Inc","Packaged Foods"
"342909108","FLOC","Flowco Holdings Inc","Oil & Gas Equipment & Services"
"46429B655","FLOT","iShares Floating Rate Bond ETF","ETF"
"37960A578","FLOW","Global X US Cash Flow Kings 100 ETF","ETF"
"35473P801","FLQL","Franklin US Large Cap Multifactor Index ETF","ETF"
"35473P884","FLQM","Franklin US Mid Cap Multifactor Index ETF","ETF"
"35473P876","FLQS","Franklin US Small Cap Multifactor Index ETF","ETF"
"343412102","FLR","Fluor Corporation","Engineering & Construction"
"343412AJ1","FLR","Fluor Corporation","Engineering & Construction"
"316092378","FLRG","Fidelity US Multifactor ETF","ETF"
"78468R200","FLRN","SPDR Bloomberg Investment Grade Floating Rate ETF","ETF"
"69374H428","FLRT","Pacer Aristotle Pacific Floating Rate High Income ETF","ETF"
"34354P105","FLS","Flowserve Corporation","Specialty Industrial Machinery"
"35473P587","FLSA","Franklin FTSE Saudi Arabia ETF","ETF"
"35473P546","FLSP","Franklin Systematic Style Premia ETF","ETF"
"35473P694","FLSW","Franklin FTSE Switzerland ETF","ETF"
"316188200","FLTB","Fidelity Limited Term Bond ETF","ETF"
"92189F486","FLTR","VanEck IG Floating Rate ETF","ETF"
"35473P686","FLTW","Franklin FTSE Taiwan ETF","ETF"
"35473P496","FLUD","Franklin Ultra Short Bond ETF","ETF"
"E52619108","FLUIF","Fluidra","Leisure"
"G3643J108","FLUT","Flutter Entertainment plc","Gambling"
"344057302","FLUX","Flux Power Holdings Inc","Electrical Equipment & Parts"
"025072794","FLV","American Century Focused Large Cap Value ETF","ETF"
"68243Q106","FLWS","1 800 Flowers Com Inc","Specialty Retail"
"090337106","FLX","Bingex Ltd","Integrated Freight & Logistics"
"29287L700","FLXR","TCW Flexible Income ETF","ETF"
"339382103","FLXS","Flexsteel Industries Inc","Furnishings, Fixtures & Appliances"
"31816X106","FLY","Firefly Aerospace Inc","Aerospace & Defense"
"06368J309","FLYD","MicroSectors Travel -3X Inverse Leveraged ETNs","ETF"
"343927307","FLYE","Fly-E Group Inc","Auto Manufacturers"
"06368J200","FLYU","MicroSectors Travel 3X Leveraged ETNs","ETF"
"302492103","FLYW","Flywire Corporation","Software - Infrastructure"
"26846A100","FLYX","Flyexclusive Inc","Airlines"
"343928107","FLYX","Flyexclusive Inc","Airlines"
"343928115","FLYXWS","Flyexclusive Inc","Airlines"
"84863V101","FLYYQ","Spirit Aviation Holdings Inc","Airlines"
"91704K202","FLZH","Flash Sports & Media Holdings Inc","Farm & Heavy Construction Machinery"
"464286145","FM","iShares Frontier and Select EM ETF","ETF"
"33765Y101","FMAC","Future Money Acquisition Corporation","Shell Companies"
"316092329","FMAG","Fidelity Magellan ETF","ETF"
"30779N105","FMAO","Farmers & Merchants Bancorp","Banks - Regional"
"33740F599","FMAR","FT Vest US Equity Buffer ETF - March","ETF"
"316092881","FMAT","Fidelity MSCI Materials Index ETF","ETF"
"33740F748","FMAY","FT Vest US Equity Buffer ETF - May","ETF"
"33739N108","FMB","First Trust Managed Municipal ETF","ETF"
"320866106","FMBH","First Mid Bancshares Inc","Banks - Regional"
"302491303","FMC","FMC Corporation","Agricultural Inputs"
"313400301","FMCC","Federal Home Loan Mortgage Corporation","Mortgage Finance"
"66537J788","FMCE","FM Compounders Equity ETF","ETF"
"313400624","FMCKJ","Federal Home Loan Mortgage Corporation","Mortgage Finance"
"66538H211","FMCX","FM Focus Equity ETF","ETF"
"31609A503","FMDE","Fidelity Enhanced Mid Cap ETF","ETF"
"316092147","FMED","Fidelity Disruptive Medicine ETF","ETF"
"316092188","FMET","Fidelity Metaverse ETF","ETF"
"33739G103","FMF","First Trust Managed Futures Strategy Fund","ETF"
"G5225N100","FMFC","Kandal M Venture Limited","Footwear & Accessories"
"33739P301","FMHI","First Trust Municipal High Income ETF","ETF"
"886364140","FMKT","The Free Markets ETF","ETF"
"309627107","FMNB","Farmers National Banc Corp","Banks - Regional"
"33739P822","FMNY","First Trust New York High Income Municipal ETF","ETF"
"301505590","FMQQ","FMQQ The Next Frontier Internet ETF","ETF"
"358029106","FMS","Fresenius Medical Care","Medical Care Facilities"
"31625F304","FMSMX","Fidelity Multi-Strategy Credit Fund","ETF"
"34547F105","FMST","Foremost Clean Energy Ltd","Other Industrial Metals & Mining"
"34546R118","FMSTW","Foremost Clean Energy Ltd","Other Industrial Metals & Mining"
"31447N204","FMTO","Femto Technologies Inc","Information Technology Services"
"316188853","FMUB","Fidelity Municipal Bond Opportunities ETF","ETF"
"316188846","FMUN","Fidelity Systematic Municipal Bond Index ETF","ETF"
"344419106","FMX","Fomento Económico Mexicano SAB de CV","Beverages - Brewers"
"33734E103","FMY","First Trust Mortgage Income Fund","Asset Management"
"G3323L100","FN","Fabrinet","Electronic Components"
"69913P105","FNA","Paragon 28 Inc","Medical Devices"
"302520101","FNB","F.N.B. Corporation","Banks - Regional"
"31773D200","FNCHQ","Finch Therapeutics Group Inc","Biotechnology"
"316092501","FNCL","Fidelity MSCI Financials Index ETF","ETF"
"339750101","FND","Floor & Decor Holdings Inc","Home Improvement Retail"
"808524763","FNDA","Schwab Fundamental US Small Company ETF","ETF"
"808524789","FNDB","Schwab Fundamental US Broad Market ETF","ETF"
"808524748","FNDC","Schwab Fundamental International Small Equity ETF","ETF"
"808524730","FNDE","Schwab Fundamental Emerging Markets Equity ETF","ETF"
"808524755","FNDF","Schwab Fundamental International Equity ETF","ETF"
"808524771","FNDX","Schwab Fundamental US Large Company ETF","ETF"
"31620R303","FNF","Fidelity National Financial","Insurance - Specialty"
"063679534","FNGA","MicroSectors FANG+ Index 3X Leveraged ETN","ETF"
"06367V204","FNGD","MicroSectors FANG+ Index -3X Inverse Leveraged ETN","ETF"
"06367V402","FNGD","MicroSectors FANG+ Index -3X Inverse Leveraged ETN","ETF"
"25460G161","FNGG","Direxion Daily NYSE FANG+ Bull 2X Shares","ETF"
"063679856","FNGO","MicroSectors FANG+ Index 2X Leveraged ETN","ETF"
"31788K108","FNGR","Fingermotion Inc","Telecom Services"
"06368B504","FNGS","MicroSectors FANG ETN Exp 8 Jan 2038","ETF"
"063679385","FNGU","MicroSectors FANG 3X Leveraged ETN","ETF"
"33737M201","FNK","First Trust Mid Cap Value AlphaDEX Fund","ETF"
"361008105","FNKO","Funko Inc","Leisure"
"31866P102","FNLC","The First Bancorp Inc","Banks - Regional"
"313586109","FNMA","Federal National Mortgage Association","Mortgage Finance"
"313586752","FNMAS","Federal National Mortgage Association","Mortgage Finance"
"33740F847","FNOV","FT Vest US Equity Buffer ETF - November","ETF"
"83336J208","FNUC","Frontier Nuclear and Minerals Inc","Other Industrial Metals & Mining"
"351858105","FNV","Franco-Nevada Corporation","Gold"
"335834107","FNWB","First Northwest Bancorp","Banks - Regional"
"31812F109","FNWD","Finward Bancorp","Banks - Regional"
"33735B108","FNX","First Trust Mid Cap Core AlphaDEX Fund","ETF"
"33737M102","FNY","First Trust Mid Cap Growth AlphaDEX Fund","ETF"
"31738L107","FOA","Finance of America Companies","Credit Services"
"31738L206","FOA","Finance of America Companies","Credit Services"
"268311107","FOCL","FocalTherics","Medical Distribution"
"33740F664","FOCT","FT Vest US Equity Buffer ETF - October","ETF"
"19248P106","FOF","Cohen & Steers Closed-End Opportunity Fund","Asset Management"
"03152W109","FOLD","Amicus Therapeutics Inc","Biotechnology"
"344437405","FONR","FONAR Corporation","Diagnostics & Research"
"00764Q611","FOPC","Frontier Asset Opportunistic Credit ETF","ETF"
"346232101","FOR","Forestar Group Inc","Real Estate - Development"
"34630N106","FORA","Forian Inc","Health Information Services"
"26923N306","FORH","Formidable ETF","ETF"
"35088F107","FORL","Four Leaf Acquisition Corp","Shell Companies"
"35088F115","FORLW","Four Leaf Acquisition Corp","Shell Companies"
"346375108","FORM","FormFactor Inc","Semiconductor Equipment & Materials"
"346563109","FORR","Forrester Resh Inc","Consulting Services"
"346414105","FORTY","Formula Systems 1985 Ltd","Information Technology Services"
"34988V106","FOSL","Fossil Group Inc","Footwear & Accessories"
"82452J109","FOUR","Shift4 Payments Inc","Software - Infrastructure"
"82452J307","FOUR","Shift4 Payments Inc","Software - Infrastructure"
"82452JAD1","FOUR","Shift4 Payments Inc","Software - Infrastructure"
"46435U333","FOVL","iShares Focused Value Factor ETF","ETF"
"345409106","FOVSY","Ford Otomotiv Sanayi AS","Auto Manufacturers"
"69374H261","FOWF","Pacer Solactive Whitney Future of Warfare ETF","ETF"
"35137L204","FOX","Fox Corp","Entertainment"
"35137L105","FOXA","Fox Corp","Entertainment"
"35138V102","FOXF","Fox Factory Holding Corp","Auto Parts"
"24803C102","FOXO","FOXO Technologies Inc","Medical Care Facilities"
"351471115","FOXOW","FOXO Technologies Inc","Medical Care Facilities"
"351665104","FOXX","Foxx Development Holdings Inc","Consumer Electronics"
"351665112","FOXXW","Foxx Development Holdings Inc","Consumer Electronics"
"33939J303","FPAYQ","Flexshopper Inc","Credit Services"
"31634E306","FPCTI","Fidelity Private Credit Fund Class I","ETF"
"33739E108","FPE","First Trust Preferred Securities and Income ETF","ETF"
"33739P855","FPEI","First Trust Institutional Preferred Securities and Income ETF","ETF"
"33718W103","FPF","First Trust Intermediate Duration Preferred & Income Fund","Asset Management"
"316092261","FPFD","Fidelity Preferred Securities & Income ETF","ETF"
"33833Q106","FPH","Five Point Holdings LLC","Real Estate - Development"
"31154R109","FPI","Farmland Partners Inc","REIT - Specialty"
"33833X101","FPLSF","5N Plus Inc","Specialty Chemicals"
"316092311","FPRO","Fidelity Real Estate Investment ETF","ETF"
"34631F102","FPS","Forgent Power Solutions Inc","Electrical Equipment & Parts"
"33738D705","FPWR","First Trust EIP Power Solutions ETF","ETF"
"336920103","FPX","First Trust US Equity Opportunities ETF","ETF"
"33734X788","FPXE","First Trust IPOX Europe Equity Opportunities ETF","ETF"
"33734X853","FPXI","First Trust International Equity Opportunities ETF","ETF"
"316092790","FQAL","Fidelity Quality Factor ETF","ETF"
"335934105","FQVLF","First Quantum Minerals Ltd","Copper"
"32054K103","FR","First Industrial Realty Trust Inc","REIT - Industrial"
"09255X100","FRA","BlackRock Floating Rate Income Strategies Fund Inc","Asset Management"
"353525108","FRAF","Franklin Financial Services Corporation","Banks - Regional"
"31931U102","FRBA","First Bank","Banks - Regional"
"760416107","FRBKQ","Republic First Bancorp Inc","Banks - Regional"
"34520K105","FRBT","Forbright Inc","Banks - Diversified"
"33616C100","FRCB","First Republic Bank","Banks - Regional"
"31188H101","FRCOY","Fast Retailing Co Ltd","Apparel Retail"
"358435105","FRD","Friedman Industries Incorporated","Steel"
"02072L607","FRDM","Freedom 100 Emerging Markets ETF","ETF"
"03635R305","FREHY","Fresh2 Group Limited","Information Technology Services"
"316092857","FREL","Fidelity MSCI Real Estate Index ETF","ETF"
"G371E2108","FRES","Fresnillo plc","Silver"
"303901102","FRFHF","Fairfax Financial Holdings Limited","Insurance - Property & Casualty"
"G51413139","FRGT","Freight Technologies Inc","Software - Application"
"356390104","FRHC","Freedom Holding Corp","Financial Conglomerates"
"33734G108","FRI","First Trust S&P REIT Index Fund","ETF"
"353496847","FRIAX","Franklin Income Fund Advisor","ETF"
"34969G110","FRLA","Fortune Rise Acquisition Corp","Shell Companies"
"320817109","FRME","First Merchants Corp","Banks - Regional"
"314911108","FRMI","Fermi Inc","REIT - Specialty"
"68236V401","FRMM","Forum Markets Incorporated","Software - Application"
"68236V302","FRMN","Forum Markets Inc","Shell Companies"
"316092253","FRNW","Fidelity Clean Energy ETF","ETF"
"G3682E192","FRO","Frontline plc","Oil & Gas Midstream"
"M46528101","FRO","Frontline plc","Oil & Gas Midstream"
"M6191J100","FROG","Jfrog Ltd","Software - Application"
"30292L107","FRPH","FRP Holdings Inc","Real Estate Services"
"358039105","FRPT","Freshpet Inc","Packaged Foods"
"358054104","FRSH","Freshworks Inc","Software - Application"
"74167B109","FRST","Primis Financial Corp","Banks - Regional"
"345523203","FRSX","Foresight Autonomous Holdings Ltd","Auto Parts"
"313745101","FRT","Federal Realty Investment Trust","REIT - Retail"
"015564107","FRTY","Alger Mid Cap 40 ETF","ETF"
"31556C106","FRVO","Fervo Energy Company","Utilities - Renewable"
"34988N104","FRZA","Forza X1 Inc","Recreational Vehicles"
"316069582","FSANX","Fidelity Asset Manager 60%","ETF"
"33830T103","FSBC","Five Star Bancorp","Banks - Regional"
"316188887","FSBD","Fidelity Sustainable Core Plus Bond ETF","ETF"
"30263Y104","FSBW","Fs Bancorp Inc","Banks - Regional"
"30290Y101","FSCO","Fs Credit Opportunities Corp","Asset Management"
"33738R753","FSCS","First Trust SMID Capital Strength ETF","ETF"
"33631F104","FSEA","First Seacoast Bancorp Inc","Banks - Regional"
"316188705","FSEC","Fidelity Investment Grade Securitized ETF","ETF"
"33740U307","FSEP","FT Vest US Equity Buffer ETF - September","ETF"
"33621E109","FSFG","First Savings Financial Group Inc","Banks - Regional"
"33738R746","FSGS","First Trust SMID Growth Strength ETF","ETF"
"G3530C109","FSHP","Flag Ship Acquisition Corporation","Shell Companies"
"G3530C117","FSHPR","Flag Ship Acquisition Corporation","Shell Companies"
"33938T104","FSI","Flexible Solutions International Inc","Specialty Chemicals"
"33738D804","FSIG","First Trust Limited Duration Investment Grade Corporate ETF","ETF"
"302635206","FSK","FS KKR Capital Corp","Asset Management"
"315911693","FSKAX","Fidelity Total Market Index Fund","ETF"
"336433107","FSLR","First Solar Inc","Solar"
"31188V100","FSLY","Fastly Inc","Software - Application"
"349915AE8","FSM","Fortuna Mining Corp","Gold"
"349942102","FSM","Fortuna Mining Corp","Gold"
"33739P830","FSMB","First Trust Short Duration Managed Municipal ETF","ETF"
"316092527","FSMD","Fidelity Small-Mid Multifactor ETF","ETF"
"35804M105","FSNUY","Fresenius SE & Co KGaA","Medical Care Facilities"
"31641G104","FSOL","Fidelity Solana Fund","ETF"
"35471R106","FSP","Franklin Street Properties Corp","REIT - Office"
"33813J106","FSRNQ","Fisker Inc","Auto Manufacturers"
"313855108","FSS","Federal Signal Corp","Pollution & Treatment Controls"
"644323107","FSSL","FS Specialty Lending Fund","ETF"
"316092279","FSST","Fidelity Sustainable US Equity ETF","ETF"
"316092303","FSTA","Fidelity MSCI Consumer Staples Index ETF","ETF"
"350060109","FSTR","L.B. Foster Company","Railroads"
"34959A206","FSUGY","Fortescue Ltd","Other Industrial Metals & Mining"
"33767U107","FSUN","FirstSun Capital Bancorp","Banks - Regional"
"33767E202","FSV","FirstService Corporation","Real Estate Services"
"33737J232","FSZ","First Trust Switzerland AlphaDEX Fund","ETF"
"33735J101","FTA","First Trust Large Cap Value AlphaDEX Fund","ETF"
"33734X812","FTAG","First Trust Indxx Global Agriculture ETF","ETF"
"G3730V105","FTAI","FTAI Aviation Ltd","Aerospace & Defense"
"M4148G105","FTAL.TA","Fattal Holdings 1998 Ltd",""
"316188879","FTBD","Fidelity Tactical Bond ETF","ETF"
"33735K108","FTC","First Trust Large Cap Growth AlphaDEX Fund","ETF"
"746729839","FTCA","Putnam ETF Trust - Putnam Franklin Calif Municipal Income ETF","ETF"
"33738D788","FTCB","First Trust Core Investment Grade ETF","ETF"
"33738R597","FTCE","First Trust New Constructs Core Earnings Leaders ETF","ETF"
"30744W107","FTCHQ","Farfetch Limited","Internet Retail"
"30320C301","FTCI","FTC Solar Inc","Solar"
"33733E104","FTCS","First Trust Capital Strength ETF","ETF"
"35905A109","FTDR","Frontdoor Inc","Personal Services"
"33733E708","FTDS","First Trust Dividend Strength ETF","ETF"
"316092808","FTEC","Fidelity MSCI Information Technology Index ETF","ETF"
"359523107","FTEK","Fuel Tech Inc","Pollution & Treatment Controls"
"35472T101","FTF","Franklin Ltd Duration Income","Asset Management"
"33739H101","FTGC","First Trust Global Tactical Commodity Strategy Fund","ETF"
"33733E823","FTGS","First Trust Growth Strength ETF","ETF"
"G3624C106","FTHA","Forefront Tech Holdings Acquisition Corp","Shell Companies"
"G3624C114","FTHAW","Forefront Tech Holdings Acquisition Corp","Shell Companies"
"33734X747","FTHF","First Trust Emerging Markets Human Flourishing ETF","ETF"
"33738R308","FTHI","First Trust BuyWrite Income ETF","ETF"
"31189V109","FTHM","Fathom Holdings Inc","Real Estate Services"
"33741Q107","FTHY","First Trust High Yield Opportunities 2027 Term Fund","Asset Management"
"G87110105","FTI","TechnipFMC plc","Oil & Gas Equipment & Services"
"33733E815","FTIF","First Trust Bloomberg Inflation Sensitive Equity ETF","ETF"
"36119D103","FTII","FutureTech II Acquisition Corp","Shell Companies"
"36119D111","FTIIW","FutureTech II Acquisition Corp","Shell Companies"
"343389409","FTK","Flotek Industries Inc","Oil & Gas Equipment & Services"
"33739P103","FTLS","First Trust Long/Short Equity ETF","ETF"
"746729821","FTMA","Franklin Massachusetts Municipal Inc ETF","ETF"
"746729789","FTMH","Putnam ETF Trust - Putnam Franklin Municipal High Yield ETF","ETF"
"746729730","FTMS","Putnam ETF Trust - Putnam Franklin Short Term Municipal Income ETF","ETF"
"746729797","FTMU","Putnam ETF Trust - Putnam Franklin Municipal Income ETF","ETF"
"34959E109","FTNT","Fortinet Inc","Software - Infrastructure"
"746729763","FTNY","Putnam ETF Trust - Putnam Franklin New York Municipal Income ETF","ETF"
"746729748","FTPA","Franklin Pennsylvania Municipal Income ETF","ETF"
"33738R407","FTQI","First Trust Nasdaq BuyWrite Income ETF","ETF"
"31423L404","FTRB","Federated Hermes Total Return Bond ETF","ETF"
"34965K107","FTRE","Fortrea Holdings Inc","Biotechnology"
"33734X838","FTRI","First Trust Index Global Natural Resources Income ETF","ETF"
"G33380109","FTRK","Fast Track Group","Entertainment"
"349553107","FTS","Fortis Inc","Utilities - Regulated Electric"
"353506108","FTSD","Franklin Short Duration US Government ETF","ETF"
"33738D309","FTSL","First Trust Senior Loan Fund","ETF"
"33739Q408","FTSM","First Trust Enhanced Short Maturity ETF","ETF"
"34959J108","FTV","Fortive Corp","Scientific & Technical Instruments"
"74102N101","FTW","Presidio Production Company","Oil & Gas E&P"
"02072L557","FTWO","Strive Natural Resources and Security ETF","ETF"
"74102N119","FTWWS","Presidio Pubco Inc",""
"33738R852","FTXG","First Trust Nasdaq Food & Beverage ETF","ETF"
"33738R837","FTXH","First Trust Nasdaq Pharmaceuticals ETF","ETF"
"33738R811","FTXL","First Trust Nasdaq Semiconductor ETF","ETF"
"33738R845","FTXN","First Trust Nasdaq Oil & Gas ETF","ETF"
"33738R860","FTXO","First Trust Nasdaq Bank ETF","ETF"
"33738R795","FTXR","First Trust Nasdaq Transportation ETF","ETF"
"35953D104","FUBO","fuboTV Inc","Broadcasting"
"35953D401","FUBO","fuboTV Inc","Broadcasting"
"35953DAB0","FUBO","fuboTV Inc","Broadcasting"
"G1152A104","FUFU","BitFuFu Inc","Capital Markets"
"G1152A120","FUFUW","BitFuFu Inc","Capital Markets"
"86428V104","FUJHY","Subaru Corporation","Auto Manufacturers"
"35958N107","FUJIY","FUJIFILM Holdings Corporation","Conglomerates"
"359694106","FUL","HB Fuller Company","Specialty Chemicals"
"359616109","FULC","Fulcrum Therapeutics Inc","Biotechnology"
"360271100","FULT","Fulton Financial Corp","Banks - Regional"
"33740J104","FUMB","First Trust Ultra Short Duration Municipal ETF","ETF"
"83001C108","FUN","Six Flags Entertainment Corp","Leisure"
"33741H107","FUNC","First United Corp","Banks - Regional"
"85208J109","FUND","Sprott Focus Trust Inc","Asset Management"
"00777X660","FUNL","CornerCap Fundametrics Large-Cap ETF","ETF"
"35952Q106","FUPBY","Fuchs SE","Specialty Chemicals"
"36117T100","FURY","Fury Gold Mines Limited","Other Industrial Metals & Mining"
"33744V103","FUSB","First US Bancshares Inc","Banks - Regional"
"36118R103","FUSE","Fusemachines Inc","Software - Application"
"36118R111","FUSEW","Fusemachines Inc","Software - Application"
"025072224","FUSI","American Century Multisector Floating Income ETF","ETF"
"16955F107","FUTU","Futu Holdings Ltd","Capital Markets"
"36118L106","FUTU","Futu Holdings Ltd","Capital Markets"
"316092865","FUTY","Fidelity MSCI Utilities Index ETF","ETF"
"30336Y107","FUUFF","F3 Uranium Corporation","Uranium"
"33738R605","FV","First Trust Dorsey Wright Focus 5 ETF","ETF"
"316092782","FVAL","Fidelity Value Factor ETF","ETF"
"G3645T104","FVAV","Fortress Value Acquisition Corp V","Shell Companies"
"33738R878","FVC","First Trust Dorsey Wright Dynamic Focus 5 ETF","ETF"
"36120Q101","FVCB","Fvcbankcorp Inc","Banks - Regional"
"33734H106","FVD","First Trust Value Line Dividend Index Fund","ETF"
"G37068106","FVN","Future Vision II Acquisition","Shell Companies"
"G37068114","FVNNR","Future Vision II Acquisition","Shell Companies"
"G37068122","FVNNU","Future Vision II Acquisition","Shell Companies"
"35922N100","FVR","FrontView REIT Inc","REIT - Diversified"
"M4R82T106","FVRR","Fiverr International Ltd","Internet Content & Information"
"34964G115","FVTAW","Fortress Value Acquisition Corp. III",""
"00039J509","FWD","AB Disruptors ETF","ETF"
"349932103","FWDI","Forward Industries Inc","Footwear & Accessories"
"530715AG6","FWONA","Formula One Group Series A","Entertainment"
"531229755","FWONK","Formula One Group Series C","Entertainment"
"531229AQ5","FWONK","Formula One Group Series C","Entertainment"
"349853101","FWRD","Forward Air Corp","Integrated Freight & Logistics"
"34986A104","FWRD","Forward Air Corp","Integrated Freight & Logistics"
"33748L101","FWRG","First Watch Restaurant Group","Restaurants"
"46090N103","FXA","Invesco CurrencyShares Australian Dollar Trust","ETF"
"315911750","FXAIX","Fidelity 500 Index","ETF"
"46138M109","FXB","Invesco CurrencyShares British Pound Sterling Trust","ETF"
"46138T104","FXC","Invesco CurrencyShares Canadian Dollar Trust","ETF"
"33734X101","FXD","First Trust Consumer Discretionary AlphaDEX Fundd","ETF"
"46138K103","FXE","Invesco CurrencyShares Euro Currency Trust","ETF"
"886364819","FXED","Sound Enhanced Fixed Income ETF","ETF"
"46138R108","FXF","Invesco CurrencyShares Swiss Franc Trust","ETF"
"33734X119","FXG","First Trust Consumer Staples AlphaDEX Fund","ETF"
"33734X143","FXH","First Trust Health Care AlphaDEX Fund","ETF"
"464287184","FXI","iShares China Large-Cap","ETF"
"33734X176","FXL","First Trust Technology AlphaDEX Fund","ETF"
"33734X127","FXN","First Trust Energy AlphaDEX Fund","ETF"
"32106V107","FXNC","First National Corporation","Banks - Regional"
"33734X135","FXO","First Trust Financials AlphaDEX Fund","ETF"
"74347B227","FXP","ProShares UltraShort FTSE China 50","ETF"
"33734X150","FXR","First Trust Industrials/Producer Durables AlphaDEX Fund","ETF"
"33734X184","FXU","First Trust Utilities AlphaDEX Fund","ETF"
"46138W107","FXY","Invesco Currencyshares Japan","ETF"
"33734X168","FXZ","First Trust Materials AlphaDEX Fund","ETF"
"35909D109","FYBR","Frontier Communications Parent Inc","Telecom Services"
"33737M300","FYC","First Trust Small Cap Growth AlphaDEX Fund","ETF"
"31624J729","FYEE","Fidelity Yield Enhanced Equity ETF","ETF"
"132061300","FYLD","Cambria Foreign Shareholder Yield ETF","ETF"
"37960A768","FYLG","Global X Financials Covered Call & Growth ETF","ETF"
"33737M409","FYT","First Trust Small Cap Value AlphaDEX Fund","ETF"
"33734Y109","FYX","First Trust Small Cap Core AlphaDEX Fund","ETF"
"G3922B107","G","Genpact Limited","Information Technology Services"
"132061607","GAA","Cambria Global Asset Allocation ETF","ETF"
"362397101","GAB","The Gabelli Equity Trust Inc","Asset Management"
"373865104","GABC","German American Bancorp Inc","Banks - Regional"
"36261K400","GABF","Gabelli Financial Services Opportunities ETF","ETF"
"399874775","GAFFX","American Funds The Growth Fund of America® Class F3","ETF"
"36269P104","GAIA","Gaia Inc","Entertainment"
"376546107","GAIN","Gladstone Investment Corporation","Asset Management"
"78467V400","GAL","SPDR SSgA Global Allocation ETF","ETF"
"36321W105","GALDY","Galderma Group AG","Drug Manufacturers - Specialty & Generic"
"363225202","GALT","Galectin Therapeutics Inc","Biotechnology"
"368802104","GAM","General American Investors Company Inc","Asset Management"
"36468G103","GAME","GameSquare Holdings Inc","Electronic Gaming & Multimedia"
"032108615","GAMR","Amplify Video Game Leaders ETF","ETF"
"G3728V109","GAN","Gan Ltd","Gambling"
"36269B105","GANX","Gain Therapeutics Inc","Biotechnology"
"364760108","GAP","Gap Inc","Apparel Retail"
"33740F458","GAPR","FT Vest US Equity Moderate Buffer ETF - April","ETF"
"46436E403","GARP","iShares Trust - iShares MSCI USA Quality GARP ETF","ETF"
"Y81669106","GASS","Stealthgas Inc","Marine Shipping"
"56608A113","GATE","Marblegate Acquisition Corp","Shell Companies"
"368036109","GATO","Gatos Silver Inc","Silver"
"361448103","GATX","GATX Corporation","Rental & Leasing Services"
"36352H100","GAU","Galiano Gold Inc","Gold"
"33740U653","GAUG","FT Vest US Equity Moderate Buffer ETF - August","ETF"
"M4757U106","GAUZ","Gauzy Ltd","Electronic Components"
"H33700107","GB","Global Blue Group Holding Ag","Information Technology Services"
"401664107","GBAB","Guggenheim Taxable Municipal Bond & Investment Grade Debt Trust","Asset Management"
"38963U108","GBAT","Grayscale Basic Attention","ETF"
"37961B104","GBBK","Global Blockchain Acquisition Corp","Shell Companies"
"37961B112","GBBKR","Global Blockchain Acquisition Corp","Shell Companies"
"37961B120","GBBKW","Global Blockchain Acquisition Corp","Shell Companies"
"37637Q105","GBCI","Glacier Bancorp Inc","Banks - Regional"
"38173M102","GBDC","Golub Capital BDC Inc","Asset Management"
"36840V109","GBERY","Geberit AG","Building Products & Equipment"
"464288596","GBF","iShares Government/Credit Bond ETF","ETF"
"36166F100","GBFH","GBank Financial Holdings Inc","Banks - Regional"
"H33700115","GBGWF","Global Blue Group Holding Ag","Information Technology Services"
"381430529","GBIL","Goldman Sachs Access Treasury 0-1 Year ETF","ETF"
"46138G623","GBLD","Invesco MSCI Green Building ETF","ETF"
"37959R103","GBLI","Global Indemnity Group LLC","Insurance - Property & Casualty"
"38149W473","GBND","Goldman Sachs Core Bond ETF","ETF"
"40052P107","GBOOY","Grupo Financiero Banorte SAB de CV","Banks - Regional"
"643611106","GBR","New Concept Energy Inc","Real Estate Services"
"389637109","GBTC","Grayscale Bitcoin Trust ETF","ETF"
"37890B100","GBTG","Global Business Travel Group","Travel Services"
"06747D809","GBUG","Sprott Active Gold & Silver Miners ETF","ETF"
"85208P865","GBUG","Sprott Active Gold & Silver Miners ETF","ETF"
"38149W788","GBUY","Goldman Sachs Future Consumer Equity ETF","ETF"
"393657101","GBX","The Greenbrier Companies Inc","Railroads"
"38149W531","GBXA","Goldman Sachs ETF Trust Goldman","ETF"
"38149W523","GBXB","Goldman Sachs US Large Cap Buffer 2 ETF","ETF"
"38149W515","GBXC","Goldman Sachs US Large Cap Buffer 3 ETF","ETF"
"36261K509","GCAD","Gabelli Commercial Aerospace & Defense ETF","ETF"
"38149W564","GCAL","Goldman Sachs Dynamic California Municipal Income ETF","ETF"
"394357107","GCBC","Greene County Bancorp Inc","Banks - Regional"
"97717Y683","GCC","WisdomTree Enhanced Commodity Strategy Fund","ETF"
"G4092C107","GCDT","Green Circle Decarbonize Techno","Specialty Industrial Machinery"
"G3793T104","GCGR","General Catalyst Global Resilience Merger Corp","Shell Companies"
"G3793T120","GCGRW","General Catalyst Global Resilience Merger Corp","Shell Companies"
"G3777K103","GCL","GCL Global Holdings Ltd","Electronic Gaming & Multimedia"
"38149W754","GCLN","Goldman Sachs Bloomberg Clean Energy Equity ETF","ETF"
"36831E108","GCMG","GCM Grosvenor Capital Management Inc","Asset Management"
"36831E116","GCMGW","GCM Grosvenor Capital Management Inc","Asset Management"
"371532102","GCO","Genesco Inc","Apparel Retail"
"38149W101","GCOR","Goldman Sachs Access US Aggregate Bond ETF","ETF"
"69374H709","GCOW","Pacer Global Cash Cows Dividend ETF","ETF"
"G38644103","GCT","GigaCloud Technology Inc","Software - Infrastructure"
"45824Q606","GCTK","GlucoTrack Inc","Medical Instruments & Supplies"
"36170N107","GCTS","GCT Semiconductor Holding Inc","Semiconductors"
"36170N115","GCTSWS","GigaCloud Technology Inc","Software - Infrastructure"
"36240B109","GCV","The Gabelli Convertible and Income Securities Fund Inc","Asset Management"
"369550108","GD","General Dynamics Corp","Aerospace & Defense"
"19200A204","GDC","GD Culture Group Limited","Electronic Gaming & Multimedia"
"380237107","GDDY","GoDaddy Inc","Software - Infrastructure"
"97717Y568","GDE","WisdomTree Efficient Gold Plus Equity Strategy Fund","ETF"
"33740U679","GDEC","FT Vest US Equity Moderate Buffer ETF - December","ETF"
"381013101","GDEN","Golden Entertainment Inc","Resorts & Casinos"
"G6529J118","GDEVW","GDEV Inc","Electronic Gaming & Multimedia"
"41151J703","GDIV","Harbor Dividend Growth Leaders ETF","ETF"
"361570104","GDL","The GDL Fund","Asset Management"
"G40705108","GDLC","Grayscale CoinDesk Crypto 5 ETF","ETF"
"02072L870","GDMA","Gadsden Dynamic Multi-Asset ETF","ETF"
"97717Y550","GDMN","WisdomTree Efficient Gold Plus Gold Miners Strategy Fund","ETF"
"95790C107","GDO","Western Asset Global Corporate Defined Opportunity Fund Inc","Asset Management"
"38149W770","GDOC","Goldman Sachs Future Health Care Equity ETF","ETF"
"39304D102","GDOT","Green Dot Corporation","Credit Services"
"38246G108","GDRX","GoodRx Holdings Inc","Health Information Services"
"36165L108","GDS","Ramsay Générale de Santé SA","Information Technology Services"
"38136Y128","GDSTR","Goldenstone Acquisition Ltd","Shell Companies"
"38136Y110","GDSTW","Goldenstone Acquisition Ltd","Shell Companies"
"Y1R80M106","GDTC","Cytomed Therapeutics Limited","Biotechnology"
"36242H104","GDV","The Gabelli Dividend & Income Trust","Asset Management"
"92189F106","GDX","VanEck Gold Miners ETF","ETF"
"92189F791","GDXJ","VanEck Junior Gold Miners ETF","ETF"
"063679542","GDXU","MicroSectors Gold Miners 3X Leveraged ETNs","ETF"
"88634T881","GDXY","YieldMax Gold Miners Option Income Strategy ETF","ETF"
"39813G109","GDYN","Grid Dynamics Holdings Inc","Information Technology Services"
"369604301","GE","GE Aerospace","Aerospace & Defense"
"690045109","GEAR","Revelyst Inc","Leisure"
"372452300","GEBHY","Genting Berhad","Resorts & Casinos"
"390320703","GECC","Great Elm Capital Corp","Asset Management"
"397624107","GEF","Greif Inc","Packaging & Containers"
"397624206","GEFB","Greif Inc","Packaging & Containers"
"39037G109","GEG","Great Elm Group Inc","Asset Management"
"36266G107","GEHC","GE HealthCare","Medical Devices"
"371927104","GEL","Genesis Energy L.P.","Oil & Gas Midstream"
"36847Q202","GELHY","Geely Automobile Holdings Ltd","Auto Manufacturers"
"Q3978B109","GELS","Gelteq Limited","Drug Manufacturers - Specialty & Generic"
"381430206","GEM","Goldman Sachs ActiveBeta Emerging Markets Equity ETF","ETF"
"381430388","GEMD","Goldman Sachs Access Emerging Markets USD Bond ETF","ETF"
"36866J105","GEMI","Gemini Space Station Inc","Capital Markets"
"668771108","GEN","Gen Digital Inc","Software - Infrastructure"
"370920100","GENB","Generate Biomedicines Inc","Biotechnology"
"368678108","GENC","Gencor Industries Inc","Farm & Heavy Construction Machinery"
"G3934V109","GENI","Genius Sports Limited","Internet Content & Information"
"36870C104","GENK","Gen Restaurent Group","Restaurants"
"84858T780","GENM","Genter Capital Municipal Quality Intermediate ETF","ETF"
"84858T798","GENT","Genter Capital Taxable Quality Intermediate ETF","ETF"
"668771116","GENVR","Gen Digital Inc","Software - Infrastructure"
"92189F882","GENZ","VanEck ETF Trust - VanEck Digital Native Economy ETF","ETF"
"36162J106","GEO","The GEO Group","Security & Protection Services"
"37364X109","GEOS","Geospace Technologies Corp","Oil & Gas Equipment & Services"
"374163103","GERN","Geron Corp","Biotechnology"
"401617105","GES","Guess Inc","Apparel Retail"
"37427G101","GETR","Getaround Inc","Software - Application"
"374275105","GETY","Getty Images Holdings Inc","Internet Content & Information"
"36828A101","GEV","GE Vernova Inc","Specialty Industrial Machinery"
"374396406","GEVO","Gevo Inc","Specialty Chemicals"
"46143U518","GEVX","Tradr 2X Long GEV Daily ETF","ETF"
"644465106","GF","The New Germany Fund Inc","Asset Management"
"G4236L138","GFAI","Guardforce AI Co Ltd","Security & Protection Services"
"33740U737","GFEB","FT Vest US Equity Moderate Buffer ETF - February","ETF"
"398433102","GFF","Griffon Corp","Building Products & Equipment"
"02072L789","GFGF","Guru Favorite Stocks ETF","ETF"
"38059T106","GFI","Gold Fields Limited","Gold"
"36168Q104","GFL","GFL Environmental Inc","Waste Management"
"92647X764","GFLW","VictoryShares Free Cash Flow Growth ETF","ETF"
"39525U107","GFR","Greenfire Resources Ltd","Oil & Gas E&P"
"G39387108","GFS","GlobalFoundries Inc","Semiconductors"
"399909100","GGAL","Grupo Financiero Galicia S.A","Banks - Regional"
"373737105","GGB","Gerdau SA","Steel"
"384109104","GGG","Graco Inc","Specialty Industrial Machinery"
"25461A841","GGLL","Direxion Daily GOOGL Bull 2X Shares","ETF"
"25461A601","GGLS","Direxion Daily GOOGL Bear 1X Shares","ETF"
"66538F157","GGM","GGM Macro Alignment ETF","ETF"
"46137V696","GGME","Invesco Next Gen Media and Gaming ETF","ETF"
"36465A109","GGN","GAMCO Global Gold, Natural Resources & Income Trust","Asset Management"
"092528835","GGOV","iShares Global Government Bond USD Hedged Active ETF","ETF"
"G9491K113","GGROW","Gogoro Inc","Auto Manufacturers"
"37892C106","GGRP","Glimpse Group Inc","Software - Infrastructure"
"36261K202","GGRW","Gabelli Growth Innovators ETF","ETF"
"36239Q109","GGT","The Gabelli Multimedia Trust Inc","Asset Management"
"36261K301","GGTL","Gabelli ETFs Trust - Gabelli Global Technology Leaders ETF","ETF"
"38149W598","GGUS","Goldman Sachs MarketBeta Russell 1000 Growth Equity ETF","ETF"
"36249W104","GGZ","The Gabelli Global Small and Mid Cap Value Trust","Asset Management"
"40131M109","GH","Guardant Health Inc","Diagnostics & Research"
"40131MAB5","GH","Guardant Health Inc","Diagnostics & Research"
"40131MAD1","GH","Guardant Health Inc","Diagnostics & Research"
"384637104","GHC","Graham Holdings Company","Education & Training Services"
"39579V100","GHG","Greentree Hospitality Group","Lodging"
"02364V206","GHI","Greystone Housing Impact Investors LP","Mortgage Finance"
"40172N107","GHLD","Guild Holdings Company","Mortgage Finance"
"384556106","GHM","Graham Corp","Specialty Industrial Machinery"
"19423L490","GHMS","Goose Hollow Multi-Strategy Income ETF","ETF"
"G3855L106","GHRS","GH Research plc","Biotechnology"
"19423L573","GHTA","Goose Hollow Tactical Allocation ETF","ETF"
"G40008123","GHXIU","Gores Holdings XI Inc","Shell Companies"
"69346J106","GHY","PGIM Global High Yield Fund Inc","Asset Management"
"381430453","GHYB","Goldman Sachs Access High Yield Corporate Bond ETF","ETF"
"464286178","GHYG","iShares US & International High Yield Corp Bond ETF","ETF"
"38142Y583","GHYIX","Goldman Sachs High Yield Municipal Fund Institutional","ETF"
"88636J162","GIAX","Nicholas Global Equity and Income ETF","ETF"
"12532H104","GIB","CGI Group Inc","Information Technology Services"
"G38617109","GIBO","Gibo Holdings Ltd","Internet Content & Information"
"G38617117","GIBOW","Gibo Holdings Ltd","Internet Content & Information"
"37892E102","GIC","Global Industrial Company","Industrial Distribution"
"402307102","GIFI","Gulf Island Fabrication Inc","Metal Fabrication"
"74940T104","GIFT","Giftify Inc","Internet Content & Information"
"381430479","GIGB","Goldman Sachs Access Investment Grade Corporate Bond ETF","ETF"
"G38648112","GIGGU","GigCapital7 Corp","Shell Companies"
"38149W465","GIGL","Goldman Sachs Corporate Bond ETF","ETF"
"Y2711Y112","GIGM","Gigamedia Ltd","Electronic Gaming & Multimedia"
"78463X855","GII","SPDR S&P Global Infrastructure ETF","ETF"
"36237H101","GIII","G-III Apparel Group","Apparel Manufacturing"
"398438200","GIKLY","Grifols SA","Drug Manufacturers - General"
"375916103","GIL","Gildan Activewear Inc","Apparel Manufacturing"
"375558103","GILD","Gilead Sciences Inc","Drug Manufacturers - General"
"M51474118","GILT","Gilat Satellite Networks Ltd","Communication Equipment"
"38149W481","GIND","Goldman Sachs India Equity ETF","ETF"
"38149W820","GINN","Goldman Sachs Innovate Equity ETF","ETF"
"74933W262","GINX","SGI Enhanced Global Income ETF","ETF"
"37149D204","GIPR","Generation Income Properties Inc","REIT - Diversified"
"37149D113","GIPRW","Generation Income Properties Inc","REIT - Diversified"
"370334104","GIS","General Mills Inc","Packaged Foods"
"411292204","GITS","Global Interactive Technologies","Internet Content & Information"
"37518W106","GIW","GigCapital8 Corp","Shell Companies"
"G3864J118","GIWWR","GigCapital8 Corp","Shell Companies"
"G3865B106","GIX","GigCapital9 Corp","Shell Companies"
"33740F516","GJAN","FT Vest US Equity Moderate Buffer ETF - January","ETF"
"33740U661","GJUL","FT Vest US Equity Moderate Buffer ETF - July","ETF"
"33740F433","GJUN","FT Vest US Equity Moderate Buffer ETF - June","ETF"
"00768Y370","GK","AdvisorShares Gerber Kawasaki ETF","ETF"
"377322102","GKOS","Glaukos Corp","Medical Devices"
"37959E102","GL","Globe Life Inc","Insurance - Life"
"G3937F101","GLAC","Global Lights Acquisition Co","Shell Companies"
"G3937F119","GLACR","Global Lights Acquisition Co","Shell Companies"
"376535878","GLAD","Gladstone Capital Corp","Asset Management"
"M5216V106","GLBE","Global-E Online Ltd","Internet Retail"
"G19276107","GLBL","Pacer MSCI World Industry Advantage ETF","ETF"
"Y27265126","GLBS","Globus Maritime Limited","Marine Shipping"
"377407101","GLBZ","Glen Burnie Bancorp","Banks - Regional"
"78463V107","GLD","SPDR Gold Shares","ETF"
"390607109","GLDD","Great Lakes Dredge & Dock Corporation","Engineering & Construction"
"38149E101","GLDG","Goldmining Inc","Gold"
"22542D233","GLDI","UBS ETRACS Gold Shares Covered Call ETN","ETF"
"98149E204","GLDM","SPDR Gold MiniShares","ETF"
"98149E303","GLDM","SPDR Gold MiniShares","ETF"
"G39711109","GLE","Global Engine Group Holding","Information Technology Services"
"292554AP7","GLEN","Glencore plc","Other Industrial Metals & Mining"
"88340C883","GLGG","Leverage Shares 2X Long GLXY Daily ETF","ETF"
"36164V602","GLIBA","GCI Liberty Inc - Series A GC","Telecom Services"
"36164V800","GLIBK","GCI Liberty Inc","Telecom Services"
"92189F767","GLIN","VanEck India Growth Leaders ETF","ETF"
"74347W395","GLL","ProShares UltraShort Gold","ETF"
"74347Y698","GLL","ProShares UltraShort Gold","ETF"
"37892F117","GLLIR","Globalink Investment Inc","Shell Companies"
"37892F125","GLLIW","Globalink Investment Inc","Shell Companies"
"37827X100","GLNCY","Glencore plc","Other Industrial Metals & Mining"
"38046YAD3","GLNG","Golar LNG Limited","Oil & Gas Midstream"
"G9456A100","GLNG","Golar LNG Limited","Oil & Gas Midstream"
"18914E106","GLO","Clough Global Opportunities","Asset Management"
"L44385109","GLOB","Globant SA","Information Technology Services"
"37959E300","GLOBE","Globe Textiles (India) Limited","Textile Manufacturing"
"46434V316","GLOF","iShares Global Equity Factor ETF","ETF"
"379598105","GLOO","Gloo Holdings Inc","Software - Application"
"92647X798","GLOW","VictoryShares WestEnd Global Equity ETF","ETF"
"37946R109","GLP","Global Partners LP","Oil & Gas Midstream"
"364097105","GLPEY","Galp Energia SGPS SA","Oil & Gas Integrated"
"36467J108","GLPI","Gaming & Leisure Properties Inc","REIT - Specialty"
"18914C100","GLQ","Clough Global Equity Fund","Asset Management"
"G4095J109","GLRE","Greenlight Capital Re Ltd","Insurance - Reinsurance"
"66538H369","GLRY","Inspire Momentum ETF","ETF"
"396879108","GLSI","Greenwich Lifesciences Inc","Biotechnology"
"37962G110","GLST","Global Star Acquisition Inc","Shell Companies"
"37962G128","GLSTR","Global Star Acquisition Inc","Shell Companies"
"003263100","GLTR","abrdn Physical Precious Metals Basket Shares ETF","ETF"
"36242L105","GLU","The Gabelli Global Utility & Income Trust","Asset Management"
"61225M102","GLUE","Monte Rosa Therapeutics Inc","Biotechnology"
"18913Y103","GLV","Clough Global Dividend and Income Fund","Asset Management"
"219350105","GLW","Corning Inc","Electronic Components"
"88340W681","GLWG","Leverage Shares 2X Long GLW Daily ETF","ETF"
"G37692103","GLXG","Galaxy Payroll Group Ltd","Staffing & Employment Services"
"36317J209","GLXY","Galaxy Digital Inc","Capital Markets"
"38000Q102","GLYC","GlycoMimetics Inc","Biotechnology"
"37045V100","GM","General Motors","Auto Manufacturers"
"372303206","GMAB","Genmab A/S","Biotechnology"
"33740F482","GMAR","FT Vest US Equity Moderate Buffer ETF - March","ETF"
"33740F441","GMAY","FT Vest US Equity Moderate Buffer ETF - May","ETF"
"36467W109","GME","GameStop Corp","Specialty Retail"
"379577208","GMED","Globus Medical Inc","Medical Devices"
"26923Q721","GMEU","T-Rex 2X Long GME Daily Target ETF","ETF"
"36467W117","GMEWS","Gamestop Corp","Electronic Gaming & Multimedia"
"4009E1106","GMEXICOB","Grupo México SAB de CV","Copper"
"88636V462","GMEY","Yieldmax Gme Option Income Strategy ETF","ETF"
"78463X301","GMF","SPDR S&P Emerging Asia Pacific ETF","ETF"
"G3731B108","GMHS","Gamehaus Holdings Inc","Electronic Gaming & Multimedia"
"G3937M114","GMM","Global Mofy AI Limited","Information Technology Services"
"45259A704","GMMA","Gammaroad Market Navigation ETF","ETF"
"09290C749","GMMF","iShares Government Money Market ETF","ETF"
"38149W556","GMNY","Goldman Sachs Dynamic New York Municipal Income ETF","ETF"
"90139K407","GMOI","GMO International Value ETF","ETF"
"132061508","GMOM","Cambria Global Momentum ETF","ETF"
"90139K605","GMOV","GMO US Value ETF","ETF"
"38013D106","GMRS","GMR Solutions Inc","Medical Care Facilities"
"36251C103","GMS","GMS Inc","Industrial Distribution"
"401382106","GMTL","Guardian Metal Resources","Other Precious Metals & Mining"
"38149W549","GMUB","Goldman Sachs Municipal Income ETF","ETF"
"38149W663","GMUN","Goldman Sachs Access Municipal Bond ETF","ETF"
"293603106","GMVHY","Entain Plc","Gambling"
"372427401","GNCAQ","Genocea Biosciences Inc","Biotechnology"
"M4R44V108","GNCL.TA","Gencell Ltd",""
"372284208","GNE","Genie Energy Ltd","Utilities - Regulated Electric"
"372279109","GNFTY","Genfit S.A.","Biotechnology"
"37427X104","GNGBY","Getinge AB","Medical Devices"
"Y2685T131","GNK","Genco Shipping & Trading Ltd","Marine Shipping"
"379378201","GNL","Global Net Lease Inc","REIT - Diversified"
"395330400","GNLN","Greenlane Holdings Inc","Tobacco"
"36870H103","GNLX","Genelux Corporation","Biotechnology"
"46429B333","GNMA","iShares GNMA Bond ETF","ETF"
"37954Y434","GNOM","Global X Genomics & Biotechnology ETF","ETF"
"33740U687","GNOV","FT Vest US Equity Moderate Buffer ETF - November","ETF"
"78463X541","GNR","SPDR S&P Global Natural Resources ETF","ETF"
"368736104","GNRC","Generac Holdings Inc","Specialty Industrial Machinery"
"Y3005A117","GNS","Genius Group Limited","Education & Training Services"
"36872P103","GNSS","Genasys Inc","Scientific & Technical Instruments"
"36465E101","GNT","GAMCO Natural Resources Gold & Income Trust","Asset Management"
"36870W100","GNTA","Genenta Science S.p.A.","Biotechnology"
"371901109","GNTX","Gentex Corp","Auto Parts"
"400764106","GNTY","Guaranty Bancshares Inc Tex","Banks - Regional"
"37247D106","GNW","Genworth Financial Inc","Insurance - Life"
"39874R101","GO","Grocery Outlet Holding Corp","Grocery Stores"
"26922A719","GOAU","U.S. Global GO GOLD and Precious Metal Miners ETF","ETF"
"38046W204","GOCO","Gohealth Inc","Insurance Brokers"
"33740U695","GOCT","FT Vest US Equity Moderate Buffer ETF - October","ETF"
"G4023C119","GODNU","Golden Star Acquisition Corp","Shell Companies"
"13803R300","GOEVQ","Canoo Inc","Auto Manufacturers"
"37954Y863","GOEX","Global X Gold Explorers ETF","ETF"
"40167F101","GOF","Guggenheim Strategic Opportunities Fund","Asset Management"
"392483103","GOFPY","Organization of Football Prognostics SA","Gambling"
"G39637205","GOGL","Golden Ocean Group Ltd","Marine Shipping"
"38046C109","GOGO","Gogo Inc","Telecom Services"
"00181T107","GOLD","Gold.com Inc","Capital Markets"
"005098108","GOLF","Acushnet Holdings Corp","Leisure"
"376536108","GOOD","Gladstone Commercial Corporation","REIT - Diversified"
"02079K107","GOOG","Alphabet Inc","Internet Content & Information"
"02079K305","GOOGL","Alphabet Inc","Internet Content & Information"
"500948609","GOOP","Kurv Yield Premium Strategy Google ETF","ETF"
"135086106","GOOS","Canada Goose Holdings Inc","Apparel Manufacturing"
"26923N595","GOOX","T-Rex 2X Long Alphabet Daily Target ETF","ETF"
"88634T790","GOOY","YieldMax GOOGL Option Income Strategy ETF","ETF"
"886364181","GOP","Unusual Whales Subversive Republican Trading ETF","ETF"
"38045R206","GOQN","Gol Intelligent Airlines Inc","Airlines"
"38068T105","GORO","Gold Resource Corp","Other Precious Metals & Mining"
"52110H100","GORV","Lazydays Holdings Inc","Recreational Vehicles"
"38341P102","GOSS","Gossamer Bio Inc","Biotechnology"
"36257Y109","GOTU","Gaotu Techedu Inc","Education & Training Services"
"46138E107","GOVI","Invesco Equal Weight 0-30 Years Treasury ETF","ETF"
"46429B267","GOVT","iShares US Treasury Bond ETF","ETF"
"373678606","GOVX","GeoVax Labs Inc","Biotechnology"
"373678119","GOVXW","GeoVax Labs Inc","Biotechnology"
"46436E577","GOVZ","iShares 25+ Year Treasury STRIPS Bond ETF","ETF"
"39540E302","GP","GreenPower Motor Company Inc","Farm & Heavy Construction Machinery"
"G3810N106","GPAC","General Purpose Acquisition Corp","Shell Companies"
"G3934P102","GPAC","General Purpose Acquisition Corp","Shell Companies"
"G3810N122","GPACU","General Purpose Acquisition Corp","Shell Companies"
"G3810N114","GPACW","General Purpose Acquisition Corp","Shell Companies"
"G4035N103","GPAT","Gp-Act III Acquisition Corp","Shell Companies"
"G4035N129","GPATW","Gp-Act III Acquisition Corp","Shell Companies"
"372460105","GPC","Genuine Parts Company","Auto Parts"
"86366E106","GPCR","Structure Therapeutics Inc","Biotechnology"
"20459V105","GPGI","GPGI Inc","Metal Fabrication"
"398905109","GPI","Group 1 Automotive Inc","Auto & Truck Dealerships"
"38149W630","GPIQ","Goldman Sachs Nasdaq-100 Premium Income ETF","ETF"
"38149W622","GPIX","Goldman Sachs S&P 500 Premium Income ETF","ETF"
"388689101","GPK","Graphic Packaging Holding Company","Packaging & Containers"
"39115V101","GPLDF","Great Panther Mining","Gold"
"38741L107","GPMT","Granite Point Mortgage Trust Inc","REIT - Mortgage"
"37940X102","GPN","Global Payments Inc","Specialty Business Services"
"37940XAU6","GPN","Global Payments Inc","Specialty Business Services"
"402635502","GPOR","Gulfport Energy Corp","Oil & Gas E&P"
"393222104","GPRE","Green Plains Inc","Chemicals"
"38149W127","GPRF","Goldman Sachs Access US Preferred Stock and Hybrid Securities ETF","ETF"
"G38327105","GPRK","GeoPark Limited","Oil & Gas E&P"
"38268T103","GPRO","GoPro Inc","Consumer Electronics"
"88636R735","GPTY","YieldMax AI & Tech Portfolio Option Income ETF","ETF"
"09175M804","GPUS","Hyperscale Data Inc","Aerospace & Defense"
"92189H649","GPZ","VanEck Alternative Asset Manager ETF","ETF"
"63873X307","GQI","Natixis Gateway Quality Income ETF","ETF"
"02072L185","GQQQ","Astoria US Quality Growth Kings ETF","ETF"
"33939L787","GQRE","FlexShares Global Quality Real Estate Index Fund","ETF"
"G4124C109","GRAB","Grab Holdings Limited","Software - Application"
"G4124C117","GRABW","Grab Holdings Limited","Software - Application"
"384747101","GRAL","Grail Inc","Diagnostics & Research"
"392709101","GRBK","Green Brick Partners Inc","Residential Construction"
"383082104","GRC","Gorman-Rupp Company","Specialty Industrial Machinery"
"00439U104","GRCE","Grace Therapeutics Inc","Biotechnology"
"398501114","GRDI","Griid Infrastructure Inc","Capital Markets"
"40145W101","GRDN","Guardian Pharmacy Services Inc","Medical Care Facilities"
"37954Y319","GREK","Global X MSCI Greece ETF","ETF"
"269451100","GRF","Eagle Capital Growth Fund Inc","Asset Management"
"398438408","GRFS","Grifols SA","Drug Manufacturers - General"
"38867H104","GRFXY","Graphex Group Ltd","Other Industrial Metals & Mining"
"33737A108","GRID","First Trust NASDAQ Clean Edge Smart Grid Infrastructure Index Fund","ETF"
"92647X749","GRIN","VictoryShares International Free Cash Flow Growth ETF","ETF"
"49876K103","GRML","Greenland Mines Ltd","Other Precious Metals & Mining"
"49876K111","GRMLW","Greenland Mines Ltd","Other Precious Metals & Mining"
"H2906T109","GRMN","Garmin Ltd","Scientific & Technical Instruments"
"06747C322","GRN","iPath Series B Carbon ETN","ETF"
"92189F171","GRNB","VanEck Green Bond ETF","ETF"
"39854F101","GRND","Grindr Inc","Software - Application"
"39854F119","GRNDWS","Grindr Inc","Software - Application"
"45259A258","GRNJ","Fundstrat Granny Shots US Small & Mid-Cap ETF","ETF"
"39540F309","GRNQ","Greenpro Capital Corp","Consulting Services"
"30158L100","GRNT","Granite Ridge Resources Inc","Oil & Gas E&P"
"387432107","GRNT","Granite Ridge Resources Inc","Oil & Gas E&P"
"886364231","GRNY","Tidal Trust III - Fundstrat Granny Shots US Large Cap ETF","ETF"
"10586A108","GRO","Brazil Potash Corp","Other Industrial Metals & Mining"
"39957D201","GROV","Grove Collaborative Holdings","Household & Personal Products"
"39957D110","GROVW","Grove Collaborative Holdings","Household & Personal Products"
"902952100","GROW","U.S. Global Investors Inc","Asset Management"
"38071H106","GROY","Gold Royalty Corp","Gold"
"38071H122","GROYWS","Gold Royalty Corp","Gold"
"98888G808","GROZ","Zacks Focus Growth ETF","ETF"
"46137V225","GRPM","Invesco S&P MidCap 400 GARP ETF","ETF"
"399473206","GRPN","Groupon Inc","Internet Content & Information"
"46138G441","GRPZ","Invesco S&P Smallcap 600 GARP ETF","ETF"
"G4000K175","GRRR","Gorilla Technology Group Inc","Software - Infrastructure"
"G3R239101","GRSD","Grandstand Limited","Gambling"
"39868T105","GRTSQ","Gritstone Bio Inc","Biotechnology"
"387437205","GRTUF","Granite Real Estate Investment Trust","REIT - Industrial"
"38911N206","GRVY","Gravity Co Ltd","Electronic Gaming & Multimedia"
"29287L601","GRW","TCW Durable Growth ETF","ETF"
"39986L109","GRWG","Growgeneration Corp","Specialty Retail"
"36246K103","GRX","The Gabelli Healthcare & Wellness Trust","Asset Management"
"38141G104","GS","The Goldman Sachs Group Inc","Capital Markets"
"378973408","GSAT","Globalstar Inc","Telecom Services"
"378973507","GSAT","Globalstar Inc","Telecom Services"
"390905107","GSBC","Great Southern Bancorp Inc","Banks - Regional"
"38147U107","GSBD","Goldman Sachs BDC Inc","Asset Management"
"38142B161","GSBIX","Goldman Sachs Income Builder Fund Institutional","ETF"
"38149W614","GSC","Goldman Sachs Small Cap Equity ETF","ETF"
"381430164","GSEE","Goldman Sachs MarketBeta Emerging Markets Equity ETF","ETF"
"33740U711","GSEP","FT Vest US Equity Moderate Buffer ETF - September","ETF"
"381430305","GSEU","Goldman Sachs ActiveBeta Europe Equity ETF","ETF"
"381430438","GSEW","Goldman Sachs Equal Weight US Large Cap Equity ETF","ETF"
"38149W796","GSFP","Goldman Sachs Future Planet Equity ETF","ETF"
"38145C455","GSFRX","Goldman Sachs High Yield Floating Rate Fund Institutional","ETF"
"46428R107","GSG","iShares S&P GSCI Commodity-Indexed Trust","ETF"
"38267D109","GSHD","Goosehead Insurance Inc","Insurance Brokers"
"G3852D107","GSHR","Gesher Acquisition Corp II","Shell Companies"
"G3852D123","GSHRU","Gesher Acquisition Corp II","Shell Companies"
"G3852D115","GSHRW","Gesher Acquisition Corp II","Shell Companies"
"882927601","GSIB","Themes Global Systemically Important Banks ETF","ETF"
"381430180","GSID","Goldman Sachs MarketBeta International Equity ETF","ETF"
"381430107","GSIE","Goldman Sachs ActiveBeta International Equity ETF","ETF"
"38149W507","GSIG","Goldman Sachs Access Investment Grade Corporate 1-5 Year Bond ETF","ETF"
"38147N293","GSIMX","Goldman Sachs GQG Partners International Opportunities Fund Institutional","ETF"
"38147N285","GSINX","Goldman Sachs GQG Partners International Opportunities Fund","ETF"
"36241U106","GSIT","Gsi Technology Inc","Semiconductors"
"G3730L107","GSIW","Garden Stage Limited","Capital Markets"
"381430404","GSJY","Goldman Sachs ActiveBeta Japan Equity ETF","ETF"
"37733W105","GSK","GSK plc","Drug Manufacturers - General"
"37733W204","GSK","GSK plc","Drug Manufacturers - General"
"74016W874","GSKH","GSK plc hedged","ETF"
"Y27183600","GSL","Global Ship Lease","Marine Shipping"
"381430503","GSLC","Goldman Sachs ActiveBeta US Large Cap Equity ETF","ETF"
"G33856108","GSM","Ferroglobe plc","Other Industrial Metals & Mining"
"886364835","GSPY","Gotham Enhanced 500 ETF","ETF"
"G4R12K107","GSRF","GSR IV Acquisition Corp","Shell Companies"
"G4R12K123","GSRFU","GSR IV Acquisition Corp","Shell Companies"
"381430602","GSSC","Goldman Sachs ActiveBeta US Small Cap Equity ETF","ETF"
"381430230","GSST","Goldman Sachs Ultra Short Bond ETF","ETF"
"381430123","GSUS","Goldman Sachs MarketBeta US Equity ETF","ETF"
"38149W739","GSWO","Goldman Sachs ETF Trust - Goldman Sachs ActiveBeta World Equity ETF","ETF"
"46090A887","GSY","Invesco Ultra Short Duration ETF","ETF"
"382550101","GT","The Goodyear Tire & Rubber Company","Auto Parts"
"36254L308","GTBP","GT Biopharma Inc","Biotechnology"
"38500T200","GTE","Gran Tierra Energy Inc","Oil & Gas E&P"
"38500T101","GTE.L","GRAN TIERRA ENERGY INC",""
"G4095T107","GTEC","Greenland Technologies Holding Corporation","Auto Parts"
"38149W812","GTEK","Goldman Sachs Future Tech Leaders Equity ETF","ETF"
"G4002F109","GTEN","Gores Holdings X Inc","Shell Companies"
"G4002F117","GTENU","Gores Holdings X Inc","Shell Companies"
"G4002F125","GTENW","Gores Holdings X Inc","Shell Companies"
"G3933N116","GTERA","Globa Terra Acquisition Corporation","Shell Companies"
"G3933N108","GTERU","Globa Terra Acquisition Corporation","Shell Companies"
"G39108108","GTES","Gates Industrial Corporation plc","Specialty Industrial Machinery"
"382140879","GTIM","Good Times Restaurants Inc","Restaurants"
"381430362","GTIP","Goldman Sachs Access Inflation Protected USD Bond ETF","ETF"
"37637K108","GTLB","GitLab Inc","Software - Infrastructure"
"16115Q308","GTLS","Chart Industries Inc","Specialty Industrial Machinery"
"16115Q407","GTLSPB","Chart Industries Inc","Specialty Industrial Machinery"
"98980F104","GTM","ZoomInfo Technologies Inc","Software - Application"
"389375106","GTN","Gray Media Inc","Broadcasting"
"389375205","GTNA","Gray Media Inc","Broadcasting"
"46090A804","GTO","Invesco Total Return Bond ETF","ETF"
"46090A754","GTOH","Invesco Actively Managed Exchange-Traded Fund Trust - Invesco Short Duration High Yield ETF","ETF"
"38149W432","GTOP","Goldman Sachs Technology Opportunities ETF","ETF"
"46090A853","GTOQ","Invesco High Yield Systematic Bond ETF","ETF"
"46090A739","GTOS","Invesco Short Duration Total Return Bond ETF","ETF"
"97717Y675","GTR","WisdomTree Target Range Fund","ETF"
"362393308","GTTNQ","GTT Communications Inc","Telecom Services"
"366505105","GTX","Garrett Motion Inc","Auto Parts"
"374297109","GTY","Getty Realty Corp","REIT - Retail"
"40170T106","GUG","Guggenheim Active Allocation Fund","Asset Management"
"38149W572","GUMI","Goldman Sachs Ultra Short Municipal Income ETF","ETF"
"33939L407","GUNR","FlexShares Morningstar Global Upstream Natural Resources Index Fund","ETF"
"40251W408","GURE","Gulf Resources Inc","Chemicals"
"37950E341","GURU","Global X Guru Index ETF","ETF"
"38150W107","GUSA","Goldman Sachs MarketBeta US 1000 Equity ETF","ETF"
"38149W424","GUSE","Goldman Sachs Enhanced US Equity ETF","ETF"
"25460G500","GUSH","Direxion Daily S&P Oil & Gas Exp. & Prod. Bull 2X Shares","ETF"
"36240A101","GUT","The Gabelli Utility Trust","Asset Management"
"35168W103","GUTS","Fractyl Health Inc","Biotechnology"
"387328107","GVA","Granite Construction Incorporated","Engineering & Construction"
"387328AF4","GVA","Granite Construction Incorporated","Engineering & Construction"
"37636P108","GVDNY","Givaudan SA","Specialty Chemicals"
"G3R39B108","GVH","Globavend Holdings Limited","Integrated Freight & Logistics"
"92838F200","GVHGF","Visionary Holdings Inc","Education & Training Services"
"464288612","GVI","iShares Intermediate Government/Credit Bond ETF","ETF"
"381430545","GVIP","Goldman Sachs Hedge Industry VIP ETF","ETF"
"886364520","GVLU","Gotham 1000 Value ETF","ETF"
"36227K205","GVP","GSE Systems Inc","Software - Application"
"38149W580","GVUS","Goldman Sachs MarketBeta Russell 1000 Value Equity ETF","ETF"
"57630J403","GWAV","Greenwave Technology Solutions Inc","Waste Management"
"26916J106","GWH","ESS Tech Inc","Electrical Equipment & Parts"
"26916J114","GWHWW","ESS Tech Inc","Electrical Equipment & Parts"
"40171V100","GWRE","Guidewire Software Inc","Software - Application"
"40171VAC4","GWRE","Guidewire Software Inc","Software - Application"
"379463102","GWRS","Global Water Resources Inc","Utilities - Regulated Water"
"384802104","GWW","W. W. Grainger","Industrial Distribution"
"78463X871","GWX","SPDR S&P International Small Cap ETF","ETF"
"62911P300","GXAI","Gaxos.ai Inc","Electronic Gaming & Multimedia"
"78463X400","GXC","SPDR S&P China ETF","ETF"
"37954Y418","GXDW","Global X Dorsey Wright Thematic ETF","ETF"
"37960A339","GXIG","Global X Investment Grade Corporate Bond ETF","ETF"
"36262G101","GXO","GXO Logistics Inc","Integrated Freight & Logistics"
"38150W206","GXUS","Goldman Sachs MarketBeta(R) Total International Equity ETF","ETF"
"36318L203","GXYYY","Galaxy Entertainment Group","Resorts & Casinos"
"9HH6I95U4","GYG","Guzman Y Gomez Ltd","Restaurants"
"38144N213","GYIRX","Goldman Sachs High Yield Municipal Fund Investor","ETF"
"04273H104","GYLD","Arrow Dow Jones Global Yield ETF","ETF"
"403783103","GYRE","Gyre Therapeutics Inc","Biotechnology"
"403829104","GYRO","Gyrodyne LLC","Real Estate Services"
"448579102","H","Hyatt Hotels Corporation","Lodging"
"411511504","HACAX","Harbor Capital Appreciation Fund","ETF"
"032108664","HACK","Amplify Cybersecurity ETF","ETF"
"26924G201","HACK","Amplify Cybersecurity ETF","ETF"
"G4365S102","HACQ","HCM IV Acquisition Corp","Shell Companies"
"G4365S128","HACQU","HCM IV Acquisition Corp","Shell Companies"
"G4365S110","HACQW","HCM IV Acquisition Corp","Shell Companies"
"405024100","HAE","Haemonetics Corporation","Medical Devices"
"405024AB6","HAE","Haemonetics Corporation","Medical Devices"
"405024AD2","HAE","Haemonetics Corporation","Medical Devices"
"410495204","HAFC","Hanmi Financial Corp","Banks - Regional"
"Y2990R101","HAFN","Hafnia Limited","Marine Shipping"
"42701C107","HAGHY","Hensoldt AG","Aerospace & Defense"
"78468R689","HAIL","SPDR S&P Kensho Smart Mobility ETF","ETF"
"405217100","HAIN","Hain Celestial Group Inc","Packaged Foods"
"405305103","HAITY","Haitong Securities Co","Capital Markets"
"406216101","HAL","Halliburton Co","Oil & Gas Equipment & Services"
"40637C308","HALMY","Halma plc","Conglomerates"
"40637H109","HALO","Halozyme Therapeutics Inc","Biotechnology"
"40637HAD1","HALO","Halozyme Therapeutics Inc","Biotechnology"
"40637HAF6","HALO","Halozyme Therapeutics Inc","Biotechnology"
"G4290F118","HAO","Haoxi Health Technology Ltd","Advertising Agencies"
"92189F841","HAP","VanEck Natural Resources ETF","ETF"
"41151J877","HAPI","Harbor Human Capital Factor US Large Cap ETF","ETF"
"52603A208","HAPN","Happen Inc","Banks - Regional"
"45783Y327","HAPR","Innovator Premium Income 9 Buffer ETF - April","ETF"
"82889N566","HARD","Simplify Commodities Strategy No K-1 ETF","ETF"
"45409B321","HART","NYLI Healthy Hearts ETF","ETF"
"418056107","HAS","Hasbro Inc","Leisure"
"41068X100","HASI","HA Sustainable Infrastructure Capital Inc","Asset Management"
"886364587","HAUS","Residential REIT ETF","ETF"
"233051846","HAUZ","Xtrackers International Real Estate ETF","ETF"
"G4330A103","HAVA","Harvard Ave Acquisition Corporation","Shell Companies"
"420201105","HAWK","HawkEye 360 Inc","Aerospace & Defense"
"46435G847","HAWX","iShares Currency Hedged MSCI ACWI ex US ETF","ETF"
"420877201","HAYN","Haynes International Inc","Steel"
"421298100","HAYW","Hayward Holdings Inc","Electrical Equipment & Parts"
"446150104","HBAN","Huntington Bancshares Inc","Banks - Regional"
"40701T104","HBB","Hamilton Beach Brands Holding Company","Furnishings, Fixtures & Appliances"
"43689E107","HBCP","Home Bancorp Inc","Banks - Regional"
"88636V744","HBDC","Hilton Bdc Corporate Bond ETF","ETF"
"410345102","HBI","Hanesbrands Inc","Apparel Manufacturing"
"443628102","HBM","Hudbay Minerals","Copper"
"G5212E113","HBNB","Hotel101 Global Holdings Corp","Real Estate Services"
"440407104","HBNC","Horizon Bancorp Inc","Banks - Regional"
"404111106","HBT","HBT Financial Inc","Banks - Regional"
"40412C101","HCA","HCA Healthcare Inc","Medical Care Facilities"
"G42386105","HCAC","Hall Chadwick Acquisition Corp","Shell Companies"
"G42386113","HCACR","Hall Chadwick Acquisition Corp","Shell Companies"
"G42386121","HCACU","Hall Chadwick Acquisition Corp","Shell Companies"
"G4645R114","HCAI","Huachen AI Parking Management Technology Holding Co Ltd","Farm & Heavy Construction Machinery"
"42225T107","HCAT","Health Catalyst Inc","Health Information Services"
"42225TAB3","HCAT","Health Catalyst Inc","Health Information Services"
"93627C101","HCC","Warrior Met Coal Inc","Coking Coal"
"G4337R109","HCHL","Happy City Holdings Limited","Restaurants"
"40416E103","HCI","HCI Group Inc","Insurance - Property & Casualty"
"42589T107","HCIC","Hennessy Capital Investment Corp VIII","Shell Companies"
"G44055104","HCIC","Hennessy Capital Investment Corp VIII","Shell Companies"
"G44055120","HCICR","Hennessy Capital Investment Corp VIII","Shell Companies"
"404609109","HCKT","Hackett Group Inc","Information Technology Services"
"44842L103","HCM","Hutchmed China Ltd","Drug Manufacturers - Specialty & Generic"
"G4365E103","HCMA","HCM III Acquisition Corp","Shell Companies"
"G4365E129","HCMAU","HCM III Acquisition Corp","Shell Companies"
"G4365E111","HCMAW","HCM III Acquisition Corp","Shell Companies"
"43475E105","HCMLY","Holcim Ltd","Building Materials"
"25461A726","HCMT","Direxion HCM Tactical Enhanced US Equity Strategy ETF","ETF"
"41653L867","HCOM","Hartford Schroders Commodity Strategy ETF","ETF"
"032108680","HCOW","Amplify COWS Covered Call ETF","ETF"
"418100103","HCP","Hashicorp Inc","Software - Infrastructure"
"41653L701","HCRB","Hartford Core Bond ETF","ETF"
"421906108","HCSG","Healthcare Services Group Inc","Medical Care Facilities"
"42227W306","HCTI","Healthcare Triangle Inc","Health Information Services"
"42600H116","HCVIW","Hennessy Capital Investment Corp","Shell Companies"
"40423R105","HCWB","HCW Biologics Inc","Biotechnology"
"42227T105","HCWC","Healthy Choice Wellness Corp","Packaged Foods"
"437076102","HD","Home Depot Inc","Home Improvement Retail"
"40415F101","HDB","HDFC Bank Limited","Banks - Regional"
"233051630","HDEF","Xtrackers MSCI EAFE High Dividend Yield Equity ETF","ETF"
"74347X294","HDG","ProShares Hedge Replication ETF","ETF"
"00768Y412","HDGE","AdvisorShares Ranger Equity Bear ETF","ETF"
"86803S106","HDL","Super Hi International Holding Ltd","Restaurants"
"42281P304","HDLMY","HEIDELBERG MATERIALS ADR","Building Materials"
"33739P871","HDMV","First Trust Horizon Managed Volatility Developed International ETF","ETF"
"G38648104","HDRN","Hadron Energy","Specialty Industrial Machinery"
"G38648120","HDRNW","Hadron Energy","Specialty Industrial Machinery"
"26922B436","HDRO","Defiance Next Gen H2 ETF","ETF"
"444144109","HDSN","Hudson Technologies Inc","Specialty Chemicals"
"518416870","HDUS","Hartford Disciplined US Equity ETF","ETF"
"46429B663","HDV","iShares Core High Dividend ETF","ETF"
"419870100","HE","Hawaiian Electric Industries","Utilities - Regulated Electric"
"89157W509","HEAT","Touchstone Climate Transition ETF","ETF"
"78470P648","HECO","SPDR Galaxy Hedged Digital Asset Ecosystem ETF","ETF"
"81752T411","HEDG","Equable Shares Hedged Equity ETF","ETF"
"97717X701","HEDJ","WisdomTree Europe Hedged Equity Fund","ETF"
"46434G509","HEEM","iShares Currency Hedged MSCI Emerging Markets ETF","ETF"
"404030108","HEES","H & E Equipment Services Inc","Rental & Leasing Services"
"46434V803","HEFA","iShares Currency Hedged MSCI EAFE ETF","ETF"
"53656F599","HEGD","Swan Hedged Equity US Large Cap ETF","ETF"
"42551N104","HEGIY","Hengan International Group Company Limited","Household & Personal Products"
"422806109","HEI","HEICO Corporation","Aerospace & Defense"
"422806208","HEIA","HEICO Corporation","Aerospace & Defense"
"423012301","HEINY","Heineken N.V.","Beverages - Brewers"
"N39338194","HEIO","Heineken Holding N.V.","Beverages - Brewers"
"G4388N106","HELE","Helen Of Troy Ltd","Household & Personal Products"
"46654Q724","HELO","JPMorgan Hedged Equity Laddered Overlay ETF","ETF"
"23256X407","HELP","Cybin D/B/A Helus Pharma","Biotechnology"
"35473P520","HELX","Franklin Genomic Advancements ETF","ETF"
"D3207M110","HEN3.DE","Henkel AG & Co KGaA","Household & Personal Products"
"42550U109","HENKY","Henkel AG & Co","Household & Personal Products"
"42550U208","HENOY","Henkel AG & Co KGaA","Household & Personal Products"
"426897302","HEPA","Hepion Pharmaceuticals Inc","Biotechnology"
"23292B104","HEPS","D-Market Elektronik Hizmetler ve Ticaret AS","Internet Retail"
"47804L102","HEQ","John Hancock Diversified Income Fund","Asset Management"
"46654Q625","HEQQ","JPMorgan Nasdaq Hedged Equity Laddered Overlay ETF","ETF"
"82889N764","HEQT","Simplify Hedged Equity ETF","ETF"
"69374H659","HERD","Pacer Cash Cows Fund of Funds ETF","ETF"
"74767N107","HERE","Here Group Limited","Leisure"
"37954Y392","HERO","Global X Video Games & Esports ETF","ETF"
"42809H107","HES","Hess Corp","Oil & Gas E&P"
"42751Q105","HESAY","Hermès International Société en commandite par actions","Luxury Goods"
"428103105","HESM","Hess Midstream LP","Oil & Gas Midstream"
"46434V886","HEWJ","iShares Currency Hedged MSCI Japan ETF","ETF"
"W4R431112","HEXABS.XC","Hexagon AB","Scientific & Technical Instruments"
"46434V639","HEZU","iShares Currency Hedged MSCI Eurozone ETF","ETF"
"88636J501","HF","DGA Core Plus Absolute Return ETF","ETF"
"40417F109","HFFG","Hf Foods Group Inc","Food Distribution"
"41653L883","HFGO","Hartford Large Cap Growth ETF","ETF"
"886364439","HFND","Unlimited Multi-Strategy Return Tracker ETF","ETF"
"43010E404","HFRO","Highland Opportunities and Income Fund","Asset Management"
"41653L875","HFSI","Hartford Strategic Income ETF","ETF"
"45259A407","HFSP","TradersAI Large Cap Equity & Cash ETF","ETF"
"42722X106","HFWA","Heritage Financial Corporation","Banks - Regional"
"45409B560","HFXI","NYLI FTSE International Equity Currency Neutral ETF","ETF"
"G42706104","HG","Hamilton Insurance Group Ltd","Insurance - Reinsurance"
"42727E103","HGBL","Heritage Global Inc","Capital Markets"
"41151J505","HGER","Harbor Commodity All-Weather Strategy ETF","ETF"
"739197200","HGKGY","Power Assets Holdings Limited","Utilities - Independent Power Producers"
"43010T104","HGLB","Highland Global Allocation Fund","Asset Management"
"26923Q739","HGRO","Hedgeye Quality Growth ETF","ETF"
"405166109","HGTY","Hagerty Inc","Insurance - Property & Casualty"
"43283X105","HGV","Hilton Grand Vacations Inc","Resorts & Casinos"
"44267D107","HHH","Howard Hughes Holdings Inc","Real Estate - Development"
"44267T102","HHH","Howard Hughes Holdings Inc","Real Estate - Development"
"42207L106","HHRUDR","HeadHunter Group plc","Staffing & Employment Services"
"416196202","HHS","Harte Hanks Inc","Conglomerates"
"431571108","HI","Hillenbrand Inc","Specialty Industrial Machinery"
"428567101","HIBB","Hibbett Inc","Specialty Retail"
"25460G856","HIBL","Direxion Daily S&P 500 High Beta Bull 3X Shares","ETF"
"25460E224","HIBS","Direxion Daily S&P 500 High Beta Bear 3X Shares","ETF"
"02072L631","HIDE","Alpha Architect High Inflation And Deflation ETF","ETF"
"00039J400","HIDV","AB US High Dividend ETF","ETF"
"433323102","HIFS","Hingham Institution for Savings","Banks - Regional"
"416515104","HIG","Hartford Insurance Group Inc","Insurance - Diversified"
"82889N632","HIGH","Simplify Enhanced Income ETF","ETF"
"G4481U106","HIHO","Highway Holdings Limited","Metal Fabrication"
"446413106","HII","Huntington Ingalls Industries Inc","Aerospace & Defense"
"433000106","HIMS","Hims & Hers Health Inc","Drug Manufacturers - Specialty & Generic"
"092528843","HIMU","iShares High Yield Muni Active ETF","ETF"
"43289P106","HIMX","Himax Technologies Inc","Semiconductors"
"88636R248","HIMZ","Defiance Daily Target 2X Long HIMS ETF","ETF"
"95766K109","HIO","Western Asset High Income Opportunity Fund Inc","Asset Management"
"433539103","HIPO","Hippo Holdings Inc","Insurance - Property & Casualty"
"433539202","HIPO","Hippo Holdings Inc","Insurance - Property & Casualty"
"38747R306","HIPS","GraniteShares HIPS US High Income ETF","ETF"
"33739Q309","HISF","First Trust High Income Strategic Focus ETF","ETF"
"42217D102","HIT","Health In Tech Inc","Software - Application"
"42981E401","HITI","High Tide Inc","Pharmaceutical Retailers"
"43366H704","HIVE","Hive Digital Technologies Ltd","Capital Markets"
"433921103","HIVE","Hive Digital Technologies Ltd","Capital Markets"
"431284108","HIW","Highwoods Properties Inc","REIT - Office"
"95766J102","HIX","Western Asset High Income Fund II Inc","Asset Management"
"88636V454","HIYY","YieldMax HIMS Option Income Strategy ETF","ETF"
"45783Y194","HJUL","Innovator Premium Income 9 Buffer ETF - July","ETF"
"00180N101","HKD","AMTD Digital Inc","Software - Application"
"423008101","HKHHY","Heineken Holding NV","Beverages - Brewers"
"G45139105","HKIT","Hitek Global Inc","Information Technology Services"
"444869101","HKND","Humankind US Stock ETF","ETF"
"G6365B104","HKPD","Hong Kong Pharma Digital Technology Holdings Limited","Medical Distribution"
"43858F109","HKXCY","Hong Kong Exchanges & Clearing","Financial Data & Stock Exchanges"
"422704106","HL","Hecla Mining Company","Other Precious Metals & Mining"
"53656F607","HLAL","Wahed FTSE USA Shariah ETF","ETF"
"M5299H123","HLAN.TA","Hilan Ltd",""
"425166303","HLDCY","Henderson Land Development Company Limited","Real Estate - Diversified"
"42703MAF0","HLF","Herbalife Ltd","Packaged Foods"
"G4412G101","HLF","Herbalife Ltd","Packaged Foods"
"518416805","HLGE","Hartford Longevity Economy ETF","ETF"
"441593100","HLI","Houlihan Lokey Inc","Capital Markets"
"42328H109","HLIO","Helios Technologies Inc","Specialty Industrial Machinery"
"413160102","HLIT","Harmonic Inc","Communication Equipment"
"43538H103","HLLY","Holley Inc","Auto Parts"
"43538H111","HLLYWS","Holley Inc","Auto Parts"
"412295107","HLMIX","Harding Loevner International Equity Portfolio","ETF"
"431636109","HLMN","Hillman Solutions Corp","Tools & Accessories"
"405552100","HLN","Haleon plc","Drug Manufacturers - Specialty & Generic"
"407497106","HLNE","Hamilton Lane Incorporated","Asset Management"
"G4594M108","HLP","Hongli Group Inc","Steel"
"43300A203","HLT","Hilton Worldwide Holdings Inc","Lodging"
"423325307","HLTOY","Hellenic Telecommunications Organization SA","Telecom Services"
"43157M102","HLVX","HilleVax Inc","Biotechnology"
"42330P107","HLX","Helix Energy Solutions Group Inc","Oil & Gas Equipment & Services"
"438128308","HMC","Honda Motor Ltd","Auto Manufacturers"
"40445M100","HMH","HMH Holding Inc","Oil & Gas Equipment & Services"
"440327104","HMN","Horace Mann Educators Corp","Insurance - Property & Casualty"
"41653L503","HMOP","Hartford Municipal Opportunities ETF","ETF"
"Y3130D101","HMR","Heidmar Maritime Holdings Corp","Marine Shipping"
"W41422101","HMRZF","H&M Hennes & Mauritz AB","Apparel Manufacturing"
"Y7121Z146","HMSP","Hanjaya Mandala Sampoerna","Tobacco"
"413216300","HMY","Harmony Gold Mining Co Ltd","Gold"
"41664T479","HNCFX","Hartford International Growth Fund Class F","ETF"
"86280R506","HNDL","Strategy Shares Nasdaq 7HANDL Index ETF","ETF"
"433313103","HNGE","Hinge Health Inc","Health Information Services"
"404251100","HNI","HNI Corporation","Furnishings, Fixtures & Appliances"
"425885100","HNNA","Hennessy Advisors Inc","Asset Management"
"425883105","HNNMY","H & M Hennes & Mauritz AB","Apparel Manufacturing"
"41754V202","HNR","Harvest Natural Resources Inc","Oil & Gas E&P"
"40609P105","HNRG","Hallador Energy Company","Thermal Coal"
"438333106","HNST","The Honest Company Inc","Household & Personal Products"
"410709109","HNVR","Hanover Bancorp Inc","Banks - Regional"
"723653101","HNW","Pioneer Diversified High","ETF"
"F9156M108","HO.PA","Thales SA","Aerospace & Defense"
"443251103","HOCPY","HOYA Corporation","Medical Instruments & Supplies"
"45783Y467","HOCT","Innovator Premium Income 9 Buffer ETF - October","ETF"
"92189K105","HODL","VanEck Bitcoin ETF","ETF"
"104813209","HODO","House of Doge Inc","Electronic Gaming & Multimedia"
"439038100","HOFT","Hooker Furnishings Corp","Furnishings, Fixtures & Appliances"
"40619L201","HOFV","Hall of Fame Resort & Entertainment Company","Resorts & Casinos"
"40619L110","HOFVW","Hall of Fame Resort & Entertainment Company","Resorts & Casinos"
"412822108","HOG","Harley-Davidson Inc","Recreational Vehicles"
"438550303","HOKCY","The Hong Kong and China Gas Company Limited","Utilities - Regulated Gas"
"46654Q591","HOLA","JPMorgan International Hedged Equity Laddered Overlay ETF","ETF"
"G55032166","HOLO","MicroCloud Hologram Inc","Electronic Components"
"G55032125","HOLOW","MicroCloud Hologram Inc","Electronic Components"
"436440101","HOLX","Hologic Inc","Medical Instruments & Supplies"
"436893200","HOMB","Home Bancshares Inc","Banks - Regional"
"26922A230","HOMZ","The Hoya Capital Housing ETF","ETF"
"438516106","HON","Honeywell International Inc","Conglomerates"
"438516205","HON","Honeywell International Inc","Conglomerates"
"43849R105","HONA","Honeywell Aerospace Inc","Aerospace & Defense"
"41165Y100","HONE","Harborone Bancorp Inc","Banks - Regional"
"770700102","HOOD","Robinhood Markets Inc","Capital Markets"
"882927460","HOOG","Leverage Shares 2X Long HOOD Daily ETF","ETF"
"43906K209","HOOK","Hookipa Pharma Inc","Biotechnology"
"77926X635","HOOW","Roundhill HOOD WeeklyPay ETF","ETF"
"88636R198","HOOX","Defiance Daily Target 2X Long HOOD ETF","ETF"
"88636R404","HOOY","YieldMax HOOD Option Income Strategy ETF","ETF"
"88636W528","HOOZ","Defiance Daily Target 2X Short HOOD ETF","ETF"
"43940T109","HOPE","Hope Bancorp Inc","Banks - Regional"
"44170P106","HOUR","Hour Loop Inc","Internet Retail"
"75605Y106","HOUS","Anywhere Real Estate Inc","Real Estate Services"
"75606DAP6","HOUS","Anywhere Real Estate Inc","Real Estate Services"
"442487401","HOV","Hovnanian Enterprises Inc","Residential Construction"
"64550A107","HOVR","New Horizon Aircraft Ltd","Aerospace & Defense"
"64550A115","HOVRW","New Horizon Aircraft Ltd","Aerospace & Defense"
"95075A107","HOWL","Werewolf Therapeutics Inc","Biotechnology"
"38747R256","HOYY","GraniteShares YieldBOOST HOOD ETF","ETF"
"423452101","HP","Helmerich & Payne Inc","Oil & Gas Drilling"
"G4R52R103","HPAI","Helport AI Limited","Software - Infrastructure"
"G4R52R111","HPAIW","Helport AI Limited","Software - Infrastructure"
"42824C109","HPE","Hewlett Packard Enterprise Company","Communication Equipment"
"42824C208","HPEC","Hewlett Packard Enterprise Company","Communication Equipment"
"41013X106","HPF","John Hancock Preferred Income Fund II","Asset Management"
"69373Y109","HPH","Highest Performances Holdings Inc","Education & Training Services"
"41013W108","HPI","John Hancock Preferred Income Fund","Asset Management"
"43114Q105","HPK","HighPeak Energy Inc","Oil & Gas E&P"
"444097109","HPP","Hudson Pacific Properties Inc","REIT - Office"
"444097406","HPP","Hudson Pacific Properties Inc","REIT - Office"
"40434L105","HPQ","HP Inc","Computer Hardware"
"41021P103","HPS","John Hancock Preferred Income Fund III","Asset Management"
"Y4000A102","HQ","Horizon Quantum Holdings Ltd","Software - Infrastructure"
"518416839","HQGO","Hartford US Quality Growth ETF","ETF"
"87911J103","HQH","abrdn Healthcare Investors","Asset Management"
"433535101","HQI","Hirequest Inc","Staffing & Employment Services"
"87911K100","HQL","abrdn Life Sciences Investors","Asset Management"
"42226A107","HQY","Healthequity Inc","Health Information Services"
"421946104","HR","Healthcare Realty Trust Incorporated","REIT - Healthcare Facilities"
"42226K105","HR","Healthcare Realty Trust Incorporated","REIT - Healthcare Facilities"
"093671105","HRB","H&R Block Inc","Personal Services"
"42704L104","HRI","Herc Holdings Inc","Rental & Leasing Services"
"440452100","HRL","Hormel Foods Corp","Packaged Foods"
"413197104","HRMY","Harmony Biosciences Holdings Inc","Biotechnology"
"415858109","HROW","Harrow Inc","Drug Manufacturers - Specialty & Generic"
"42727J102","HRTG","Heritage Insurance Holdings Inc","Insurance - Property & Casualty"
"87975E883","HRTS","Tema Heart & Health ETF","ETF"
"427746102","HRTX","Heron Therapeutics Inc","Biotechnology"
"44045A102","HRZN","Horizon Technology Finance Corporation","Asset Management"
"428050108","HSAI","Hesai Group","Auto Parts"
"404280406","HSBC","HSBC Holdings plc","Banks - Diversified"
"74016W205","HSBH","HSBC Holdings plc hedged","ETF"
"42254E302","HSCS","Heartsciences Inc","Medical Devices"
"42254E112","HSCSW","Heartsciences Inc","Medical Devices"
"46435G839","HSCZ","iShares Currency Hedged MSCI EAFE Small-Cap ETF","ETF"
"42328V876","HSDT","Solana Company","Asset Management"
"40523H106","HSHCY","Haier Smart Home Co Ltd","Furnishings, Fixtures & Appliances"
"G4660A103","HSHP","Himalaya Shipping Ltd","Marine Shipping"
"806407102","HSIC","Henry Schein Inc","Medical Distribution"
"422819102","HSII","Heidrick & Struggles International Inc","Staffing & Employment Services"
"43087N204","HSLV","Highlander Silver Corp","Silver"
"33741Y100","HSMV","First Trust Horizon Managed Volatility Small/Mid ETF","ETF"
"41043C304","HSNGY","Hang Seng Bank Limited","Banks - Diversified"
"G4619M109","HSPOF","Horizon Space Acquisition I Corp","Shell Companies"
"G4619M125","HSPOR","Horizon Space Acquisition I Corp","Shell Companies"
"G4619M117","HSPOW","Horizon Space Acquisition I Corp","Shell Companies"
"G4627B103","HSPT","Horizon Space Acquisition II","Shell Companies"
"G4627B111","HSPTR","Horizon Space Acquisition II","Shell Companies"
"G4627B129","HSPTU","Horizon Space Acquisition II","Shell Companies"
"448103101","HSQVY","Husqvarna AB","Tools & Accessories"
"44107P104","HST","Host Hotels & Resorts Inc","REIT - Hotel & Motel"
"42222N103","HSTM","Healthstream Inc","Health Information Services"
"427866108","HSY","The Hershey Company","Confectioners"
"41653L404","HTAB","Hartford Schroders Tax-Aware Bond ETF","ETF"
"437872104","HTB","Hometrust Bancshares Inc","Banks - Regional"
"426927109","HTBK","Heritage Commerce Corp","Banks - Regional"
"42240Q104","HTCR","Heartcore Enterprises Inc","Software - Application"
"41013V100","HTD","John Hancock Tax-Advantaged Dividend Income Fund","Asset Management"
"301505723","HTEC","Robo Global Healthcare Technology and Innovation ETF","ETF"
"42238D107","HTFL","Heartflow Inc","Health Information Services"
"427096508","HTGC","Hercules Capital Inc","Asset Management"
"432748101","HTH","Hilltop Holdings Inc","Financial Conglomerates"
"433578507","HTHIY","Hitachi Ltd","Conglomerates"
"44332N106","HTHT","H World Group Ltd","Lodging"
"44332NAB2","HTHT","H World Group Ltd","Lodging"
"422347104","HTLD","Heartland Express Inc","Trucking"
"42234Q102","HTLF","Heartland Financial Usa Inc","Banks - Regional"
"G45806109","HTLM","Homestolife Ltd","Specialty Retail"
"784305104","HTO","H2O America","Utilities - Regulated Water"
"G3R25D118","HTOO","Fusion Fuel Green plc","Utilities - Renewable"
"41653L305","HTRB","Hartford Total Return Bond ETF","ETF"
"747798106","HTT","High Templar Tech Limited","Credit Services"
"14064D519","HTUS","Hull Tactical US ETF","ETF"
"42806J700","HTZ","Hertz Global Holdings Inc","Rental & Leasing Services"
"428040DE6","HTZRCZ","Hertz Corporation","Rental & Leasing Services"
"42806J148","HTZWW","Hertz Global Holdings Inc","Rental & Leasing Services"
"443510607","HUBB","Hubbell Inc","Electrical Equipment & Parts"
"M6000J200","HUBC","HUB Cyber Security Ltd","Software - Infrastructure"
"M6000J127","HUBCW","HUB Cyber Security Ltd","Software - Infrastructure"
"443320106","HUBG","Hub Group Inc","Integrated Freight & Logistics"
"443573100","HUBS","Hubspot Inc","Software - Application"
"44364H118","HUDA","Hudson Acquisition I Corp","Shell Companies"
"G4645E105","HUDI","Huadi International Group Co Ltd","Steel"
"G46440114","HUHU","HUHUTECH International Group Inc","Specialty Industrial Machinery"
"44473E204","HUIZ","Huize Holding Limited","Insurance Brokers"
"444859102","HUM","Humana Inc","Healthcare Plans"
"44486Q103","HUMA","Humacyte Inc","Biotechnology"
"44486Q111","HUMAW","Humacyte Inc","Biotechnology"
"447011107","HUN","Huntsman Corp","Chemicals"
"898920103","HURA","Tuhura Biosciences Inc","Biotechnology"
"447324104","HURC","Hurco Co","Specialty Industrial Machinery"
"447462102","HURN","Huron Consulting Group Inc","Consulting Services"
"33739P889","HUSV","First Trust Horizon Managed Volatility Domestic ETF","ETF"
"44812J104","HUT","Hut 8 Corp","Capital Markets"
"88340W780","HUTG","Leverage Shares 2X Long HUT Daily ETF","ETF"
"44852D108","HUYA","Huya Inc","Entertainment"
"00768Y271","HVAC","AdvisorShares HVAC and Industrials ETF","ETF"
"G4405D107","HVII","Hennessy Capital Investment Corp VII","Shell Companies"
"G4405D115","HVIIR","Hennessy Capital Investment Corp VII","Shell Companies"
"G4405D123","HVIIU","Hennessy Capital Investment Corp VII","Shell Companies"
"G4569C101","HVMC","Highview Merger Corp","Shell Companies"
"G4569C127","HVMCU","Highview Merger Corp","Shell Companies"
"G4569C119","HVMCW","Highview Merger Corp","Shell Companies"
"410693105","HVRRY","Hannover Rück SE","Insurance - Reinsurance"
"419596101","HVT","Haverty Furniture Companies Inc","Home Improvement Retail"
"882927726","HWAY","Themes US Infrastructure ETF","ETF"
"420476103","HWBK","Hawthorn Bancshares Inc","Banks - Regional"
"410120109","HWC","Hancock Whitney Corporation","Banks - Regional"
"44852G101","HWH","HWH International Inc","Leisure"
"420261109","HWKN","Hawkins Inc","Specialty Chemicals"
"443201108","HWM","Howmet Aerospace Inc","Aerospace & Defense"
"428263107","HXGBY","Hexagon AB","Scientific & Technical Instruments"
"G4290D105","HXHX","Haoxin Holdings Limited","Integrated Freight & Logistics"
"428291108","HXL","Hexcel Corporation","Aerospace & Defense"
"449172105","HY","Hyster-Yale Inc","Farm & Heavy Construction Machinery"
"G4375F108","HYAC","Haymaker Acquisition Corp 4","Shell Companies"
"G4375F116","HYACWS","Haymaker Acquisition Corp 4","Shell Companies"
"46435U473","HYBB","iShares BB Rated Corporate Bond ETF","ETF"
"78433H584","HYBI","Neos Enhanced Income Credit Select ETF","ETF"
"78470P846","HYBL","SPDR Blackstone High Income ETF","ETF"
"29287L874","HYBX","TCW High Yield Bond ETF","ETF"
"92189H409","HYD","VanEck High Yield Muni ETF","ETF"
"46435G250","HYDB","iShares High Yield Systematic Bond ETF","ETF"
"37954Y152","HYDR","Global X Hydrogen ETF","ETF"
"233051267","HYDW","Xtrackers Low Beta High Yield Bond ETF","ETF"
"92189F353","HYEM","VanEck Emerging Markets High Yield Bond ETF","ETF"
"00039J608","HYFI","AB High Yield ETF","ETF"
"464288513","HYG","iShares iBoxx $ High Yield Corporate Bond ETF","ETF"
"46431W606","HYGH","iShares Interest Rate Hedged High Yield Bond ETF","ETF"
"46431W549","HYGI","iShares Inflation Hedged High Yield Bond ETF","ETF"
"33939L662","HYGV","FlexShares High Yield Value-Scored Bond Index Fund","ETF"
"46436E320","HYGW","iShares High Yield Corporate Bond Buywrite Strategy ETF","ETF"
"74348A541","HYHG","ProShares High Yield—Interest Rate Hedged","ETF"
"97717Y626","HYIN","WisdomTree Private Credit & Alternative Income Fund","ETF"
"26922B584","HYKE","Vest 2 Year Interest Rate Hedge ETF","ETF"
"233051432","HYLB","Xtrackers USD High Yield Corporate Bond ETF","ETF"
"449109107","HYLN","Hyliion Holdings Corp","Auto Parts"
"33738D408","HYLS","First Trust Tactical High Yield ETF","ETF"
"78464A284","HYMB","SPDR Nuveen ICE High Yield Municipal Bond ETF","ETF"
"44862P109","HYMC","Hycroft Mining Holding Corp","Gold"
"44862P208","HYMC","Hycroft Mining Holding Corp","Gold"
"44862P133","HYMCL","Hycroft Mining Holding Corp","Gold"
"44862P117","HYMCW","Hycroft Mining Holding Corp","Gold"
"Y38472125","HYMLF","Hyundai Motor Company","Auto Manufacturers"
"44326H107","HYNE","Hoyne Bancorp Inc","Banks - Regional"
"30234E203","HYPD","Hyperion DeFi","Biotechnology"
"44916K106","HYPR","Hyperfine Inc","Medical Devices"
"23306X100","HYRM","Xtrackers Risk Managed USD High Yield Strategy ETF","ETF"
"72201R783","HYS","PIMCO 0-5 Year High Yield Corporate Bond Index ETF","ETF"
"09789C770","HYSA","Bondbloxx USD High Yield Bond Sector Rotation ETF","ETF"
"19761L847","HYSD","Columbia Short Duration High Yield ETF","ETF"
"09255P107","HYT","BlackRock Corporate High Yield Fund Inc","Asset Management"
"33738D739","HYTI","FT Vest High Yield & Target Income ETF","ETF"
"66538R722","HYTR","CounterPoint High Yield Trend ETF","ETF"
"233051259","HYUP","Xtrackers High Beta High Yield Bond ETF","ETF"
"46435G441","HYXF","iShares ESG Advanced High Yield Corporate Bond ETF","ETF"
"97717W430","HYZD","WisdomTree Interest Rate Hedged High Yield Bond Fund","ETF"
"44951Y201","HYZN","Hyzon Motors Inc","Auto Manufacturers"
"44951Y110","HYZNW","Hyzon Motors Inc","Auto Manufacturers"
"567908108","HZO","Marinemax Inc","Specialty Retail"
"G4939F107","IACQ","Irenic Acquisition Corp","Shell Companies"
"G4939F123","IACQW","Irenic Acquisition Corp","Shell Companies"
"003011103","IAF","abrdn Australia Equity Fund Inc","Asset Management"
"450913108","IAG","IAMGOLD Corporation","Gold"
"46435G672","IAGG","iShares Core International Aggregate Bond ETF","ETF"
"464288794","IAI","iShares US Broker-Dealers & Securities Exchanges ETF","ETF"
"464288786","IAK","iShares US Insurance ETF","ETF"
"45782C367","IAPR","Innovator International Developed Power Buffer ETF - April","ETF"
"457985208","IART","Integra LifeSciences Holdings Corporation","Medical Devices"
"45828L108","IAS","Integral Ad Science Holding Corp","Advertising Agencies"
"464288778","IAT","iShares US Regional Banks ETF","ETF"
"464285204","IAU","iShares Gold Trust","ETF"
"45783Y145","IAUG","Innovator International Developed Power Buffer ETF - August","ETF"
"78433H550","IAUI","NEOS Gold High Income ETF","ETF"
"46436F103","IAUM","iShares Gold Trust Micro","ETF"
"44955L106","IAUX","i-80 Gold Corp","Gold"
"44955L155","IAUX","i-80 Gold Corp","Gold"
"44934N108","IBAC","Ib Acquisition Corp","Shell Companies"
"44934N116","IBACR","Ib Acquisition Corp","Shell Companies"
"46438G737","IBAT","iShares Energy Storage & Materials ETF","ETF"
"464287556","IBB","iShares Biotechnology ETF","ETF"
"46138G599","IBBQ","Invesco Nasdaq Biotechnology ETF","ETF"
"46438G372","IBCA","iShares iBonds Dec 2035 Term Corporate ETF","ETF"
"453838609","IBCP","Independent Bank Corporation","Banks - Regional"
"66538H633","IBD","Inspire Corporate Bond ETF","ETF"
"46434VBG4","IBDP","iShares Ibonds Dec 2024 Term Corporate ETF","ETF"
"46434VBD1","IBDQ","iShares iBonds Dec 2025 Term Corporate ETF","ETF"
"46435GAA0","IBDR","iShares iBonds Dec 2026 Term Corporate ETF","ETF"
"450737101","IBDRY","Iberdrola","Utilities - Diversified"
"46435UAA9","IBDS","iShares iBonds Dec 2027 Term Corporate ETF","ETF"
"46435U515","IBDT","iShares iBonds Dec 2028 Term Corporate ETF","ETF"
"46436E205","IBDU","iShares Ibonds Dec 2029 Term Corporate ETF","ETF"
"46436E726","IBDV","iShares iBonds Dec 2030 Term Corporate ETF","ETF"
"46436E486","IBDW","iShares iBonds Dec 2031 Term Corporate ETF","ETF"
"46436E312","IBDX","iShares iBonds Dec 2032 Term Corporate ETF","ETF"
"46436E130","IBDY","iShares iBonds Dec 2033 Term Corporate ETF","ETF"
"46438G653","IBDZ","iShares iBonds Dec 2034 Term Corporate ETF","ETF"
"G4690M101","IBEX","Ibex Ltd","Information Technology Services"
"Q4933C117","IBG","Innovation Beverage Group Ltd","Beverages - Wineries & Distilleries"
"46438G638","IBGA","iShares iBonds Dec 2044 Term Treasury ETF","ETF"
"46438G414","IBGB","iShares iBonds Dec 2045 Term Treasury ETF","ETF"
"46438G620","IBGK","iShares iBonds Dec 2054 Term Treasury ETF","ETF"
"46438G398","IBGL","iShares iBonds Dec 2055 Term Treasury ETF","ETF"
"46435U168","IBHE","iShares iBonds 2025 Term High Yield and Income ETF","ETF"
"46436E528","IBHF","iShares iBonds 2026 Term High Yield and Income ETF","ETF"
"46436E478","IBHG","iShares iBonds 2027 Term High Yield and Income ETF","ETF"
"46436E387","IBHH","iShares iBonds 2028 Term High Yield and Income ETF","ETF"
"46436E379","IBHI","iShares iBonds 2029 Term High Yield and Income ETF","ETF"
"46436E122","IBHJ","iShares iBonds 2030 Term High Yield and Income ETF","ETF"
"46438G661","IBHK","iShares iBonds 2031 Term High Yield and Income ETF","ETF"
"46438G364","IBHL","iShares iBonds 2032 Term High Yield and Income ETF","ETF"
"46438G406","IBIB","iShares iBonds Oct 2025 Term TIPS ETF","ETF"
"46438G505","IBIC","iShares iBonds Oct 2026 Term TIPS ETF","ETF"
"46438G604","IBID","iShares iBonds Oct 2027 Term TIPS ETF","ETF"
"46438G703","IBIE","iShares iBonds Oct 2028 Term TIPS ETF","ETF"
"46438G802","IBIF","iShares iBonds Oct 2029 Term TIPS ETF","ETF"
"46438G885","IBIG","iShares iBonds Oct 2030 Term TIPS ETF","ETF"
"46438G877","IBIH","iShares iBonds Oct 2031 Term TIPS ETF","ETF"
"46438G869","IBII","iShares iBonds Oct 2032 Term TIPS ETF","ETF"
"46438G851","IBIJ","iShares iBonds Oct 2033 Term TIPS ETF","ETF"
"46438G679","IBIK","iShares iBonds Oct 2034 Term TIPS ETF","ETF"
"46438G380","IBIL","iShares iBonds Oct 2035 Term TIPS ETF","ETF"
"451033708","IBIO","Ibio Inc","Biotechnology"
"46438F101","IBIT","iShares Bitcoin Trust ETF","ETF"
"45841N107","IBKR","Interactive Brokers Group Inc","Capital Markets"
"46436E361","IBLC","iShares Blockchain and Tech ETF","ETF"
"459200101","IBM","International Business Machines Corp","Information Technology Services"
"46435U432","IBMN","iShares iBonds Dec 2025 Term Muni Bond ETF","ETF"
"46435U259","IBMO","iShares Ibonds Dec 2026 Term Muni Bond ETF","ETF"
"46435U283","IBMP","iShares iBonds Dec 2027 Term Muni Bond ETF","ETF"
"46435U325","IBMQ","iShares iBonds Dec 2028 Term Muni Bond ETF","ETF"
"46436E163","IBMR","iShares iBonds Dec 2029 Term Muni Bond ETF","ETF"
"46438G687","IBMS","iShares iBonds Dec 2030 Term Muni Bond ETF","ETF"
"46438G356","IBMT","iShares iBonds Dec 2031 Term Muni Bond ETF","ETF"
"45104G104","IBN","ICICI Bank","Banks - Regional"
"78464A151","IBND","SPDR Bloomberg International Corporate Bond ETF","ETF"
"45259L205","IBO","Impact Biomedical Inc","Biotechnology"
"459044103","IBOC","International Bancshares Corp","Banks - Regional"
"92189Y402","IBOT","Vaneck Robotics ETF","ETF"
"45780R101","IBP","Installed Building Products Inc","Residential Construction"
"46436E353","IBRN","iShares Neuroscience and Healthcare ETF","ETF"
"45256X103","IBRX","Immunitybio Inc","Biotechnology"
"451051106","IBTA","Ibotta Inc","Software - Application"
"46436E866","IBTF","iShares iBonds Dec 2025 Term Treasury ETF","ETF"
"46436E858","IBTG","iShares iBonds Dec 2026 Term Treasury ETF","ETF"
"46436E841","IBTH","iShares iBonds Dec 2027 Term Treasury ETF","ETF"
"46436E833","IBTI","iShares iBonds Dec 2028 Term Treasury ETF","ETF"
"46436E825","IBTJ","iShares iBonds Dec 2029 Term Treasury ETF","ETF"
"46436E593","IBTK","iShares iBonds Dec 2030 Term Treasury ETF","ETF"
"46436E460","IBTL","iShares iBonds Dec 2031 Term Treasury ETF","ETF"
"46436E296","IBTM","iShares iBonds Dec 2032 Term Treasury ETF","ETF"
"46436E148","IBTO","iShares Ibonds Dec 2033 Term Treasury ETF","ETF"
"46438G646","IBTP","iShares iBonds Dec 2034 Term Treasury ETF","ETF"
"46438G422","IBTQ","iShares iBonds Dec 2035 Term Treasury ETF","ETF"
"45384B106","IBTX","Independent Bank Group Inc","Banks - Regional"
"45783Y178","IBUF","Innovator International Developed 10 Buffer ETF - Quarterly","ETF"
"032108102","IBUY","Amplify Online Retail ETF","ETF"
"44934S206","ICAD","Icad Inc","Health Information Services"
"459348108","ICAGY","International Consolidated Airlines Group SA","Airlines"
"452525306","ICCC","Immucell Corp","Biotechnology"
"44931Q104","ICCH","Icc Holdings Inc","Insurance - Property & Casualty"
"M53071136","ICCM","Icecure Medical Ltd Caesarea","Medical Devices"
"450958301","ICCT","Icoreconnect Inc","Health Information Services"
"45866F104","ICE","Intercontinental Exchange Inc","Financial Data & Stock Exchanges"
"464287564","ICF","iShares Select US REIT ETF","ETF"
"44925C103","ICFI","ICF International Inc","Consulting Services"
"45828E104","ICG","Intchains Group Limited","Semiconductors"
"G4740B105","ICHR","Ichor Holdings Ltd","Semiconductor Equipment & Materials"
"M53213100","ICL","ICL Group Ltd","Agricultural Inputs"
"464288224","ICLN","iShares Global Clean Energy ETF","ETF"
"46090A721","ICLO","Invesco Aaa Clo Floating Rate Note ETF","ETF"
"G4705A100","ICLR","ICON Public Limited Company","Diagnostics & Research"
"46090R104","ICMB","Investcorp Credit Management BDC Inc","Asset Management"
"091748608","ICOI","Bitwise COIN Option Income Strategy ETF","ETF"
"Y4001C206","ICON","Icon Energy Corp","Marine Shipping"
"46436E189","ICOP","iShares Copper And Metals Mining ETF","ETF"
"69374H873","ICOW","Pacer Developed Markets International Cash Cows 100 ETF","ETF"
"091748889","ICRC","Bitwise CRCL Option Income Strategy ETF","ETF"
"46434V878","ICSH","iShares Ultra Short Duration Bond Active ETF","ETF"
"81256L203","ICU","Seastar Medical Holding Corp","Biotechnology"
"81256L112","ICUCW","Seastar Medical Holding Corp","Biotechnology"
"44930G107","ICUI","ICU Medical Inc","Medical Instruments & Supplies"
"46435G102","ICVT","iShares Convertible Bond ETF","ETF"
"451107106","IDA","IDACORP Inc","Utilities - Regulated Electric"
"G4949K120","IDACU","Iron Dome Acquisition I Corp","Shell Companies"
"46435U127","IDAT","iShares Future Cloud 5G and Tech ETF","ETF"
"455807107","IDCBY","Industrial and Commercial Bank of China Limited","Banks - Diversified"
"45867G101","IDCC","Interdigital Inc","Software - Application"
"45867GAD3","IDCC","Interdigital Inc","Software - Application"
"92912X101","IDE","Voya Infrastructure, Industrials and Materials Fund","Asset Management"
"45783Y426","IDEC","Innovator International Developed Power Buffer ETF - December","ETF"
"09290C699","IDEF","iShares Defense Industrials Active ETF","ETF"
"52110K400","IDEQ","Lazard International Dynamic Equity ETF","ETF"
"46435G326","IDEV","iShares Core MSCI International Developed Markets ETF","ETF"
"455793109","IDEXY","Industria de Diseño Textil SA","Apparel Retail"
"464287531","IDGT","iShares US Digital Infrastructure and Real Estate ETF","ETF"
"46138E214","IDHQ","Invesco S&P International Developed Quality ETF","ETF"
"46138E230","IDLV","Invesco S&P International Developed Low Volatility ETF","ETF"
"46138E222","IDMO","Invesco S&P International Developed Momentum ETF","ETF"
"45817G201","IDN","Intellicheck Inc","Software - Application"
"46435U192","IDNA","iShares Genomics Immunology and Healthcare ETF","ETF"
"00162Q718","IDOG","ALPS International Sector Dividend Dogs ETF","ETF"
"645827205","IDR","Idaho Strategic Resources","Gold"
"46435U366","IDRV","iShares Self-Driving EV and Tech ETF","ETF"
"448947507","IDT","IDT Corporation","Telecom Services"
"464287697","IDU","iShares US Utilities ETF","ETF"
"26922B709","IDUB","Aptus International Enhanced Yield ETF","ETF"
"464288448","IDV","iShares International Select Dividend ETF","ETF"
"032108722","IDVO","Amplify CWP International Enhanced Dividend Income ETF","ETF"
"210322707","IDVZ","Opal International Dividend Income ETF","ETF"
"92189F833","IDX","VanEck Indonesia Index ETF","ETF"
"45168D104","IDXX","Idexx Labs Inc","Diagnostics & Research"
"45166A102","IDYA","Ideaya Biosciences Inc","Biotechnology"
"46578C108","IE","Ivanhoe Electric Inc","Copper"
"G4802J103","IEAG","Infinite Eagle Acquisition Corp","Shell Companies"
"G4802J111","IEAGR","Infinite Eagle Acquisition Corp","Shell Companies"
"G4802J129","IEAGU","Infinite Eagle Acquisition Corp","Shell Companies"
"46431W663","IEDI","iShares US Consumer Focused ETF","ETF"
"464287440","IEF","iShares 7-10 Year Treasury Bond ETF","ETF"
"46432F842","IEFA","iShares Core MSCI EAFE ETF","ETF"
"464288661","IEI","iShares 3-7 Year Treasury Bond ETF","ETF"
"46434G103","IEMG","iShares Core MSCI Emerging Markets ETF","ETF"
"464288851","IEO","iShares US Oil & Gas Exploration & Production ETF","ETF"
"451100101","IEP","Icahn Enterprises LP","Oil & Gas Refining & Marketing"
"44951W106","IESC","IES Holdings Inc","Engineering & Construction"
"46431W648","IETC","iShares US Tech Independence Focused ETF","ETF"
"091748871","IETH","Bitwise Ethereum Option Income Strategy ETF","ETF"
"46434V738","IEUR","iShares Core MSCI Europe ETF","ETF"
"464288497","IEUS","iShares MSCI Europe Small-Cap ETF","ETF"
"464287861","IEV","iShares Europe ETF","ETF"
"45167R104","IEX","IDEX Corporation","Specialty Industrial Machinery"
"464288844","IEZ","iShares US Oil Equipment & Services ETF","ETF"
"G47724300","IFBD","Infobird Co Ltd","Software - Application"
"45783Y350","IFEB","Innovator International Developed Power Buffer ETF - February","ETF"
"459506101","IFF","International Flavors & Fragrances","Specialty Chemicals"
"464288489","IFGL","iShares International Developed Real Estate ETF","ETF"
"45672B305","IFJPY","Informa plc","Publishing"
"46138E719","IFLN","Invesco Bloomberg Enhanced Fallen Angels ETF","ETF"
"92647X756","IFLO","VictoryShares International Free Cash Flow ETF","ETF"
"454089103","IFN","The India Fund Inc","Asset Management"
"45662N103","IFNNY","Infineon Technologies AG","Semiconductors"
"46435U713","IFRA","iShares US Infrastructure ETF","ETF"
"N44821101","IFRX","InflaRx N.V.","Biotechnology"
"P5626F128","IFS","Intercorp Financial Services Inc","Banks - Regional"
"33738R886","IFV","First Trust Dorsey Wright International Focus 5 ETF","ETF"
"74255Y821","IG","Principal Investment Grade Corporate Active ETF","ETF"
"92912R104","IGA","Voya Global Advantage and Premium Opportunity Fund","Asset Management"
"449534106","IGAC","Invest Green Acquisition Corporation","Shell Companies"
"G4924G102","IGAC","Invest Green Acquisition Corporation","Shell Companies"
"G4924G110","IGACR","Invest Green Acquisition Corporation","Shell Companies"
"G4924G128","IGACU","Invest Green Acquisition Corporation","Shell Companies"
"46431W812","IGBH","iShares Interest Rate Hedged Long-Term Corporate Bond ETF","ETF"
"45408X308","IGC","Igc Pharma Inc","Biotechnology"
"29287L841","IGCB","TCW Corporate Bond ETF","ETF"
"92912T100","IGD","Voya Global Equity Dividend and Premium Opportunity Fund","Asset Management"
"464287374","IGE","iShares North American Natural Resources ETF","ETF"
"46435G219","IGEB","iShares Investment Grade Systematic Bond ETF","ETF"
"464288372","IGF","iShares Global Infrastructure ETF","ETF"
"74347B607","IGHG","ProShares Investment Grade—Interest Rate Hedged","ETF"
"95790A101","IGI","Western Asset Investment Grade Opportunity Trust Inc","Asset Management"
"464288638","IGIB","iShares 5-10 Year Investment Grade Corporate Bond ETF","ETF"
"G4809J106","IGIC","International General Insurance Holdings Ltd","Insurance - Diversified"
"464289511","IGLB","iShares 10+ Year Investment Grade Corporate Bond ETF","ETF"
"33733E856","IGLD","FT Vest Gold Strategy Target Income ETF","ETF"
"464287549","IGM","iShares Expanded Tech Sector ETF","ETF"
"09174D102","IGME","Bitwise GME Option Income Strategy ETF","ETF"
"449585108","IGMS","Igm Biosciences Inc","Biotechnology"
"464288117","IGOV","iShares International Treasury Bond ETF","ETF"
"46137V639","IGPT","Invesco AI and Next Gen Software ETF","ETF"
"12504G100","IGR","CBRE Global Real Estate Inc","Asset Management"
"46435G524","IGRO","iShares International Dividend Growth ETF","ETF"
"464288646","IGSB","iShares 1-5 Year Investment Grade Corporate Bond ETF","ETF"
"45783Y665","IGTR","Innovator Gradient Tactical Rotation Strategy ETF","ETF"
"464287515","IGV","iShares Expanded Tech-Software Sector ETF","ETF"
"45175B109","IH","Ihuman Inc","Education & Training Services"
"46435U135","IHAK","iShares Cybersecurity and Tech ETF","ETF"
"92912P108","IHD","Voya Emerging Markets High Dividend Equity Fund","Asset Management"
"97717X594","IHDG","WisdomTree International Hedged Quality Dividend Growth Fund","ETF"
"464288836","IHE","iShares US Pharmaceuticals ETF","ETF"
"464288828","IHF","iShares US Healthcare Providers ETF","ETF"
"45857P806","IHG","InterContinental Hotels Group","Lodging"
"464288810","IHI","iShares US Medical Devices ETF","ETF"
"44962U107","IHICY","IHI Corporation","Specialty Industrial Machinery"
"45174J509","IHRT","Iheartmedia Inc","Broadcasting"
"G4701H109","IHS","Ihs Holding Limited","Real Estate Services"
"457919108","IHT","InnSuites Hospitality Trust","REIT - Hotel & Motel"
"92189F445","IHY","VanEck International High Yield Bond ETF","ETF"
"61745C105","IIF","Morgan Stanley India Investment Fund Inc","Asset Management"
"46139W502","IIGD","Invesco Investment Grade Defensive ETF","ETF"
"45675Y104","III","Information Services Group Inc","Information Technology Services"
"45774W108","IIIN","Insteel Industries Inc","Metal Fabrication"
"46571Y107","IIIV","I3 Verticals Inc","Software - Infrastructure"
"46132P108","IIM","Invesco Value Municipal Income Trust","Asset Management"
"45781V101","IIPR","Innovative Industrial Properties Inc","REIT - Industrial"
"45782C524","IJAN","Innovator International Developed Power Buffer ETF - January","ETF"
"464287507","IJH","iShares Core S&P Mid-Cap ETF","ETF"
"464287705","IJJ","iShares S&P Mid-Cap 400 Value ETF","ETF"
"464287606","IJK","iShares S&P Mid-Cap 400 Growth ETF","ETF"
"464287804","IJR","iShares Core S&P Small-Cap ETF","ETF"
"464287879","IJS","iShares S&P Small-Cap 600 Value ETF","ETF"
"464287887","IJT","iShares S&P Small-Cap 600 Growth ETF","ETF"
"45782C722","IJUL","Innovator International Developed Power Buffer ETF - July","ETF"
"45783Y285","IJUN","Innovator International Developed Power Buffer ETF - June","ETF"
"45719W106","IKT","Inhibikase Therapeutics Inc","Biotechnology"
"45719W205","IKT","Inhibikase Therapeutics Inc","Biotechnology"
"461130106","IKTSY","Intertek Group plc","Specialty Business Services"
"G4804S101","ILAG","Intelligent Living Application Group Inc","Building Products & Equipment"
"464287127","ILCB","iShares Morningstar US Equity ETF","ETF"
"464287119","ILCG","iShares Morningstar Growth ETF","ETF"
"464288109","ILCV","iShares Morningstar Value ETF","ETF"
"33740F565","ILDR","First Trust Innovation Leaders ETF","ETF"
"464287390","ILF","iShares Latin America 40 ETF","ETF"
"46436E171","ILIT","iShares Lithium Miners And Producers ETF","ETF"
"452363104","ILKAY","Iluka Resources Limited","Other Industrial Metals & Mining"
"895970101","ILLR","Triller Group Inc","Software - Application"
"895970119","ILLRW","Triller Group Inc","Software - Application"
"452327109","ILMN","Illumina Inc","Diagnostics & Research"
"00039J822","ILOW","AB International Low Volatility Equity ETF","ETF"
"456237106","ILPT","Industrial Logistics Properties Trust","REIT - Industrial"
"26923N470","ILS","Brookmont Catastrophic Bond ETF","ETF"
"464289479","ILTB","iShares Core 10+ Year USD Bond ETF","ETF"
"45175G207","IMA","ImageneBio Inc","Biotechnology"
"45783Y343","IMAR","Innovator International Developed Power Buffer ETF - March","ETF"
"45245E109","IMAX","Imax Corp","Entertainment"
"45245EAJ8","IMAX","Imax Corp","Entertainment"
"45783Y293","IMAY","Innovator International Developed Power Buffer ETF - May","ETF"
"45262P102","IMBBY","Imperial Brands plc","Tobacco"
"464288208","IMCB","iShares Morningstar Mid-Cap ETF","ETF"
"44969Q406","IMCC","IM Cannabis Corp","Drug Manufacturers - Specialty & Generic"
"44970W103","IMCDY","IMCD NV","Specialty Chemicals"
"464288307","IMCG","iShares Morningstar Mid-Cap Growth ETF","ETF"
"45258D105","IMCR","Immunocore Holdings plc","Biotechnology"
"45258DAB1","IMCR","Immunocore Holdings plc","Biotechnology"
"464288406","IMCV","iShares Morningstar Mid-Cap Value ETF","ETF"
"68235C206","IMDX","Oncocyte Corp","Diagnostics & Research"
"46138J437","IMFL","Invesco International Developed Dynamic Multifactor ETF","ETF"
"44969D306","IMIUY","IMI plc","Specialty Industrial Machinery"
"457030104","IMKTA","Ingles Markets Inc","Grocery Stores"
"45257L108","IMMP","Immutep Limited","Biotechnology"
"452521107","IMMR","Immersion Corp","Software - Application"
"45258H106","IMMX","Immix Biopharma Inc","Biotechnology"
"45257U108","IMNM","Immunome Inc","Biotechnology"
"15117N602","IMNN","Imunon Inc","Biotechnology"
"453038408","IMO","Imperial Oil Ltd","Oil & Gas Integrated"
"02072L300","IMOM","Alpha Architect International Quantitative Momentum ETF","ETF"
"16965P202","IMOS","Chipmos Technologies Inc","Semiconductors"
"Y3894J104","IMPP","Imperial Pete Inc","Oil & Gas Midstream"
"Y3894J187","IMPP","Imperial Pete Inc","Oil & Gas Midstream"
"452553308","IMPUY","Impala Platinum Holdings Limited","Other Precious Metals & Mining"
"091748707","IMRA","Bitwise MARA Option Income Strategy ETF","ETF"
"45254U101","IMRN","Immuron Limited","Biotechnology"
"45254E107","IMRX","Immuneering Corp","Biotechnology"
"881454102","IMSR","Terrestrial Energy Inc","Utilities - Regulated Electric"
"G43658106","IMSR","Terrestrial Energy Inc","Utilities - Regulated Electric"
"881454110","IMSRW","Terrestrial Energy Inc","Utilities - Regulated Electric"
"G43658122","IMSRW","Terrestrial Energy Inc","Utilities - Regulated Electric"
"091748806","IMST","Bitwise MSTR Option Income Strategy ETF","ETF"
"46435G417","IMTB","iShares Core 5-10 Year USD Bond ETF","ETF"
"Q49376124","IMTE","Integrated Media Technology Limited","Electronic Components"
"46434V449","IMTM","iShares MSCI International Momentum Factor ETF","ETF"
"N44445109","IMTX","Immatics N.V","Biotechnology"
"N44445117","IMTXW","Immatics N.V","Biotechnology"
"4525EP101","IMUX","Immunic Inc","Biotechnology"
"4525EP200","IMUX","Immunic Inc","Biotechnology"
"46137R109","IMVP","Invesco India ETF","ETF"
"45258J102","IMVT","Immunovant Inc","Biotechnology"
"46005L101","IMXI","International Money Express Inc","Software - Infrastructure"
"45674E208","INAB","In8Bio Inc","Biotechnology"
"G4791J106","INAC","Indigo Acquisition Corp","Shell Companies"
"G4791J114","INACR","Indigo Acquisition Corp","Shell Companies"
"G4791J122","INACU","Indigo Acquisition Corp","Shell Companies"
"320557101","INBK","First Internet Bancorp","Banks - Regional"
"36151G600","INBS","Intelligent Bio Solutions Inc","Medical Devices"
"45720L107","INBX","Inhibrx Biosciences Inc","Biotechnology"
"45720N103","INBX","Inhibrx Biosciences Inc","Biotechnology"
"35473P504","INCE","Franklin Income Equity Focus ETF","ETF"
"35473P439","INCM","Franklin Income Focus ETF","ETF"
"19762B707","INCO","Columbia India Consumer ETF","ETF"
"M549GJ111","INCR","Intercure Ltd","Drug Manufacturers - Specialty & Generic"
"45337C102","INCY","Incyte Corp","Biotechnology"
"46429B598","INDA","iShares MSCI India ETF","ETF"
"453836108","INDB","Independent Bank Corporation","Banks - Regional"
"577130610","INDE","Matthews India Active ETF","ETF"
"301505640","INDF","Range India Financials ETF","ETF"
"97717Y428","INDH","WisdomTree India Hedged Equity Fund ETF","ETF"
"45569U101","INDI","Indie Semiconductor Inc","Semiconductors"
"25490K331","INDL","Direxion Daily MSCI India Bull 2x Shares","ETF"
"G4760X102","INDO","Indonesia Energy Corp Ltd","Oil & Gas E&P"
"45339J105","INDP","Indaptus Therapeutics Inc","Biotechnology"
"69374H766","INDS","Pacer Benchmark Industrial Real Estate SCTR ETF","ETF"
"45579U109","INDV","Indivior Pharmaceuticals Inc","Drug Manufacturers - Specialty & Generic"
"G4766E116","INDV","Indivior Pharmaceuticals Inc","Drug Manufacturers - Specialty & Generic"
"464289529","INDY","iShares India 50 ETF","ETF"
"92107P764","INDZ","VanEck India Select ETF","ETF"
"G7776G104","INEO","INNEOVA Holdings Limited","Auto Parts"
"19761L862","INEQ","Columbia International Equity Income ETF","ETF"
"45674M101","INFA","Informatica Inc","Software - Infrastructure"
"45665G303","INFIQ","Infinity Pharmaceuticals Inc","Biotechnology"
"53656F623","INFL","Horizon Kinetics Inflation Beneficiaries ETF","ETF"
"45667GAE3","INFN","Infinera Corp","Communication Equipment"
"45667GAG8","INFN","Infinera Corp","Communication Equipment"
"41151J745","INFO","Harbor PanAgora Dynamic Large Cap Core ETF","ETF"
"45676K103","INFQ","Infleqtion Inc","Software - Infrastructure"
"45676K111","INFQ","Infleqtion Inc","Software - Infrastructure"
"35473P447","INFR","ClearBridge Sustainable Infrastructure ETF","ETF"
"45685K102","INFU","InfuSystem Holdings Inc","Medical Devices"
"456788108","INFY","Infosys Ltd","Information Technology Services"
"456837103","ING","ING Groep","Banks - Diversified"
"457152106","INGM","Ingram Micro Holding Corporation","Information Technology Services"
"45780L104","INGN","Inogen Inc","Medical Devices"
"457187102","INGR","Ingredion Inc","Packaged Foods"
"4576JP208","INHD","Inno Holdings Inc","Steel"
"N52A8C105","INIO","Innio NV","Specialty Industrial Machinery"
"78467V202","INKM","SPDR SSgA Income Allocation ETF","ETF"
"G4808M100","INLF","INLIF Limited","Specialty Industrial Machinery"
"45825X204","INLX","Intellinetics Inc","Software - Application"
"457637700","INM","InMed Pharmaceuticals Inc","Drug Manufacturers - Specialty & Generic"
"45782T105","INMB","Inmune Bio Inc","Biotechnology"
"M5425M103","INMD","InMode Ltd","Medical Devices"
"092528207","INMU","iShares Intermediate Muni Income Active ETF","ETF"
"866082100","INN","Summit Hotel Properties Inc","REIT - Hotel & Motel"
"45784A104","INNV","InnovAge Holding Corp","Medical Care Facilities"
"45773H409","INO","Inovio Pharmaceuticals Inc","Biotechnology"
"457642205","INOD","Innodata Inc","Information Technology Services"
"45783Y459","INOV","Innovator International Developed Power Buffer ETF - November","ETF"
"45784C100","INPOY","InPost SA","Integrated Freight & Logistics"
"301505558","INQQ","INQQ The India Internet ETF","ETF"
"456941103","INR","Infinity Natural Resources Inc","Oil & Gas E&P"
"09290C830","INRO","iShares US Industry Rotation Active ETF","ETF"
"45782N108","INSE","Inspired Entertainment Inc","Gambling"
"45782B302","INSG","Inseego Corp","Communication Equipment"
"457669307","INSM","Insmed Inc","Biotechnology"
"457669AB5","INSM","Insmed Inc","Biotechnology"
"457730109","INSP","Inspire Medical Systems Inc","Medical Devices"
"Y41053102","INSW","International Seaways","Oil & Gas Midstream"
"45827U109","INTA","Intapp Inc","Software - Application"
"458110100","INTC","Intel Corporation","Semiconductors"
"458140100","INTC","Intel Corporation","Semiconductors"
"46434V274","INTF","iShares International Equity Factor ETF","ETF"
"458685104","INTG","Intergroup Corp","Lodging"
"G48047107","INTJ","Intelligent Group Limited","Consulting Services"
"66538H237","INTL","Main International ETF","ETF"
"G4R20B107","INTR","Inter & Co Inc","Banks - Regional"
"45828J103","INTS","Intensity Therapeutics Inc","Biotechnology"
"461147100","INTT","Intest Corp","Semiconductor Equipment & Materials"
"461202103","INTU","Intuit","Software - Application"
"38747R553","INTW","GraniteShares 2x Long INTC Daily ETF","ETF"
"46121E304","INTZ","Intrusion Inc","Software - Infrastructure"
"46122W204","INUV","Inuvo Inc","Software - Application"
"46122W303","INUV","Inuvo Inc","Software - Application"
"45784M108","INV","Innventure Inc","Asset Management"
"45781M101","INVA","Innoviva Inc","Biotechnology"
"45170X205","INVE","Identiv Inc","Building Products & Equipment"
"90139K506","INVG","GMO Systematic Investment Grade Credit ETF","ETF"
"46187W107","INVH","Invitation Homes Inc","REIT - Residential"
"457651107","INVX","Innovex International Inc","Oil & Gas Equipment & Services"
"M5R635108","INVZ","Innoviz Technologies Ltd","Auto Parts"
"45790W108","INZY","Inozyme Pharma Inc","Biotechnology"
"78410K717","IOBAX","ICON Flexible Bond Investor","ETF"
"449778109","IOBTQ","IO Biotech Inc","Biotechnology"
"45782C631","IOCT","Innovator International Developed Power Buffer ETF - October","ETF"
"74347G267","ION","ProShares S&P Global Core Battery Metals ETF","ETF"
"38747R546","IONL","GraniteShares 2x Long IONQ Daily ETF","ETF"
"46222L108","IONQ","IonQ Inc","Computer Hardware"
"46222L10A","IONQ","IonQ Inc","Computer Hardware"
"46222L116","IONQWS","IonQ Inc","Computer Hardware"
"46211L101","IONR","Ioneer Ltd","Other Industrial Metals & Mining"
"462222100","IONS","Ionis Pharmaceuticals Inc","Biotechnology"
"462222AD2","IONS","Ionis Pharmaceuticals Inc","Biotechnology"
"462222AF7","IONS","Ionis Pharmaceuticals Inc","Biotechnology"
"88636V843","IONZ","Defiance Daily Target 2X Short IONQ ETF","ETF"
"88636W247","IONZ","Defiance Daily Target 2X Short IONQ ETF","ETF"
"464287572","IOO","iShares Global 100 ETF","ETF"
"82889N491","IOPP","Simplify Tara India Opportunities ETF","ETF"
"45768S105","IOSP","Innospec Inc","Specialty Chemicals"
"79589L106","IOT","Samsara Inc","Software - Infrastructure"
"G4940T104","IOTR","iOThree Ltd","Telecom Services"
"462260100","IOVA","Iovance Biotherapeutics Inc","Biotechnology"
"460146103","IP","International Paper Co","Packaging & Containers"
"46434V696","IPAC","iShares Core MSCI Pacific ETF","ETF"
"458334109","IPAR","Inter Parfums Inc","Household & Personal Products"
"37960A446","IPAV","Global X Infrastructure Development ex-U.S. ETF","ETF"
"032108656","IPAY","Amplify Digital Payments ETF","ETF"
"26924G409","IPAY","Amplify Digital Payments ETF","ETF"
"G47875110","IPCXR","Inflection Point Acquisition Corp III","Shell Companies"
"G47875128","IPCXU","Inflection Point Acquisition Corp III","Shell Companies"
"74312Y400","IPDN","Professional Diversity Network","Staffing & Employment Services"
"53656F193","IPDP","Dividend Performers ETF","ETF"
"G6001J107","IPEX","Inflection Point Acquisition Corp V","Shell Companies"
"G6001J131","IPEXR","Inflection Point Acquisition Corp V","Shell Companies"
"G6001J115","IPEXU","Inflection Point Acquisition Corp V","Shell Companies"
"G4790S107","IPFX","Inflection Point Acquisition Corp VI","Shell Companies"
"G4790S123","IPFXU","Inflection Point Acquisition Corp VI","Shell Companies"
"G4790S115","IPFXW","Inflection Point Acquisition Corp VI",""
"460690100","IPG","Interpublic Group Of Companies Inc","Advertising Agencies"
"44980X109","IPGP","IPG Photonics Corporation","Semiconductor Equipment & Materials"
"45781K204","IPHA","Innate Pharma SA","Biotechnology"
"46121Y201","IPI","Intrepid Potash Inc","Agricultural Inputs"
"46138E644","IPKW","Invesco International BuyBack Achievers ETF","ETF"
"69764K106","IPM","Intelligent Protection Management Corp","Software - Application"
"759937204","IPO","Renaissance IPO ETF","ETF"
"53656F219","IPPP","Preferred-Plus ETF","ETF"
"15673T100","IPSC","Century Therapeutics Inc","Biotechnology"
"42727R203","IPST","IP Strategy Holdings Inc","Capital Markets"
"46265P107","IPW","iPower Inc","Internet Retail"
"451622203","IPWR","Ideal Power Inc","Semiconductors"
"44916E100","IPX","Iperionx Ltd","Other Industrial Metals & Mining"
"45790H101","IPXHY","Inpex Corporation","Oil & Gas E&P"
"46267X108","IQ","iQIYI Inc","Entertainment"
"46267XAE8","IQ","iQIYI Inc","Entertainment"
"G4939KAF3","IQ","iQIYI Inc","Entertainment"
"33939L811","IQDE","FlexShares International Quality Dividend Defensive Index Fund","ETF"
"33939L837","IQDF","FlexShares International Quality Dividend Index Fund","ETF"
"97717X131","IQDG","WisdomTree International Quality Dividend Growth Fund","ETF"
"33939L829","IQDY","FlexShares International Quality Dividend Dynamic Index Fund","ETF"
"45409F736","IQHI","NYLI MacKay High Income ETF","ETF"
"46133G107","IQI","Invesco Quality Municipal Income Trust","Asset Management"
"46434V456","IQLT","iShares MSCI International Quality Factor ETF","ETF"
"35473P512","IQM","Franklin Intelligent Machines ETF","ETF"
"74347G234","IQQQ","ProShares Nasdaq-100 High Income ETF","ETF"
"45409F710","IQRA","NYLI CBRE Real Assets ETF","ETF"
"45409B453","IQSI","NYLI Candriam International Equity ETF","ETF"
"45409B248","IQSM","NYLI Candriam US Mid Cap Equity ETF","ETF"
"46265G206","IQST","Iqstel Inc","Telecom Services"
"45409B461","IQSU","NYLI Candriam US Large Cap Equity ETF","ETF"
"46266C105","IQV","IQVIA Holdings Inc","Diagnostics & Research"
"45687V106","IR","Ingersoll Rand Inc","Specialty Industrial Machinery"
"89601Y119","IRAAW","Iris Acquisition Corp","Shell Companies"
"G4940M109","IRAB","Iris Acquisition Corp II","Shell Companies"
"462726100","IRBT","iRobot Corporation","Furnishings, Fixtures & Appliances"
"67577R102","IRD","Opus Genetics Inc","Biotechnology"
"46269C102","IRDM","Iridium Communications Inc","Telecom Services"
"88636Y888","IRE","Defiance Daily Target 2X Long IREN ETF","ETF"
"Q4982L109","IREN","IREN Limited","Capital Markets"
"46092D210","IREZ","Tradr 2X Short Iren Daily ETF","ETF"
"462684101","IRIX","Iridex Corp","Medical Devices"
"46284V101","IRM","Iron Mountain Incorporated","REIT - Specialty"
"46266A109","IRMD","Iradimed Corp","Medical Devices"
"46090A747","IROC","Invesco Rochester High Yield Municipal ETF","ETF"
"462837121","IROHR","Iron Horse Acquisitions Corp","Shell Companies"
"254604101","IRON","Disc Medicine Inc","Biotechnology"
"44951J105","IROQ","IF Bancorp Inc","Banks - Regional"
"450047303","IRS","IRSA Inversiones y Representaciones Sociedad Anónima","Real Estate Services"
"45378A106","IRT","Independence Realty Trust Inc","REIT - Residential"
"450056106","IRTC","Irhythm Technologies Inc","Medical Devices"
"450056AB2","IRTC","Irhythm Technologies Inc","Medical Devices"
"46438G844","IRTR","iShares Lifepath Retirement ETF","ETF"
"37960A792","IRVH","Global X Interest Rate Volatility & Inflation Hedge ETF","ETF"
"46333X108","IRWD","Ironwood Pharmaceuticals Inc","Drug Manufacturers - Specialty & Generic"
"464214105","ISBA","Isabella Bank Corp","Banks - Regional"
"464288505","ISCB","iShares Morningstar Small-Cap ETF","ETF"
"46434V266","ISCF","iShares MSCI International Small-Cap Multifactor ETF","ETF"
"464288604","ISCG","iShares Morningstar Small-Cap Growth ETF","ETF"
"464288703","ISCV","iShares Morningstar Small-Cap Value ETF","ETF"
"69346H100","ISD","PGIM High Yield Bond Fund Inc","Asset Management"
"45783Y533","ISEP","Innovator International Developed Power Buffer ETF - September","ETF"
"464288125","ISHG","iShares 1-3 Year International Treasury Bond ETF","ETF"
"33738R829","ISHP","First Trust S-Network Global E-Commerce ETF","ETF"
"66538H641","ISMD","Inspire Small/Mid Cap ETF","ETF"
"09290C731","ISMF","iShares Managed Futures Active ETF","ETF"
"46115H107","ISNPY","Intesa Sanpaolo SpA","Banks - Regional"
"G8251A125","ISNRU","Snow Rothschild Acquisition Corp","Shell Companies"
"46500E867","ISOU","IsoEnergy Ltd","Uranium"
"45032V207","ISPC","Ispecimen Inc","Diagnostics & Research"
"45791E206","ISPO","Inspirato Incorporated","Travel Services"
"46501C100","ISPR","Ispire Technology Inc","Tobacco"
"74347G242","ISPY","ProShares S&P 500 High Income ETF","ETF"
"92189F635","ISRA","VanEck Israel ETF","ETF"
"46120E602","ISRG","Intuitive Surgical Inc","Medical Instruments & Supplies"
"G49667101","ISRL","Israel Acquisitions Corp","Shell Companies"
"G49667119","ISRLW","Israel Acquisitions Corp","Shell Companies"
"M61452112","ISRO","Isrotel Ltd","Lodging"
"45769N105","ISSC","Innovative Solutions & Support Inc","Aerospace & Defense"
"46432F859","ISTB","iShares Core 1-5 Year USD Bond ETF","ETF"
"46431W515","ISTM","iShares US ETF Trust iShares Transition-Enabling Metals ETF","ETF"
"46134L105","ISTR","Investar Holding Corporation","Banks - Regional"
"465254209","ISUZY","Isuzu Motors Limited","Auto Manufacturers"
"46436E510","ISVL","iShares International Developed Small Cap Value Factor ETF","ETF"
"032108821","ISWN","Amplify BlackSwan ETF","ETF"
"366651107","IT","Gartner Inc","Information Technology Services"
"464288760","ITA","iShares US Aerospace & Defense ETF","ETF"
"893962639","ITAAX","Transamerica Short-Term Bond A","ETF"
"02072L771","ITAN","Sparkline Intangible Value ETF","ETF"
"464288752","ITB","iShares US Home Construction ETF","ETF"
"46116X101","ITCI","Intra-Cellular Therapies Inc","Drug Manufacturers - Specialty & Generic"
"46438G810","ITDC","iShares Lifepath Target Date 2035 ETF","ETF"
"46438G794","ITDD","iShares Lifepath Target Date 2040 ETF","ETF"
"46438G786","ITDE","iShares Lifepath Target Date 2045 ETF","ETF"
"46438G778","ITDF","iShares Lifepath Target Date 2050 ETF","ETF"
"46438G760","ITDG","iShares Lifepath Target Date 2055 ETF","ETF"
"46438G752","ITDH","iShares Lifepath Target Date 2060 ETF","ETF"
"46438G745","ITDI","iShares Lifepath Target Date 2065 ETF","ETF"
"46438G489","ITDJ","iShares LifePath Target Date 2070 ETF","ETF"
"032108599","ITEQ","Amplify Bluestar Israel Technology ETF","ETF"
"45826H109","ITGR","Integer Holdings Corporation","Medical Devices"
"45826HAB5","ITGR","Integer Holdings Corporation","Medical Devices"
"45826HAD1","ITGR","Integer Holdings Corporation","Medical Devices"
"G4977S102","ITHA","ITHAX Acquisition Corp III","Shell Companies"
"G4977S128","ITHAU","ITHAX Acquisition Corp III","Shell Companies"
"G4977S110","ITHAW","ITHAX Acquisition Corp III","Shell Companies"
"46564T107","ITI","Iteris Inc","Software - Application"
"461804106","ITIC","Investors Title Company","Insurance - Specialty"
"92189H201","ITM","VanEck Intermediate Muni ETF","ETF"
"458977402","ITMSF","Intermap Technologies Corporation Class A","Software - Application"
"G71399102","ITOC","iTonic Holdings Ltd","Medical Devices"
"465717106","ITOCY","Itochu","Conglomerates"
"46565G104","ITOS","Iteos Therapeutics Inc","Biotechnology"
"464287150","ITOT","iShares Core S&P Total US Stock Market ETF","ETF"
"46527C209","ITP","IT Tech Packaging Inc","Paper & Paper Products"
"45826T509","ITRG","Integra Resources Corp","Other Precious Metals & Mining"
"465741106","ITRI","Itron Inc","Scientific & Technical Instruments"
"465741AQ9","ITRI","Itron Inc","Scientific & Technical Instruments"
"G6333L200","ITRM","Iterum Therapeutics plc","Biotechnology"
"M6158M104","ITRN","Ituran Location And Control","Scientific & Technical Instruments"
"45073V108","ITT","ITT Inc","Specialty Industrial Machinery"
"465562106","ITUB","Itau Unibanco Holding SA","Banks - Regional"
"45069P107","ITVPY","ITV plc","Broadcasting"
"452308109","ITW","Illinois Tool Works Inc","Specialty Industrial Machinery"
"74349Y787","ITWO","ProShares Russell 2000 High Income ETF","ETF"
"46138J742","IUS","Invesco RAFI Strategic US ETF","ETF"
"46434V613","IUSB","iShares Core Total USD Bond Market ETF","ETF"
"464287671","IUSG","iShares Core S&P US Growth ETF","ETF"
"464287663","IUSV","iShares Core S&P US Value ETF","ETF"
"46124U107","IVA","Inventiva Sa","Biotechnology"
"461148108","IVAC","Intevac Inc","Semiconductor Equipment & Materials"
"02072L201","IVAL","Alpha Architect International Quantitative Value ETF","ETF"
"G49219119","IVAUF","Libity","Shell Companies"
"G49219127","IVAWF","Investcorp AI Acquisition Corp","Shell Companies"
"46583A303","IVDA","Iveda Solutions Inc","Security & Protection Services"
"46583A113","IVDAW","Iveda Solutions Inc","Security & Protection Services"
"464287408","IVE","iShares S&P 500 Value Index Fund","ETF"
"46436E395","IVEG","iShares Emergent Food and AgTech Multisector ETF","ETF"
"947913109","IVES","Dan IVES Wedbush AI Revolution ETF","ETF"
"44984F807","IVF","INVO Fertility Inc","Medical Devices"
"46435G409","IVLU","iShares Edge MSCI International Value Factor ETF","ETF"
"921932869","IVOG","Vanguard S&P Mid-Cap 400 Growth Index Fund ETF","ETF"
"500767736","IVOL","Quadratic Interest Rate Volatility and Inflation Hedge ETF","ETF"
"921932885","IVOO","Vanguard S&P Mid-Cap 400 Index Fund ETF","ETF"
"921932844","IVOV","Vanguard S&P Mid-Cap 400 Value Index Fund ETF","ETF"
"45784E205","IVP","Inspire Veterinary Partners","Medical Care Facilities"
"45784E304","IVPR","Inspire Veterinary Partners Inc","Personal Services"
"46131B100","IVR","Invesco Mortgage Capital Inc","REIT - Mortgage"
"46131B704","IVR","Invesco Mortgage Capital Inc","REIT - Mortgage"
"46090A788","IVRA","Invesco Real Assets ESG ETF","ETF"
"46436E247","IVRS","iShares Future Metaverse Tech And Communications ETF","ETF"
"46124J201","IVT","Inventrust Properties Corp","REIT - Retail"
"464287200","IVV","iShares Core S&P 500 ETF","ETF"
"092528801","IVVB","iShares Large Cap Deep Quarterly Laddered ETF","ETF"
"00534A102","IVVD","Invivyd Inc","Biotechnology"
"092528702","IVVM","iShares Large Cap Moderate Quarterly Laddered ETF","ETF"
"46438G711","IVVW","iShares S&P 500 BuyWrite ETF","ETF"
"464287309","IVW","iShares S&P 500 Growth ETF","ETF"
"G491BT108","IVZ","Invesco Ltd","Asset Management"
"464287622","IWB","iShares Russell 1000 ETF","ETF"
"464288869","IWC","iShares Micro-Cap ETF","ETF"
"464287598","IWD","iShares Russell 1000 Value ETF","ETF"
"90278V107","IWDL","ETRACS 2x Leveraged US Value Factor TR ETN","ETF"
"464287614","IWF","iShares Russell 1000 Growth ETF","ETF"
"45409F751","IWFG","NYLI Winslow Focused Large Cap Growth ETF","ETF"
"90278V305","IWFL","2x Leveraged US Growth Factor TR ETN","ETF"
"464289446","IWL","iShares Russell Top 200 ETF","ETF"
"45409F769","IWLG","NYLI Winslow Large Cap Growth ETF","ETF"
"464287655","IWM","iShares Russell 2000 ETF","ETF"
"78433H634","IWMI","NEOS Russell 2000 High Income ETF","ETF"
"90278V404","IWML","2x Leveraged US Size Factor TR ETN","ETF"
"46438G695","IWMW","iShares Russell 2000 BuyWrite ETF","ETF"
"88636J139","IWMY","Defiance R2000 Target 30 Income ETF","ETF"
"464287630","IWN","iShares Russell 2000 Value ETF","ETF"
"464287648","IWO","iShares Russell 2000 Growth ETF","ETF"
"464287481","IWP","iShares Russell Mid-Cap Growth ETF","ETF"
"464287499","IWR","iShares Russell Mid-Cap ETF","ETF"
"464287473","IWS","iShares Russell Mid-Cap Value ETF","ETF"
"46436E346","IWTR","iShares MSCI Water Management Multisector ETF","ETF"
"464287689","IWV","iShares Russell 3000 ETF","ETF"
"464289420","IWX","iShares Russell Top 200 Value ETF","ETF"
"464289438","IWY","iShares Russell Top 200 Growth ETF","ETF"
"686330101","IX","Orix Corp","Financial Conglomerates"
"464287341","IXC","iShares Global Energy ETF","ETF"
"464287333","IXG","iShares Global Financials ETF","ETF"
"45333F109","IXHL","Incannex Healthcare Inc","Drug Manufacturers - Specialty & Generic"
"464287325","IXJ","iShares Global Healthcare ETF","ETF"
"464287291","IXN","iShares Global Tech ETF","ETF"
"464287275","IXP","iShares Global Comm Services ETF","ETF"
"46432F834","IXUS","iShares Core MSCI Total International Stock ETF","ETF"
"464287580","IYC","iShares US Consumer Discretionary ETF","ETF"
"464287796","IYE","iShares US Energy ETF","ETF"
"464287788","IYF","iShares US Financials ETF","ETF"
"464287770","IYG","iShares US Financial Services ETF","ETF"
"464287762","IYH","iShares US Healthcare ETF","ETF"
"464287754","IYJ","iShares US Industrials ETF","ETF"
"464287812","IYK","iShares US Consumer Staples ETF","ETF"
"46432F875","IYLD","iShares Morningstar Multi-Asset Income ETF","ETF"
"464287838","IYM","iShares US Basic Materials ETF","ETF"
"464287739","IYR","iShares US Real Estate ETF","ETF"
"78433H618","IYRI","NEOS ETF Trust NEOS Real Estate","ETF"
"464287192","IYT","iShares Transportation Average ETF","ETF"
"464287721","IYW","iShares US Technology ETF","ETF"
"464287846","IYY","iShares Dow Jones US ETF","ETF"
"464287713","IYZ","iShares US Telecommunications ETF","ETF"
"46604H204","IZEA","Izea Worldwide Inc","Internet Content & Information"
"G4760B100","IZM","Iczoom Group Inc","Electronics & Computer Distribution"
"00214Q609","IZRL","ARK Israel Innovative Technology ETF","ETF"
"469814107","J","Jacobs Solutions Inc","Engineering & Construction"
"46982L108","J","Jacobs Solutions Inc","Engineering & Construction"
"47103U845","JAAA","Janus Henderson AAA CLO ETF","ETF"
"466367109","JACK","Jack In The Box Inc","Restaurants"
"G4992A110","JACS","Jackson Acquisition Co II","Shell Companies"
"G4992A136","JACSRT","Jackson Acquisition Co II","Shell Companies"
"G4992A201","JACSU","Jackson Acquisition Co II","Shell Companies"
"47010C888","JAGX","Jaguar Health Inc","Biotechnology"
"45783Y244","JAJL","Innovator Equity Defined Protection ETF - 6 Mo Jan/Jul","ETF"
"47012E403","JAKK","JAKKS Pacific Inc","Leisure"
"47074L105","JAMF","Jamf Holding Corp","Software - Application"
"471024109","JAN","Janus Living Inc","REIT - Residential"
"45783Y657","JANH","Innovator Premium Income 20 Barrier ETF - January","ETF"
"45783Y376","JANJ","Innovator Premium Income 30 Barrier ETF - January","ETF"
"33740U455","JANM","FT Vest US Equity Max Buffer ETF - January","ETF"
"69420N106","JANP","PGIM S&P 500 Buffer 12 ETF - Jan","ETF"
"00888H703","JANT","AllianzIM US Large Cap Buffer10 Jan ETF","ETF"
"00888H513","JANU","AllianzIM US Equity Buffer15 Uncapped Jan ETF","ETF"
"00888H802","JANW","AllianzIM US Large Cap Buffer20 Jan ETF","ETF"
"47103J105","JANX","Janux Therapeutics Inc","Biotechnology"
"53656F763","JANZ","TrueShares Structured Outcome (January) ETF","ETF"
"471105205","JAPAY","Japan Tobacco Inc","Tobacco"
"53656H835","JAPN","Horizon Kinetics Japan Owner Operator ETF","ETF"
"471038109","JAPSY","Japan Airlines Co Ltd","Airlines"
"46641Q167","JAVA","JPMorgan Active Value ETF","ETF"
"472145AF8","JAZZ","Jazz Pharmaceuticals plc","Biotechnology"
"472145AH4","JAZZ","Jazz Pharmaceuticals plc","Biotechnology"
"G50871105","JAZZ","Jazz Pharmaceuticals plc","Biotechnology"
"48137C108","JBAXY","Julius Bär Gruppe AG","Asset Management"
"47103U753","JBBB","Janus Henderson B-BBB CLO ETF","ETF"
"G50883100","JBDI","JBDI Holdings Limited","Specialty Retail"
"46590V100","JBGS","Jbg Smith Properties","REIT - Diversified"
"445658107","JBHT","JB Hunt Transport Services Inc","Integrated Freight & Logistics"
"47103N106","JBI","Janus International Group Inc","Building Products & Equipment"
"008064206","JBIO","Jade Biosciences Inc","Biotechnology"
"466313103","JBL","Jabil Inc","Electronic Components"
"477143101","JBLU","JetBlue Airways Corporation","Airlines"
"477143AP6","JBLU","JetBlue Airways Corporation","Airlines"
"477143AR2","JBLU","JetBlue Airways Corporation","Airlines"
"46654Q716","JBND","JPMorgan Active Bond ETF","ETF"
"N4732M103","JBS","JBS NV","Packaged Foods"
"800422107","JBSS","Sanfilippo John B & Son Inc","Packaged Foods"
"477839104","JBTM","JBT Marel Corporation","Specialty Industrial Machinery"
"477839AB0","JBTM","JBT Marel Corporation","Specialty Industrial Machinery"
"47248R103","JCAP","Jefferson Capital Inc","Credit Services"
"67090X107","JCE","Nuveen Core Equity Alpha Fund","Asset Management"
"46654Q880","JCHI","JPMorgan Active China ETF","ETF"
"G51502105","JCI","Johnson Controls International plc","Building Products & Equipment"
"46641Q670","JCPB","JPMorgan Core Plus Bond ETF","ETF"
"46654Q104","JCPI","JPMorgan Inflation Managed Bond ETF","ETF"
"G50875205","JCSE","JE Cleantech Holdings Limited","Specialty Industrial Machinery"
"47733C207","JCTC","Jewett-Cameron Trading Company Ltd","Lumber & Wood Production"
"46641Q282","JCTR","JPMorgan Carbon Transition US Equity ETF","ETF"
"47110M208","JCYGY","Jardine Cycle & Carriage Limited","Conglomerates"
"47215P106","JD","Jd.Com Inc","Internet Retail"
"47215PAJ5","JD","Jd.Com Inc","Internet Retail"
"47216Q103","JDEPY","JDE Peet's NV","Packaged Foods"
"46654Q658","JDIV","JPMorgan Dividend Leaders ETF","ETF"
"46654Q765","JDOC","JPMorgan Healthcare Leaders ETF","ETF"
"46618Q109","JDSPY","JD Sports Fashion Plc","Apparel Retail"
"25460G807","JDST","Direxion Daily Junior Gold Miners Index Bear 2X Shares","ETF"
"47233W109","JEF","Jefferies Financial Group Inc","Capital Markets"
"47580P103","JELD","JELD-WEN Holding Inc","Building Products & Equipment"
"G8071C103","JEM","707 Cayman Holdings Limited","Apparel Retail"
"46641Q266","JEMA","JPMorgan ActiveBuilders Emerging Markets Equity ETF","ETF"
"47103U738","JEMB","Janus Detroit Street Trust","ETF"
"G5093B121","JENA","Jena Acquisition Corporation II","Shell Companies"
"46641Q332","JEPI","JPMorgan Equity Premium Income ETF","ETF"
"46654Q203","JEPQ","JPMorgan Nasdaq Equity Premium Income ETF","ETF"
"00306J109","JEQ","abrdn Japan Equity Fund Inc","ETF"
"063679484","JETD","MAX Airlines -3X Inverse Leveraged ETN","ETF"
"26922A842","JETS","U.S. Global Jets ETF","ETF"
"063679492","JETU","MAX Airlines 3X Leveraged ETN","ETF"
"72352G206","JF","J and Friends Holdings Limited","Credit Services"
"46658E107","JFB","JFB Construction Holdings","Real Estate - Development"
"47737C104","JFIN","Jiayin Group Inc","Credit Services"
"67072T108","JFR","Nuveen Floating Rate Income Fund","Asset Management"
"65442R208","JFU","9F Inc","Information Technology Services"
"051857209","JG","Aurora Mobile Ltd","Software - Application"
"67075G103","JGH","Nuveen Global High Income Fund","Asset Management"
"46654Q740","JGLO","JPMorgan Global Select Equity ETF","ETF"
"46654Q609","JGRO","JPMorgan Active Growth ETF","ETF"
"89834G562","JGRW","Jensen Quality Growth ETF","ETF"
"47804J818","JHCB","John Hancock Corporate Bond ETF","ETF"
"47804J693","JHCR","JHancock Core Bond ETF","ETF"
"47804J834","JHEM","John Hancock Multifactor Emerging Markets ETF","ETF"
"G4474Y214","JHG","Janus Henderson Group plc","Asset Management"
"47804J719","JHHY","John Hancock High Yield ETF","ETF"
"410142103","JHI","John Hancock Investors Trust","Asset Management"
"47804J792","JHMB","John Hancock Mortgage Backed Securities ETF","ETF"
"47804J859","JHMD","John Hancock Multifactor Developed International ETF","ETF"
"47804J107","JHML","John Hancock Multifactor Large Cap ETF","ETF"
"47804J206","JHMM","John Hancock Multifactor Mid Cap ETF","ETF"
"410123103","JHS","John Hancock Income Securities Trust","Asset Management"
"47804J842","JHSC","John Hancock Multifactor Small Cap ETF","ETF"
"G4253H101","JHX","James Hardie Industries plc","Building Materials"
"47103U712","JIII","Janus Henderson Income ETF","ETF"
"46620W201","JILL","J.Jill Inc","Apparel Retail"
"46641Q134","JIRE","JPMorgan International Research Enhanced Equity ETF","ETF"
"46654Q757","JIVE","JPMorgan International Value ETF","ETF"
"466032109","JJSF","J & J Snack Foods Corp","Packaged Foods"
"426281101","JKHY","Jack Henry & Associates Inc","Information Technology Services"
"47759T100","JKS","JinkoSolar Holding Co Ltd","Solar"
"G5191U120","JL","J-Long Group Limited","Apparel Manufacturing"
"48121L841","JLGMX","JPMorgan Large Cap Growth Class R6","ETF"
"G5500K102","JLHL","Julong Holding Ltd","Building Products & Equipment"
"48020Q107","JLL","Jones Lang Lasalle Inc","Real Estate Services"
"47103U779","JLQD","Janus Henderson Corporate Bond ETF","ETF"
"670735109","JLS","Nuveen Mortgage and Income Fund","Asset Management"
"47103U852","JMBS","Janus Henderson Mortgage-Backed Securities ETF","ETF"
"46641Q118","JMEE","JPMorgan Small & Mid Cap Enhanced Equity ETF","ETF"
"4812C2288","JMGMX","JPMorgan Mid Cap Growth R6","ETF"
"46654Q799","JMHI","JPMorgan High Yield Municipal Etf Fund","ETF"
"471115402","JMHLY","Jardine Matheson Holdings Limited","Conglomerates"
"48138M105","JMIA","Jumia Technologies Ag","Internet Retail"
"617760202","JMIA","Jumia Technologies Ag","Internet Retail"
"47103U720","JMID","Janus Henderson Mid Cap Growth Alpha ETF","ETF"
"46641Q779","JMOM","JPMorgan US Momentum Factor ETF","ETF"
"47805L101","JMSB","John Marshall Bancorp Inc","Banks - Regional"
"46654Q815","JMSI","JPMorgan Sustainable Municipal Income Etf Fund","ETF"
"46641Q654","JMST","JPMorgan Ultra-Short Municipal Income ETF","ETF"
"46654Q575","JMTG","Mortgaged-Backed Securities","ETF"
"46641Q647","JMUB","JPMorgan Municipal ETF","ETF"
"00888H588","JNEU","AllianzIM US Equity Buffer15 Uncapped Jun ETF","ETF"
"478160104","JNJ","Johnson & Johnson","Drug Manufacturers - General"
"78468R622","JNK","SPDR Bloomberg High Yield Bond ETF","ETF"
"48203R104","JNPR","Juniper Networks Inc","Communication Equipment"
"25460G831","JNUG","Direxion Daily Junior Gold Miners Index Bull 2X Shares","ETF"
"36165A102","JOB","Gee Group Inc","Staffing & Employment Services"
"46152A486","JOBX","Tradr 2X Long JOBY Daily ETF","ETF"
"47775AAA9","JOBY","Joby Aviation Inc","Airports & Air Services"
"G65163100","JOBY","Joby Aviation Inc","Airports & Air Services"
"G65163118","JOBYWS","Joby Aviation Inc","Airports & Air Services"
"790148100","JOE","St Joe Co","Real Estate - Diversified"
"92790A504","JOET","Virtus Terranova US Quality Momentum ETF","ETF"
"47109U104","JOF","Japan Smaller Capitalization Fund Inc","Asset Management"
"886364652","JOJO","ATAC Credit Rotation ETF","ETF"
"479167108","JOUT","Johnson Outdoors Inc","Leisure"
"46591M109","JOYY","Joyy Inc","Internet Content & Information"
"67073B106","JPC","Nuveen Preferred & Income Opportunities Fund","Asset Management"
"46654Q781","JPEF","JPMorgan Equity Focus ETF","ETF"
"46641Q308","JPEM","JPMorgan Diversified Return Emerging Markets Equity ETF","ETF"
"67075A106","JPI","Nuveen Preferred Securities & Income Opportunities Fund","ETF"
"46641Q852","JPIB","JPMorgan International Bond Opportunities ETF","ETF"
"46641Q159","JPIE","JPMorgan Income ETF","ETF"
"46641Q209","JPIN","JPMorgan Diversified Return International Equity ETF","ETF"
"46654Q773","JPLD","JPMorgan Limited Duration Bond ETF","ETF"
"46625H100","JPM","JPMorgan Chase & Co","Banks - Diversified"
"46641Q746","JPMB","JPMorgan USD Emerging Markets Sovereign Bond ETF","ETF"
"46641Q886","JPME","JPMorgan Diversified Return US Mid Cap Equity ETF","ETF"
"88634T436","JPO","YieldMax JP Option Income Strategy ETF","ETF"
"46641Q126","JPRE","JPMorgan Realty Income ETF","ETF"
"46641Q845","JPSE","JPMorgan Diversified Return US Small Cap Equity ETF","ETF"
"46641Q837","JPST","JPMorgan Ultra-Short Income ETF","ETF"
"46654Q708","JPSV","JPMorgan Active Small Cap Value ETF","ETF"
"46641Q407","JPUS","JPMorgan Diversified Return US Equity ETF","ETF"
"471059105","JPXGY","Japan Exchange Group Inc","Financial Data & Stock Exchanges"
"464287382","JPXN","iShares JPX-Nikkei 400 ETF","ETF"
"52110K103","JPY","Lazard Japanese Equity ETF","ETF"
"67073D102","JQC","Nuveen Credit Strategies Income Fund","Asset Management"
"46641Q761","JQUA","JPMorgan US Quality Factor ETF","ETF"
"47103U829","JRE","Janus Henderson US Real Estate ETF","ETF"
"67074Y105","JRI","Nuveen Real Asset Income and Growth Fund","Asset Management"
"476493101","JRONY","Jerónimo Martins SGPS SA","Food Distribution"
"67071B108","JRS","Nuveen Real Estate Income Fund","Asset Management"
"47632P101","JRSH","Jerash Holdings Inc","Apparel Manufacturing"
"G5005R107","JRVR","James River Group Holdings Inc","Insurance - Specialty"
"466249208","JSAIY","J Sainsbury plc","Grocery Stores"
"46641Q274","JSCP","JPMorgan Short Duration Core Plus ETF","ETF"
"48023P106","JSDA","Jones Soda Co","Beverages - Non-Alcoholic"
"47103U746","JSI","Janus Henderson Securitized Income ETF","ETF"
"471023564","JSIVX","Janus Henderson Small Cap Value L","ETF"
"47103U209","JSMD","Janus Henderson Small/Mid Cap Growth Alpha ETF","ETF"
"47103U100","JSML","Janus Henderson Small Cap Growth Alpha ETF","ETF"
"41014P524","JSNWX","John Hancock Income Fund Class R6","ETF"
"471871103","JSPR","Jasper Therapeutics Inc","Biotechnology"
"471871202","JSPR","Jasper Therapeutics Inc","Biotechnology"
"471871111","JSPRW","Jasper Therapeutics Inc","Biotechnology"
"886364876","JSTC","Adasina Social Justice All Cap Global ETF","ETF"
"47714H308","JTAI","Jet.AI Inc","Software - Application"
"46654Q732","JTEK","JPMorgan US Tech Leaders ETF","ETF"
"48214T305","JTKWY","Just Eat Takeawaycom NV",""
"26922B642","JUCY","Aptus Enhanced Yield ETF","ETF"
"45783Y574","JULD","Innovator Premium Income 10 Barrier ETF - July","ETF"
"45783Y582","JULH","Innovator Premium Income 20 Barrier ETF - July","ETF"
"45783Y566","JULJ","Innovator Premium Income 30 Barrier ETF - July","ETF"
"33740U570","JULM","FT Vest US Equity Max Buffer ETF - July","ETF"
"69420N841","JULP","PGIM S&P 500 Buffer 12 ETF - Jul","ETF"
"45783Y558","JULQ","Innovator Premium Income 40 Barrier ETF - July","ETF"
"00888H307","JULT","AllianzIM US Large Cap Buffer10 Jul ETF","ETF"
"00888H570","JULU","AllianzIM US Equity Buffer15 Uncapped Jul ETF","ETF"
"00888H406","JULW","AllianzIM US Large Cap Buffer20 Jul ETF","ETF"
"53656F664","JULZ","Trueshares Structured Outcome (July) ETF","ETF"
"33740U588","JUNM","FT Vest US Equity Max Buffer ETF - June","ETF"
"69420N866","JUNP","PGIM S&P 500 Buffer 12 ETF - Jun","ETF"
"48208B203","JUNS","Jupiter Neurosciences Inc","Biotechnology"
"00888H745","JUNT","AllianzIM US Large Cap Buffer10 Jun ETF","ETF"
"00888H737","JUNW","AllianzIM US Large Cap Buffer20 Jun ETF","ETF"
"53656F771","JUNZ","TrueShares Structured Outcome (June) ETF","ETF"
"381430396","JUST","Goldman Sachs JUST US Large Cap Equity ETF","ETF"
"192176105","JVA","Coffee Holding Co Inc","Packaged Foods"
"46641Q753","JVAL","JPMorgan US Value Factor ETF","ETF"
"G5212E105","JVSA","JVSPAC Acquisition Corp","Shell Companies"
"G5194C119","JWEL","Jowell Global Ltd","Internet Retail"
"655664100","JWN","Nordstrom Inc","Department Stores"
"G50737108","JWSMF","Jaws Mustang Acquisition Corporation","Shell Companies"
"G50737124","JWSWF","Jaws Mustang Acquisition Corp","Shell Companies"
"464288711","JXI","iShares Global Utilities ETF","ETF"
"46817M107","JXN","Jackson Financial Inc","Insurance - Life"
"47103U696","JXX","Janus Henderson Transformational Growth ETF","ETF"
"47973J102","JYNT","Joint Corp","Medical Care Facilities"
"47737L302","JZ","Jianzhi Education Technology Group Company Limited","Information Technology Services"
"G51400136","JZXN","Jiuzi Holdings Inc","Auto & Truck Dealerships"
"487836108","K","Kellanova","Packaged Foods"
"48282T104","KAI","Kadant Inc","Specialty Industrial Machinery"
"483119103","KALA","Kala Bio Inc","Biotechnology"
"500767801","KALL","KraneShares MSCI All China Index ETF","ETF"
"483007704","KALU","Kaiser Aluminum Corp","Aluminum"
"483497103","KALV","Kalvista Pharmaceuticals Inc","Biotechnology"
"485537401","KAOOY","Kao Corporation","Household & Personal Products"
"48301N104","KAPA","Kairos Pharma Ltd","Biotechnology"
"45782C342","KAPR","Innovator Russell 2000 Power Buffer ETF - April","ETF"
"Y4600W108","KARO","Karooooo Ltd","Software - Application"
"500767827","KARS","KraneShares Electric Vehicles and Future Mobility Index ETF","ETF"
"00770X220","KAT","Scharf ETF","ETF"
"314172644","KAUFX","Federated Hermes Kaufmann Fund","ETF"
"45783Y137","KAUG","Innovator US Small Cap Power Buffer ETF - August","ETF"
"483104402","KAVL","Kaival Brands Innovations Gr","Tobacco"
"G8193D104","KAZR","Skyline Builders Group Holding Limited","Engineering & Construction"
"48241A105","KB","KB Financial Group Inc","Banks - Regional"
"500767405","KBA","KraneShares Bosera MSCI China A 50 Connect Index ETF","ETF"
"500767280","KBAB","KraneShares 2x Long BABA Daily ETF","ETF"
"48241F104","KBCSY","KBC Group NV","Banks - Regional"
"48662X105","KBDC","Kayne Anderson BDC Inc","Asset Management"
"78464A797","KBE","SPDR S&P Bank ETF","ETF"
"50048U201","KBGGY","Kongsberg Gruppen ASA","Aerospace & Defense"
"48666K109","KBH","KB Home","Residential Construction"
"G5225W100","KBON","Karbon Capital Partners Corp","Shell Companies"
"G5225W126","KBONU","Karbon Capital Partners Corp","Shell Companies"
"G5225W118","KBONW","Karbon Capital Partners Corp","Shell Companies"
"48242W106","KBR","KBR Inc","Engineering & Construction"
"48668L105","KBSR","KBS Real Estate Investment Trust III Inc","REIT - Office"
"G3R23E100","KBSX","FST Corp","Steel"
"46138E628","KBWB","Invesco KBW Bank ETF","ETF"
"46138E610","KBWD","Invesco KBW High Dividend Yield Financial ETF","ETF"
"46138E586","KBWP","Invesco KBW Property & Casualty Insurance ETF","ETF"
"46138E594","KBWY","Invesco KBW Premium Yield Equity REIT ETF","ETF"
"49639K101","KC","Kingsoft Cloud Holdings Limited","Software - Application"
"500767397","KCAI","KraneShares China Alpha Index ETF","ETF"
"500767553","KCCA","KraneShares California Carbon Allowance ETF","ETF"
"494386204","KCDMY","Kimberly-Clark de México S A B de C V","Household & Personal Products"
"78464A771","KCE","SPDR S&P Capital Markets ETF","ETF"
"G5304D106","KCHV","Kochav Defense Acquisition Corp","Shell Companies"
"G5304D114","KCHVR","Kochav Defense Acquisition Corp","Shell Companies"
"G5304D122","KCHVU","Kochav Defense Acquisition Corp","Shell Companies"
"500767355","KCSH","Kraneshares Sustainable Ultra Short Duration Index ETF","ETF"
"50155Q100","KD","Kyndryl Holdings Inc","Information Technology Services"
"48667L106","KDDIY","KDDI Corporation","Telecom Services"
"45784N833","KDEC","Innovator US Small Cap Power Buffer ETF - December","ETF"
"30151E491","KDEF","PLUS Korea Defense Industry Index ETF","ETF"
"500081104","KDK","Kodiak AI Inc","Software - Infrastructure"
"G33033112","KDKRW","Kodiak AI Inc","Software - Infrastructure"
"49271V100","KDP","Keurig Dr Pepper Inc","Beverages - Non-Alcoholic"
"26923N702","KDRN","Kingsbarn Tactical Bond ETF","ETF"
"49428J109","KE","Kimball Electronics Inc","Electrical Equipment & Parts"
"02072L268","KEAT","Keating Active ETF","ETF"
"09173B107","KEEL","Keel Infrastructure Corp","Information Technology Services"
"486917107","KEEL","Keel Infrastructure Corp","Information Technology Services"
"88636Y706","KEEX","Defiance Daily Target 2x Long KEEL ETF","ETF"
"488152208","KELYA","Kelly Services Inc","Staffing & Employment Services"
"500767439","KEM","KraneShares Dynamic Emerging Markets Strategy ETF","ETF"
"500767876","KEMQ","KraneShares FTSE Emerging Markets Consumer Technology Index ETF","ETF"
"500767769","KEMX","KraneShares MSCI Emerging Markets ex China Index ETF","ETF"
"Y46717107","KEN","Kenon Holdings Ltd","Utilities - Independent Power Producers"
"500631106","KEP","Korea Electric Power Corp","Utilities - Regulated Electric"
"492854104","KEQU","Kewaunee Scientific Corp","Furnishings, Fixtures & Appliances"
"500767561","KEUA","KraneShares European Carbon Allowance Strategy ETF","ETF"
"497266106","KEX","Kirby Corp","Marine Shipping"
"493267108","KEY","Keycorp","Banks - Regional"
"49338L103","KEYS","Keysight Technologies Inc","Scientific & Technical Instruments"
"500634209","KF","The Korea Fund Inc","Asset Management"
"45784N783","KFEB","Innovator US Small Cap Power Buffer ETF - February","ETF"
"491292108","KFFB","Kentucky First Fed Bancorp","Banks - Regional"
"G52258111","KFII","K&F Growth Acquisition Corp","Shell Companies"
"G52258129","KFIIR","K&F Growth Acquisition Corp","Shell Companies"
"G52258103","KFIIU","K&F Growth Acquisition Corp","Shell Companies"
"493732101","KFRC","Kforce Inc","Staffing & Employment Services"
"500643200","KFY","Korn Ferry","Staffing & Employment Services"
"G5260K102","KG","Kestrel Group Ltd","Insurance - Reinsurance"
"496902404","KGC","Kinross Gold Corp","Gold"
"50043K406","KGEI","Kolibri Global Energy Inc","Oil & Gas E&P"
"495724403","KGFHY","Kingfisher plc","Home Improvement Retail"
"500948872","KGLD","Kurv Gold Enhanced Income ETF","ETF"
"500767850","KGRN","KraneShares MSCI China Clean Technology ETF","ETF"
"50012A108","KGS","Kodiak Gas Services Inc","Oil & Gas Equipment & Services"
"496402108","KGSPY","Kingspan Group plc","Building Products & Equipment"
"500754106","KHC","Kraft Heinz Co","Packaged Foods"
"501187108","KHNGY","Kuehne + Nagel International AG","Integrated Freight & Logistics"
"49989A109","KHOLY","Koç Holding AS","Conglomerates"
"56167N183","KHPI","Kensington Hedged Premium Income ETF","ETF"
"68752L100","KIDS","Orthopediatrics Corp","Medical Devices"
"182744102","KIDZ","Classover Holdings","Education & Training Services"
"182744110","KIDZW","Classover Holdings","Education & Training Services"
"78464A789","KIE","SPDR S&P Insurance ETF","ETF"
"497216101","KIGRY","KION GROUP AG","Farm & Heavy Construction Machinery"
"49446R109","KIM","Kimco Realty Corporation","REIT - Retail"
"49446R687","KIMPRN","Kimco Realty Corporation","REIT - Retail"
"496719105","KINS","Kingstone Companies Inc","Insurance - Property & Casualty"
"48249T106","KIO","KKR Income Opportunities Fund","Asset Management"
"63911H108","KITT","Nauticus Robotics Inc","Aerospace & Defense"
"63911H207","KITT","Nauticus Robotics Inc","Aerospace & Defense"
"63911H116","KITTW","Nauticus Robotics Inc","Specialty Industrial Machinery"
"45782C474","KJAN","Innovator US Small Cap Power Buffer ETF - January","ETF"
"45782C284","KJUL","Innovator Russell 2000 Power Buffer ETF - July","ETF"
"45783Y277","KJUN","Innovator US Small Cap Power Buffer ETF - June","ETF"
"492531108","KKOYY","Kesko Oyj","Grocery Stores"
"780641205","KKPNY","Koninklijke KPN","Telecom Services"
"48251W104","KKR","KKR & Co Inc","Asset Management"
"48251W500","KKRPRD","KKR & Co Inc","Asset Management"
"482480100","KLAC","KLA Corporation","Semiconductor Equipment & Materials"
"G5279N105","KLAR","Klarna Group plc","Software - Infrastructure"
"49834M100","KLBAY","Klabin SA","Paper & Paper Products"
"49456W105","KLC","KinderCare Learning Companies Inc","Education & Training Services"
"92942W107","KLG","WK Kellogg Co","Packaged Foods"
"501242101","KLIC","Kulicke & Soffa Industries Inc","Semiconductor Equipment & Materials"
"500767470","KLIP","KraneShares KWEB Covered Call Strategy ETF","ETF"
"46138G417","KLMN","Invesco MSCI North America Climate ETF","ETF"
"46138G433","KLMT","Invesco MSCI Global Climate 500 ETF","ETF"
"482931102","KLRA","Kailera Therapeutics Inc","Biotechnology"
"482929106","KLRS","Kalaris Therapeutics Inc","Biotechnology"
"483467106","KLTR","Kaltura Inc","Software - Application"
"48253L205","KLXE","KLX Energy Services Holdings Inc","Oil & Gas Equipment & Services"
"500767454","KLXY","Kraneshares Global Luxury Index ETF","ETF"
"45784N759","KMAR","Innovator US Small Cap Power Buffer ETF - March","ETF"
"45784N668","KMAY","Innovator US Small Cap Power Buffer ETF - May","ETF"
"494368103","KMB","Kimberly-Clark Corp","Household & Personal Products"
"M6240T109","KMDA","Kamada Ltd","Drug Manufacturers - Specialty & Generic"
"49456B101","KMI","Kinder Morgan Inc","Oil & Gas Midstream"
"92790A868","KMID","Virtus KAR Mid-Cap ETF","ETF"
"500767652","KMLM","KraneShares Mount Lucas Managed Futures Index Strategy ETF","ETF"
"488401100","KMPR","Kemper Corp","Insurance - Property & Casualty"
"489170100","KMT","Kennametal Inc","Tools & Accessories"
"G52441105","KMTS","Kestra Medical Technologies Ltd","Medical Instruments & Supplies"
"500458401","KMTUY","Komatsu Ltd","Farm & Heavy Construction Machinery"
"143130102","KMX","Carmax Inc","Auto & Truck Dealerships"
"49926D109","KN","Knowles Corp","Electronic Components"
"497350306","KNBWY","Kirin Holdings Company Limited","Beverages - Brewers"
"46137V688","KNCT","Invesco Next Gen Connectivity ETF","ETF"
"G5214E103","KNDI","Kandi Technologies Group Inc","Recreational Vehicles"
"498894104","KNF","Knife River Corp","Building Materials"
"33739Q705","KNG","FT Cboe Vest S&P 500 Dividend Aristocrats Target Income ETF","ETF"
"33738R738","KNGZ","First Trust S&P 500 Diversified Dividend Aristocrats ETF","ETF"
"46144X396","KNO","AXS Knowledge Leaders ETF","ETF"
"Y48125101","KNOP","KNOT Offshore Partners LP","Oil & Gas Midstream"
"45784N866","KNOV","Innovator US Small Cap Power Buffer ETF - November","ETF"
"574817102","KNOW","Fundamentals First ETF","ETF"
"499180107","KNRRY","Knorr-Bremse AG","Auto Parts"
"G52694109","KNSA","Kiniksa Pharmaceuticals International plc","Drug Manufacturers - Specialty & Generic"
"49714P108","KNSL","Kinsale Capital Group Inc","Insurance - Property & Casualty"
"02215L209","KNTK","Kinetik Holdings Inc","Oil & Gas Midstream"
"499049104","KNX","Knight-Swift Transportation Holdings Inc","Trucking"
"50048H101","KNYJY","KONE Oyj","Specialty Industrial Machinery"
"191216100","KO","The Coca-Cola Company","Beverages - Non-Alcoholic"
"45782C599","KOCT","Innovator US Small Cap Power Buffer ETF - October","ETF"
"50015M109","KOD","Kodiak Sciences Inc","Biotechnology"
"277461406","KODK","Eastman Kodak Co","Specialty Business Services"
"191241108","KOF","Coca-Cola FEMSA","Beverages - Non-Alcoholic"
"233051135","KOKU","Xtrackers MSCI Kokusai Equity ETF","ETF"
"74347W387","KOLD","ProShares UltraShort Bloomberg Natural Gas","ETF"
"74347Y813","KOLD","ProShares UltraShort Bloomberg Natural Gas","ETF"
"78468R648","KOMP","SPDR S&P Kensho New Economies Composite ETF","ETF"
"26923N504","KONG","Formidable Fortress ETF","ETF"
"84858T855","KOOL","North Shore Equity Rotation ETF","ETF"
"50060P106","KOP","Koppers Holdings Inc","Specialty Chemicals"
"500600101","KOPN","Kopin Corp","Electronic Components"
"50066V305","KORE","KORE Group Holdings Inc","Telecom Services"
"025072109","KORP","American Century Diversified Corporate Bond ETF","ETF"
"25461A387","KORU","Direxion Daily South Korea Bull 3X Shares","ETF"
"500688106","KOS","Kosmos Energy Ltd","Oil & Gas E&P"
"500688AH9","KOS","Kosmos Energy Ltd","Oil & Gas E&P"
"500692108","KOSS","Koss Corp","Consumer Electronics"
"G2584S101","KOYN","CSLM Digital Asset Acquisition Corp III Ltd","Shell Companies"
"G2584S135","KOYNU","CSLM Digital Asset Acquisition Corp III","Shell Companies"
"485785109","KPCPY","Kasikornbank Public Company Limited","Banks - Regional"
"500767330","KPDD","KraneShares 2x Long PDD Daily ETF","ETF"
"492051305","KPELY","Keppel Ltd","Conglomerates"
"G53157106","KPET","KPET Ultra Paceline Corporation","Shell Companies"
"G53157122","KPET-UN","KPET Ultra Paceline Corporation","Shell Companies"
"485859201","KPLT","Katapult Holdings Inc","Software - Infrastructure"
"485859110","KPLTW","Katapult Holdings Inc","Software - Infrastructure"
"500767421","KPRO","KraneShares 100% KWEB Defined Outcome January 2027 ETF","ETF"
"49721T507","KPRX","Kiora Pharmaceuticals Inc","Biotechnology"
"48576U205","KPTI","Karyopharm Therapeutics Inc","Biotechnology"
"500948302","KQQQ","Kurv Technology Titans Select ETF","ETF"
"501044101","KR","Kroger Co","Grocery Stores"
"G5315G106","KRAQ","KRAKacquisition Corp","Shell Companies"
"G5315G114","KRAQW","KRAKacquisition Corp","Shell Companies"
"500767678","KRBN","KraneShares Global Carbon ETF","ETF"
"49427F108","KRC","Kilroy Realty Corporation","REIT - Office"
"78464A698","KRE","SPDR S&P Regional Banking ETF","ETF"
"48251K100","KREF","KKR Real Estate Finance Trust Inc","REIT - Mortgage"
"49803T300","KRG","Kite Realty Group Trust","REIT - Retail"
"50077N102","KRKNF","Kraken Robotics Inc","Aerospace & Defense"
"88429K202","KRKR","36Kr Holdings Inc","Advertising Agencies"
"759910102","KRMD","Koru Medical Systems Inc","Medical Instruments & Supplies"
"485924104","KRMN","Karman Holdings Inc","Aerospace & Defense"
"M6372Q113","KRNT","Kornit Digital Ltd","Specialty Industrial Machinery"
"48716P108","KRNY","Kearny Financial Corp","Banks - Regional"
"50105F105","KRO","Kronos Worldwide Inc","Specialty Chemicals"
"50107A104","KRON","Kronos Bio Inc","Biotechnology"
"37954Y178","KROP","Global X AgTech & Food Innovation ETF","ETF"
"492327101","KROS","Keros Therapeutics Inc","Biotechnology"
"49435R102","KRP","Kimbell Royalty Partners LP","Oil & Gas E&P"
"500946108","KRRO","Korro Bio Inc","Biotechnology"
"G7553X106","KRSP","Rice Acquisition Corporation 3","Shell Companies"
"48563L101","KRT","Karat Packaging Inc","Packaging & Containers"
"48576A100","KRTX","Karuna Therapeutics Inc","Biotechnology"
"501270102","KRUS","Kura Sushi Usa Inc","Restaurants"
"492460100","KRYAY","Kerry Group plc","Packaged Foods"
"501147102","KRYS","Krystal Biotech Inc","Biotechnology"
"46434V423","KSA","iShares MSCI Saudi Arabia ETF","ETF"
"49907V201","KSCP","Knightscope Inc","Security & Protection Services"
"500767462","KSEA","Kraneshares Rockefeller Ocean Engagement ETF","ETF"
"45784N304","KSEP","Innovator US Small Cap Power Buffer ETF - September","ETF"
"500948864","KSLV","Kurv Silver Enhanced Income ETF","ETF"
"48581R205","KSPI","Kaspi.kz","Software - Infrastructure"
"500679105","KSRYY","KOSE Holdings Corporation","Household & Personal Products"
"500255104","KSS","Kohls Corp","Department Stores"
"500767694","KSTR","KraneShares SSE STAR Market 50 Index ETF","ETF"
"48268K101","KT","KT Corporation","Telecom Services"
"50050N103","KTB","Kontoor Brands Inc","Apparel Manufacturing"
"493144109","KTCC","Key Tronic Corp","Computer Hardware"
"500767579","KTEC","KraneShares Hang Seng TECH Index ETF","ETF"
"233368109","KTF","DWS Municipal Income Trust","Asset Management"
"50077B207","KTOS","Kratos Defense & Security Solutions Inc","Aerospace & Defense"
"70261F202","KTTA","Pasithea Therapeutics Corp","Biotechnology"
"70261F111","KTTAW","Pasithea Therapeutics Corp","Biotechnology"
"501173207","KUBTY","Kubota Corporation","Farm & Heavy Construction Machinery"
"501229108","KUKE","Kuke Music Holding Limited","Entertainment"
"50125G109","KULR","Kulr Technology Group Inc","Electronic Components"
"50125G307","KULR","Kulr Technology Group Inc","Electronic Components"
"50127T109","KURA","Kura Oncology Inc","Biotechnology"
"500767835","KURE","KraneShares MSCI All China Health Care Index ETF","ETF"
"25382T200","KUST","Kustom Entertainment Inc","Entertainment"
"G52443119","KVAC","Keen Vision Acquisition Corp","Shell Companies"
"G52443127","KVACW","Keen Vision Acquisition Corp","Shell Companies"
"482738101","KVHI","KVH Industries Inc","Telecom Services"
"500767645","KVLE","KraneShares Value Line Dynamic Dividend Equity Index ETF","ETF"
"49177J102","KVUE","Kenvue Inc","Household & Personal Products"
"49845K101","KVYO","Klaviyo Inc","Software - Application"
"489398107","KW","Kennedy-Wilson Holdings Inc","Real Estate Services"
"500767306","KWEB","KraneShares CSI China Internet ETF","ETF"
"486359201","KWHIY","Kawasaki Heavy Industries Ltd","Specialty Industrial Machinery"
"74837R104","KWKAQ","Quicksilver Resources Inc","Oil & Gas E&P"
"G53151109","KWM","K Wave Media Ltd","Entertainment"
"G53151125","KWMWW","K Wave Media Ltd","Entertainment"
"747316107","KWR","Quaker Houghton","Specialty Chemicals"
"46436E817","KWT","iShares MSCI Kuwait ETF","ETF"
"496904202","KWY","Kingsway Corporation","Asset Management"
"464288737","KXI","iShares Global Consumer Staples ETF","ETF"
"G5223X159","KXIN","Kaixin Holdings","Auto & Truck Dealerships"
"G5331N101","KYIV","Kyivstar Group Ltd","Telecom Services"
"G5331N119","KYIVW","Kyivstar Group Ltd","Telecom Services"
"501575104","KYMR","Kymera Therapeutics Inc","Biotechnology"
"486606106","KYN","Kayne Anderson Energy Infrastructure Fund Inc","Asset Management"
"501556203","KYOCY","Kyocera Corporation","Conglomerates"
"501976104","KYTX","Kyverna Therapeutics Inc","Biotechnology"
"48669G303","KZIA","Kazia Therapeutics Limited","Biotechnology"
"49372L209","KZR","Kezar Life Sciences Inc","Biotechnology"
"540424108","L","Loews Corp","Insurance - Property & Casualty"
"34385P108","LAB","Standard Biotools Inc","Medical Devices"
"25460G716","LABD","Direxion Daily S&P Biotech Bear 3X Shares","ETF"
"25461H853","LABD","Direxion Daily S&P Biotech Bear 3X Shares","ETF"
"25460G120","LABU","Direxion Daily S&P Biotech Bull 3X Shares","ETF"
"25490K323","LABU","Direxion Daily S&P Biotech Bull 3X Shares","ETF"
"46152A544","LABX","Tradr 2X Long ALAB Daily ETF","ETF"
"53681J103","LAC","Lithium Americas Corp","Other Industrial Metals & Mining"
"536797103","LAD","Lithia Motors Inc","Auto & Truck Dealerships"
"505743104","LADR","Ladder Capital Corp","REIT - Mortgage"
"G79483106","LAES","SEALSQ Corp","Semiconductors"
"G53426105","LAFA","LaFayette Acquisition Corp","Shell Companies"
"G53426113","LAFAR","LaFayette Acquisition Corp","Shell Companies"
"511795106","LAKE","Lakeland Industries Inc","Apparel Manufacturing"
"33740F490","LALT","First Trust Multi-Strategy Alternative ETF","ETF"
"512807906","LAM","Laramide Resources Ltd","Uranium"
"512816109","LAMR","Lamar Advertising Company","REIT - Specialty"
"376549101","LAND","Gladstone Land Corp","REIT - Specialty"
"G5380J100","LANV","Lanvin Group Holdings Limited","Luxury Goods"
"G5380J118","LANVWS","Lanvin Group Holdings Limited","Luxury Goods"
"45783Y319","LAPR","Innovator Premium Income 15 Buffer ETF - April","ETF"
"53680QAA6","LAR","Lithium Argentina AG","Other Industrial Metals & Mining"
"H5012F103","LAR","Lithium Argentina AG","Other Industrial Metals & Mining"
"51504L107","LARK","Landmark Bancorp Inc","Banks - Regional"
"51807Q100","LASE","Laser Photonics Corp","Specialty Industrial Machinery"
"65487K100","LASR","nLIGHT Inc","Semiconductors"
"G3R25N108","LATA","Galata Acquisition Corp II","Shell Companies"
"G3R25N124","LATAU","Galata Acquisition Corp II","Shell Companies"
"G3R25N116","LATAW","Galata Acquisition Corp II","Shell Companies"
"518613203","LAUR","Laureate Education Inc","Education & Training Services"
"126327105","LAW","CS Disco Inc","Software - Application"
"77106A108","LAWR","Robot Consulting Co Ltd","Consulting Services"
"88636R412","LAYS","STKd 100% NVDA & 100% AMD ETF","ETF"
"52110M109","LAZ","Lazard Inc","Capital Markets"
"G54050102","LAZ","Lazard Inc","Capital Markets"
"550424303","LAZR","Luminar Technologies Inc","Scientific & Technical Instruments"
"514952100","LB","Landbridge Company LLC","Oil & Gas Equipment & Services"
"886364850","LBAY","Leatherback Long/Short Alternative Yield ETF","ETF"
"G5480M102","LBGJ","Li Bang International Corp Inc","Specialty Industrial Machinery"
"02072L383","LBO","WHITEWOLF Publicly Listed Private Equity ETF","ETF"
"54300N103","LBPH","Longboard Pharmaceuticals Inc","Biotechnology"
"28252B853","LBRA","1847 Holdings LLC","Conglomerates"
"530307107","LBRDA","Liberty Broadband Corp","Telecom Services"
"530307305","LBRDK","Liberty Broadband Corp","Telecom Services"
"53115L104","LBRT","Liberty Energy Inc","Oil & Gas Equipment & Services"
"50180M108","LBRX","LB Pharmaceuticals Inc","Biotechnology"
"G61188101","LBTYA","Liberty Global Ltd","Telecom Services"
"G61188127","LBTYK","Liberty Global Ltd","Telecom Services"
"53625R104","LCAP","Principal Capital Appreciation Select ETF","ETF"
"G5353S103","LCCC","Lakeshore Acquisition III Corp","Shell Companies"
"G5353S137","LCCCR","Lakeshore Acquisition III Corp","Shell Companies"
"G5353S129","LCCCU","Lakeshore Acquisition III Corp","Shell Companies"
"38747R488","LCDL","GraniteShares 2x Long LCID Daily ETF","ETF"
"46654Q682","LCDS","JPMorgan Fundamental Data Science Large Core ETF","ETF"
"Q56120142","LCFY","Locafy Limited","Internet Content & Information"
"66538H385","LCG","Sterling Capital Focus Equity ETF","ETF"
"549498103","LCID","Lucid Group Inc","Auto Manufacturers"
"549498202","LCID","Lucid Group Inc","Auto Manufacturers"
"501812AD3","LCII","LCI Industries","Recreational Vehicles"
"50189K103","LCII","LCI Industries","Recreational Vehicles"
"00770X246","LCLG","Logan Capital Broad Innovative Growth ETF","ETF"
"533714101","LCLN","Lincoln International Inc","Capital Markets"
"50181P100","LCNB","LCNB Corp","Banks - Regional"
"56167R606","LCR","Leuthold Core ETF","ETF"
"09290C608","LCTD","BlackRock World ex US Carbon Transition Readiness ETF","ETF"
"09290C509","LCTU","BlackRock US Carbon Transition Readiness ETF","ETF"
"53566P109","LCTX","Lineage Cell Therapeutics Inc","Biotechnology"
"53222Q103","LCUT","Lifetime Brands Inc","Furnishings, Fixtures & Appliances"
"46436E601","LDEM","iShares ESG MSCI EM Leaders ETF","ETF"
"53946R106","LDI","loanDepot Inc","Mortgage Finance"
"525327102","LDOS","Leidos Holdings Inc","Information Technology Services"
"19248C105","LDP","Cohen & Steers","Asset Management"
"46438G539","LDRC","iShares iBonds 1-5 Year Corporate Ladder ETF","ETF"
"46438G547","LDRH","iShares iBonds 1-5 Year High Yield and Income Ladder ETF","ETF"
"46438G513","LDRI","iShares iBonds 1-5 Year TIPS Ladder ETF","ETF"
"46438G521","LDRT","iShares iBonds 1-5 Year Treasury Ladder ETF","ETF"
"74933W189","LDRX","SGI Enhanced Market Leaders ETF","ETF"
"514674308","LDSCY","Land Securities Group Plc","REIT - Diversified"
"33740F870","LDSF","First Trust Low Duration Strategic Focus ETF","ETF"
"52328E105","LDTCF","Leddartech Holdings Inc","Software - Application"
"52328E113","LDTDF","Leddartech Holdings Inc","Software - Application"
"72201R718","LDUR","PIMCO Enhanced Low Duration Active ETF","ETF"
"51509F105","LE","Lands' End Inc","Apparel Retail"
"521865204","LEA","Lear Corporation","Auto Parts"
"829658301","LEAD","Siren DIVCON Leaders Dividend ETF","ETF"
"533900106","LECO","Lincoln Electric Holdings Inc","Tools & Accessories"
"816645204","LEDS","SemiLEDs Corporation","Semiconductors"
"523768406","LEE","Lee Enterprises","Publishing"
"524660107","LEG","Leggett & Platt Inc","Furnishings, Fixtures & Appliances"
"45258K109","LEGH","Legacy Housing Corp","Residential Construction"
"52472M101","LEGH","Legacy Housing Corp","Residential Construction"
"52490G102","LEGN","Legend Biotech Corp","Biotechnology"
"G7318R105","LEGO","Legato Merger Corp IV","Shell Companies"
"G7318R113","LEGO-WT","Legato Merger Corp IV","Shell Companies"
"33741X201","LEGR","First Trust Indxx Innovative Transaction & Process ETF","ETF"
"G5451A103","LEGT","Legato Merger Corp III","Shell Companies"
"G5451A129","LEGTU","Legato Merger Corp III","Shell Companies"
"G5451A111","LEGTWS","Legato Merger Corp III","Shell Companies"
"50187J207","LEJUY","Leju Holdings Limited","Real Estate Services"
"464286517","LEMB","iShares J.P. Morgan EM Local Currency Bond ETF","ETF"
"526057104","LEN","Lennar Corp","Residential Construction"
"526057302","LENB","Lennar Corp","Residential Construction"
"02072Q796","LENS","Sarmaya Thematic ETF","ETF"
"52635N103","LENZ","Lenz Therapeutics Inc","Biotechnology"
"05588W108","LEO","BNY Mellon Strategic Municipals Inc","Asset Management"
"527064109","LESL","Leslie's Inc","Specialty Retail"
"15643U104","LEU","Centrus Energy Corp","Uranium"
"536221104","LEVGQ","The Lion Electric Company","Farm & Heavy Construction Machinery"
"52736R102","LEVI","Levi Strauss & Co","Apparel Manufacturing"
"53656F425","LEXI","Alexis Practical Tactical ETF","ETF"
"52978C201","LEXTF","Lexston Mining Corp","Other Industrial Metals & Mining"
"52886N406","LEXX","Lexaria Bioscience Corp","Biotechnology"
"52886N117","LEXXW","Lexaria Bioscience Corp","Biotechnology"
"G5414D103","LFAC","Leapfrog Acquisition Corporation","Shell Companies"
"G5414D129","LFACU","Leapfrog Acquisition Corporation","Shell Companies"
"G5414D111","LFACW","Leapfrog Acquisition Corporation","Shell Companies"
"86172B106","LFAE","LifeX 2048 Longevity Income ETF","ETF"
"86172B205","LFAF","LifeX 2049 Longevity Income ETF","ETF"
"86172B304","LFAI","LifeX 2050 Longevity Income ETF","ETF"
"86172B403","LFAJ","LifeX 2051 Longevity Income ETF","ETF"
"86172B502","LFAK","LifeX 2052 Longevity Income ETF","ETF"
"86172B601","LFAL","LifeX 2053 Longevity Income ETF","ETF"
"86172B700","LFAN","LifeX 2054 Longevity Income ETF","ETF"
"86172B809","LFAO","LifeX 2055 Longevity Income ETF","ETF"
"86172A124","LFAU","LifeX 2058 Longevity Income ETF","ETF"
"86172A132","LFAV","LifeX 2059 Longevity Income ETF","ETF"
"86172A140","LFAW","LifeX 2060 Longevity Income ETF","ETF"
"86172A173","LFBB","LifeX 2063 Longevity Income ETF","ETF"
"514766104","LFCR","Lifecore Biomedical Inc","Drug Manufacturers - Specialty & Generic"
"92189F148","LFEQ","VanEck Long/Flat Trend ETF","ETF"
"88636R727","LFGY","YieldMax Crypto Industry & Tech Portfolio Option Income ETF","ETF"
"52178J303","LFLY","Leafly Holdings Inc","Internet Content & Information"
"52178J113","LFLYW","Leafly Holdings Inc","Internet Content & Information"
"53216B104","LFMD","LifeMD Inc","Health Information Services"
"74933W221","LFSC","F/M Emerald Life Sciences Innovation ETF","ETF"
"53228F101","LFST","Lifestance Health Group Inc","Medical Care Facilities"
"55025L108","LFT","Lument Finance Trust Inc","REIT - Mortgage"
"53229X101","LFTO","Liftoff Mobile Inc","Advertising Agencies"
"537008104","LFUS","Littelfuse Inc","Electronic Components"
"53222K205","LFVN","LifeVantage Corp","Packaged Foods"
"G57037106","LGCL","Lucas GC Ltd","Software - Application"
"52474R207","LGCY","Legacy Education Inc","Education & Training Services"
"45259A571","LGDX","Intech S&P Large Cap Diversified Alpha ETF","ETF"
"50186Q202","LGEJY","LG Electronics Inc","Consumer Electronics"
"535919401","LGFA","Lions Gate Entertainment Corp","Entertainment"
"535919500","LGFB","Lions Gate Entertainment Corp","Entertainment"
"54303R101","LGFRY","Longfor Group Holdings Limited","Real Estate - Development"
"52463H103","LGGNY","Legal & General Group plc","Insurance - Life"
"66538R730","LGH","HCM Defender 500 Index ETF","ETF"
"53620U110","LGHL","Lion Group Holding Ltd","Capital Markets"
"52106W103","LGI","Lazard Global Total Return and Income Fund Inc","Asset Management"
"50187T106","LGIH","LGI Homes Inc","Residential Construction"
"50186A108","LGL","The LGL Group Inc","Scientific & Technical Instruments"
"78468R804","LGLV","SPDR SSGA US Large Cap Low Volatility Index ETF","ETF"
"50186A132","LGLWS","The LGL Group Inc WT","Electronic Components"
"67091J602","LGMK","LogicMark Inc","Health Information Services"
"52476L109","LGN","Legence Corp","Engineering & Construction"
"53220K504","LGND","Ligand Pharmaceuticals Inc","Biotechnology"
"517097101","LGO","Largo Inc","Other Industrial Metals & Mining"
"33738D606","LGOV","First Trust Long Duration Opportunities ETF","ETF"
"J3921Q102","LGPS","LogProstyle Inc","Conglomerates"
"524671104","LGRDY","Legrand SA","Electrical Equipment & Parts"
"00162Q353","LGRO","Level Four Large Cap Growth Active ETF","ETF"
"029683109","LGTY","Logility Supply Chain Solutions","Software - Application"
"54303L203","LGVN","Longeveron Inc","Biotechnology"
"504922105","LH","LabCorp Holdings Inc","Diagnostics & Research"
"53578M102","LHAI","Linkhome Holdings Inc","Real Estate Services"
"G5480C104","LHSW","Lianhe Sowell International","Software - Infrastructure"
"502431109","LHX","L3Harris Technologies Inc","Aerospace & Defense"
"50202M102","LI","Li Auto Inc","Auto Manufacturers"
"50202MAB8","LI","Li Auto Inc","Auto Manufacturers"
"86172B858","LIAE","LifeX 2050 Inflation-Protected Longevity Income ETF","ETF"
"86172B841","LIAF","LifeX 2051 Inflation-Protected Longevity Income ETF","ETF"
"86172B833","LIAG","LifeX 2052 Inflation-Protected Longevity Income ETF","ETF"
"86172B817","LIAK","LifeX 2054 Inflation-Protected Longevity Income ETF","ETF"
"53000N108","LIANY","LianBio","Biotechnology"
"86172B783","LIAO","LifeX 2056 Inflation-Protected Longevity Income ETF","ETF"
"86172B775","LIAP","LifeX 2057 Inflation-Protected Longevity Income ETF","ETF"
"86172B767","LIAQ","LifeX 2058 Inflation-Protected Longevity Income ETF","ETF"
"86172B742","LIAU","LifeX 2060 Inflation-Protected Longevity Income ETF","ETF"
"86172B726","LIAW","LifeX 2062 Inflation-Protected Longevity Income ETF","ETF"
"86172B718","LIAX","LifeX 2063 Inflation-Protected Longevity Income ETF","ETF"
"86172A223","LIBD","LifeX 2065 Inflation-Protected Longevity Income ETF","ETF"
"50202P204","LICYQ","Li-Cycle Holdings Corp","Waste Management"
"008183105","LIDR","Aeye Inc","Software - Infrastructure"
"008183113","LIDRW","Aeye Inc","Software - Infrastructure"
"828174102","LIEN","Chicago Atlantic Bdc Inc","Asset Management"
"532206109","LIF","Life360 Inc","Software - Application"
"29765A101","LIFE","Ethos Technologies Inc","Insurance Brokers"
"526107107","LII","Lennox International Inc","Building Products & Equipment"
"G9001E102","LILA","Liberty Latin America Ltd","Telecom Services"
"G9001E128","LILAK","Liberty Latin America Ltd","Telecom Services"
"N52586109","LILMF","Lilium NV","Aerospace & Defense"
"N52586117","LILMF","Lilium NV","Aerospace & Defense"
"882927775","LIMI","Themes Lithium & Battery Metal Miners ETF","ETF"
"53271X108","LIMN","Liminatus Pharma Inc","Biotechnology"
"53271X116","LIMNW","Liminatus Pharma Inc","Biotechnology"
"G54950103","LIN","Linde plc","Specialty Chemicals"
"533535100","LINC","Lincoln Educational Services Corporation","Education & Training Services"
"535219109","LIND","Lindblad Expeditions Holdings Inc","Travel Services"
"53566V106","LINE","Lineage Inc","REIT - Industrial"
"458751302","LINK","Interlink Electronics Inc","Electronic Components"
"25461H812","LINT","Direxion Daily INTC Bull 2X ETF","ETF"
"53626N102","LION","Lionsgate Studios Corp","Entertainment"
"53632A300","LIQT","LiqTech International Inc","Pollution & Treatment Controls"
"H49983176","LISN","Chocoladefabriken Lindt & Spruengli","Confectioners"
"37954Y855","LIT","Global X Lithium & Battery Tech ETF","ETF"
"53225G201","LITB","LightInTheBox Holding Co Ltd","Internet Retail"
"55024U109","LITE","Lumentum Holdings Inc","Communication Equipment"
"55024UAD1","LITE","Lumentum Holdings Inc","Communication Equipment"
"55024UAF6","LITE","Lumentum Holdings Inc","Communication Equipment"
"55024UAH2","LITE","Lumentum Holdings Inc","Communication Equipment"
"82889N327","LITL","Simplify Piper Sandler US Small-Cap PLUS Income ETF","ETF"
"85208P709","LITP","Sprott Lithium Miners ETF","ETF"
"55279B301","LITS","Lite Strategy Inc","Biotechnology"
"46152A650","LITX","Tradr 2X Long Lite Daily ETF","ETF"
"46152A353","LITZ","Tradr 2X Short LITE Daily ETF","ETF"
"538034BC2","LIVE","Live Ventures Incorporated","Home Improvement Retail"
"53802LAB8","LIVN","LivaNova plc","Medical Devices"
"G5509L101","LIVN","LivaNova plc","Medical Devices"
"539319111","LIXTW","Lixte Biotechnology Holdings","Biotechnology"
"45783Y368","LJAN","Innovator Premium Income 15 Buffer ETF - January","ETF"
"45783Y186","LJUL","Innovator Premium Income 15 Buffer ETF - July","ETF"
"G56981114","LKCO","Luokung Technology Corp","Internet Content & Information"
"511656100","LKFN","Lakeland Financial Corp","Banks - Regional"
"36315X101","LKFT","Lakefront Biotherapeutics","Biotechnology"
"54951L109","LKNCY","Luckin Coffee Inc","Restaurants"
"33939L753","LKOR","FlexShares Credit-Scored US Long Corporate Bond Index Fund","ETF"
"501889208","LKQ","LKQ Corporation","Auto Parts"
"G5354C107","LKSP","Lake Superior Acquisition Corp","Shell Companies"
"532457108","LLY","Eli Lilly & Co","Drug Manufacturers - General"
"530909100","LLYVA","Liberty Live Holdings Inc","Entertainment"
"531229748","LLYVA","Liberty Live Holdings Inc","Entertainment"
"530909308","LLYVK","Liberty Live Holdings Inc","Entertainment"
"531229722","LLYVK","Liberty Live Holdings Inc","Entertainment"
"88636J261","LLYX","Defiance Daily Target 2X Long LLY ETF","ETF"
"525558201","LMAT","LeMaitre Vascular Inc","Medical Instruments & Supplies"
"525558AB8","LMAT","LeMaitre Vascular Inc","Medical Instruments & Supplies"
"53263P105","LMB","Limbach Holdings Inc","Building Products & Equipment"
"33739Q200","LMBS","First Trust Low Duration Opportunities ETF","ETF"
"52567D107","LMND","Lemonade Inc","Insurance - Property & Casualty"
"52567D115","LMNDWS","Lemonade Inc","Insurance - Property & Casualty"
"532746104","LMNR","Limoneira Co","Farm Products"
"550249106","LMRI","Lumexa Imaging Holdings Inc","Medical Devices"
"539830109","LMT","Lockheed Martin Corp","Aerospace & Defense"
"29350E203","LNAI","Lunai Bioworks Inc","Biotechnology"
"534187109","LNC","Lincoln National Corporation","Insurance - Life"
"20440T300","LND","BrasilAgro Companhia Brasileira de Propriedades Agrícolas","Farm Products"
"16411R208","LNG","Cheniere Energy Inc","Oil & Gas Midstream"
"16411RAG4","LNG","Cheniere Energy Inc","Oil & Gas Midstream"
"301505459","LNGZ","Range Global Lng Ecosystem ETF","ETF"
"53578P105","LNKB","Linkbancorp Inc","Banks - Regional"
"G5496W102","LNKS","Linkers Industries Ltd","Electrical Equipment & Parts"
"535555106","LNN","Lindsay Corp","Farm & Heavy Construction Machinery"
"52989T102","LNNGY","Li Ning Company Limited","Leisure"
"52634L108","LNSR","Lensar Inc","Medical Devices"
"54211N101","LNSTY","London Stock Exchange Group","Financial Data & Stock Exchanges"
"018802108","LNT","Alliant Energy Corp","Utilities - Regulated Electric"
"018802AE8","LNT","Alliant Energy Corp","Utilities - Regulated Electric"
"516544103","LNTH","Lantheus Holdings Inc","Drug Manufacturers - Specialty & Generic"
"516544AB9","LNTH","Lantheus Holdings Inc","Drug Manufacturers - Specialty & Generic"
"526250105","LNVGY","Lenovo Group Limited","Computer Hardware"
"80874P109","LNWO","Light & Wonder Inc","Gambling"
"51655R101","LNZA","LanzaTech Global Inc","Waste Management"
"51655R119","LNZAW","LanzaTech Global Inc","Specialty Chemicals"
"562803106","LOAN","Manhattan Bridge Capital","REIT - Mortgage"
"53947R105","LOAR","Loar Holdings Inc","Aerospace & Defense"
"53803X105","LOB","Live Oak Bancshares Inc","Banks - Regional"
"G00350101","LOBO","LOBO EV Technologies Ltd","Auto Manufacturers"
"53960E106","LOCL","Local Bounti Corp","Farm Products"
"53960E205","LOCL","Local Bounti Corp","Farm Products"
"53960E114","LOCLW","Local Bounti Corporation",""
"268603107","LOCO","El Pollo Loco Holdings Inc","Restaurants"
"45783Y434","LOCT","Innovator Premium Income 15 Buffer ETF - October","ETF"
"205750300","LODE","Comstock Inc","Other Precious Metals & Mining"
"205750409","LODE","Comstock Inc","Other Precious Metals & Mining"
"21077C305","LOGC","Contextlogic Inc","Internet Retail"
"H50430232","LOGI","Logitech International SA","Computer Hardware"
"G5509P128","LOKVU","Live Oak Acquisition Corp V","Shell Companies"
"54150E104","LOMA","Loma Negra Compañia Industrial Argentina","Building Materials"
"04746L104","LONA","LeonaBio Inc","Biotechnology"
"04746L203","LONA","LeonaBio Inc","Biotechnology"
"72201R627","LONZ","PIMCO Senior Loan Active ETF","ETF"
"543518104","LOOP","Loop Industries Inc","Specialty Chemicals"
"38526M106","LOPE","Grand Canyon Education Inc","Education & Training Services"
"36261K103","LOPP","Gabelli Love Our Planet & People ETF","ETF"
"54572F101","LOT","Lotus Technology Inc","Auto Manufacturers"
"B5783H102","LOTB","Lotus Bakeries","Confectioners"
"54569M101","LOTMY","Lottomatica Group SpA","Gambling"
"54572F119","LOTWW","Lotus Technology Inc","Auto Manufacturers"
"45782C862","LOUP","Innovator Deepwater Frontier Tech ETF","ETF"
"54738L109","LOVE","Lovesac Company","Furnishings, Fixtures & Appliances"
"548661107","LOW","Lowe's Companies Inc","Home Improvement Retail"
"00039J301","LOWV","AB US Low Volatility Equity ETF","ETF"
"G5557R109","LPA","Logistic Properties of the Americas","Real Estate - Development"
"G5S86M100","LPAA","Launch One Acquisition Corp","Shell Companies"
"G5S86M118","LPAAU","Launch One Acquisition Corp","Shell Companies"
"G5S86M126","LPAAW","Launch One Acquisition Corp","Shell Companies"
"G5S87A105","LPBB","Launch Two Acquisition Corp","Shell Companies"
"G5S87A121","LPBBU","Launch Two Acquisition Corp","Shell Companies"
"G5S87A113","LPBBW","Launch Two Acquisition Corp","Shell Companies"
"53630X203","LPCN","Lipocine Inc","Biotechnology"
"G6001S107","LPCV","Launchpad Cadenza Acquisition Corp I","Shell Companies"
"G6001S123","LPCVU","Launchpad Cadenza Acquisition Corp I","Shell Companies"
"G6001S115","LPCVW","Launchpad Cadenza Acquisition Corp I","Shell Companies"
"Y2106R110","LPG","Dorian LPG Ltd","Oil & Gas Midstream"
"50186V102","LPL","LG Display Co Ltd","Consumer Electronics"
"50212V100","LPLA","LPL Financial Holdings Inc","Capital Markets"
"68373J104","LPRO","Open Lending Corp","Credit Services"
"538146101","LPSN","LivePerson Inc","Software - Application"
"532257805","LPTH","Lightpath Technologies Inc","Electronic Components"
"546347105","LPX","Louisiana-Pacific Corporation","Building Products & Equipment"
"30151E566","LQAI","LG QRAFT AI-Powered US Large Cap Core ETF","ETF"
"464287242","LQD","iShares iBoxx $ Investment Grade Corporate Bond ETF","ETF"
"53635D202","LQDA","Liquidia Corporation","Drug Manufacturers - Specialty & Generic"
"46436E494","LQDB","iShares BBB Rated Corporate Bond ETF","ETF"
"46431W705","LQDH","iShares Interest Rate Hedged Corporate Bond ETF","ETF"
"46431W580","LQDI","iShares Inflation Hedged Corporate Bond ETF","ETF"
"53635B107","LQDT","Liquidity Services Inc","Internet Retail"
"46436E288","LQDW","iShares Investment Grade Corporate Bond Buywrite Strategy ETF","ETF"
"78468R499","LQIG","SPDR MarketAxess Investment Grade 400 Corporate Bond ETF","ETF"
"45259A555","LQPE","PEO AlphaQuest Thematic PE ETF","ETF"
"33738D747","LQTI","FT Vest Investment Grade & Target Income ETF","ETF"
"516683109","LRAXF","Lara Exploration Ltd","Copper"
"46092D681","LRCU","Tradr 2X Long LRCX Daily ETF","ETF"
"512807306","LRCX","Lam Research Corporation","Semiconductor Equipment & Materials"
"512807108","LRCX.MX","LAM RESEARCH CORP",""
"52168R109","LRE","Lead Real Estate Co Ltd","Real Estate - Development"
"541098109","LRFC","Logan Ridge Finance Corp","Asset Management"
"00039J707","LRGC","AB US Large Cap Strategic Equities ETF","ETF"
"524682200","LRGE","ClearBridge Large Cap Growth Select ETF","ETF"
"46434V282","LRGF","iShares US Equity Factor ETF","ETF"
"555927409","LRGG","Macquarie Focused Large Growth ETF","ETF"
"50172T103","LRHC","La Rosa Holdings Corp","Real Estate Services"
"502117203","LRLCY","L'Oréal SA","Household & Personal Products"
"517125100","LRMR","Larimar Therapeutics Inc","Biotechnology"
"86333M108","LRN","Stride Inc","Education & Training Services"
"45409B263","LRND","NYLI US Large Cap R&D Leaders ETF","ETF"
"90214Q774","LSAF","LeaderSharesTM AlphaFactor US Core Equity ETF","ETF"
"64107N206","LSAK","Lesaka Technologies Inc","Software - Infrastructure"
"90214Q691","LSAT","LeaderShares AlphaFactor Tactical Focused ETF","ETF"
"G9845F208","LSB","Lakeshore Biopharma Co Ltd","Biotechnology"
"510704109","LSBK","Lake Shore Bancorp Inc","Banks - Regional"
"G9845F117","LSBPW","Lakeshore Biopharma Co Ltd","Biotechnology"
"518415104","LSCC","Lattice Semiconductor Corp","Semiconductors"
"51509P103","LSEA","Landsea Homes Corp","Residential Construction"
"54211Y107","LSEGY","London Stock Exchange Group plc","Financial Data & Stock Exchanges"
"41151J828","LSEQ","Harbor Long-Short Equity ETF","ETF"
"50736T102","LSF","Laird Superfood Inc","Packaged Foods"
"63875W406","LSGR","Natixis Loomis Sayles Focused Growth ETF","ETF"
"53229C107","LSPD","Lightspeed Commerce Inc","Software - Application"
"53229C109","LSPD","Lightspeed Commerce Inc","Software - Application"
"51809L109","LSRCY","Lasertec Corporation","Semiconductor Equipment & Materials"
"56167R705","LST","Leuthold Select Industries ETF","ETF"
"128058302","LSTA","Lisata Therapeutics Inc","Biotechnology"
"515098101","LSTR","Landstar System Inc","Integrated Freight & Logistics"
"0075W0155","LSVD","LSV Disciplined Value ETF","ETF"
"53224K302","LTBR","Lightbridge Corp","Electrical Equipment & Parts"
"502175102","LTC","LTC Properties Inc","REIT - Healthcare Facilities"
"51818V106","LTCH","Latch Inc","Software - Application"
"38963W104","LTCN","Grayscale Litecoin Trust","ETF"
"Y5342M100","LTG","LT Group Inc","Tobacco"
"G5701H122","LTGRU","Long Table Growth Corp","Shell Companies"
"53190C102","LTH","Life Time Group Holdings Inc","Leisure"
"53814LAB4","LTHM","Livent Corp","Specialty Chemicals"
"74347R263","LTL","ProShares Ultra Communication Services","ETF"
"51817R205","LTM","Latam Airlines Group Sa","Airlines"
"50541A108","LTNC","Labor Smart Inc","Beverages - Non-Alcoholic"
"72201R304","LTPZ","PIMCO 15+ Year US TIPS Index ETF","ETF"
"51654W101","LTRN","Lantern Pharma Inc","Biotechnology"
"516548203","LTRX","Lantronix Inc","Communication Equipment"
"54570M116","LTRYW","Lottery.com Inc","Gambling"
"33738D721","LTTI","FT Vest 20+ Year Treasury & Target Income ETF","ETF"
"54975P201","LU","Lufax Holding Ltd","Credit Services"
"54948X109","LUCD","Lucid Diagnostics Inc","Medical Devices"
"10258P102","LUCK","Lucky Strike Entertainment Corporation","Leisure"
"45791D208","LUCY","Innovative Eyewear Inc","Medical Instruments & Supplies"
"45791D117","LUCYW","Innovative Eyewear Inc","Medical Instruments & Supplies"
"G57019104","LUD","Luda Technology Group Ltd","Steel"
"550371108","LUGDF","Lundin Gold Inc","Gold"
"550021109","LULU","Lululemon Athletica Inc","Apparel Retail"
"550241103","LUMN","Lumen Technologies Inc","Telecom Services"
"550351100","LUNA","Luna Innovations Inc","Scientific & Technical Instruments"
"745848101","LUNG","Pulmonx Corp","Medical Devices"
"550372106","LUNMF","Lundin Mining Corporation","Copper"
"46125A100","LUNR","Intuitive Machines Inc","Aerospace & Defense"
"46125A118","LUNRW","Intuitive Machines Inc","Aerospace & Defense"
"844741108","LUV","Southwest Airlines","Airlines"
"844741BG2","LUV","Southwest Airlines","Airlines"
"87975E305","LUX","Tema ETF Trust - Tema Luxury ETF","ETF"
"55406W103","LUXE","LuxExperience B.V.","Luxury Goods"
"21985R303","LUXHQ","Luxurban Hotels Inc","Lodging"
"46654Q583","LVDS","JPMorgan Fundamental Data Science Large Value ETF","ETF"
"539183AA1","LVGO","Livongo Health Inc","Health Information Services"
"52468L406","LVHD","Franklin US Low Volatility High Dividend Index ETF","ETF"
"52468L505","LVHI","Franklin International Low Volatility High Dividend Index ETF","ETF"
"502441306","LVMUY","LVMH","Luxury Goods"
"53814X102","LVO","LiveOne Inc","Internet Content & Information"
"53814X300","LVO","LiveOne Inc","Internet Content & Information"
"025072513","LVOL","American Century Low Volatility ETF","ETF"
"G5391L102","LVRO","Lavoro Ltd","Agricultural Inputs"
"G5391L110","LVROW","Lavoro Ltd","Agricultural Inputs"
"517834107","LVS","Las Vegas Sands Corp","Resorts & Casinos"
"N51517105","LVTX","LAVA Therapeutics","Biotechnology"
"53838J105","LVWR","Livewire Group Inc","Auto Manufacturers"
"53838J113","LVWRWS","Livewire Group Inc","Auto Manufacturers"
"513272104","LW","Lamb Weston Holdings Inc","Packaged Foods"
"G5490M100","LWAC","LightWave Acquisition Corp","Shell Companies"
"G5490M118","LWACU","Lightwave Acquisition Corp","Shell Companies"
"531914109","LWAY","Lifeway Foods Inc","Packaged Foods"
"532275104","LWLG","Lightwave Logic Inc","Specialty Chemicals"
"528877103","LX","LexinFintech Holdings Ltd","Credit Services"
"53934A206","LXEH","Lixiang Education Holding Co Ltd","Education & Training Services"
"52886X107","LXEO","Lexeo Therapeutics Inc","Biotechnology"
"G5698W116","LXFR","Luxfer Holdings plc","Specialty Industrial Machinery"
"529043101","LXP","LXP Industrial Trust","REIT - Industrial"
"529043408","LXP","LXP Industrial Trust","REIT - Industrial"
"529043309","LXPC","LXP Industrial Trust","REIT - Industrial"
"528872302","LXRX","Lexicon Pharmaceuticals Inc","Biotechnology"
"502160104","LXU","LSB Industries Inc","Chemicals"
"N53745100","LYB","LyondellBasell Industries NV","Specialty Chemicals"
"55087P104","LYFT","Lyft Inc","Software - Application"
"539439109","LYG","Lloyds Banking Group plc","Banks - Regional"
"132061771","LYLD","Cambria ETF Trust Cambria Large","ETF"
"551073307","LYSDY","Lynas Rare Earths Limited","Other Industrial Metals & Mining"
"G5851A133","LYTHF","Lytus Technologies Holdings PTV Ltd","Entertainment"
"50216C108","LYTS","LSI Industries Inc","Electronic Components"
"538034109","LYV","Live Nation Entertainment Inc","Entertainment"
"538034BA6","LYV","Live Nation Entertainment Inc","Entertainment"
"52466B103","LZ","Legalzoom Com Inc","Specialty Business Services"
"54338V101","LZAGY","Lonza Group AG","Diagnostics & Research"
"505336107","LZB","La-Z-Boy Inc","Furnishings, Fixtures & Appliances"
"G5568L109","LZM","Lifezone Metals Limited","Other Industrial Metals & Mining"
"G9461B101","LZM","Lifezone Metals Limited","Other Industrial Metals & Mining"
"G57Y3D109","LZMH","LZ Technology Holdings Limited","Information Technology Services"
"G5568L117","LZMWS","Lifezone Metals Limited","Other Industrial Metals & Mining"
"53956W300","LZRFY","Localiza Rent a Car SA","Rental & Leasing Services"
"55616P104","M","Macys Inc","Department Stores"
"M68830104","M8W.SG","MediWound Ltd",""
"57636Q104","MA","Mastercard Incorporated","Credit Services"
"59522J103","MAA","Mid-America Apartment Communities Inc","REIT - Residential"
"554382101","MAC","Macerich Co","REIT - Retail"
"G6004G100","MACI","Melar Acquisition Corp I","Shell Companies"
"G6004G126","MACIU","Melar Acquisition Corp I","Shell Companies"
"G6004G118","MACIW","Melar Acquisition Corp I","Shell Companies"
"46438G596","MADE","iShares US Manufacturing ETF","ETF"
"55903Q104","MAG","MAG Silver Corp","Silver"
"26922A628","MAGA","Point Bridge America First ETF","ETF"
"77926X874","MAGC","Roundhill China Magnificent Seven ETF","ETF"
"557441300","MAGG","Madison Aggregate Bond ETF","ETF"
"55939A107","MAGN","Magnera Corp","Household & Personal Products"
"53656G498","MAGS","Roundhill Magnificent Seven ETF","ETF"
"77926X700","MAGX","Roundhill Daily 2X Long Magnificent Seven ETF","ETF"
"77926X668","MAGY","Roundhill Magnificent Seven Covered Call ETF","ETF"
"552641102","MAIA","Maia Biotechnology Inc","Biotechnology"
"56035L104","MAIN","Main Street Capital Corp","Asset Management"
"56089A400","MAKO","Mako Mining Corp","Gold"
"570912105","MAKSY","Marks and Spencer Group plc","Department Stores"
"74347G481","MAKX","ProShares S&P Kensho Smart Factories ETF","ETF"
"603051103","MALRY","Mineral Resources Limited","Other Industrial Metals & Mining"
"56146T103","MAMA","Mamas Creations Inc","Packaged Foods"
"66538H260","MAMB","Monarch Ambassador Income ETF","ETF"
"57628N101","MAMO","Massimo Group","Recreational Vehicles"
"56418H100","MAN","ManpowerGroup Inc","Staffing & Employment Services"
"922967104","MANE","Veradermics Incorporated","Biotechnology"
"562750109","MANH","Manhattan Associates Inc","Software - Application"
"G5784H106","MANU","Manchester United plc","Entertainment"
"92971A109","MAPS","WM Technology Inc","Software - Application"
"92971A117","MAPSW","WM Technology Inc","Software - Application"
"56564V101","MAQC","Maquia Capital Acquisition Corporation","Shell Companies"
"56564V119","MAQCW","Maquia Capital Acquisition Corporation","Shell Companies"
"571903202","MAR","Marriott International Inc","Lodging"
"565788106","MARA","MARA Holdings Inc","Capital Markets"
"33740U612","MARM","FT Vest US Equity Max Buffer ETF - March","ETF"
"88636R602","MARO","YieldMax MARA Option Income Strategy ETF","ETF"
"568423107","MARPS","Marine Petroleum Trust","Oil & Gas Midstream"
"00888H810","MART","AllianzIM US Large Cap Buffer10 Mar ETF","ETF"
"00888H489","MARU","AllianzIM US Equity Buffer15 Uncapped Mar ETF","ETF"
"573810207","MARUY","Marubeni Corporation","Conglomerates"
"00888H778","MARW","AllianzIM US Large Cap Buffer20 Mar ETF","ETF"
"G5870E124","MARX","Mars Acquisition Corp","Shell Companies"
"G5870E108","MARXU","Mars Acquisition Corp","Shell Companies"
"574599106","MAS","Masco Corp","Building Products & Equipment"
"574795100","MASI","Masimo Corp","Medical Devices"
"G8849D110","MASK","3 E Network Technology Group","Software - Application"
"65443P102","MASS","908 Devices Inc","Medical Devices"
"577081102","MAT","Mattel Inc","Leisure"
"G28365107","MATH","Metalpha Techn Holding Ltd","Capital Markets"
"808541106","MATV","Mativ Holdings Inc","Specialty Chemicals"
"577128101","MATW","Matthews International Corp","Conglomerates"
"57686G105","MATX","Matson Inc","Marine Shipping"
"573814308","MAURY","Marui Group Co Ltd","Credit Services"
"02072Q812","MAVF","Matrix Advisors Value ETF","ETF"
"58450V104","MAX","Mediaalpha Inc","Internet Content & Information"
"82889N673","MAXI","Simplify Bitcoin Strategy PLUS Income ETF","ETF"
"46438G612","MAXJ","iShares Large Cap Max Buffer Jun ETF","ETF"
"Y58473128","MAXN","Maxeon Solar Technologies Ltd","Solar"
"33740U356","MAYM","FT Vest US Equity Max Buffer ETF - May","ETF"
"69420N882","MAYP","PGIM S&P 500 Buffer 12 ETF - May","ETF"
"578473100","MAYS","Mays J W Inc","Real Estate Services"
"00888H760","MAYT","AllianzIM US Large Cap Buffer10 May ETF","ETF"
"00888H596","MAYU","AllianzIM US Equity Buffer15 Uncapped May ETF","ETF"
"00888H752","MAYW","AllianzIM US Large Cap Buffer20 May ETF","ETF"
"578784100","MAZE","Maze Therapeutics Inc","Biotechnology"
"G6001H101","MB","Masterbeef Group","Restaurants"
"M2361E179","MBAI","Check-Cap Ltd","Diagnostics & Research"
"464288588","MBB","iShares MBS ETF","ETF"
"92189H854","MBBB","VanEck Moody's Analytics BBB Corporate Bond ETF","ETF"
"565759206","MBBC","Marathon Bancorp Inc","Banks - Regional"
"57638P104","MBC","Masterbrand Inc","Furnishings, Fixtures & Appliances"
"596304204","MBCN","Middlefield Banc Corp","Banks - Regional"
"D1668R123","MBGAF","Mercedes-Benz Group AG","Auto Manufacturers"
"233825207","MBGYY","Mercedes-Benz Group","Auto Manufacturers"
"55262C100","MBI","MBIA","Insurance - Specialty"
"58844R108","MBIN","Merchants Bancorp","Banks - Regional"
"60741F104","MBLY","Mobileye Global Inc","Auto Parts"
"78470P705","MBND","SPDR Nuveen Municipal Bond ETF","ETF"
"78470P853","MBNE","SPDR Nuveen Municipal Bond ESG ETF","ETF"
"59503A204","MBOT","Microbot Medical Inc","Medical Instruments & Supplies"
"02072L847","MBOX","Freedom Day Dividend ETF","ETF"
"56656T105","MBRFY","Marfrig Global Foods SA","Packaged Foods"
"60855D309","MBRX","Moleculin Biotech Inc","Biotechnology"
"03463K737","MBS","Angel Oak Mortgage-Backed Securities ETF","ETF"
"33939L779","MBSD","FlexShares Disciplined Duration MBS Index Fund","ETF"
"92046L338","MBSF","Regan Floating Rate MBS ETF","ETF"
"00777X520","MBSX","Regan Fixed Rate MBS ETF","ETF"
"56117J100","MBUU","Malibu Boats Inc","Recreational Vehicles"
"G63221108","MBVI","M3-Brigade Acquisition VI Corp","Shell Companies"
"G63221124","MBVIU","M3-Brigade Acquisition Vi Corp","Shell Companies"
"G63221116","MBVIW","M3-Brigade Acquisition Vi Corp","Shell Companies"
"587376104","MBWM","Mercantile Bank Corporation","Banks - Regional"
"55287L101","MBX","Mbx Biosciences Inc","Biotechnology"
"60786M105","MC","Moelis & Co","Capital Markets"
"587573106","MCARY","Mercari Inc","Internet Retail"
"591774104","MCB","Metropolitan Bank Holding Corp","Banks - Regional"
"59165J105","MCBS","Metrocity Bankshares Inc","Banks - Regional"
"580135101","MCD","McDonald's Corporation","Restaurants"
"G5924V106","MCDIF","McDermott International Ltd","Engineering & Construction"
"57637H103","MCFT","MasterCraft Boat Holdings Inc","Recreational Vehicles"
"G98659116","MCGA","Yorkville Acquisition Corp","Shell Companies"
"G98659124","MCGAW","Yorkville Acquisition Corp","Shell Companies"
"577125834","MCH","Matthews China Active ETF","ETF"
"43785V102","MCHB","Mechanics Bancorp","Banks - Regional"
"583614102","MCHB","Mechanics Bancorp","Banks - Regional"
"46429B671","MCHI","iShares MSCI China ETF","ETF"
"595017104","MCHP","Microchip Technology Inc","Semiconductors"
"595017BG8","MCHP","Microchip Technology Inc","Semiconductors"
"595017302","MCHPP","Microchip Technology Inc","Semiconductors"
"577125735","MCHS","Matthews China Discovery Active ETF","ETF"
"56624R108","MCHX","Marchex Inc","Advertising Agencies"
"06759X107","MCI","Barings Corporate Investors","Asset Management"
"58155Q103","MCK","Mckesson Corp","Medical Distribution"
"557437100","MCN","XAI Madison Equity Premium Income Fund","Asset Management"
"615369105","MCO","Moody's Corporation","Financial Data & Stock Exchanges"
"552727109","MCR","MFS Charter Income Trust","Asset Management"
"609027107","MCRI","Monarch Casino & Resort Inc","Resorts & Casinos"
"G6083M101","MCRP","Micropolis Holding Company","Computer Hardware"
"566330106","MCS","The Marcus Corporation","Entertainment"
"60646V105","MCW","Mister Car Wash Inc","Auto & Truck Dealerships"
"589400100","MCY","Mercury General Corporation","Insurance - Property & Casualty"
"58502B106","MD","Pediatrix Medical Group Inc","Medical Care Facilities"
"55293N109","MDA","MDA Space Ltd","Aerospace & Defense"
"84757T105","MDAI","Spectral AI Inc","Medical Devices"
"84757T113","MDAIW","Spectral AI Inc","Medical Devices"
"60937P106","MDB","MongoDB Inc","Software - Infrastructure"
"55285N109","MDBH","MDB Capital Holdings LLC","Capital Markets"
"552676108","MDC","M.D.C. Holdings Inc","Residential Construction"
"58471K202","MDCX","Medicus Pharma Ltd","Drug Manufacturers - General"
"58471K111","MDCXW","Medicus Pharma Ltd","Drug Manufacturers - General"
"558868105","MDGL","Madrigal Pharmaceuticals Inc","Biotechnology"
"56064B753","MDHAX","NYLI MacKay Short Duration High Income Class A","ETF"
"58450D104","MDIA","MediaCo Holding Inc","Broadcasting"
"58502K106","MDIBY","Mediobanca Banca di Credito Finanziario SpA","Banks - Regional"
"33738R100","MDIV","Multi-Asset Diversified Income Index Fund","ETF"
"58507V107","MDLN","Medline Inc","Medical Instruments & Supplies"
"02072L482","MDLV","Morgan Dempsey Large Cap Value ETF","ETF"
"609207105","MDLZ","Mondelez International Inc","Confectioners"
"66537J846","MDPL","Monarch Dividend Plus Index ETF","ETF"
"58403P402","MDRR","Medalist Diversified REIT Inc","Real Estate Services"
"01988P108","MDRX","Veradigm Inc","Health Information Services"
"90386K589","MDST","Westwood Salient Enhanced Midstream Income ETF","ETF"
"G5960L103","MDT","Medtronic plc","Medical Devices"
"552690109","MDU","MDU Resources Group Inc","Utilities - Regulated Gas"
"60784B101","MDV","Modiv Industrial Inc","REIT - Industrial"
"58406B202","MDVLQ","MedAvail Holdings Inc","Pharmaceutical Retailers"
"M68830112","MDWD","Mediwound Ltd","Biotechnology"
"602496101","MDXG","MiMedx Group Inc","Biotechnology"
"B5950S113","MDXH","MDxHealth SA","Diagnostics & Research"
"78467Y107","MDY","SPDR S&P MIDCAP 400 ETF Trust","ETF"
"78464A821","MDYG","SPDR S&P 400 Mid Cap Growth ETF","ETF"
"78464A839","MDYV","SPDR S&P 400 Mid Cap Value ETF","ETF"
"46431W838","MEAR","iShares Short Maturity Municipal Bond Active ETF","ETF"
"578605107","MEC","Mayville Engineering Company Inc","Metal Fabrication"
"58470H101","MED","Medifast Inc","Personal Services"
"41151J869","MEDI","Harbor Health Care ETF","ETF"
"58506Q109","MEDP","Medpace Holdings Inc","Diagnostics & Research"
"949503106","MEDS","DataMEDS AI Inc","Pharmaceutical Retailers"
"53656G563","MEDX","Horizon Kinetics Medical ETF","ETF"
"56064Q107","MEGI","NYLI CBRE Global Infrastructure Megatrends Term Fund","Asset Management"
"90138Q306","MEHCQ","23Andme Holding Co","Diagnostics & Research"
"591520200","MEI","Methode Electronics","Electronic Components"
"58733R102","MELI","Mercadolibre Inc","Internet Retail"
"577125818","MEM","Matthews Emerging Markets Equity Active ETF","ETF"
"577125792","MEMX","Matthews Emerging Markets Ex China Active ETF","ETF"
"G83116106","MENS","Jyong Biotech Ltd","Biotechnology"
"59151K108","MEOH","Methanex Corp","Chemicals"
"588056101","MERC","Mercer International Inc","Paper & Paper Products"
"001160626","MERUS","Merus Power Oyj","Electrical Equipment & Parts"
"G6032N101","MESH","Meshflow Acquisition Corp","Shell Companies"
"G6032N127","MESHU","Meshflow Acquisition Corp","Shell Companies"
"G6032N119","MESHW","Meshflow Acquisition Corp","Shell Companies"
"590717401","MESO","Mesoblast Limited","Biotechnology"
"59156R108","MET","MetLife Inc","Insurance - Life"
"30303M102","META","Meta Platforms Inc","Internet Content & Information"
"75134P600","METC","Ramaco Resources Inc","Coking Coal"
"75134PAB1","METC","Ramaco Resources Inc","Coking Coal"
"75134P501","METCB","Ramaco Resources Inc","Coking Coal"
"25461A106","METD","Direxion Daily META Bear 1X ETF","ETF"
"85208P857","METL","Sprott Active Metals & Miners ETF","ETF"
"25461A809","METU","Direxion Daily META Bull 2X ETF","ETF"
"53656F417","METV","Roundhill Ball Metaverse ETF","ETF"
"G6071J102","MEVO","M Evo Global Acquisition Corp II","Shell Companies"
"G6071J110","MEVOW","M Evo Global Acquisition Corp II","Shell Companies"
"25460E281","MEXX","Direxion Daily MSCI Mexico Bull 3X Shares","ETF"
"G9161K112","MF","MindForge Inc","Software - Infrastructure"
"55272X607","MFA","MFA Financial Inc","REIT - Mortgage"
"56501R106","MFC","Manulife Financial Corp","Insurance - Life"
"72202L371","MFDX","PIMCO RAFI Dynamic Multi-Factor International Equity ETF","ETF"
"72202L389","MFEM","PIMCO RAFI Dynamic Multi-Factor Emerging Markets Equity ETF","ETF"
"60687Y109","MFG","Mizuho Financial Group Inc","Banks - Regional"
"G6065C113","MFI","mF International Limited","Software - Application"
"03761U502","MFIC","MidCap Financial Investment Corp","Asset Management"
"583928106","MFIN","Medallion Financial Corp","Credit Services"
"33740F508","MFLX","First Trust Flexible Municipal High Income ETF","ETF"
"552738106","MFM","MFS Municipal Income Trust","Asset Management"
"55286W108","MFSB","MFS Active Core Plus Bond ETF","ETF"
"55286W207","MFSG","MFS Active Growth ETF","ETF"
"55286W405","MFSI","MFS Active International ETF","ETF"
"55286W306","MFSM","MFS Active Intermediate Muni Bond ETF","ETF"
"55286W504","MFSV","MFS Active Value ETF","ETF"
"19423L615","MFUL","Mindful Conservative ETF","ETF"
"72202L363","MFUS","PIMCO RAFI Dynamic Multi-Factor US Equity ETF","ETF"
"88636J337","MFUT","Cambria Chesapeake Pure Trend ETF","ETF"
"60649T107","MG","Mistras Group Inc","Security & Protection Services"
"559222401","MGA","Magna International Inc","Auto Parts"
"921910873","MGC","Vanguard Mega Cap Index Fund","ETF"
"59738C108","MGCLY","Midea Group Co Ltd","Furnishings, Fixtures & Appliances"
"59410T106","MGDDY","Michelin Compagnie Generale des Etablissements","Auto Parts"
"55277P104","MGEE","MGE Energy Inc","Utilities - Regulated Electric"
"552939100","MGF","MFS Government Markets Income Trust","Asset Management"
"559166103","MGIC","Magic Software Enterprises Ltd","Software - Application"
"G6169A104","MGIH","Millennium Group International Holdings Limited","Packaging & Containers"
"921910816","MGK","Vanguard Mega Cap Growth Index Fund","ETF"
"57403M104","MGLD","The Marygold Companies Inc","Asset Management"
"552953101","MGM","Mgm Resorts International","Resorts & Casinos"
"90470L550","MGMT","Ballast Small/Mid Cap ETF","ETF"
"55955D100","MGNI","Magnite Inc","Advertising Agencies"
"02368W408","MGNR","American Beacon GLG Natural Resources ETF","ETF"
"556099109","MGNX","Macrogenics Inc","Biotechnology"
"33738D838","MGOV","First Trust Intermediate Government Opportunities ETF","ETF"
"92647K838","MGOYX","Victory Munder Mid-Cap Core Growth Fund Class Y","ETF"
"55303J106","MGPI","MGP Ingredients Inc","Beverages - Wineries & Distilleries"
"580589109","MGRC","McGrath RentCorp","Rental & Leasing Services"
"609786108","MGRM","Monogram Technologies Inc","Medical Devices"
"92189H680","MGRO","VanEck Morningstar Wide Moat Growth ETF","ETF"
"56270V205","MGRX","Mangoceuticals Inc","Health Information Services"
"G59665102","MGTX","MeiraGTx Holdings plc","Biotechnology"
"921910840","MGV","Vanguard Mega Cap Value Index Fund","ETF"
"59102M104","MGX","Metagenomi Inc","Biotechnology"
"559663109","MGY","Magnolia Oil & Gas Corp","Oil & Gas E&P"
"55977T208","MGYR","Magyar Bancorp Inc","Banks - Regional"
"580907103","MH","McGraw Hill Inc","Education & Training Services"
"09253N104","MHD","BlackRock MuniHoldings Fund Inc","Asset Management"
"95766N103","MHF","Western Asset Municipal High Income Fund Inc","Asset Management"
"624678108","MHGVY","Mowi ASA","Farm Products"
"57633B100","MHH","Mastech Digital Inc","Staffing & Employment Services"
"723763108","MHI","Pioneer Municipal High Income Fund Inc","ETF"
"608190104","MHK","Mohawk Industries","Furnishings, Fixtures & Appliances"
"G5753U112","MHLD","Maiden Holdings Ltd","Insurance - Reinsurance"
"09255C700","MHN","BlackRock MuniHoldings New York Quality Fund Inc","ETF"
"55305B101","MHO","M/I Homes","Residential Construction"
"G5966G108","MHUA","Meihua International Medical Technologies","Medical Devices"
"606793404","MHVIY","Mitsubishi Heavy Industries Ltd","Specialty Industrial Machinery"
"G6363T115","MI","NFT Limited","Internet Retail"
"59356Q108","MIAX","Miami International Holdings Inc","Capital Markets"
"N5505D105","MICC","Magnum Ice Cream Company NV","Packaged Foods"
"92646A153","MICIX","Victory Trivalent International Fund-Core Equity Class I","ETF"
"92646A146","MICYX","Victory Trivalent International Fund-Core Equity Class Y","ETF"
"025072760","MID","American Century Mid Cap Growth Impact ETF","ETF"
"596278101","MIDD","Middleby Corp","Specialty Industrial Machinery"
"233051127","MIDE","Xtrackers S&P MidCap 400 Scored & Screened ETF","ETF"
"25459W730","MIDU","Direxion Daily Mid Cap Bull 3X Shares","ETF"
"606776201","MIELY","Mitsubishi Electric Corporation","Electrical Equipment & Parts"
"92189H862","MIG","VanEck Moody's Analytics IG Corporate Bond ETF","ETF"
"60039Q101","MILC","Millennium Investment & Acquisition Company Inc","Drug Manufacturers - Specialty & Generic"
"69374H279","MILK","Pacer US Cash Cows Bond ETF","ETF"
"37954Y764","MILN","Global X Millennials Consumer ETF","ETF"
"G6146G109","MIMI","Mint Incorporation Ltd","Engineering & Construction"
"55273C107","MIN","MFS Intermediate Income Trust","Asset Management"
"602566309","MIND","Mind Technology Inc","Scientific & Technical Instruments"
"57808L305","MINE","Mayfair Gold Corp","Banks - Regional"
"89834G836","MINN","Mairs & Power Minnesota Municipal Bond ETF","ETF"
"72201R635","MINO","PIMCO Municipal Income Opportunities Active ETF","ETF"
"72201R833","MINT","PIMCO Enhanced Short Maturity Active ETF","ETF"
"577125826","MINV","Matthews Asia Innovators Active ETF","ETF"
"723760104","MIO","Pioneer Municipal High Income Opportunities Fund Inc","ETF"
"60471A101","MIR","Mirion Technologies Inc","Specialty Industrial Machinery"
"60458C104","MIRA","Mira Pharmaceuticals Inc","Drug Manufacturers - General"
"604749101","MIRM","Mirum Pharmaceuticals Inc","Biotechnology"
"604749AB7","MIRM","Mirum Pharmaceuticals Inc","Biotechnology"
"92647K309","MISIX","Victory Trivalent International Small-Cap Fund Class I","ETF"
"33733E831","MISL","First Trust Indxx Aerospace & Defense Etf","ETF"
"59935V107","MIST","Milestone Pharmaceuticals Inc","Biotechnology"
"606783207","MITEY","Mitsubishi Estate Co Ltd","Real Estate - Diversified"
"606710200","MITK","Mitek Systems Inc","Software - Application"
"62464R109","MITQ","Moving Image Technologies Inc","Communication Equipment"
"606827202","MITSY","Mitsui & Co Ltd","Conglomerates"
"001228501","MITT","AG Mortgage Investment Trust Inc","REIT - Mortgage"
"09254V105","MIY","BlackRock MuniYield Michigan Quality Fund Inc","Asset Management"
"26924G508","MJ","Amplify Alternative Harvest ETF","ETF"
"032108623","MJUS","Amplify US Alternative Harvest ETF","ETF"
"02072L490","MKAM","MKAM ETF","ETF"
"579780206","MKC","McCormick & Company Inc","Packaged Foods"
"579780107","MKCV","McCormick & Company Inc","Packaged Foods"
"G6209W108","MKDW","MKDWELL Tech Inc","Auto Parts"
"G6209W116","MKDWW","MKDWELL Tech Inc","Auto Parts"
"57064N201","MKFG","Markforged Holding Corp","Computer Hardware"
"589339209","MKKGY","Merck KGaA","Drug Manufacturers - Specialty & Generic"
"570535104","MKL","Markel Corp","Insurance - Property & Casualty"
"G6005T101","MKLY","McKinley Acquisition Corporation","Shell Companies"
"G6005T119","MKLYR","McKinley Acquisition Corporation","Shell Companies"
"G6005T127","MKLYU","McKinley Acquisition Corporation","Shell Companies"
"55306N104","MKSI","MKS Instruments Inc","Scientific & Technical Instruments"
"55306NAB0","MKSI","MKS Instruments Inc","Scientific & Technical Instruments"
"560877300","MKTAY","Makita Corporation","Tools & Accessories"
"57064P107","MKTW","Marketwise Inc","Financial Data & Stock Exchanges"
"57060D108","MKTX","MarketAxess Holdings Inc","Capital Markets"
"55453W105","MKZR","MacKenzie Realty Capital Inc","REIT - Diversified"
"60938K304","ML","MoneyLion Inc","Credit Services"
"F61824870","ML.PA","Cie Generale des Etablissement",""
"G6301L109","MLAA","Mountain Lake Acquisition Corp II","Shell Companies"
"G6301L117","MLAAW","Mountain Lake Acquisition Corp II","Shell Companies"
"59064R109","MLAB","Mesa Labs Inc","Scientific & Technical Instruments"
"G6301B101","MLAC","Mountain Lake Acquisition Corp","Shell Companies"
"G6301B127","MLACR","Mountain Lake Acquisition Corp","Shell Companies"
"G6301B119","MLACU","Mountain Lake Acquisition Corp","Shell Companies"
"62188E103","MLCI","Mount Logan Capital Inc","Asset Management"
"585464100","MLCO","Melco Resorts & Entertainment Limited","Resorts & Casinos"
"37960A396","MLDR","Global X Intermediate-Term Treasury Ladder ETF","ETF"
"L64875104","MLEC","Moolec Science SA","Biotechnology"
"G6077Y301","MLGO","Microalgo Inc","Software - Infrastructure"
"624756102","MLI","Mueller Industries Inc","Metal Fabrication"
"600544100","MLKN","Millerknoll Inc","Furnishings, Fixtures & Appliances"
"573284106","MLM","Martin Marietta Materials Inc","Building Materials"
"92189F536","MLN","VanEck Long Muni ETF","ETF"
"58985J105","MLNK","Meridianlink Inc","Software - Application"
"577345101","MLP","Maui Land & Pineapple Company","Real Estate Services"
"37954Y343","MLPA","Global X MLP ETF","ETF"
"90274D382","MLPB","Ubs Ag London Branch","ETF"
"37960A479","MLPD","Global X MLP & Energy Infrastructure Covered Call ETF","ETF"
"78433H485","MLPI","Neos Mlp & Energy Infrastructure High Income ETF","ETF"
"90269A278","MLPR","ETRACS Quarterly Pay 15X Leveraged Alerian MLP Index ETN","ETF"
"37954Y293","MLPX","Global X MLP & Energy Infrastructure ETF","ETF"
"600551204","MLR","Miller Industries Inc","Auto Parts"
"59935P209","MLSS","Milestone Scientific Inc","Medical Instruments & Supplies"
"61559X104","MLTX","Moonlake Immunotherapeutics","Biotechnology"
"56108H105","MLYBY","Malayan Banking Berhad","Banks - Regional"
"603170101","MLYS","Mineralys Therapeutics Inc","Biotechnology"
"Q0266F107","MMA","Mixed Martial Arts Group Ltd","Leisure"
"46438G455","MMAX","iShares Large Cap Max Buffer Mar ETF","ETF"
"45409F777","MMCA","NYLI MacKay California Muni Intermediate ETF","ETF"
"56064K100","MMD","NYLI MacKay DefinedTerm Muni Opportunities Fund","Asset Management"
"60365F109","MMED","MiniMed Group Inc","Medical Instruments & Supplies"
"566324109","MMI","Marcus & Millichap Inc","Real Estate Services"
"45409F843","MMIN","NYLI MacKay Muni Insured ETF","ETF"
"45409F827","MMIT","NYLI MacKay Muni Intermediate ETF","ETF"
"88224A508","MMKT","Texas Capital Government Money Market ETF","ETF"
"573331105","MMLP","Martin Midstream Partners L.P.","Oil & Gas Midstream"
"88579Y101","MMM","3M Co","Conglomerates"
"577933104","MMS","Maximus Inc","Specialty Business Services"
"33740U794","MMSC","First Trust Multi-Manager Small Cap Opportunities ETF","ETF"
"589889104","MMSI","Merit Medical Systems Inc","Medical Instruments & Supplies"
"589889AB0","MMSI","Merit Medical Systems Inc","Medical Instruments & Supplies"
"552737108","MMT","MFS Multimarket Income Trust","Asset Management"
"78468R705","MMTM","SPDR S&P 1500 Momentum Tilt ETF","ETF"
"G6180J100","MMTX","Miluna Acquisition Corp","Shell Companies"
"95766M105","MMU","Western Asset Managed Municipals Fund Inc","Asset Management"
"G6360J102","MMV","Multimetaverse Holdings Ltd","Entertainment"
"G6360J136","MMVVF","Multimetaverse Holdings Ltd","Entertainment"
"56087FAB0","MMYT","MakeMyTrip Limited","Travel Services"
"V5633W109","MMYT","MakeMyTrip Limited","Travel Services"
"45409B800","MNA","New York Life Investments Merger Arbitrage ETF","ETF"
"00162Q411","MNBD","ALPS Intermediate Municipal Bond ETF","ETF"
"M70240102","MNDO","MIND C.T.I. Ltd","Software - Application"
"G62264109","MNDR","Mobile-Health Network Solutions","Health Information Services"
"M7S64H106","MNDY","monday.com Ltd","Software - Application"
"56400P706","MNKD","MannKind Corp","Biotechnology"
"92646A260","MNNYX","Victory Munder Multi-Cap Fund Class Y","ETF"
"58468P206","MNOV","MediciNova Inc","Biotechnology"
"61023L207","MNPR","Monopar Therapeutics Inc","Biotechnology"
"55445L100","MNR","Mach Natural Resources LP","Oil & Gas E&P"
"610236101","MNRO","Monro Inc","Auto Parts"
"56064Y100","MNSB","Mainstreet Bancshares Inc","Banks - Regional"
"66981J102","MNSO","MINISO Group Holding Limited","Specialty Retail"
"61174X109","MNST","Monster Beverage Corp","Beverages - Non-Alcoholic"
"60448A101","MNTHY","Minth Group Limited","Auto Parts"
"61218C103","MNTK","Montauk Renewables Inc","Specialty Chemicals"
"87975E875","MNTL","Tema Neuroscience And Mental Health ETF","ETF"
"55318A108","MNTN","MNTN Inc","Software - Application"
"60879E101","MNTS","Momentus Inc","Aerospace & Defense"
"60879E200","MNTS","Momentus Inc","Aerospace & Defense"
"60879E119","MNTSW","Momentus Inc","Aerospace & Defense"
"563420108","MNTX","Manitex International Inc","Farm & Heavy Construction Machinery"
"G6202B101","MNY","Moneyhero Limited","Internet Content & Information"
"G6202B119","MNYWW","Moneyhero Limited","Internet Content & Information"
"02209S103","MO","Altria Group Inc","Tobacco"
"92189F643","MOAT","VanEck Morningstar Wide Moat ETF","ETF"
"60742B102","MOB","Mobilicom Ltd","Aerospace & Defense"
"60742B110","MOBBW","Mobilicom Ltd","Aerospace & Defense"
"60743G100","MOBX","Mobix Labs Inc","Semiconductors"
"60743G118","MOBXW","Mobix Labs Inc","Semiconductors"
"607828100","MOD","Modine Manufacturing Co","Auto Parts"
"60785L207","MODD","Modular Medical Inc","Medical Devices"
"92647P126","MODL","Victoryshares Westend US Sector ETF","ETF"
"60783X104","MODVQ","Modivcare Inc","Medical Care Facilities"
"598511103","MOFG","Midwestone Financial Group Inc","Banks - Regional"
"615394202","MOGA","Moog Inc","Aerospace & Defense"
"615394301","MOGB","Moog Inc","Aerospace & Defense"
"608012308","MOGU","Mogu Inc","Internet Retail"
"60855R100","MOH","Molina Healthcare Inc","Healthcare Plans"
"27888P104","MOHOY","ECMOHO Limited","Internet Retail"
"60853G106","MOLN","Molecular Partners AG","Biotechnology"
"423403104","MOMO","Hello Group Inc","Internet Content & Information"
"60921V200","MONDY","Mondi plc","Paper & Paper Products"
"61022V107","MONOY","MonotaRO Co Ltd","Internet Retail"
"60919T100","MONRY","Moncler SpA","Apparel Manufacturing"
"92189F700","MOO","VanEck Agribusiness ETF","ETF"
"617700109","MORN","Morningstar Inc","Financial Data & Stock Exchanges"
"92189F452","MORT","VanEck Mortgage REIT Income ETF","ETF"
"61945C103","MOS","The Mosaic Company","Agricultural Inputs"
"92189Y105","MOTE","VanEck Morningstar ESG Moat ETF","ETF"
"92189F122","MOTG","VanEck Morningstar Global Wide Moat ETF","ETF"
"92189F593","MOTI","VanEck Morningstar International Moat ETF","ETF"
"402031876","MOTO","SmartETFs Smart Transportation & Technology ETF","ETF"
"624580106","MOV","Movado Group Inc","Luxury Goods"
"62459M107","MOVE","Corvex Inc","Software - Infrastructure"
"553368101","MP","MP Materials Corp","Other Industrial Metals & Mining"
"09255G107","MPA","BlackRock MuniYield Pennsylvania Quality Fund","Asset Management"
"620071100","MPAA","Motorcar Parts Of America","Auto Parts"
"59540G107","MPB","Mid Penn Bancorp Inc","Banks - Regional"
"56585A102","MPC","Marathon Petroleum Corporation","Oil & Gas Refining & Marketing"
"56565P103","MPLT","MapLight Therapeutics Inc","Biotechnology"
"55336V100","MPLX","MPLX LP","Oil & Gas Midstream"
"58533E103","MPNGY","Meituan","Internet Retail"
"66538H245","MPRO","Monarch ProCap ETF","ETF"
"58463J304","MPT","Medical Properties Trust Inc","REIT - Healthcare Facilities"
"55380K109","MPTI","M-Tron Industries Inc","Electronic Components"
"55380K133","MPTI","M-Tron Industries Inc","Electronic Components"
"55380K125","MPTIWS","M-Tron Industries Inc","Electronic Components"
"G6005C108","MPU","Mega Matrix Inc","Entertainment"
"06761A103","MPV","Barings Participation Investors","Asset Management"
"609839105","MPWR","Monolithic Power Systems Inc","Semiconductors"
"568427108","MPX","Marine Products Corp","Recreational Vehicles"
"57142B104","MQ","Marqeta Inc","Software - Infrastructure"
"55607P204","MQBKY","Macquarie Group Limited","Capital Markets"
"46092D749","MQQQ","Tradr 2X Long Innovation 100 Monthly ETF","ETF"
"09254G108","MQT","BlackRock MuniYield Quality Fund II Inc","ETF"
"09254F100","MQY","BlackRock MuniYield Quality Fund Inc","Asset Management"
"626425102","MRAAY","Murata Manufacturing Co Ltd","Electronic Components"
"38747T583","MRAL","GraniteShares 2x Long MARA Daily ETF","ETF"
"30041T104","MRAM","Everspin Technologies Inc","Semiconductors"
"55272P778","MRBIX","MFS Total Return Bond Fund Class I","ETF"
"58958P104","MRBK","Meridian Corporation","Banks - Regional"
"55345K103","MRC","MRC Global Inc","Industrial Distribution"
"610335101","MRCC","Monroe Capital Corp","Asset Management"
"589378108","MRCY","Mercury Systems","Aerospace & Defense"
"381098300","MRDN","Meridian Holdings Inc","Electronic Gaming & Multimedia"
"589492107","MREO","Mereo Biopharma Group plc","Biotechnology"
"74348A566","MRGR","ProShares Merger ETF","ETF"
"56804T304","MRINQ","Marin Software Inc","Software - Application"
"58933Y105","MRK","Merck Inc","Drug Manufacturers - General"
"57055L206","MRKR","Marker Therapeutics Inc","Biotechnology"
"G1169T104","MRLN","Merlin Inc","Aerospace & Defense"
"58510H103","MRM","Medirom Healthcare Tech Inc","Personal Services"
"60770K107","MRNA","Moderna Inc","Biotechnology"
"G63369113","MRNO","Murano Global Investments plc","Real Estate - Development"
"56854Q200","MRNS","Marinus Pharmaceuticals Inc","Biotechnology"
"565849106","MRO","Marathon Oil Corp","Oil & Gas E&P"
"601137102","MRP","Millrose Properties Inc","REIT - Residential"
"571748102","MRSH","Marsh & McLennan Companies","Insurance Brokers"
"66538J720","MRSK","Toews Agility Shares Managed Risk ETF","ETF"
"59045L106","MRSN","Mersana Therapeutics Inc","Biotechnology"
"573134103","MRT","Marti Technologies Inc","Software - Application"
"573075108","MRTN","Marten Trans Ltd","Trucking"
"60468T105","MRTX","Mirati Therapeutics Inc","Biotechnology"
"N5749R100","MRUS","Merus NV","Biotechnology"
"57381Q101","MRUWY","Maruwa Co Ltd","Electronic Components"
"56600D107","MRVI","Maravai LifeSciences Holdings Inc","Biotechnology"
"573874104","MRVL","Marvell Technology Inc","Semiconductors"
"25461H648","MRVU","Direxion Daily MRVL Bull 2X ETF","ETF"
"G5S37H101","MRX","Marex Group plc","Capital Markets"
"617446448","MS","Morgan Stanley","Capital Markets"
"553498106","MSA","Msa Safety Inc","Security & Protection Services"
"553491101","MSADY","MS&AD Insurance Group Holdings Inc","Insurance - Property & Casualty"
"456948108","MSAI","Multisensor AI Holdings Inc","Electronic Components"
"456948116","MSAIW","Multisensor AI Holdings Inc","Electronic Components"
"590672101","MSB","Mesabi Trust","Steel"
"597742105","MSBI","Midland States Bancorp Inc","Banks - Regional"
"86389T106","MSC","Studio City International Holdings Limited","Resorts & Casinos"
"55354G100","MSCI","MSCI Inc","Financial Data & Stock Exchanges"
"80401L803","MSCL.TO","Satellos Bioscience Inc","Biotechnology"
"61744H105","MSD","Morgan Stanley Emerging Markets Debt Fund Inc","Asset Management"
"61774A103","MSDL","Morgan Stanley Direct Lending Fund","Asset Management"
"596680108","MSEX","Middlesex Water Co","Utilities - Regulated Water"
"25461A403","MSFD","Direxion Daily MSFT Bear 1X Shares","ETF"
"38747R736","MSFL","GraniteShares 2x Long MSFT Daily ETF","ETF"
"88634T428","MSFO","YieldMax MSFT Option Income Strategy ETF","ETF"
"594918104","MSFT","Microsoft Corp","Software - Infrastructure"
"25461A866","MSFU","Direxion Daily MSFT Bull 2X Shares","ETF"
"26923N579","MSFX","T-Rex 2X Long Microsoft Daily Target ETF","ETF"
"500948708","MSFY","Kurv Yield Premium Strategy Microsoft ETF","ETF"
"558256103","MSGE","Madison Square Garden Entertainment Corp","Entertainment"
"62011B201","MSGM","Motorsport Games Inc","Electronic Gaming & Multimedia"
"55825T103","MSGS","Madison Square Garden Sports Corp","Entertainment"
"620076307","MSI","Motorola Solutions Inc","Communication Equipment"
"55374X208","MSIF","MSC Income Fund Inc","Asset Management"
"761562206","MSII","REX MSTR Growth & Income ETF","ETF"
"60685L208","MSLOY","Mitsui OSK Lines Ltd","Marine Shipping"
"553530106","MSM","MSC Industrial Direct Co Inc","Industrial Distribution"
"26922B774","MSMR","McElhenny Sheffield Managed Risk ETF","ETF"
"291087203","MSN","Emerson Radio Corp","Consumer Electronics"
"00768Y453","MSOS","AdvisorShares Pure US Cannabis ETF","ETF"
"00768Y289","MSOX","AdvisorShares MSOS Daily Leveraged ETF","ETF"
"00768Y313","MSOX","AdvisorShares MSOS Daily Leveraged ETF","ETF"
"61762V861","MSPO","Morgan Stanley","Capital Markets"
"553745308","MSPR","MSP Recovery Inc","Health Information Services"
"553745126","MSPRW","MSP Recovery Inc","Health Information Services"
"553745118","MSPRZ","MSP Recovery Inc","Health Information Services"
"560667107","MSS","Maison Solutions Inc","Grocery Stores"
"G6053N113","MSSAR","Metal Sky Star Acquisition Corp","Shell Companies"
"G6053N121","MSSAW","Metal Sky Star Acquisition Corp","Shell Companies"
"61769L841","MSSM","Morgan Stanley Pathway Small-Mid Cap Equity ETF","ETF"
"60651K101","MSSMY","MISUMI Group Inc","Tools & Accessories"
"66537J838","MSSS","Monarch Select Subsector Index ETF","ETF"
"88636R255","MST","Defiance Leveraged Long + Income MSTR ETF","ETF"
"26922B105","MSTB","LHA Market State Tactical Beta ETF","ETF"
"557441201","MSTI","Madison Short-Term Strategic Income ETF","ETF"
"26923Q804","MSTK","Tuttle Capital MSTR 0DTE Covere","ETF"
"26922B733","MSTQ","LHA Market State Tactical Q ETF","ETF"
"594972408","MSTR","Strategy Inc","Software - Application"
"26923N173","MSTU","T-Rex 2X Long MSTR Daily Target ETF","ETF"
"26923N462","MSTU","T-Rex 2X Long MSTR Daily Target ETF","ETF"
"77926X593","MSTW","Roundhill MSTR WeeklyPay ETF","ETF"
"88636J253","MSTX","Defiance Daily Target 2X Long MSTR ETF","ETF"
"88634T493","MSTY","Yieldmax MSTR Option Income Strategy ETF","ETF"
"88636X732","MSTY","Yieldmax MSTR Option Income Strategy ETF","ETF"
"26923N413","MSTZ","T-Rex 2X Inverse MSTR Daily Target ETF","ETF"
"03938L203","MT","Arcelormittal Sa Luxembourg","Steel"
"59124U605","MTA","Metalla Royalty & Streaming Ltd","Other Precious Metals & Mining"
"G60405100","MTAL","Mac Copper Limited","Copper"
"G60409110","MTAL","Mac Copper Limited","Copper"
"G60420109","MTAL","Metals Acquisition Corp II","Shell Companies"
"G60420125","MTAL-UN","Metals Acquisition Corp II","Shell Companies"
"55261F104","MTB","M&T Bank Corporation","Banks - Regional"
"82889N525","MTBA","Simplify MBS ETF","ETF"
"759892300","MTBLY","Moatable Inc","Software - Application"
"G6181K122","MTC","MMTec Inc","Software - Application"
"57667L107","MTCH","Match Group Inc","Internet Content & Information"
"592688105","MTD","Mettler Toledo International","Diagnostics & Research"
"576485205","MTDR","Matador Resources Co","Oil & Gas E&P"
"M68057104","MTEK","Maris-Tech Ltd","Electronic Components"
"608550208","MTEMQ","Molecular Templates Inc","Biotechnology"
"G6S85D109","MTEN","Mingteng International Corp Inc","Metal Fabrication"
"563771203","MTEX","Mannatech Inc","Food Distribution"
"552848103","MTG","MGIC Investment Corp","Insurance - Specialty"
"97717Y725","MTGP","WisdomTree Mortgage Plus Bond Fund","ETF"
"59001A102","MTH","Meritage Homes Corp","Residential Construction"
"59001ABF8","MTH","Meritage Homes Corp","Residential Construction"
"55379N106","MTHRY","M3 Inc","Health Information Services"
"62526P505","MTL","Mullen Group Ltd","Trucking"
"583840509","MTLR","Mechel PAO","Steel"
"57667T100","MTLS","Materialise","Software - Application"
"91879Q109","MTN","Vail Resorts Inc","Resorts & Casinos"
"91879QAN9","MTN","Vail Resorts Inc","Resorts & Casinos"
"576810303","MTNB","Matinas BioPharma Holdings Inc","Biotechnology"
"G2104X101","MTNE","CH4 Natural Solutions Corporation","Shell Companies"
"62474M108","MTNOY","MTN Group Limited","Telecom Services"
"591773106","MTPOY","Metropolitan Bank & Trust Company","Banks - Regional"
"590660106","MTR","Mesa Royalty Trust","Oil & Gas E&P"
"576690101","MTRN","Materion Corp","Other Industrial Metals & Mining"
"576853105","MTRX","Matrix Service Co","Engineering & Construction"
"M6859E153","MTRX.TA","Matrix IT Ltd",""
"60683M109","MTSFY","Mitsui Fudosan Co Ltd","Real Estate - Diversified"
"55405Y100","MTSI","MACOM Technology Solutions Holdings Inc","Semiconductors"
"59267L107","MTSR","Metsera Inc","Biotechnology"
"606769404","MTSUY","Mitsubishi Corporation","Conglomerates"
"577096100","MTTR","Matterport Inc","Software - Application"
"62473G102","MTUAY","MTU Aero Engines AG","Aerospace & Defense"
"90278V602","MTUL","ETRACS 2x Leveraged MSCI US Momentum Factor TR ETN","ETF"
"46432F396","MTUM","iShares MSCI USA Momentum Factor ETF","ETF"
"887399103","MTUS","Metallus Inc","Steel"
"64132R503","MTVA","MetaVia Inc","Biotechnology"
"563571405","MTW","Manitowoc Co Inc","Farm & Heavy Construction Machinery"
"603158106","MTX","Minerals Technologies Inc","Specialty Chemicals"
"576323109","MTZ","Mastec Inc","Engineering & Construction"
"595112103","MU","Micron Technology Inc","Semiconductors"
"09254J102","MUA","BlackRock MuniAssets Fund Inc","Asset Management"
"464288414","MUB","iShares National Muni Bond ETF","ETF"
"09254L107","MUC","BlackRock MuniHoldings California Quality Fund Inc","Asset Management"
"25461A163","MUD","Direxion Daily MU Bear 1X Shares","ETF"
"25461A510","MUD","Direxion Daily MU Bear 1X Shares","ETF"
"09254C107","MUE","BlackRock MuniHoldings Quality Fund II Inc","ETF"
"606822104","MUFG","Mitsubishi UFJ Financial Group Inc","Banks - Diversified"
"09253X102","MUI","BlackRock Municipal Income Fund Inc","ETF"
"63867R258","MUIGX","Nationwide BNY Mellon Dynamic US Core Fund Class R6","ETF"
"09254X101","MUJ","BlackRock MuniHoldings New Jersey Quality Fund Inc","Asset Management"
"38747R678","MULL","GraniteShares 2x Long MU Daily ETF","ETF"
"72201R866","MUNI","PIMCO Intermediate Municipal Bond Active ETF","ETF"
"92204H400","MUNY","Vanguard New York Tax-Exempt Bond ETF","ETF"
"626717102","MUR","Murphy Oil Corp","Oil & Gas E&P"
"G63365103","MURA","Mural Oncology","Biotechnology"
"626188106","MURGY","Munich Re Group","Insurance - Reinsurance"
"626755102","MUSA","Murphy USA","Specialty Retail"
"29287L866","MUSE","TCW Multisector Credit Income ETF","ETF"
"025072398","MUSI","American Century Multisector Income ETF","ETF"
"301505483","MUSQ","MUSQ Global Music Industry Index ETF","ETF"
"19761L607","MUST","Columbia Multi-Sector Municipal Income ETF","ETF"
"25461A528","MUU","Direxion Daily MU Bull 2X Shares","ETF"
"58039P305","MUX","McEwen Inc","Other Precious Metals & Mining"
"58039P107","MUX.MX","MCEWEN MNG INC",""
"92646A237","MUXYX","Victory S&P 500 Index Fund Class Y","ETF"
"88636W486","MUZ","Defiance Daily Target 2X Short MU ETF","ETF"
"G8775A106","MUZE","Muzero Acquisition Corp","Shell Companies"
"G8775A114","MUZEW","Muzero Acquisition Corp","Shell Companies"
"92189H672","MVAL","VanEck Morningstar Wide Moat Value ETF","ETF"
"553810102","MVBF","MVB Financial Corp","Banks - Regional"
"09253R105","MVF","BlackRock MuniVest Fund Inc","ETF"
"66537J812","MVFG","Monarch Volume Factor Global Unconstrained Index ETF","ETF"
"594960304","MVIS","Microvision Inc","Scientific & Technical Instruments"
"62459N113","MVLAW","Movella Holdings Inc",""
"38747R520","MVLL","GraniteShares 2x Long MRVL Daily ETF","ETF"
"553859109","MVO","MV Oil Trust","Oil & Gas E&P"
"90269A344","MVRL","ETRACS Monthly Pay 15X Leveraged Mortgage REIT ETN","ETF"
"59516C106","MVST","Microvast Holdings Inc","Auto Parts"
"59516C114","MVSTW","Microvast Holdings Inc","Auto Parts"
"09253T101","MVT","BlackRock MuniVest Fund II Inc","ETF"
"74347R404","MVV","ProShares Ultra MidCap400","ETF"
"624758108","MWA","Mueller Water Products Inc","Specialty Industrial Machinery"
"G6362F108","MWG","Multi Ways Holdings Limited","Rental & Leasing Services"
"78475V103","MWH","SOLV Energy Inc","Utilities - Renewable"
"573863107","MWYN","Marwynn Holdings Inc","Furnishings, Fixtures & Appliances"
"55933J203","MX","Magnachip Semiconductor Corp","Semiconductors"
"592770101","MXC","Mexco Energy Corp","Oil & Gas E&P"
"57777K106","MXCT","Maxcyte Inc","Medical Devices"
"592834105","MXE","Mexico Equity & Income Fund Inc","Asset Management"
"592835102","MXF","The Mexico Fund Inc","Asset Management"
"464288695","MXI","iShares Global Materials ETF","ETF"
"57776J100","MXL","Maxlinear Inc","Semiconductors"
"78470P820","MYCF","SPDR SSGA My2026 Corporate Bond ETF","ETF"
"78470P812","MYCG","SPDR SSGA My2027 Corporate Bond ETF","ETF"
"78470P796","MYCH","SPDR SSGA My2028 Corporate Bond ETF","ETF"
"78470P788","MYCI","SPDR SSGA My2029 Corporate Bond ETF","ETF"
"78470P770","MYCJ","SPDR SSGA My2030 Corporate Bond ETF","ETF"
"78470P762","MYCK","SPDR SSGA My2031 Corporate Bond ETF","ETF"
"78470P754","MYCL","SPDR SSGA My2032 Corporate Bond ETF","ETF"
"78470P747","MYCM","SPDR SSGA My2033 Corporate Bond ETF","ETF"
"78470P739","MYCN","SPDR SSGA My2034 Corporate Bond ETF","ETF"
"09253W104","MYD","BlackRock MuniYield Fund Inc","ETF"
"628464109","MYE","Myers Industries Inc","Packaging & Containers"
"33751L105","MYFW","First Western Financial Inc","Banks - Regional"
"62855J104","MYGN","Myriad Genetics Inc","Diagnostics & Research"
"09254E103","MYI","BlackRock MuniYield Quality Fund III Inc","Asset Management"
"132061797","MYLD","Cambria Micro And Smallcap Shareholder Yield ETF","ETF"
"78470P689","MYMI","SPDR SSGA My2029 Municipal Bond ETF","ETF"
"78470P671","MYMJ","SPDR SSGA My2030 Municipal Bond ETF","ETF"
"09255E102","MYN","BlackRock MuniYield New York Quality Fund Inc","Asset Management"
"628988107","MYND","Mynd.ai Inc","Education & Training Services"
"62857J201","MYO","Myomo Inc","Medical Devices"
"72815G108","MYPS","Playstudios Inc","Electronic Gaming & Multimedia"
"55405W104","MYRG","MYR Group Inc","Engineering & Construction"
"23816M206","MYSE","Myseum Inc","Software - Application"
"23816M115","MYSEW","Myseum Inc","Software - Application"
"92647K507","MYSIX","Victory Trivalent International Small-Cap Fund Class Y","ETF"
"62844N406","MYSZ","My Size Inc","Software - Application"
"74347B250","MYY","ProShares Short MidCap400","ETF"
"578787103","MZDAY","Mazda Motor Corporation","Auto Manufacturers"
"513847103","MZTI","Lancaster Colony Corp","Packaged Foods"
"74347G580","MZZ","ProShares UltraShort MidCap400","ETF"
"G6391Y110","NA","Nano Labs Ltd","Semiconductors"
"62955X409","NAAS","NaaS Technology Inc","Specialty Retail"
"62878D100","NABL","N-Able Inc","Information Technology Services"
"632525408","NABZY","National Australia Bank Limited","Banks - Diversified"
"67066Y105","NAC","Nuveen California Quality Municipal Income Fund","Asset Management"
"45259A209","NACP","Impact Shares NAACP Minority Empowerment ETF","ETF"
"67066V101","NAD","Nuveen Quality Municipal Income Fund","Asset Management"
"171077407","NAGE","Niagen Bioscience Inc","Biotechnology"
"638842302","NAII","Natural Alternatives International Inc","Packaged Foods"
"25490K596","NAIL","Direxion Daily Homebuilders & Supplies Bull 3X Shares","ETF"
"66510M204","NAK","Northern Dynasty Minerals Ltd","Other Industrial Metals & Mining"
"49457M106","NAKA","Kindly MD Inc","Capital Markets"
"49457M205","NAKA","Nakamoto Inc","Capital Markets"
"47760D102","NAMI","Jinxin Technology Holding Company","Internet Content & Information"
"G63638111","NAMM","Namib Minerals","Gold"
"N62509109","NAMS","NewAmsterdam Pharma Company","Biotechnology"
"N62509117","NAMSW","NewAmsterdam Pharma Company NV",""
"67066X107","NAN","Nuveen New York Quality Municipal Income Fund","Asset Management"
"886364199","NANC","Unusual Whales Subversive Democratic Trading ETF","ETF"
"78463X152","NANR","SPDR S&P North American Natural Resources ETF","ETF"
"26414D106","NAPA","Duckhorn Portfolio Inc","Beverages - Wineries & Distilleries"
"45782C334","NAPR","Innovator Nasdaq-100 Power Buffer ETF - April","ETF"
"45332Y109","NARI","Inari Medical","Medical Devices"
"87975E776","NASA","Tema Space Innovators ETF","ETF"
"G65773106","NAT","Nordic American Tankers","Oil & Gas Midstream"
"632347100","NATH","Nathans Famous Inc","Restaurants"
"63001N106","NATL","NCR Atleos Corporation","Software - Application"
"882927767","NATO","Themes Transatlantic Defense ETF","ETF"
"639027101","NATR","Nature's Sunshine Products","Packaged Foods"
"45783Y129","NAUG","Innovator Growth-100 Power Buffer ETF - August","ETF"
"63909J108","NAUT","Nautilus Biotechnology Inc","Biotechnology"
"63938C108","NAVI","Navient Corp","Credit Services"
"639193101","NAVN","Navan Inc","Software - Application"
"44984F401","NAYA","Naya Biosciences Inc","Biotechnology"
"67061W104","NAZ","Nuveen Arizona Quality Municipal Income Fund","Asset Management"
"654484609","NB","NioCorp Developments Ltd","Other Industrial Metals & Mining"
"67074C103","NBB","Nuveen Taxable Municipal Income Fund","Asset Management"
"63945M107","NBBK","NB Bancorp Inc","Banks - Regional"
"64135A309","NBCC","Neuberger Berman Next Generation Connected Consumer ETF","ETF"
"64135A507","NBCE","Neuberger Berman China Equity ETF","ETF"
"64135A408","NBCM","Neuberger Berman Commodity Strategy ETF","ETF"
"64135A861","NBCR","Neuberger Berman Core Equity ETF","ETF"
"64135A200","NBDS","Neuberger Berman Disrupters ETF","ETF"
"64135A101","NBET","Neuberger Berman Energy Transition & Infrastructure ETF","ETF"
"64135A879","NBFC","Neuberger Berman Flexible Credit Income ETF","ETF"
"64124P101","NBH","Neuberger Berman Municipal Fund Inc","Asset Management"
"633707104","NBHC","National Bank Holdings Corporation","Banks - Regional"
"38747R215","NBIL","GraniteShares 2x Long NBIS Daily ETF","ETF"
"N97284108","NBIS","Nebius Group NV","Internet Content & Information"
"64125C109","NBIX","Neurocrine Biosciences Inc","Drug Manufacturers - Specialty & Generic"
"64135A853","NBJP","Neuberger Berman Japan Equity ETF","ETF"
"66405S100","NBN","Northeast Bank","Banks - Regional"
"64135A705","NBOS","Neuberger Berman Option Strategy ETF","ETF"
"44975P103","NBP","NovaBridge Biosciences","Biotechnology"
"G6359F137","NBR","Nabors Industries Ltd","Oil & Gas Drilling"
"628778102","NBTB","NBT Bancorp Inc","Banks - Regional"
"63009J107","NBTX","Nanobiotix","Biotechnology"
"64133Q108","NBXG","Neuberger Next Generation Connectivity Fund Inc","Asset Management"
"629579103","NC","Nacco Industries Inc","Thermal Coal"
"67062C107","NCA","Nuveen California Municipal Value Fund","Asset Management"
"059831107","NCBDY","BANDAI NAMCO Holdings Inc","Leisure"
"67090S108","NCDL","Nuveen Churchill Direct Lending Corp","Asset Management"
"G64627105","NCEW","New Century Logistics (BVI) Ltd","Integrated Freight & Logistics"
"G6421C120","NCI","Neo-Concept International Group Holdings Limited","Apparel Manufacturing"
"41809Y102","NCIQ","Hashdex Nasdaq Crypto Index US ETF","ETF"
"66373M200","NCL","Northann Corp","Furnishings, Fixtures & Appliances"
"62886HAX9","NCLH","Norwegian Cruise Line Holdings Ltd","Travel Services"
"62886HBD2","NCLH","Norwegian Cruise Line Holdings Ltd","Travel Services"
"G66721104","NCLH","Norwegian Cruise Line Holdings Ltd","Travel Services"
"649445103","NCLLF","Netcall PLC","Software - Application"
"67092P730","NCLO","Nuveen AA-BBB CLO ETF","ETF"
"65479L108","NCLTY","Nitori Holdings Co Ltd","Furnishings, Fixtures & Appliances"
"635309107","NCMI","National Cinemedia Inc","Advertising Agencies"
"635309206","NCMI","National Cinemedia Inc","Advertising Agencies"
"67022C205","NCNA","NuCana plc","Biotechnology"
"63947X101","NCNO","nCino Inc","Software - Application"
"67092P763","NCPB","Nuveen Core Plus Bond ETF","ETF"
"64113L202","NCPL","Netcapital Inc","Capital Markets"
"64113L111","NCPLW","Netcapital Inc","Capital Markets"
"655186500","NCRA","Nocera Inc","Packaged Foods"
"628877201","NCSM","NCS Multistage Holdings Inc","Oil & Gas Equipment & Services"
"G48049103","NCT","Intercont Cayman Ltd","Marine Shipping"
"88337K401","NCTY","The9 Ltd","Capital Markets"
"92838X102","NCV","Virtus Convertible & Income Fund","Asset Management"
"631103108","NDAQ","Nasdaq Inc","Financial Data & Stock Exchanges"
"63975K104","NDBKY","Nedbank Group Limited","Banks - Regional"
"45784N841","NDEC","Innovator Growth-100 Power Buffer ETF - December","ETF"
"654802206","NDEKY","Nitto Denko Corporation","Specialty Chemicals"
"37960A552","NDIA","Global X Funds - Global X India Active ETF","ETF"
"032108730","NDIV","Amplify Natural Resources Dividend Income ETF","ETF"
"65540B105","NDLS","Noodles & Company","Restaurants"
"67079X102","NDMO","Nuveen Dynamic Municipal Opportunities Fund","Asset Management"
"29290D117","NDOI","Endo LP","Drug Manufacturers - Specialty & Generic"
"19423L458","NDOW","Anydrus Advantage ETF","ETF"
"655663102","NDSN","Nordson Corp","Specialty Industrial Machinery"
"67092P821","NDVG","Nuveen Dividend Growth ETF","ETF"
"G65431127","NE","Noble Corporation","Oil & Gas Drilling"
"670657105","NEA","Nuveen AMT-Free Quality Municipal Income Fund","Asset Management"
"46431W507","NEAR","iShares Short Duration Bond Active ETF","ETF"
"46092D673","NEBX","Tradr 2X Long NBIS Daily ETF","ETF"
"664121100","NECB","Northeast Community Bancorp Inc","Banks - Regional"
"65339F101","NEE","NextEra Energy Inc","Utilities - Regulated Electric"
"65339KCY4","NEEPRI","NextEra Energy Inc","Utilities - Regulated Electric"
"65339F713","NEEPRR","NextEra Energy Inc","Utilities - Regulated Electric"
"65339F663","NEEPRS","NextEra Energy Inc","Utilities - Regulated Electric"
"65339F119","NEEPRT","NextEra Energy Inc","Utilities - Regulated Electric"
"65339F655","NEEXU","NextEra Energy Inc","Utilities - Regulated Electric"
"G6483G209","NEGG","Newegg Commerce Inc","Internet Retail"
"651639106","NEM","Newmont Corp","Gold"
"644206104","NEN","New England Realty Associates Limited Partnership","Real Estate Services"
"64049M209","NEO","NeoGenomics Inc","Diagnostics & Research"
"640491106","NEOG","Neogen Corp","Medical Devices"
"64051M709","NEON","Neonode Inc","Electronic Components"
"640655106","NEOV","NeoVolta Inc","Electrical Equipment & Parts"
"640655114","NEOVW","NeoVolta Inc","Electrical Equipment & Parts"
"640671400","NEPH","Nephros Inc","Medical Instruments & Supplies"
"53656F706","NERD","Roundhill Video Games ETF","ETF"
"603380205","NERV","Minerva Neurosciences Inc","Biotechnology"
"H57312649","NESN","Nestlé","Packaged Foods"
"G6375R107","NESR","National Energy Services Reunited Corp","Oil & Gas Equipment & Services"
"G6375R115","NESRW","National Energy Services Reunited Corp","Oil & Gas Equipment & Services"
"18915M107","NET","Cloudflare","Software - Infrastructure"
"18915MAC1","NET","Cloudflare","Software - Infrastructure"
"18915MAF4","NET","Cloudflare Inc","Software - Infrastructure"
"G6363K106","NETD","Nabors Energy Transition Corp II","Shell Companies"
"G6363K122","NETDU","Nabors Energy Transition Corp II","Shell Companies"
"G6363K114","NETDW","Nabors Energy Transition Corp II","Shell Companies"
"26922A248","NETL","Fundamental Income Net Lease Real Estate ETF","ETF"
"651587107","NEU","NewMarket Corporation","Specialty Chemicals"
"10920V404","NEUE","NeueHealth Inc","Healthcare Plans"
"64136E102","NEUP","Neuphoria Therapeutics Inc","Biotechnology"
"64782A107","NEWP","New Pacific Metals Corp","Silver"
"G65431135","NEWS","Noble Corp plc","Oil & Gas Drilling"
"G65431150","NEWSA","Noble Corp plc","Oil & Gas Drilling"
"652526203","NEWT","NewtekOne Inc","Banks - Regional"
"02072L235","NEWZ","Stocksnips AI-Powered Sentiment US ALL Cap ETF","ETF"
"L67359106","NEXA","Nexa Resources","Other Industrial Metals & Mining"
"65344D109","NEXI","NexImmune Inc","Biotechnology"
"65344D208","NEXI","NexImmune Inc","Biotechnology"
"65346E204","NEXM","NexMetals Mining Corp","Other Industrial Metals & Mining"
"89484T104","NEXN","Nexxen International Ltd","Advertising Agencies"
"M8T80P204","NEXN","Nexxen International Ltd","Advertising Agencies"
"65340H104","NEXOY","NEXON Co Ltd","Electronic Gaming & Multimedia"
"M61472110","NEXR","Nexera Technologies Ltd","Internet Retail"
"65342K105","NEXT","NextDecade Corp","Oil & Gas Equipment & Services"
"66611T108","NFBK","Northfield Bancorp Inc","Banks - Regional"
"644393100","NFE","New Fortress Energy Inc","Oil & Gas Midstream"
"19765H263","NFEAX","Columbia Large Cap Growth Opportunity Fund","ETF"
"45784N791","NFEB","Innovator Growth-100 Power Buffer ETF - February","ETF"
"636180101","NFG","National Fuel Gas Co","Oil & Gas Integrated"
"64440N103","NFGC","New Found Gold Corp","Gold"
"92840R101","NFJ","Virtus Dividend, Interest & Premium Strategy Fund","Asset Management"
"500948807","NFLP","Kurv Yield Premium Strategy Netflix ETF","ETF"
"26923G707","NFLT","Virtus Newfleet Multi-Sector Bond ETF","ETF"
"26923N447","NFLU","T-Rex 2X Long NFLX Daily Target ETF","ETF"
"64110L106","NFLX","Netflix Inc","Entertainment"
"88634T782","NFLY","YieldMax NFLX Option Income Strategy ETF","ETF"
"33939L795","NFRA","FlexShares STOXX Global Broad Infrastructure Index Fund","ETF"
"33737J802","NFTY","First Trust India NIFTY 50 Equal Weight ETF","ETF"
"25461A882","NFXL","Direxion Daily NFLX Bull 2X Shares","ETF"
"25461A205","NFXS","Direxion Daily NFLX Bear 1X Shares","ETF"
"66987E206","NG","NovaGold Resources Inc","Gold"
"66987E305","NG","NovaGold Resources Inc","Gold"
"644535106","NGD","New Gold Inc","Gold"
"64082X203","NGEN","NervGen Pharma Corp","Biotechnology"
"636274409","NGG","National Grid plc","Utilities - Regulated Electric"
"62913M107","NGL","NGL Energy Partners LP","Oil & Gas Midstream"
"64135M105","NGNE","Neurogene Inc","Biotechnology"
"63886Q109","NGS","Natural Gas Services Group Inc","Oil & Gas Equipment & Services"
"63888U108","NGVC","Natural Grocers By Vitamin C","Grocery Stores"
"45688C107","NGVT","Ingevity Corp","Specialty Chemicals"
"635906100","NHC","National Healthcare Corp","Medical Care Facilities"
"63633D104","NHI","National Health Investors Inc","REIT - Healthcare Facilities"
"G6486E102","NHIC","NewHold Investment Corp III","Shell Companies"
"G6486E128","NHICU","NewHold Investment Corp III","Shell Companies"
"G6486E110","NHICW","NewHold Investment Corp III","Shell Companies"
"G6486G107","NHIV","NewHold Investment Corp IV","Shell Companies"
"G6486G115","NHIVW","NewHold Investment Corp IV","Shell Companies"
"64128C106","NHS","Neuberger Berman High Yield","Asset Management"
"63888P406","NHTC","Natural Health Trends Corp","Internet Retail"
"656531605","NHYDY","Norsk Hydro ASA","Aluminum"
"67092P722","NHYM","Nuveen High Yield Municipal Income ETF","ETF"
"65473P105","NI","NiSource Inc","Utilities - Regulated Gas"
"65406E102","NIC","Nicolet Bankshares Inc","Banks - Regional"
"653656108","NICE","Nice Ltd","Software - Application"
"653656AB4","NICE","Nice Ltd","Software - Application"
"92841M101","NIE","Virtus Equity & Convertible Income Fund","Asset Management"
"78433H543","NIHI","NEOS MSCI EAFE High Income ETF","ETF"
"G6096M122","NIKI","Niki BioSolutions Inc","Biotechnology"
"85208P600","NIKL","Sprott Nickel Miners ETF","ETF"
"55315J102","NILSY","PJSC Mining and Metallurgical Company Norilsk Nickel","Other Industrial Metals & Mining"
"67061T101","NIM","Nuveen Select Maturities Municipal Fund","Asset Management"
"65441V101","NINE","Nine Energy Service Inc","Oil & Gas Equipment & Services"
"65441V200","NINE","Nine Energy Service Inc","Oil & Gas Equipment & Services"
"62914V106","NIO","Nio Inc","Auto Manufacturers"
"62914VAF3","NIO","Nio Inc","Auto Manufacturers"
"654484153","NIOBW","NioCorp Developments Ltd","Other Industrial Metals & Mining"
"654503101","NIPG","NIP Group Inc","Entertainment"
"670677103","NIQ","NIQ Global Intelligence plc","Specialty Business Services"
"G63755105","NIQ","NIQ Global Intelligence plc","Specialty Business Services"
"14064D485","NITE","The Nightview ETF","ETF"
"65481N100","NIU","Niu Technologies","Auto Manufacturers"
"G0544E121","NIVF","NewGenIvf Group Limited","Medical Care Facilities"
"G0544E113","NIVFW","NewGenIvf Group Limited","Medical Care Facilities"
"75630B402","NIXX","Nixxy Inc","Staffing & Employment Services"
"75630B113","NIXXW","Nixxy Inc","Staffing & Employment Services"
"45782C466","NJAN","Innovator Growth-100 Power Buffer ETF - January","ETF"
"654090109","NJDCY","Nidec Corporation","Specialty Industrial Machinery"
"19761L839","NJNK","Columbia US High Yield ETF","ETF"
"646025106","NJR","New Jersey Resources Corporation","Utilities - Regulated Gas"
"45782C276","NJUL","Innovator Nasdaq-100 Power Buffer ETF - July","ETF"
"45783Y269","NJUN","Innovator Growth-100 Power Buffer ETF - June","ETF"
"654106103","NKE","Nike Inc","Footwear & Accessories"
"65488A101","NKGN","NKGen Biotech Inc","Biotechnology"
"65488A119","NKGNW","NKGen Biotech Inc","Biotechnology"
"654110105","NKLA","Nikola Corporation",""
"654110303","NKLAQ","Nikola Corp","Auto Manufacturers"
"N85083108","NKLR","Terra Innovatum Global NV","Utilities - Regulated Electric"
"634865109","NKSH","National Bankshares Inc","Banks - Regional"
"640268108","NKTR","Nektar Therapeutics","Biotechnology"
"640268306","NKTR","Nektar Therapeutics","Biotechnology"
"65487U108","NKTX","Nkarta Inc","Biotechnology"
"629156407","NL","NL Industries Inc","Security & Protection Services"
"64110Y108","NLOP","Net Lease Office Properties","REIT - Office"
"92189F601","NLR","VanEck Uranium and Nuclear ETF","ETF"
"035710839","NLY","Annaly Capital Management Inc","REIT - Mortgage"
"539319301","NMAD","NOMAD Power Solutions Inc","Biotechnology"
"670750108","NMAI","Nuveen Multi-Asset Income Fund","Asset Management"
"45784N767","NMAR","Innovator Growth-100 Power Buffer ETF - March","ETF"
"65250K105","NMAX","Newsmax Inc","Broadcasting"
"45784N676","NMAY","Innovator Growth-100 Power Buffer ETF - May","ETF"
"670663103","NMCO","Nuveen Municipal Credit Opportunities Fund","Asset Management"
"647551100","NMFC","New Mountain Finance Corp","Asset Management"
"66979W842","NMG","Nouveau Monde Graphite Inc","Other Industrial Metals & Mining"
"63903P118","NMHIW","Nature's Miracle Holding Inc","Agricultural Inputs"
"67062J102","NMI","Nuveen Municipal Income Fund Inc","Asset Management"
"629209305","NMIH","NMI Holdings Inc","Insurance - Specialty"
"64129H104","NML","Neuberger Energy Infrastructure and Income Fund Inc","Asset Management"
"Y62267409","NMM","Navios Maritime Partners LP","Marine Shipping"
"G6375X104","NMP","NMP Acquisition Corp","Shell Companies"
"G6375X112","NMPAR","NMP Acquisition Corp","Shell Companies"
"65535H208","NMR","Nomura Holdings Inc","Capital Markets"
"640979100","NMRA","Neumora Therapeutics Inc","Biotechnology"
"65158N102","NMRK","Newmark Group Inc","Real Estate Services"
"670734102","NMS","Nuveen Minnesota Quality Municipal Income Fund","Asset Management"
"67061E104","NMT","Nuveen Massachusetts Quality Municipal Income Fund","Asset Management"
"64130M209","NMTC","NeuroOne Medical Technologies Corporation","Medical Devices"
"654405208","NMTRQ","9 Meters Biopharma Inc","Biotechnology"
"670682103","NMZ","Nuveen Municipal High Income Opportunity Fund","Asset Management"
"65345N106","NN","NextNav Inc","Software - Infrastructure"
"65345N114","NNAVW","NextNav Inc","Software - Infrastructure"
"629337106","NNBR","NN Inc","Conglomerates"
"63008G203","NNDM","Nano Dimension Ltd","Computer Hardware"
"63010H108","NNE","Nano Nuclear Energy Inc","Specialty Industrial Machinery"
"629334103","NNGRY","NN Group NV","Insurance - Diversified"
"64031N108","NNI","Nelnet Inc","Credit Services"
"637417106","NNN","National Retail Properties","REIT - Retail"
"G0367B105","NNNN","Anbio Biotechnology","Medical Instruments & Supplies"
"45784N874","NNOV","Innovator Growth-100 Power Buffer ETF - November","ETF"
"M70700105","NNOX","Nano X Imaging Ltd","Medical Devices"
"630087302","NNVC","NanoViricides Inc","Biotechnology"
"67062M105","NNY","Nuveen New York Municipal Value Fund","Asset Management"
"656811106","NOA","North American Construction Group Ltd","Oil & Gas Equipment & Services"
"65487X102","NOAH","Noah Holdings Limited","Asset Management"
"654892108","NOBH","Nobility Homes Inc","Residential Construction"
"74348A467","NOBL","ProShares S&P 500 Dividend Aristocrats ETF","ETF"
"666807102","NOC","Northrop Grumman Corp","Aerospace & Defense"
"45782C615","NOCT","Innovator Growth-100 Power Buffer ETF - October","ETF"
"92107P780","NODE","VanEck Onchain Economy ETF","ETF"
"65342T106","NODK","Ni Holdings Inc","Insurance - Property & Casualty"
"12664M103","NOEM","Co2 Energy Transition Corp","Shell Companies"
"12664M129","NOEMR","Co2 Energy Transition Corp","Shell Companies"
"12664M202","NOEMU","Co2 Energy Transition Corp","Shell Companies"
"12664M111","NOEMW","Co2 Energy Transition Corp","Shell Companies"
"665531307","NOG","Northern Oil & Gas Inc","Oil & Gas E&P"
"665531AJ8","NOG","Northern Oil & Gas Inc","Oil & Gas E&P"
"665130209","NOINX","Northern International Equity Index","ETF"
"654902204","NOK","Nokia Corp","Communication Equipment"
"67060Q108","NOM","Nuveen Missouri Quality Municipal Income Fund","Asset Management"
"G6564A105","NOMD","Nomad Foods Ltd","Packaged Foods"
"37950E101","NORW","Global X MSCI Norway ETF","ETF"
"337655104","NOTE","FiscalNote Holdings Inc","Information Technology Services"
"337655112","NOTEWS","FiscalNote Holdings Inc","Information Technology Services"
"45783Q100","NOTV","Inotiv Inc","Diagnostics & Research"
"62955J103","NOV","NOV Inc","Oil & Gas Equipment & Services"
"86745KAF1","NOVA","Sunnova Energy International Inc","Solar"
"86745KAH7","NOVA","Sunnova Energy International Inc","Solar"
"86745K104","NOVAQ","Sunnova Energy International Inc","Solar"
"33740U521","NOVM","FT Vest US Equity Max Buffer ETF - November","ETF"
"69420N734","NOVP","PGIM S&P 500 Buffer 12 ETF - Nov","ETF"
"67000B104","NOVT","Novanta Inc","Scientific & Technical Instruments"
"67000B203","NOVTU","Novanta Inc","Scientific & Technical Instruments"
"53656F680","NOVZ","TrueShares Structured Outcome (November) ETF","ETF"
"81762P102","NOW","ServiceNow Inc","Software - Application"
"38747R454","NOWL","GraniteShares 2x Long NOW Daily ETF","ETF"
"64073B103","NP","Neptune Insurance Holdings Inc","Insurance Brokers"
"G6476A102","NPAC","New Providence Acquisition Corp III","Shell Companies"
"G6476A128","NPACU","New Providence Acquisition Corp III","Shell Companies"
"G6476A110","NPACW","New Providence Acquisition Corp III","Shell Companies"
"66661N886","NPB","Northpointe Bancshares Inc","Banks - Regional"
"641288105","NPCE","Neuropace Inc","Medical Devices"
"67092P771","NPFI","Nuveen Preferred And Income ETF","ETF"
"637215104","NPK","National Presto Industries Inc","Aerospace & Defense"
"651718504","NPKI","Npk International Inc","Oil & Gas Equipment & Services"
"654633304","NPNYY","Nippon Yusen Kabushiki Kaisha","Marine Shipping"
"29355X107","NPO","EnPro Inc","Specialty Industrial Machinery"
"670700103","NPSAX","Nuveen Preferred Securities & Income Fund Class A","ETF"
"65461T101","NPSCY","Nippon Steel Corporation","Steel"
"631512209","NPSNY","Naspers Limited","Internet Retail"
"67064R102","NPV","Nuveen Virginia Quality Municipal Income Fund","Asset Management"
"64107A105","NPWR","Net Power Inc","Specialty Industrial Machinery"
"64107A113","NPWRWS","Net Power Inc","Specialty Industrial Machinery"
"65461N104","NPXYY","Nippon Sanso Holdings Corp","Chemicals"
"670972108","NQP","Nuveen Pennsylvania Quality Municipal Income Fund","Asset Management"
"637372202","NRC","National Research Corporation","Health Information Services"
"65558R109","NRDBY","Nordea Bank Abp","Banks - Regional"
"64082B102","NRDS","NerdWallet Inc","Internet Content & Information"
"64081V109","NRDY","Nerdy Inc","Software - Application"
"65342V101","NREF","NexPoint Real Estate Finance Inc","REIT - Mortgage"
"23306X837","NRES","Xtrackers RREEF Global Natural Resources ETF","ETF"
"629377508","NRG","NRG Energy Inc","Utilities - Independent Power Producers"
"629377CG5","NRG","NRG Energy Inc","Utilities - Independent Power Producers"
"063679393","NRGD","MicroSectors US Big Oil -3× Leveraged ETNs due February 17, 2045","ETF"
"063679427","NRGU","MicroSectors US Big Oil 3× Leveraged ETNs due February 17, 2045","ETF"
"29280W109","NRGV","Energy Vault Holdings Inc","Utilities - Renewable"
"65538C206","NRILY","Nomura Research Institute Ltd","Information Technology Services"
"666762109","NRIM","Northrim Bancorp Inc","Banks - Regional"
"67080M103","NRIX","Nurix Therapeutics Inc","Biotechnology"
"670656107","NRK","Nuveen New York AMT-Free Quality Municipal Income Fund","Asset Management"
"64190A103","NRO","Neuberger Berman Real Estate","Asset Management"
"63900P608","NRP","Natural Resource Partners LP","Thermal Coal"
"65565D101","NRSDY","Nordic Semiconductor ASA","Semiconductors"
"886364272","NRSH","Aztlan North America Nearshoring Stock Selection ETF","ETF"
"659310106","NRT","North European Oil Royalty Trust","Oil & Gas E&P"
"629444209","NRXP","NRx Pharmaceuticals Inc","Biotechnology"
"629444118","NRXPW","NRx Pharmaceuticals Inc","Biotechnology"
"64134X201","NRXS","Neuraxis Inc","Biotechnology"
"637870106","NSA","National Storage Affiliates","REIT - Industrial"
"654744408","NSANY","Nissan Motor Co Ltd","Auto Manufacturers"
"655844108","NSC","Norfolk Southern Corporation","Railroads"
"67092P748","NSCR","Nuveen Sustainable Core ETF","ETF"
"67092P839","NSCS","Nuveen Small Cap Select ETF","ETF"
"45784N205","NSEP","Innovator Growth-100 Power Buffer ETF - September","ETF"
"45765U103","NSIT","Insight Enterprises Inc","Electronics & Computer Distribution"
"86887Q109","NSLR","Neostellar Capital Corp","Asset Management"
"45778Q107","NSP","Insperity Inc","Staffing & Employment Services"
"45779A846","NSPR","InspireMD Inc","Medical Devices"
"641069406","NSRGY","Nestlé","Packaged Foods"
"630402105","NSSC","Napco Security Technologies Inc","Security & Protection Services"
"6293JP109","NSTS","NSTS Bancorp Inc","Banks - Regional"
"656553104","NSYS","Nortech Systems Inc","Medical Devices"
"64110D104","NTAP","NetApp Inc","Software - Infrastructure"
"G0772R208","NTB","Bank Of N.T. Butterfield & Son Limited","Banks - Diversified"
"G6427C108","NTCL","Netclass Technology Inc","Software - Application"
"64115T104","NTCT","NetScout Systems Inc","Software - Infrastructure"
"654445303","NTDOY","Nintendo Co Ltd","Electronic Gaming & Multimedia"
"64110W102","NTES","NetEase Inc","Electronic Gaming & Multimedia"
"64111Q104","NTGR","Netgear Inc","Communication Equipment"
"64051A101","NTHI","NeOnc Technologies Holdings Inc","Biotechnology"
"665809109","NTIC","Northern Technologies International Corporation","Specialty Chemicals"
"633067103","NTIOF","National Bank of Canada","Banks - Diversified"
"64121N109","NTIP","Network-1 Technologies Inc","Specialty Business Services"
"45826J105","NTLA","Intellia Therapeutics Inc","Biotechnology"
"67059N108","NTNX","Nutanix Inc","Software - Infrastructure"
"67059NAH1","NTNX","Nutanix Inc","Software - Infrastructure"
"67059NAK4","NTNX","Nutanix Inc","Software - Infrastructure"
"64104Y106","NTOIY","Neste Oyj","Oil & Gas Refining & Marketing"
"67077M108","NTR","Nutrien Ltd","Agricultural Inputs"
"632307104","NTRA","Natera Inc","Diagnostics & Research"
"67092M208","NTRB","Nutriband Inc","Biotechnology"
"67092M125","NTRBW","Nutriband Inc","Biotechnology"
"33740J203","NTRL","First Trust Equity Market Neutral ETF","ETF"
"826598609","NTRP","NextTrip Inc","Travel Services"
"66573W115","NTRS","Northern Trust Corporation","Asset Management"
"665859104","NTRS","Northern Trust Corporation","Asset Management"
"97717Y642","NTSE","WisdomTree Emerging Markets Efficient Core Fund","ETF"
"97717Y634","NTSI","WisdomTree International Efficient Core Fund","ETF"
"64119N608","NTSK","Netskope Inc","Software - Infrastructure"
"64119V303","NTST","Netstreit Corp","REIT - Retail"
"97717Y790","NTSX","WisdomTree US Efficient Core Fund","ETF"
"654624105","NTTYY","NTT Inc","Telecom Services"
"64115A402","NTWK","Netsol Technologies Inc","Software - Application"
"G6439S109","NTWO","Newbury Street II Acquisition Corp","Shell Companies"
"G6439S125","NTWOU","Newbury Street II Acquisition Corp","Shell Companies"
"G6439S117","NTWOW","Newbury Street II Acquisition Corp","Shell Companies"
"63905A200","NTZ","Natuzzi S.p.A.","Furnishings, Fixtures & Appliances"
"G6683N103","NU","Nu Holdings Ltd","Banks - Regional"
"67092P102","NUAG","Nuveen Enhanced Yield US Aggregate Bond ETF","ETF"
"64428N109","NUAI","New Era Helium Inc","Software - Infrastructure"
"64428N117","NUAIW","New Era Helium Inc","Software - Infrastructure"
"67092P870","NUBD","Nuveen ESG US Aggregate Bond ETF","ETF"
"67092P805","NUDM","Nuveen ESG International Developed Markets Equity ETF","ETF"
"67092P813","NUDV","Nuveen ESG Dividend ETF","ETF"
"670346105","NUE","Nucor Corp","Steel"
"67092P888","NUEM","Nuveen ESG Emerging Markets Equity ETF","ETF"
"53814L108","NUGN","Livento Group Inc","Specialty Business Services"
"67092P797","NUGO","Nuveen Growth Opportunities ETF","ETF"
"25460G781","NUGT","Direxion Daily Gold Miners Index Bull 2X Shares","ETF"
"38747R181","NUGY","Graniteshares YieldBOOST Gold Miners ETF","ETF"
"67092P854","NUHY","Nuveen ESG High Yield Corporate Bond ETF","ETF"
"301505475","NUKZ","Range Nuclear Renaissance ETF","ETF"
"67092P862","NULC","Nuveen ESG Large-Cap ETF","ETF"
"67092P201","NULG","Nuveen ESG Large-Cap Growth ETF","ETF"
"67092P300","NULV","Nuveen ESG Large-Cap Value ETF","ETF"
"67092P409","NUMG","Nuveen ESG Mid-Cap Growth ETF","ETF"
"67092P714","NUMI","Nuveen Municipal Income ETF","ETF"
"67092P508","NUMV","Nuveen ESG Mid-Cap Value ETF","ETF"
"67092P706","NURE","Nuveen Short-Term REIT ETF","ETF"
"641255880","NURO","NeuroMetrix Inc","Medical Devices"
"67018T105","NUS","Nu Skin Enterprises Inc","Household & Personal Products"
"67092P110","NUSA","Nuveen ESG 1-5 Year US Aggregate Bond ETF","ETF"
"67092P755","NUSB","Nuveen Ultra Short Income ETF","ETF"
"67092P607","NUSC","Nuveen ESG Small-Cap ETF","ETF"
"78433H667","NUSI","NEOS Nasdaq-100 Hedged Equity Income ETF","ETF"
"67119K102","NUTR","NusaTrip Incorporated","Travel Services"
"67079U306","NUTX","Nutex Health Inc","Medical Care Facilities"
"670928100","NUV","Nuveen Municipal Value Fund Inc","Asset Management"
"670704AJ4","NUVA","NuVasive Inc","Medical Devices"
"67080N101","NUVB","Nuvation Bio Inc","Biotechnology"
"67080NAA9","NUVB","Nuvation Bio Inc","Biotechnology"
"67080N119","NUVBWS","Nuvation Bio Inc","Biotechnology"
"670703107","NUVL","Nuvalent Inc","Biotechnology"
"670695105","NUW","Nuveen AMT-Free Municipal Value Fund","Asset Management"
"67113Y603","NUWE","Nuwellis Inc","Medical Devices"
"66982D104","NVA","Nova Minerals Ltd","Other Industrial Metals & Mining"
"66982D112","NVAWW","Nova Minerals Ltd","Other Industrial Metals & Mining"
"670002401","NVAX","Novavax Inc","Biotechnology"
"00888H851","NVBT","AllianzIM US Large Cap Buffer10 Nov ETF","ETF"
"00888H539","NVBU","AllianzIM US Equity Buffer15 Uncapped Nov ETF","ETF"
"00888H844","NVBW","AllianzIM US Large Cap Buffer20 Nov ETF","ETF"
"67011XAB9","NVCR","NovoCure Ltd","Medical Devices"
"G6674U108","NVCR","NovoCure Ltd","Medical Devices"
"67080T108","NVCT","Nuvectis Pharma Inc","Biotechnology"
"38747R629","NVD","Graniteshares 2x Short NVDA Daily ETF","ETF"
"38747R793","NVD","Graniteshares 2x Short NVDA Daily ETF","ETF"
"67066G104","NVDA","NVIDIA Corporation","Semiconductors"
"25461A197","NVDD","Direxion Daily NVDA Bear 1X Shares","ETF"
"25461A700","NVDD","Direxion Daily NVDA Bear 1X Shares","ETF"
"882927676","NVDG","Leverage Shares 2X Long NVDA Daily ETF","ETF"
"38747R827","NVDL","GraniteShares 2x Long NVDA Daily ETF","ETF"
"26923N199","NVDQ","T-Rex 2X Inverse NVIDIA Daily Target ETF","ETF"
"26923N488","NVDQ","T-Rex 2X Inverse NVIDIA Daily Target ETF","ETF"
"26923N793","NVDQ","T-Rex 2X Inverse NVIDIA Daily Target ETF","ETF"
"46144X370","NVDS","Tradr 1.5X Short NVDA Daily ETF","ETF"
"46144X420","NVDS","Tradr 1.5X Short NVDA Daily ETF","ETF"
"46144X842","NVDS","Tradr 1.5X Short NVDA Daily ETF","ETF"
"25461A833","NVDU","Direxion Daily Nvda Bull 2X Shares","ETF"
"77926X718","NVDW","Roundhill ETF Trust - Roundhill NVDA WeeklyPay ETF","ETF"
"26923N819","NVDX","T-Rex 2X Long NVIDIA Daily Target ETF","ETF"
"88634T774","NVDY","YieldMax NVDA Option Income Strategy ETF","ETF"
"629445206","NVEC","NVE Corporation","Semiconductors"
"62945V109","NVEE","Nv5 Global Inc","Engineering & Construction"
"67071L106","NVG","Nuveen AMT-Free Municipal Credit Income Fund","Asset Management"
"Y62132108","NVGS","Navigator Holdings plc","Oil & Gas Midstream"
"M7516K103","NVMI","Nova Measuring Instruments","Semiconductor Equipment & Materials"
"G50716102","NVNI","Nvni Group Limited","Software - Application"
"G50716110","NVNIW","Nvni Group Limited","Software - Application"
"29415J106","NVNO","enVVeno Medical Corporation","Medical Devices"
"670100205","NVO","Novo-Nordisk A/S","Drug Manufacturers - General"
"74016W841","NVOH","Novo-Nordisk A/S (B Shares)","ETF"
"62944T105","NVR","NVR Inc","Residential Construction"
"29390K102","NVRI","Enviri Corp","Waste Management"
"415864107","NVRI","Enviri Corp","Waste Management"
"64157F103","NVRO","Nevro Corp","Medical Devices"
"66987V109","NVS","Novartis AG","Drug Manufacturers - General"
"29415F104","NVST","Envista Holdings Corporation","Medical Instruments & Supplies"
"29415FAD6","NVST","Envista Holdings Corporation","Medical Instruments & Supplies"
"G6700G107","NVT","nVent Electric plc","Electrical Equipment & Parts"
"63942X106","NVTS","Navitas Semiconductor Corp","Semiconductors"
"67079Y308","NVVE","Nuvve Holding Corp","Specialty Retail"
"67079Y118","NVVEW","Nuvve Holding Corp","Specialty Retail"
"38747R439","NVYY","GraniteShares YieldBOOST NVDA ETF","ETF"
"670108109","NVZMY","Novozymes A/S","Specialty Chemicals"
"023634207","NWAXU","New America Acquisition I Corp","Shell Companies"
"667340103","NWBI","Northwest Bancshares Inc","Banks - Regional"
"668074305","NWE","Northwestern Energy Group Inc","Utilities - Regulated Electric"
"669549107","NWFL","Norwood Financial Corp","Banks - Regional"
"639057108","NWG","NatWest Group plc","Banks - Regional"
"639057207","NWG","NatWest Group plc","Banks - Regional"
"63903R106","NWGL","Nature Wood Group Limited","Lumber & Wood Production"
"651229106","NWL","Newell Brands Inc","Household & Personal Products"
"67092P847","NWLG","Nuveen Winslow Large-Cap Growth ESG ETF","ETF"
"66765N105","NWN","Northwest Natural Holding Company","Utilities - Regulated Gas"
"667746101","NWPX","Northwest Pipe Co","Steel"
"65249B208","NWS","News Corporation","Entertainment"
"65249B109","NWSA","News Corporation","Entertainment"
"747619104","NX","Quanex Building Products Corporation","Building Products & Equipment"
"67063R103","NXC","Nuveen California Select Tax-Free Income Portfolio","ETF"
"65345M108","NXDR","Nextdoor Holdings Inc","Internet Content & Information"
"65340G205","NXDT","NexPoint Diversified Real Estate Trust","REIT - Diversified"
"65340P106","NXE","Nexgen Energy Ltd","Uranium"
"231647207","NXG","NXG NextGen Infrastructure Income Fund","Asset Management"
"65344E107","NXGL","Nexgel Inc","Medical Instruments & Supplies"
"65344E115","NXGLW","Nexgel Inc","Medical Instruments & Supplies"
"67069Y102","NXJ","Nuveen New Jersey Quality Municipal Income Fund","Asset Management"
"65345B201","NXL","Nexalin Technology Inc","Medical Devices"
"65345B110","NXLIW","Nexalin Technology Inc","Medical Devices"
"67063V104","NXN","Nuveen New York Select Tax-Free Income Portfolio","ETF"
"67062F100","NXP","Nuveen Select Tax-Free Income Portfolio","Asset Management"
"N6596X109","NXPI","NXP Semiconductors NV","Semiconductors"
"68557F209","NXPL","NextPlat Corp","Software - Application"
"68557F118","NXPLW","NextPlat Corp","Software - Application"
"65341D102","NXRT","NexPoint Residential Trust Inc","REIT - Residential"
"65336K103","NXST","Nexstar Media Group Inc","Broadcasting"
"65290E101","NXT","Nextpower Inc","Solar"
"65343E207","NXTC","NextCure Inc","Biotechnology"
"46144X586","NXTE","Axs Green Alpha ETF","ETF"
"33737K205","NXTG","First Trust IndXX NextG ETF","ETF"
"80512Q402","NXTS","Nexentis Technologies Inc","Agricultural Inputs"
"62956D204","NXU","Nxu Inc","Auto Manufacturers"
"62956D303","NXUR","Nxu Inc","Auto Manufacturers"
"652941105","NXXT","NextNRG Inc","Utilities - Renewable"
"M7S750159","NYAX","Nayax Ltd","Software - Infrastructure"
"M7S750100","NYAX.TA","Nayax Ltd","Software - Infrastructure"
"649439304","NYC","American Strategic Investment Co","Real Estate Services"
"464288323","NYF","iShares New York Muni Bond ETF","ETF"
"00039J764","NYM","AB New York Intermediate Municipal ETF","ETF"
"64ESC1997","NYRT","New York REIT Inc","REIT - Diversified"
"650111107","NYT","New York Times Co","Publishing"
"239080104","NYVTX","Davis New York Venture Fund","ETF"
"B6S7WD106","NYXH","Nyxoah SA","Medical Instruments & Supplies"
"78463X194","NZAC","SPDR MSCI ACWI Climate Paris Aligned ETF","ETF"
"67070X101","NZF","Nuveen Municipal Credit Income Fund","Asset Management"
"78468R473","NZUS","SPDR MSCI USA Climate Paris Aligned ETF","ETF"
"756109104","O","Realty Income Corp","REIT - Retail"
"68218J103","OABI","OmniAb Inc","Biotechnology"
"68218J111","OABIW","OmniAb Inc","Biotechnology"
"G6717R104","OACC","Oaktree Acquisition Corp III","Shell Companies"
"G6717R120","OACCU","Oaktree Acquisition Corp III","Shell Companies"
"G6717R112","OACCW","Oaktree Acquisition Corp III","Shell Companies"
"90470L519","OACP","OneAscent Core Plus Bond ETF","ETF"
"90470L444","OAIM","OneAscent International Equity ETF","ETF"
"41456U106","OAKM","Oakmark US Large Cap ETF","ETF"
"67190B104","OAKU","Oak Woods Acquisition Corporation","Shell Companies"
"67190B120","OAKUR","Oak Woods Acquisition Corporation","Shell Companies"
"67190B112","OAKUW","Oak Woods Acquisition Corporation","Shell Companies"
"90470L527","OALC","OneAscent Large Cap Core ETF","ETF"
"413838699","OANLX","Oakmark Select Fund Class Institutional","ETF"
"88636X807","OARK","YieldMax Innovation Option Income Strategy ETF","ETF"
"413838798","OAYMX","Oakmark Advisor","ETF"
"G6858G107","OBA","Oxley Bridge Acquisition Limited","Shell Companies"
"G6858G123","OBAWU","Oxley Bridge Acquisition Units","Shell Companies"
"G6858G115","OBAWW","Oxley Bridge Acquisition Limited","Shell Companies"
"69121K104","OBDC","Blue Owl Capital Corporation","Asset Management"
"69122G102","OBDE","Blue Owl Capital Corporation III","Asset Management"
"674482203","OBE","Obsidian Energy Ltd","Oil & Gas E&P"
"674388103","OBICY","Obic Co Ltd","Software - Application"
"74933W478","OBIL","F/M US Treasury 12 Month Bill ETF","ETF"
"68572M106","OBIO","Orchestra BioMed Holdings Inc","Biotechnology"
"68621T102","OBK","Origin Bancorp Inc","Banks - Regional"
"78470P804","OBND","SPDR Loomis Sayles Opportunistic Bond ETF","ETF"
"500767868","OBOR","KraneShares MSCI One Belt One Road Index ETF","ETF"
"68417L107","OBT","Orange County Bancorp Inc","Banks - Regional"
"690742101","OC","Owens Corning","Building Products & Equipment"
"683827208","OCC","Optical Cable Corp","Communication Equipment"
"67111Q107","OCCI","OFS Credit Company Inc","Asset Management"
"674488101","OCDDY","Ocado Group plc","Grocery Stores"
"67644C104","OCEA","Ocean Biomedical Inc","Biotechnology"
"67644C112","OCEAW","Ocean Biomedical Inc","Biotechnology"
"675234108","OCFC","Oceanfirst Financial Corp","Banks - Regional"
"74316P595","OCFS","Otter Creek Focus Strategy ETF","ETF"
"68248T204","OCFT","OneConnect Financial Technology Co","Software - Application"
"G6796W115","OCG","Oriental Culture Holding Ltd","Internet Retail"
"67577C105","OCGN","Ocugen Inc","Biotechnology"
"26922A727","OCIO","ClearShares OCIO ETF","ETF"
"H5870P102","OCS","Oculis Holding Ag","Biotechnology"
"H5870P110","OCSAW","Oculis Holding Ag","Biotechnology"
"67401P108","OCSL","Oaktree Specialty Lending Co","Asset Management"
"67401P405","OCSL","Oaktree Specialty Lending Co","Asset Management"
"45783Y517","OCTD","Innovator Premium Income 10 Barrier ETF - October","ETF"
"45783Y525","OCTH","Innovator Premium Income 20 Barrier ETF - October","ETF"
"45783Y491","OCTJ","Innovator Premium Income 30 Barrier ETF - October","ETF"
"33740F136","OCTM","FT Vest US Equity Max Buffer ETF - October","ETF"
"69420N742","OCTP","PGIM S&P 500 Buffer 12 ETF - Oct","ETF"
"45783Y483","OCTQ","Innovator Premium Income 40 Barrier ETF - October","ETF"
"00888H604","OCTT","AllianzIM US Large Cap Buffer10 Oct ETF","ETF"
"00888H547","OCTU","AllianzIM US Equity Buffer15 Uncapped Oct ETF","ETF"
"G22845104","OCTV","Octave Intelligence plc","Software - Application"
"00888H505","OCTW","AllianzIM US Large Cap Buffer20 Oct ETF","ETF"
"53656F698","OCTZ","TrueShares Structured Outcome (October) ETF","ETF"
"67576A100","OCUL","Ocular Therapeutix Inc","Biotechnology"
"677864100","ODC","Oil-Dri Corporation of America","Specialty Chemicals"
"M7518J104","ODD","Oddity Tech Ltd","Household & Personal Products"
"69374H394","ODDS","Pacer BlueStar Digital Entertainment ETF","ETF"
"679580100","ODFL","Old Dominion Freight Line Inc","Trucking"
"88337F105","ODP","The ODP Corp","Specialty Retail"
"67613T104","ODTX","Odyssey Therapeutics Inc","Biotechnology"
"81063V204","ODYS","Odysight.ai Inc","Scientific & Technical Instruments"
"L72967109","OEC","Orion S.A.","Specialty Chemicals"
"464287101","OEF","iShares S&P 100 ETF","ETF"
"00162Q379","OEFA","ALPS O'Shares International Developed Quality Dividend ETF","ETF"
"H59187106","OERL.SW","OC Oerlikon Corp AG",""
"92336Y107","OEZVY","Verbund AG","Utilities - Renewable"
"67103X102","OFG","OFG Bancorp","Banks - Regional"
"68752M108","OFIX","Orthofix Medical Inc","Medical Devices"
"682095104","OFLX","Omega Flex Inc","Specialty Industrial Machinery"
"301505442","OFOS","Range Global Offshore Oil Services ETF","ETF"
"68237F108","OFRM","Once Upon A Farm PBC","Packaged Foods"
"67103B100","OFS","OFS Capital Corp","Asset Management"
"675222400","OGC","OceanaGold Corporation","Gold"
"670837103","OGE","OGE Energy Corp","Utilities - Regulated Electric"
"68828E809","OGG","Osisko Gold Group Inc","Gold"
"68828E239","OGGWZ","Osisko Gold Group Inc","Gold"
"68620P705","OGI.TO","Organigram Global Inc","Drug Manufacturers - Specialty & Generic"
"00162Q361","OGIG","ALPS O'Shares Global Internet Giants ETF","ETF"
"68622V106","OGN","Organon & Co","Drug Manufacturers - General"
"68235P108","OGS","One Gas Inc","Utilities - Regulated Gas"
"G6722R107","OHAC","Oceanhawk Acquisition Corp","Shell Companies"
"G6722R123","OHACR","Oceanhawk Acquisition Corp","Shell Companies"
"681936100","OHI","Omega Healthcare Investors Inc","REIT - Healthcare Facilities"
"67098H104","OI","O-I Glass Inc","Packaging & Containers"
"46132X101","OIA","Invesco Municipal Income Opportunities Trust","Asset Management"
"92189H607","OIH","VanEck Oil Services ETF","ETF"
"675232102","OII","Oceaneering International Inc","Oil & Gas Equipment & Services"
"74347G804","OILK","ProShares K-1 Free Crude Oil ETF","ETF"
"88224A300","OILT","Texas Capital Texas Oil Index ETF","ETF"
"063679583","OILU","MicroSectorsTM Oil & Gas Exploration & Production 3X Leveraged ETNs","ETF"
"G6S74K106","OIM","OneIM Acquisition Corp","Shell Companies"
"G6S74K114","OIMAW","OneIM Acquisition Corp","Shell Companies"
"G3R95P108","OIO","OIO Group","Asset Management"
"G3R95P116","OIOWW","OIO Group","Asset Management"
"678026105","OIS","Oil States International Inc","Oil & Gas Equipment & Services"
"682680103","OKE","ONEOK Inc","Oil & Gas Midstream"
"88636V678","OKLL","Defiance Daily Target 2X Long OKLO ETF","ETF"
"02156V109","OKLO","Oklo Inc","Utilities - Independent Power Producers"
"679295105","OKTA","Okta Inc","Software - Infrastructure"
"679295AD7","OKTA","Okta Inc","Software - Infrastructure"
"68277Q105","OKUR","Onkure Therapeutics Inc","Biotechnology"
"G6724L116","OKYO","Okyo Pharma Ltd","Biotechnology"
"67086U406","OLB","OLB Group Inc","Software - Infrastructure"
"68620X104","OLCLY","Oriental Land Co Ltd","Leisure"
"91347P105","OLED","Universal Display Corp","Electronic Components"
"681116109","OLLI","Ollie's Bargain Outlet Holdings Inc","Discount Stores"
"68062P106","OLMA","Olema Pharmaceuticals Inc","Biotechnology"
"680665205","OLN","Olin Corporation","Chemicals"
"68134L109","OLO","Olo Inc","Software - Application"
"78418A604","OLOX","Olenox Industries Inc","Metal Fabrication"
"682406103","OLP","One Liberty Properties Inc","REIT - Diversified"
"679369108","OLPX","Olaplex Holdings Inc","Specialty Retail"
"68163W208","OLYMY","Olympus Corporation","Medical Devices"
"690145206","OM","Outset Medical Inc","Medical Devices"
"400501102","OMAB","Grupo Aeroportuario del Centro Norte","Airports & Air Services"
"45259A514","OMAH","VistaShares Target 15 Berkshire Select Income ETF","ETF"
"681919106","OMC","Omnicom Group Inc","Advertising Agencies"
"65373A109","OMCC","Old Market Capital Corporation","Credit Services"
"68213N109","OMCL","Omnicell Inc","Health Information Services"
"68213NAF6","OMCL","Omnicell Inc","Health Information Services"
"68170A108","OMDA","Omada Health Inc","Health Information Services"
"682143102","OMER","Omeros Corp","Biotechnology"
"676118201","OMEX","Odyssey Marine Exploration Inc","Other Industrial Metals & Mining"
"68268W103","OMF","OneMain Holdings Inc","Credit Services"
"46138J619","OMFL","Invesco Russell 1000 Dynamic Multifactor ETF","ETF"
"46138J593","OMFS","Invesco Russell 2000 Dynamic Multifactor ETF","ETF"
"68217N105","OMGAQ","Omega Therapeutics Inc","Biotechnology"
"G6S38M123","OMH","Ohmyhome Limited","Real Estate Services"
"82933R308","OMIC","Singular Genomics Systems Inc","Diagnostics & Research"
"682151303","OMRNY","OMRON Corporation","Electronic Components"
"G6755S105","OMSE","Oms Energy Technologies Inc","Oil & Gas Equipment & Services"
"670875509","OMVKY","OMV Aktiengesellschaft","Oil & Gas Integrated"
"682189105","ON","ON Semiconductor Corp","Semiconductors"
"682189AS4","ON","ON Semiconductor Corporation","Semiconductors"
"682189AU9","ON","ON Semiconductor Corp","Semiconductors"
"680033107","ONB","Old National Bancorp","Banks - Regional"
"07725L102","ONC","Beigene Ltd","Biotechnology"
"G6757R105","ONCH","1RT Acquisition Corp","Shell Companies"
"G6757R121","ONCHU","1RT Acquisition Corp","Shell Companies"
"68236P206","ONCT","Oncternal Therapeutics Inc","Biotechnology"
"682310875","ONCY","Oncolytics Biotech Inc","Biotechnology"
"74347G523","OND","ProShares On-Demand ETF","ETF"
"88340W798","ONDG","Leverage Shares 2X Long ONDS Daily ETF","ETF"
"68236H204","ONDS","Ondas Holdings Inc","Communication Equipment"
"M75260113","ONE.TA","One Software Technologies Ltd",""
"G6826S100","ONEG","OneConstruction Group Ltd","Engineering & Construction"
"78468R762","ONEO","SPDR Russell 1000 Momentum Focus ETF","ETF"
"315912808","ONEQ","Fidelity Nasdaq Composite Index ETF","ETF"
"78468R754","ONEV","SPDR Russell 1000 Low Volatility Focus ETF","ETF"
"68280L101","ONEW","OneWater Marine Inc","Specialty Retail"
"78468R770","ONEY","SPDR Russell 1000 Yield Focus ETF","ETF"
"210322608","ONEZ","TrueShares Seasonality Laddered Buffered ETF","ETF"
"68277K207","ONFO","Onfolio Holdings Inc","Internet Content & Information"
"68277K124","ONFOW","Onfolio Holdings Inc","Internet Content & Information"
"675746606","ONIT","Onity Group Inc","Mortgage Finance"
"68629Y103","ONL","Orion Properties Inc","REIT - Office"
"74347B169","ONLN","ProShares Online Retail ETF","ETF"
"68270C103","ONMD","OneMedNet Corporation","Health Information Services"
"68270C111","ONMDW","OneMedNet Corporation","Health Information Services"
"37954Y194","ONOF","Global X Adaptive US Risk Management ETF","ETF"
"H5919C104","ONON","On Holding AG","Footwear & Accessories"
"615111101","ONT","Onterris Inc","Waste Management"
"68339B104","ONTF","On24 Inc","Software - Application"
"683344105","ONTO","Onto Innovation Inc","Semiconductor Equipment & Materials"
"68620A203","ONVO","Organovo Holdings Inc","Biotechnology"
"683416101","OOMA","Ooma Inc","Software - Application"
"92864M848","OOQB","One+One Nasdaq-100 and Bitcoin ETF","ETF"
"92864M863","OOSB","One+One S&P 500 and Bitcoin ETF","ETF"
"67623L109","OPAD","Offerpad Solutions Inc","Real Estate Services"
"68347P103","OPAL","Opal Fuels Inc","Utilities - Regulated Gas"
"67109R109","OPBK","OP Bancorp","Banks - Regional"
"68404L201","OPCH","Option Care Health Inc","Medical Care Facilities"
"683712103","OPEN","Opendoor Technologies Inc","Real Estate Services"
"683712137","OPENL","Opendoor Technologies Inc","Real Estate Services"
"683712129","OPENW","Opendoor Technologies Inc","Real Estate Services"
"683712145","OPENZ","Opendoor Technologies Inc","Real Estate Services"
"26922A453","OPER","ClearShares Ultra-Short Maturity ETF","ETF"
"68386H103","OPFI","OppFi Inc","Credit Services"
"68386H111","OPFIWS","OppFi Inc","Credit Services"
"68401P403","OPHC","OptimumBank Holdings Inc","Banks - Regional"
"682736103","OPHLY","Ono Pharmaceutical Co Ltd","Drug Manufacturers - General"
"67623C109","OPI","Office Properties Income Trust","REIT - Office"
"67623C307","OPI","Office Properties Income Trust","REIT - Office"
"68375N103","OPK","OPKO Health Inc","Diagnostics & Research"
"48238T109","OPLN","OPENLANE Inc","Auto & Truck Dealerships"
"680194107","OPOF","Old Point Financial Corporation","Banks - Regional"
"76882G107","OPP","Rivernorth Doubleline Strategic Opportunity Fund Inc","Asset Management"
"97717X552","OPPE","WisdomTree European Opportunities Fund","ETF"
"97717W521","OPPJ","WisdomTree Japan Opportunities Fund","ETF"
"68373M107","OPRA","Opera Ltd","Internet Content & Information"
"68376D104","OPRT","Oportun Financial Corporation","Credit Services"
"68401U204","OPRX","OPTIMIZERx Corp","Health Information Services"
"68386J208","OPTEY","Opthea Ltd","Biotechnology"
"68404V209","OPTN","Optinose Inc","Drug Manufacturers - Specialty & Generic"
"674870506","OPTT","Ocean Power Technologies","Specialty Industrial Machinery"
"02156K103","OPTU","Optimum Communications Inc","Telecom Services"
"87169M105","OPTX","Syntec Optics Holdings Inc","Electronic Components"
"87169M113","OPTXW","Syntec Optics Holdings Inc","Electronic Components"
"00777X538","OPTZ","Optimize Strategy Index ETF","ETF"
"68384X209","OPXS","Optex Systems Holdings Inc","Aerospace & Defense"
"683797104","OPY","Oppenheimer Holdings Inc","Capital Markets"
"68390D106","OR","Osisko Gold Royalties Ltd","Gold"
"68827L101","OR","Osisko Gold Royalties Ltd","Gold"
"686688102","ORA","Ormat Technologies Inc","Utilities - Renewable"
"686688AB8","ORA","Ormat Technologies Inc","Utilities - Renewable"
"684060106","ORANY","Orange","Telecom Services"
"22890A302","ORBS","Eightco Holdings Inc","Packaging & Containers"
"68571X103","ORC","Orchid Island Capital Inc","REIT - Mortgage"
"68571X301","ORC","Orchid Island Capital Inc","REIT - Mortgage"
"68389X105","ORCL","Oracle Corporation","Software - Infrastructure"
"68389X204","ORCLPR","Oracle Corporation","Software - Infrastructure"
"88636R511","ORCX","Defiance Daily Target 2X Long ORCL ETF","ETF"
"68622D114","ORGNW","Origin Materials Inc","Specialty Chemicals"
"68621F102","ORGO","Organogenesis Holdings Inc","Drug Manufacturers - Specialty & Generic"
"680223104","ORI","Old Republic International Corp","Insurance - Property & Casualty"
"68622P109","ORIC","ORIC Pharmaceuticals Inc","Biotechnology"
"60800C208","ORIO","Orion Digital Corp","Software - Infrastructure"
"G67751100","ORIQ","Origin Investment Corp I","Shell Companies"
"G6781A102","ORIS","Oriental Rise Holdings Limited","Packaged Foods"
"687604108","ORKA","Oruka Therapeutics Inc","Biotechnology"
"686331109","ORKLY","Orkla ASA","Packaged Foods"
"G6781F101","ORKT","Orangekloud Technology Inc","Software - Application"
"68634K106","ORLA","Orla Mining Ltd","Gold"
"67103H107","ORLY","O'Reilly Automotive Inc","Auto Parts"
"68403P203","ORMP","Oramed Pharmaceuticals Inc","Biotechnology"
"68628V308","ORN","Orion Group Holdings Inc","Engineering & Construction"
"02072Q820","ORR","Militia Long/Short Equity ETF","ETF"
"687380105","ORRF","Orrstown Financial Services Inc","Banks - Regional"
"68616T109","ORZCF","Orezone Gold Corporation","Gold"
"68278B107","OS","OneStream Inc","Software - Infrastructure"
"680277100","OSBC","Old Second Bancorp Inc","Banks - Regional"
"687793109","OSCR","Oscar Health Inc","Healthcare Plans"
"41151J885","OSEA","Harbor International Compounders ETF","ETF"
"023139884","OSG","Octave Specialty Group Inc","Insurance - Specialty"
"671044105","OSIS","OSI Systems Inc","Electronic Components"
"671044AF2","OSIS","OSI Systems Inc","Electronic Components"
"688239201","OSK","Oshkosh Corp","Farm & Heavy Construction Machinery"
"68287N100","OSPN","OneSpan Inc","Software - Infrastructure"
"68840D102","OSRH","OSR Holdings Inc","Biotechnology"
"68840D110","OSRHW","OSR Holdings Inc","Biotechnology"
"68247W109","OSS","One Stop Systems Inc","Computer Hardware"
"G67927114","OST","Ostin Technology Group Co Lt","Electronic Components"
"68764Y207","OSTX","Os Therapies Incorporated","Biotechnology"
"68554V108","OSUR","Orasure Technologies Inc","Medical Instruments & Supplies"
"P73684113","OSW","Onespaworld Holdings Limited","Leisure"
"67106F108","OTCM","OTC Markets Group Inc","Financial Data & Stock Exchanges"
"683715106","OTEX","Open Text Corp","Software - Application"
"095924106","OTF","Blue Owl Technology Finance Corp","Asset Management"
"G6791A100","OTGA","OTG Acquisition Corp I","Shell Companies"
"G6791A126","OTGAU","OTG Acquisition Corp I","Shell Companies"
"G6791A118","OTGAW","OTG Acquisition Corp I","Shell Companies"
"125105106","OTGLY","CD Projekt SA","Electronic Gaming & Multimedia"
"68902V107","OTIS","Otis Worldwide Corp","Specialty Industrial Machinery"
"69012T305","OTLK","Outlook Therapeutics Inc","Biotechnology"
"67421J207","OTLY","Oatly Group AB","Packaged Foods"
"67421JAC2","OTLY","Oatly Group AB","Packaged Foods"
"683373401","OTRKQ","Ontrak Inc","Health Information Services"
"689164101","OTSKY","Otsuka Holdings Co Ltd","Drug Manufacturers - General"
"689648103","OTTR","Otter Tail Corp","Conglomerates"
"921078101","OUNZ","VanEck Merk Gold ETF","ETF"
"00162Q387","OUSA","ALPS O'Shares US Quality Dividend ETF","ETF"
"00162Q395","OUSM","ALPS O'Shares US Small-Cap Quality Dividend ETF","ETF"
"68989M103","OUST","Ouster Inc","Electronic Components"
"68989M202","OUST","Ouster Inc","Electronic Components"
"68989M129","OUSTW","Ouster Inc","Electronic Components"
"69007J304","OUT","Outfront Media Inc","REIT - Specialty"
"53656F862","OVB","Overlay Shares Core Bond ETF","ETF"
"677719106","OVBC","Ohio Valley Banc Corp","Banks - Regional"
"690333109","OVCHY","Oversea-Chinese Banking Corporation Limited","Banks - Regional"
"53656F870","OVF","Overlay Shares Foreign Equity ETF","ETF"
"690469101","OVID","Ovid Therapeutics Inc","Biotechnology"
"53656F805","OVL","Overlay Shares Large Cap Equity ETF","ETF"
"53656F581","OVLH","Overlay Shares Hedged Large Cap Equity ETF","ETF"
"671807105","OVLY","Oak Valley Bancorp","Banks - Regional"
"53656F854","OVM","Overlay Shares Municipal Bond ETF","ETF"
"53656F888","OVS","Overlay Shares Small Cap Equity ETF","ETF"
"53656F573","OVT","Overlay Shares Short Term Bond ETF","ETF"
"69047Q102","OVV","Ovintiv","Oil & Gas E&P"
"680414307","OWACX","Old Westbury All Cap Core","ETF"
"09581B103","OWL","Blue Owl Capital Inc","Asset Management"
"680414109","OWLSX","Old Westbury Large Cap Strategies","ETF"
"69120X107","OWLT","Owlet Inc","Medical Devices"
"091748509","OWNB","Bitwise Bitcoin Standard Corporations ETF","ETF"
"74741A106","OWNS","CCM Affordable Housing MBS ETF","ETF"
"680414604","OWSMX","Old Westbury Small & Mid Cap Strategies","ETF"
"G6856M106","OXBR","Oxbridge Re Holdings Limited","Insurance - Reinsurance"
"691543102","OXLC","Oxford Lane Capital Corp","Asset Management"
"691543847","OXLC","Oxford Lane Capital Corp","Asset Management"
"691497309","OXM","Oxford Industries Inc","Apparel Manufacturing"
"69181V107","OXSQ","Oxford Square Capital Corp","Asset Management"
"674599105","OXY","Occidental Petroleum Corporation","Oil & Gas E&P"
"674599162","OXYWS","Occidental Petroleum Corporation","Oil & Gas E&P"
"G6861F104","OYSE","Oyster Enterprises II Acquisition Corp","Shell Companies"
"G6861F138","OYSER","Oyster Enterprises II Acquisition Corp","Shell Companies"
"G6861F120","OYSEU","Oyster Enterprises II Acquisition","Shell Companies"
"080694102","OZ","Belpointe Prep LLC","Real Estate - Development"
"77926X882","OZEM","Roundhill GLP-1 & Weight Loss ETF","ETF"
"06417N103","OZK","Bank OZK","Banks - Regional"
"69269L104","OZON","Ozon Holdings plc","Internet Retail"
"74624M102","P","Everpure Inc","Computer Hardware"
"726503105","PAA","Plains All American Pipeline LP","Oil & Gas Midstream"
"69344A834","PAAA","PGIM AAA CLO ETF","ETF"
"697900108","PAAS","Pan American Silver Corp","Gold"
"G8192J136","PAAS.TO","Pan American Silver Corp","Gold"
"69344A701","PAB","PGIM Active Aggregate Bond ETF","ETF"
"46438G729","PABD","iShares Paris-Aligned Climate Optimized MSCI World ex-US ETF","ETF"
"46436E411","PABU","iShares Paris-Aligned Climate Optimized MSCI USA ETF","ETF"
"400506101","PAC","Grupo Aeroportuario del Pacífico","Airports & Air Services"
"69404D108","PACB","Pacific Biosciences of California Inc","Medical Devices"
"G7117W107","PACH","Pioneer Acquisition I Corp","Shell Companies"
"G7117W123","PACHU","Pioneer Acquisition I Corp","Shell Companies"
"75321W103","PACK","Ranpak Holdings Corp","Packaging & Containers"
"69380Q107","PACS","PACS Group Inc","Medical Care Facilities"
"70959W103","PAG","Penske Automotive Group Inc","Auto & Truck Dealerships"
"72651A207","PAGP","Plains GP Holdings LP","Oil & Gas Midstream"
"G68707101","PAGS","PagSeguro Digital Ltd","Software - Infrastructure"
"71742Q106","PAHC","Phibro Animal Health Corp","Drug Manufacturers - Specialty & Generic"
"00809M104","PAIYY","Aesthetic Medical International Holdings Group Ltd","Medical Care Facilities"
"74317M104","PAL","Proficient Auto Logistics Inc","Integrated Freight & Logistics"
"Q7264T252","PALAF","Paladin Energy Ltd","Uranium"
"69374H816","PALC","Pacer Lunt Large Cap Multi-Factor Alternator ETF","ETF"
"25461A361","PALD","Direxion Daily PANW Bear 1X Shares","ETF"
"696389402","PALI","Palisade Bio Inc","Biotechnology"
"003262102","PALL","abrdn Physical Palladium Shares ETF","ETF"
"G6881J102","PALO","Paloma Acquisition Corp I","Shell Companies"
"G6881J128","PALOU","Paloma Acquisition Corp I","Shell Companies"
"G6881J110","PALOW","Paloma Acquisition Corp I","Shell Companies"
"25461A379","PALU","Direxion Daily PANW Bull 2X Shares","ETF"
"697660207","PAM","Pampa Energía SA","Conglomerates"
"69374H725","PAMC","Pacer Lunt MidCap Multi-Factor Alternator ETF","ETF"
"693149106","PAMT","PAMT Corp","Trucking"
"882927429","PANG","Leverage Shares 2X Long PANW Daily ETF","ETF"
"G6891L105","PANL","Pangaea Logistics Solutions Ltd","Marine Shipping"
"697435105","PANW","Palo Alto Networks Inc","Software - Infrastructure"
"61774R866","PAPI","Parametric Equity Premium Income ETF","ETF"
"72303K207","PAPL","Pineapple Financial Inc","Mortgage Finance"
"45782C870","PAPR","Innovator US Equity Power Buffer ETF - April","ETF"
"698884103","PAR","PAR Technology Corporation","Software - Application"
"698884AH6","PAR","PAR Technology Corporation","Software - Application"
"06682J308","PARA","Banzai International Inc","Software - Application"
"06682J118","PARAW","Banzai International Inc","Software - Application"
"693320103","PARK","Park Dental Partners Inc","Medical Care Facilities"
"69888T207","PARR","Par Pacific Holdings Inc","Oil & Gas Refining & Marketing"
"90364P105","PATH","UiPath Inc","Software - Infrastructure"
"703343103","PATK","Patrick Industries Inc","Recreational Vehicles"
"703343AG8","PATK","Patrick Industries Inc","Recreational Vehicles"
"69374H311","PATN","Pacer Nasdaq International Patent Leaders ETF","ETF"
"45782C680","PAUG","Innovator US Equity Power Buffer ETF - August","ETF"
"37954Y673","PAVE","Global X US Infrastructure Development ETF","ETF"
"70387R403","PAVM","PAVmed Inc","Medical Devices"
"70387R122","PAVMZ","PAVmed Inc","Medical Devices"
"G4289N205","PAVS","Paranovus Entertainment Technology Ltd","Packaged Foods"
"74348A145","PAWZ","ProShares Pet Care ETF","ETF"
"G69451105","PAX","Patria Investments Limited","Asset Management"
"72203T100","PAXS","PIMCO Access Income Fund","Asset Management"
"70439P108","PAY","Paymentus Holdings Inc","Software - Infrastructure"
"70432V102","PAYC","Paycom Software Inc","Software - Application"
"70451X104","PAYO","Payoneer Global Inc","Software - Infrastructure"
"70450C101","PAYP","PayPay Corporation","Software - Infrastructure"
"70451A104","PAYS","Paysign Inc","Software - Infrastructure"
"704326107","PAYX","Paychex Inc","Software - Application"
"743606105","PB","Prosperity Bancshares Inc","Banks - Regional"
"706327103","PBA","Pembina Pipeline Corp","Oil & Gas Midstream"
"74274F100","PBAM","Private Bancorp of America Inc","Banks - Regional"
"69420N809","PBAP","PGIM S&P 500 Buffer 20 ETF - April","ETF"
"69420N817","PBAU","PGIM S&P 500 Buffer 20 ETF - August","ETF"
"69318V103","PBBK","PB Bankshares Inc","Banks - Regional"
"69368G105","PBCRY","PT Bank Central Asia Tbk","Banks - Regional"
"46138G847","PBD","Invesco Global Clean Energy ETF","ETF"
"746729508","PBDC","Putnam BDC Income ETF","ETF"
"69420N759","PBDE","PGIM S&P 500 Buffer 20 ETF - December","ETF"
"46137V787","PBE","Invesco Biotechnology & Genome ETF","ETF"
"69318G106","PBF","PBF Energy Inc","Oil & Gas Refining & Marketing"
"69420N403","PBFB","PGIM S&P 500 Buffer 20 ETF - February","ETF"
"69420N692","PBFR","PGIM Laddered S&P 500 Buffer 20 ETF","ETF"
"723561106","PBFS","Pioneer Bancorp Inc","Banks - Regional"
"74112D101","PBH","Prestige Consumer Healthcare Inc","Drug Manufacturers - Specialty & Generic"
"70319R109","PBHC","Pathfinder Bancorp Inc","Banks - Regional"
"724479100","PBI","Pitney Bowes Inc","Integrated Freight & Logistics"
"46137V753","PBJ","Invesco Food & Beverage ETF","ETF"
"69420N205","PBJA","PGIM S&P 500 Buffer 20 ETF - January","ETF"
"69420N833","PBJL","PGIM S&P 500 Buffer 20 ETF - July","ETF"
"69420N858","PBJN","PGIM S&P 500 Buffer 20 ETF - June","ETF"
"69344A859","PBL","PGIM Portfolio Ballast ETF","ETF"
"74449F209","PBM","Psyence Biomedical Ltd","Biotechnology"
"69420N601","PBMR","PGIM S&P 500 Buffer 20 ETF - March","ETF"
"74449F118","PBMWW","Psyence Biomedical Ltd","Biotechnology"
"69420N874","PBMY","PGIM S&P 500 Buffer 20 ETF - May","ETF"
"69420N767","PBNV","PGIM S&P 500 Buffer 20 ETF - November","ETF"
"69420N775","PBOC","PGIM S&P 500 Buffer 20 ETF - October","ETF"
"46137V399","PBP","Invesco S&P 500 BuyWrite ETF","ETF"
"73754Y100","PBPB","Potbelly Corp","Restaurants"
"71654V408","PBR","Petróleo Brasileiro SA Petrobras","Oil & Gas Integrated"
"71654V101","PBRA","Petróleo Brasileiro SA Petrobras","Oil & Gas Integrated"
"69420N783","PBSE","PGIM S&P 500 Buffer 20 ETF - September","ETF"
"714236106","PBT","Permian Basin Royalty Trust","Oil & Gas Midstream"
"46138E495","PBTP","Invesco 0-5 Yr US TIPS ETF","ETF"
"46138E461","PBUS","Invesco MSCI USA ETF","ETF"
"46137V134","PBW","Invesco WilderHill Clean Energy ETF","ETF"
"74587V107","PBYI","Puma Biotechnology Inc","Biotechnology"
"G72228102","PC","Premium Catering Holdings Limited","Specialty Business Services"
"G7257A105","PCAP","ProCap Acquisition Corp","Shell Companies"
"G7257A113","PCAPU","ProCap Acquisition Corp","Shell Companies"
"G7257A121","PCAPW","ProCap Acquisition Corp","Shell Companies"
"693718108","PCAR","Paccar Inc","Farm & Heavy Construction Machinery"
"69320M109","PCB","PCB Bancorp","Banks - Regional"
"74253Q747","PCBIX","Principal MidCap Fund","ETF"
"46138E404","PCEF","Invesco CEF Income Composite ETF","ETF"
"69331C108","PCG","PG&E Corp","Utilities - Regulated Electric"
"69331CAL2","PCG","PG&E Corp","Utilities - Regulated Electric"
"53700T744","PCGG","Polen Capital Global Growth ETF","ETF"
"69331C306","PCGPRX","PG&E Corp","Utilities - Regulated Electric"
"737630103","PCH","PotlatchDeltic Corporation","REIT - Specialty"
"53700T736","PCIG","Litman Gregory Funds Trust Pole","ETF"
"72200M108","PCK","PIMCO California Municipal Income Fund II","ETF"
"71989C109","PCLA","PicoCELA Inc","Telecom Services"
"900934803","PCLN","Pictet Cleaner Planet ETF","ETF"
"92790A850","PCLO","Virtus SEIX AAA Private Credit CLO ETF","ETF"
"69323T101","PCM","PCM Fund Inc","Asset Management"
"09789C671","PCMM","BondBloxx Private Credit CLO ETF","ETF"
"72200U100","PCN","PIMCO Corporate & Income Strategy Fund","Asset Management"
"694701103","PCOK","Pacific Oak Strategic Opportunity REIT Inc","REIT - Diversified"
"746476100","PCONX","Putnam Convertible Securities Fund Class A","ETF"
"74275K108","PCOR","Procore Technologies Inc","Software - Application"
"740189105","PCP","Precision Castparts Corp","Aerospace & Defense"
"72200N106","PCQ","PIMCO California Municipal Income Fund","Asset Management"
"746729607","PCRB","Putnam ESG Core Bond ETF","ETF"
"69832A304","PCRHY","Panasonic Holdings Corporation","Consumer Electronics"
"695127100","PCRX","Pacira Biosciences Inc","Drug Manufacturers - Specialty & Generic"
"74275C304","PCSA","Processa Pharmaceuticals Inc","Biotechnology"
"G70077105","PCSC","Perceptive Capital Solutions Corp","Shell Companies"
"74623V103","PCT","PureCycle Technologies Inc","Pollution & Treatment Controls"
"74623V202","PCTTU","PureCycle Technologies Inc","Pollution & Treatment Controls"
"74623V111","PCTTW","PureCycle Technologies Inc","Pollution & Treatment Controls"
"70438V106","PCTY","Paylocity Holding Corporation","Software - Application"
"92243G108","PCVX","Vaxcyte Inc","Biotechnology"
"46138E784","PCY","Invesco Emerging Markets Sovereign Debt ETF","ETF"
"746228303","PCYO","Pure Cycle Corporation","Utilities - Regulated Water"
"69553P100","PD","PagerDuty Inc","Software - Application"
"69553PAD2","PD","PagerDuty Inc","Software - Application"
"46090F308","PDBA","Invesco Agriculture Commodity Strategy No K-1 ETF","ETF"
"46090F100","PDBC","Invesco Optimum Yield Diversified Commodity Strategy No K-1 ETF","ETF"
"27030F202","PDC","Perpetuals.com Ltd","Software - Application"
"70476Q100","PDCC","Pearl Diver Credit Company Inc","Asset Management"
"703395103","PDCO","Patterson Companies Inc","Medical Distribution"
"722304102","PDD","PDD Holdings Inc","Internet Retail"
"722304AC6","PDD","PDD Holdings Inc","Internet Retail"
"45782C540","PDEC","Innovator US Equity Power Buffer ETF - December","ETF"
"74265M205","PDEX","Pro-Dex Inc","Medical Instruments & Supplies"
"693282105","PDFS","PDF Solutions","Software - Application"
"72201Y101","PDI","PIMCO Dynamic Income Fund","Asset Management"
"732344106","PDLB","Ponce Financial Group Inc","Banks - Regional"
"69329Y104","PDLI","PDL BioPharma Inc","Biotechnology"
"720190206","PDM","Piedmont Realty Trust Inc","REIT - Office"
"46138E735","PDN","Invesco RAFI Developed Markets ex-U.S. Small-Mid ETF","ETF"
"69355M107","PDO","PIMCO Dynamic Income Opportunities Fund","Asset Management"
"46137V837","PDP","Invesco Dorsey Wright Momentum ETF","ETF"
"74022D407","PDS","Precision Drilling Corp","Oil & Gas Drilling"
"70465T107","PDSB","PDS Biotechnology Corp","Biotechnology"
"41013T105","PDT","John Hancock Premium Dividend Fund","Asset Management"
"69346N107","PDX","PIMCO Dynamic Income Strategy Fund","Asset Management"
"80359A205","PDYN","Palladyne AI Corp","Software - Infrastructure"
"80359A114","PDYNW","Palladyne AI Corp","Software - Infrastructure"
"P55409141","PE&OLES","Industrias Peñoles","Silver"
"M4026X105","PEAX.TA","E&M Computing Ltd",""
"70509V100","PEB","Pebblebrook Hotel","REIT - Hotel & Motel"
"710577107","PEBK","Peoples Bancorp of North Carolina","Banks - Regional"
"709789101","PEBO","Peoples Bancorp Inc","Banks - Regional"
"70509V605","PEBPE","Pebblebrook Hotel","REIT - Hotel & Motel"
"70509V704","PEBPF","Pebblebrook Hotel","REIT - Hotel & Motel"
"71844V201","PECO","Phillips Edison & Co Inc","REIT - Retail"
"70532Y303","PED","PEDEVCO Corp","Oil & Gas E&P"
"744573106","PEG","Public Service Enterprise Group","Utilities - Regulated Electric"
"705573103","PEGA","Pegasystems Inc","Software - Application"
"708326202","PEGRY","Pennon Group Plc","Utilities - Regulated Water"
"46137V720","PEJ","Invesco Dynamic Leisure and Entertainment ETF","ETF"
"746729847","PEMX","Putnam Emerging Markets Ex-China ETF","ETF"
"70975L107","PEN","Penumbra Inc","Medical Devices"
"706915105","PENG","Penguin Solutions Inc","Information Technology Services"
"G8232Y101","PENG","Penguin Solutions Inc","Information Technology Services"
"707569109","PENN","Penn Entertainment Inc","Resorts & Casinos"
"00548F105","PEO","Adams Natural Resources Fund Inc","Asset Management"
"713448108","PEP","PepsiCo","Beverages - Non-Alcoholic"
"713317105","PEPG","Pepgen Inc","Biotechnology"
"61774R775","PEPS","Parametric Equity Plus ETF","ETF"
"G7006A109","PERF","Perfect Corp","Software - Application"
"G7006A117","PERFWS","Perfect Corp","Software - Application"
"M78673114","PERI","Perion Network Ltd","Internet Content & Information"
"714157203","PESI","Perma-Fix Environmental Services","Waste Management"
"71639T106","PETQ","PetIQ Inc","Drug Manufacturers - Specialty & Generic"
"716382106","PETS","PetMed Express Inc","Pharmaceutical Retailers"
"93042P117","PETWQ","Wag! Group Co","Internet Content & Information"
"93042P109","PETXQ","Wag! Group Co","Internet Content & Information"
"G87084110","PETZ","TDH Holdings Inc","Restaurants"
"71910P203","PEV","Phoenix Motor Inc","Auto Manufacturers"
"69374H253","PEVC","Pacer PE/VC ETF","ETF"
"38387Q105","PEW","GrabAGun Digital Holdings Inc","Aerospace & Defense"
"G2283U100","PEW","GrabAGun Digital Holdings Inc","Aerospace & Defense"
"G2283U118","PEWWS","GrabAGun Digital Holdings Inc","Aerospace & Defense"
"74348A533","PEX","ProShares Global Listed Private Equity ETF","ETF"
"69374H402","PEXL","Pacer US Export Leaders ETF","ETF"
"69364V106","PEXNY","PTT Exploration and Production Public Company Limited","Oil & Gas E&P"
"46137V563","PEY","Invesco High Yield Equity Dividend Achievers ETF","ETF"
"46137V803","PEZ","Invesco Dorsey Wright Consumer Cyclicals Momentum ETF","ETF"
"G7173H101","PFAI","Pinnacle Food Group Ltd","Farm Products"
"740367404","PFBC","Preferred Bank","Banks - Regional"
"74052F108","PFC","Premier Financial Corp","Banks - Regional"
"338480106","PFD","Flaherty & Crumrine Preferred Income Fund Inc","Asset Management"
"717081103","PFE","Pfizer Inc","Drug Manufacturers - General"
"45782C417","PFEB","Innovator US Equity Power Buffer ETF - February","ETF"
"464288687","PFF","iShares Preferred and Income Securities ETF","ETF"
"26923G822","PFFA","Virtus InfraCap US Preferred Stock ETF","ETF"
"37954Y657","PFFD","Global X US Preferred ETF","ETF"
"26923G400","PFFR","InfraCap REIT Preferred ETF","ETF"
"37954Y376","PFFV","Global X Variable Rate Preferred ETF","ETF"
"74251V102","PFG","Principal Financial Group Inc","Asset Management"
"71377A103","PFGC","Performance Food Group Co","Food Distribution"
"46137V860","PFI","Invesco Dorsey Wright Financial Momentum ETF","ETF"
"74316X101","PFIE","Profire Energy Inc","Oil & Gas Equipment & Services"
"46138E693","PFIG","Invesco Fundamental Investment Grade Corporate Bond ETF","ETF"
"711040105","PFIS","Peoples Financial Services Corp","Banks - Regional"
"82889N855","PFIX","Simplify Interest Rate Hedge ETF","ETF"
"72201H108","PFL","PIMCO Income Strategy Fund","Asset Management"
"26922A198","PFLD","AAM Low Duration Preferred and Income Securities ETF","ETF"
"70806A106","PFLT","Pennantpark Floating Rate Capital Ltd","Asset Management"
"46137V506","PFM","Invesco Dividend Achievers ETF","ETF"
"72201J104","PFN","PIMCO Income Strategy Fund II","Asset Management"
"33848E106","PFO","Flaherty & Crumrine Preferred Income Opportunity Fund Inc","Asset Management"
"693390882","PFORX","PIMCO International Bond Fund (US Dollar-Hedged)","ETF"
"69344A883","PFRL","PGIM Floating Rate Income ETF","ETF"
"74386T105","PFS","Provident Financial Services Inc","Banks - Regional"
"74319X108","PFSA","Profusa Inc","Medical Devices"
"70932M107","PFSI","Pennymac Financial Services Inc","Mortgage Finance"
"746729201","PFUT","Putnam Sustainable Future ETF","ETF"
"71742W103","PFX","PhenixFIN Corporation","Asset Management"
"92189F429","PFXF","VanEck Preferred Securities ex Financials ETF","ETF"
"742718109","PG","Procter & Gamble","Household & Personal Products"
"G8089R100","PGAC","Pantages Capital Acquisition Corporation","Shell Companies"
"G8089R118","PGACR","Pantages Capital Acquisition Corporation","Shell Companies"
"G8089R126","PGACU","Pantages Capital Acquisition Corporation","Shell Companies"
"704699107","PGC","Peapack-Gladstone Financial Corp","Banks - Regional"
"74017N105","PGEN","Precigen Inc","Biotechnology"
"46137V621","PGF","Invesco Financial Preferred ETF","ETF"
"46138E669","PGHY","Invesco Global ex-US High Yield Corporate Bond ETF","ETF"
"46137V571","PGJ","Invesco Golden Dragon China ETF","ETF"
"74340E103","PGNY","Progyny Inc","Healthcare Plans"
"722011103","PGP","PIMCO Global StocksPLUS & Income Fund","Asset Management"
"743315103","PGR","Progressive Corp","Insurance - Property & Casualty"
"69924R108","PGRE","Paramount Group Inc","REIT - Office"
"35473P330","PGRI","Putnam International Stock ETF","ETF"
"746729409","PGRO","Putnam Focused Large Cap Growth ETF","ETF"
"72387N788","PGSYX","Victory Pioneer Global Equity Fund Class Y","ETF"
"46138E511","PGX","Invesco Preferred ETF","ETF"
"M7S64L115","PGY","Pagaya Technologies Ltd","Software - Infrastructure"
"M7S64L123","PGY","Pagaya Technologies Ltd","Software - Infrastructure"
"M7S64L107","PGYWW","Pagaya Technologies Ltd","Software - Infrastructure"
"74255X104","PGZ","Principal Real Estate Income Fund","Asset Management"
"701094104","PH","Parker-Hannifin Corp","Specialty Industrial Machinery"
"71722W107","PHAT","Phathom Pharmaceuticals Inc","Biotechnology"
"72369J102","PHD","Pioneer Floating Rate Fund I","ETF"
"46090A705","PHDG","Invesco S&P 500 Downside Hedged ETF","ETF"
"61774R874","PHEQ","Parametric Hedged Equity ETF","ETF"
"500472303","PHG","Koninklijke Philips N V","Medical Devices"
"09090D301","PHGE","BiomX Inc","Biotechnology"
"69344D408","PHI","PLDT Inc","Telecom Services"
"71880K101","PHIN","Phinia Inc","Auto Parts"
"71880W501","PHIO","Phio Pharmaceuticals Corp","Biotechnology"
"722014107","PHK","PIMCO High Income Fund","Asset Management"
"71377E105","PHLT","Performant Healthcare Inc","Health Information Services"
"745867101","PHM","Pulte Group Inc","Residential Construction"
"46137V142","PHO","Invesco Water Resources ETF","ETF"
"G7075R108","PHOE","Phoenix Asia Holdings Limited","Engineering & Construction"
"71944F106","PHR","Phreesia Inc","Health Information Services"
"72369H106","PHT","Pioneer High Income Fund Inc","ETF"
"71948P209","PHUN","Phunware Inc","Software - Application"
"N69605108","PHVS","Pharvaris N V","Biotechnology"
"69291A100","PHX","PHX Minerals Inc","Oil & Gas E&P"
"746729888","PHYD","Putnam ESG High Yield ETF","ETF"
"69344A206","PHYL","PGIM Active High Yield Bond ETF","ETF"
"85207H104","PHYS","Sprott Physical Gold Trust","ETF"
"453204109","PI","Impinj Inc","Semiconductors"
"453204AD1","PI","Impinj Inc","Semiconductors"
"46138E636","PICB","Invesco International Corporate Bond ETF","ETF"
"46434G848","PICK","iShares MSCI Global Metals & Mining Producers ETF","ETF"
"46137V548","PID","Invesco International Dividend Achievers ETF","ETF"
"46138E867","PIE","Invesco Dorsey Wright Emerging Markets Momentum ETF","ETF"
"74255Y698","PIEQ","Principal International Equity ETF","ETF"
"26922A131","PIFI","ClearShares Piton Intermediate Fixed Income ETF","ETF"
"731068102","PII","Polaris Inc","Recreational Vehicles"
"744413105","PIII","P3 Health Partners Inc","Medical Care Facilities"
"744413113","PIIIW","P3 Health Partners Inc","Medical Care Facilities"
"25460E646","PILL","Direxion Daily Pharmaceutical & Medical Bull 3X Shares ETF","ETF"
"746909100","PIM","Putnam Master Intermediate Income Trust","Asset Management"
"74051N102","PINC","Premier Inc","Health Information Services"
"02083X103","PINE","Alpine Income Property Trust Inc","REIT - Retail"
"82889N772","PINK","Simplify Health Care ETF","ETF"
"72352L106","PINS","Pinterest Inc","Internet Content & Information"
"46138E651","PIO","Invesco Global Water ETF","ETF"
"46090A663","PIPE","Invesco SteelPath MLP & Energy Infrastructure ETF","ETF"
"724078100","PIPR","Piper Sandler Companies","Capital Markets"
"724078209","PIPR","Piper Sandler Companies","Capital Markets"
"92189H771","PIT","VanEck Commodity Strategy ETF","ETF"
"G4411J106","PITAW","Heramba Electric plc","Industrial Distribution"
"G4411J114","PITEF","Heramba Electric plc","Industrial Distribution"
"46138E875","PIZ","Invesco Dorsey Wright Developed Markets Momentum ETF","ETF"
"45782C508","PJAN","Innovator US Equity Power Buffer ETF - January","ETF"
"69344A826","PJBF","PGIM Jennison Better Future ETF","ETF"
"69344A792","PJFM","PGIM Jennison Focused Mid-Cap ETF","ETF"
"69344A818","PJIO","PGIM Jennison International Opportunities ETF","ETF"
"46137V662","PJP","Invesco Pharmaceuticals ETF","ETF"
"69343T107","PJT","Pjt Partners Inc","Capital Markets"
"45782C813","PJUL","Innovator US Equity Power Buffer ETF - July","ETF"
"45782C748","PJUN","Innovator US Equity Power Buffer ETF - June","ETF"
"700517105","PK","Park Hotels & Resorts Inc","REIT - Hotel & Motel"
"46137V779","PKB","Invesco Building & Construction ETF","ETF"
"700885106","PKBK","Parke Bancorp Inc","Banks - Regional"
"70014A104","PKE","Park Aerospace Corp","Aerospace & Defense"
"695156109","PKG","Packaging Corporation of America","Packaging & Containers"
"700666100","PKOH","Park-Ohio Holdings Corp","Specialty Industrial Machinery"
"39818P799","PKST","Peakstone Realty Trust","REIT - Office"
"46137V308","PKW","Invesco BuyBack Achievers ETF","ETF"
"693483109","PKX","Posco Holdings Inc","Steel"
"72703X106","PL","Planet Labs PBC","Aerospace & Defense"
"719405102","PLAB","Photronics Inc","Semiconductor Equipment & Materials"
"72703U201","PLAG","Planet Green Holdings Corp","Conglomerates"
"G69454109","PLAO","Patria Latin American Opportunity Acquisition Corp","Shell Companies"
"238337109","PLAY","Dave & Buster's Entertainment Inc","Entertainment"
"729273102","PLBC","Plumas Bancorp","Banks - Regional"
"72814P109","PLBY","Plby Group Inc","Leisure"
"168905107","PLCE","The Children's Place Inc","Apparel Manufacturing"
"74340W103","PLD","Prologis Inc","REIT - Industrial"
"746729102","PLDR","Putnam Sustainable Leaders ETF","ETF"
"72765Q882","PLG","Platinum Group Metals Ltd","Other Precious Metals & Mining"
"G3398L118","PLGO","Pelagos Insurance Capital Limited","Insurance - Diversified"
"72016P105","PLL","Piedmont Lithium Inc","Other Industrial Metals & Mining"
"G63290111","PLMJF","Plum Acquisition Corp III","Shell Companies"
"G7134A104","PLMK","Plum Acquisition Corp IV","Shell Companies"
"G7134A112","PLMKU","Plum Acquisition Corp IV","Shell Companies"
"G7134A120","PLMKW","Plum Acquisition Corp IV","Shell Companies"
"69753M105","PLMR","Palomar Holdings Inc","Insurance - Property & Casualty"
"G63290103","PLMWF","Plum Acquisition Corp III","Shell Companies"
"72707C108","PLNH","Planet 13 Holdings Inc","Drug Manufacturers - Specialty & Generic"
"72703H101","PLNT","Planet Fitness Inc","Leisure"
"25960R105","PLOW","Douglas Dynamics Inc","Auto Parts"
"740444104","PLPC","Preformed Line Products Co","Electrical Equipment & Parts"
"729139105","PLRX","Pliant Therapeutics Inc","Biotechnology"
"M79549107","PLRZ","Polyrizon Ltd","Biotechnology"
"74587B101","PLSE","Pulse Biosciences Inc","Medical Instruments & Supplies"
"M7933B108","PLSN.TA","Plasson Industries Ltd",""
"25461A429","PLTD","Direxion Daily PLTR Bear 1X Shares","ETF"
"882927395","PLTG","Leverage Shares 2X Long PLTR Daily ETF","ETF"
"72815L107","PLTK","Playtika Holding Corp","Electronic Gaming & Multimedia"
"38748T103","PLTM","GraniteShares Platinum Trust","ETF"
"69608A108","PLTR","Palantir Technologies Inc","Software - Infrastructure"
"25461A445","PLTU","Direxion Daily PLTR Bull 2X Shares","ETF"
"77926X726","PLTW","Roundhill PLTR WeeklyPay ETF","ETF"
"88636R800","PLTY","YieldMax PLTR Option Income Strategy ETF","ETF"
"88636V835","PLTZ","Defiance Daily Target 2X Short PLTR ETF","ETF"
"72919P202","PLUG","Plug Power Inc","Electrical Equipment & Parts"
"72942G203","PLUR","Pluri Inc","Biotechnology"
"294268107","PLUS","Eplus Inc","Software - Application"
"G7144S103","PLUT","Plutus Financial Group Limited","Capital Markets"
"72703X114","PLWS","Planet Labs Pbc","Aerospace & Defense"
"74365A309","PLX","Protalix Biotherapeutics Inc","Biotechnology"
"729132100","PLXS","Plexus Corp","Electronic Components"
"N70544106","PLYA","Playa Hotels & Resorts BV","Lodging"
"729640102","PLYM","Plymouth Industrial REIT Inc","REIT - Industrial"
"73181P102","PLZL","Polyus PJSC","Gold"
"718172109","PM","Philip Morris International Inc","Tobacco"
"G61440106","PMA","Ming Shing Group Holdings Ltd","Engineering & Construction"
"69420N650","PMAP","PGIM S&P 500 Max Buffer ETF - April","ETF"
"45782C383","PMAR","Innovator US Equity Power Buffer ETF - March","ETF"
"45782C318","PMAY","Innovator US Equity Power Buffer ETF - May","ETF"
"72201R569","PMBS","PIMCO Mortgage-Backed Securities Active ETF","ETF"
"71715X203","PMCB","Pharmacyte Biotech Inc","Biotechnology"
"Y708VV108","PMEC","Primech Holdings Ltd","Specialty Business Services"
"72200R107","PMF","PIMCO Municipal Income Fund","ETF"
"69420N676","PMFB","PGIM S&P 500 Max Buffer ETF - February","ETF"
"71953R108","PMI","Picard Medical Inc","Medical Devices"
"69344A776","PMIO","PGIM Municipal Income Opportunities ETF","ETF"
"72200W106","PML","PIMCO Municipal Income Fund II","Asset Management"
"746823103","PMM","Putnam Managed Municipal Income Trust","Asset Management"
"09290C756","PMMF","iShares Prime Money Market ETF","ETF"
"74346M505","PMN","ProMIS Neurosciences Inc","Biotechnology"
"713715100","PMNT","Perfect Moment Ltd","Apparel Manufacturing"
"746922103","PMO","Putnam Municipal Opportunities Trust","Asset Management"
"73281Q109","PMRTY","Pop Mart International Group Limited","Leisure"
"70931T103","PMT","Pennymac Mortgage Investment Trust","REIT - Mortgage"
"G7010A129","PMTR","Perimeter Acquisition Corp I","Shell Companies"
"G7010A103","PMTRU","Perimeter Acquisition Corp I","Shell Companies"
"G7010A111","PMTRW","Perimeter Acquisition Corp I","Shell Companies"
"12634H200","PMTS","CPI Card Group Inc","Credit Services"
"69353Y103","PMVP","PMV Pharmaceuticals Inc","Biotechnology"
"G8221K112","PN","Skycorp Solar Group Ltd","Solar"
"70336F203","PNBK","Patriot National Bancorp Inc","Banks - Regional"
"693475105","PNC","The PNC Financial Services Group Inc","Banks - Regional"
"698341302","PNDRY","Pandora AS","Luxury Goods"
"72200T103","PNF","PIMCO New York Municipal Income Fund","ETF"
"72346Q104","PNFP","Pinnacle Financial Partners Inc","Banks - Regional"
"72348N109","PNFP","Pinnacle Financial Partners Inc","Banks - Regional"
"72341E304","PNGAY","Ping An Insurance (Group) Company of China Ltd","Insurance - Life"
"72200Y102","PNI","PIMCO New York Municipal Income Fund II","Asset Management"
"708062104","PNNT","PennantPark Investment Corp","Asset Management"
"45782C573","PNOV","Innovator US Equity Power Buffer ETF - November","ETF"
"46137V530","PNQI","Invesco NASDAQ Internet ETF","ETF"
"G7S00T104","PNR","Pentair plc","Specialty Industrial Machinery"
"74158E104","PNRG","Primeenergy Resources Corp","Oil & Gas E&P"
"M7S8CD102","PNRG.TA","Phinergy Ltd",""
"06690B107","PNSTQ","Pinstripes Holdings Inc","Restaurants"
"70805E109","PNTG","Pennant Group Inc","Medical Care Facilities"
"723484101","PNW","Pinnacle West Capital Corp","Utilities - Regulated Electric"
"723484AK7","PNW","Pinnacle West Capital Corp","Utilities - Regulated Electric"
"73328P106","POAHY","Porsche Automobil Holding SE","Auto Manufacturers"
"G7049C104","POAS","Phaos Technology Holdings","Medical Devices"
"740294400","POCI","Precision Optics Corp Inc Ma","Medical Instruments & Supplies"
"45782C797","POCT","Innovator US Equity Power Buffer ETF October","ETF"
"22275C105","PODC","Podcastone Inc","Internet Content & Information"
"45784P101","PODD","Insulet Corp","Medical Devices"
"45784PAK7","PODD","Insulet Corp","Medical Devices"
"73044W302","POET","Poet Technologies Inc","Semiconductors"
"73102V204","POLA","Polar Power Inc","Electrical Equipment & Parts"
"G26745102","POLE","Andretti Acquisition Corp II","Shell Companies"
"G26745128","POLEW","Andretti Acquisition Corp II","Shell Companies"
"73181R108","POM","Pomdoctor Limited","Pharmaceutical Retailers"
"732908108","PONY","Pony AI Inc","Information Technology Services"
"73278L105","POOL","Pool Corp","Industrial Distribution"
"736508847","POR","Portland General Electric Company","Utilities - Regulated Electric"
"737446104","POST","Post Holdings Inc","Packaged Foods"
"737446AT1","POST","Post Holdings Inc","Packaged Foods"
"G7209M108","POW","VistaShares Electrification Supercycle ETF",""
"46138J775","POWA","Invesco Bloomberg Pricing Power","ETF"
"739276103","POWI","Power Integrations Inc","Semiconductors"
"739128106","POWL","Powell Industries Inc","Electrical Equipment & Parts"
"464286343","POWR","iShares US Power Infrastructure ETF","ETF"
"00175J107","POWW","Outdoor Holding Company","Aerospace & Defense"
"88634T402","PP","The Meet Kevin Pricing Power ETF","ETF"
"46137V100","PPA","Invesco Aerospace & Defense ETF","ETF"
"69478X105","PPBI","Pacific Premier Bancorp","Banks - Regional"
"74638P208","PPBT","Purple Biotech Ltd","Biotechnology"
"72147K108","PPC","Pilgrims Pride Corp","Packaged Foods"
"74346N701","PPCB","Propanc Biopharma Inc","Biotechnology"
"69338J106","PPCCY","PICC Property and Casualty Company Limited","Insurance - Property & Casualty"
"69367U105","PPERY","PT Bank Mandiri (Persero) TBK","Banks - Regional"
"693506107","PPG","PPG Industries","Specialty Chemicals"
"92189F692","PPH","VanEck Pharmaceutical ETF","ETF"
"46141T117","PPI","Astoria Real Asset ETF","ETF"
"746729870","PPIE","Putnam Panagora ESG International Equity ETF","ETF"
"714167103","PPIH","Perma-Pipe International Holdings Inc","Building Products & Equipment"
"69351T106","PPL","PPL Corporation","Utilities - Regulated Electric"
"69351T866","PPLC","PPL Corporation","Utilities - Regulated Electric"
"44891N208","PPLI","People Incorporated","Internet Content & Information"
"003260106","PPLT","abrdn Physical Platinum Shares ETF","ETF"
"492089107","PPRUY","Kering SA","Luxury Goods"
"723836300","PPSI","Pioneer Power Solutions Inc","Electrical Equipment & Parts"
"746853100","PPT","Putnam Premier Income Trust","Asset Management"
"714266103","PPTA","Perpetua Resources Corp","Other Precious Metals & Mining"
"26922A511","PPTY","Vident US Diversified Real Estate ETF","ETF"
"69352PAS2","PPX","PPL Capital Funding Inc","Utilities - Regulated Electric"
"69882P102","PPYA","Papaya Growth Opportunity Corp I","Shell Companies"
"69882P110","PPYAW","Papaya Growth Opportunity Corp I","Shell Companies"
"69420N544","PQAP","PGIM Nasdaq-100 Buffer 12 ETF - April","ETF"
"74255Y763","PQDI","Principal Spectrum Tax-Advantaged Dividend Active ETF","ETF"
"69420N551","PQJA","PGIM Nasdaq-100 Buffer 12 ETF - January","ETF"
"69420N536","PQJL","PGIM Nasdaq-100 Buffer 12 ETF - July","ETF"
"69420N528","PQOC","PGIM Nasdaq-100 Buffer 12 ETF - October","ETF"
"71424F105","PR","Permian Resources Corporation","Oil & Gas E&P"
"74267C106","PRA","ProAssurance Corp","Insurance - Property & Casualty"
"69354N106","PRAA","PRA Group Inc","Credit Services"
"66538R524","PRAE","PlanRock Alternative Growth ETF","ETF"
"74006W108","PRAX","Praxis Precision Medicines Inc","Biotechnology"
"74006W207","PRAX","Praxis Precision Medicines Inc","Biotechnology"
"78433H204","PRAY","FIS Christian Stock Fund ETF","ETF"
"733245104","PRCH","Porch Group Inc","Insurance - Property & Casualty"
"701769507","PRCS","Parnassus Core Select ETF","ETF"
"74276L105","PRCT","Procept Biorobotics Corp","Medical Devices"
"L7756P110","PRCWF","Procaps Group","Drug Manufacturers - Specialty & Generic"
"71363P106","PRDO","Perdoceo Education Corp","Education & Training Services"
"G72245122","PRE","Prenetics Global Limited","Diagnostics & Research"
"74255Y888","PREF","Principal Spectrum Preferred Securities Active ETF","ETF"
"G72245114","PRENW","Prenetics Global Ltd","Diagnostics & Research"
"46137V613","PRF","Invesco RAFI US 1000 ETF","ETF"
"72201R619","PRFD","PIMCO Preferred And Capital Securities Active ETF","ETF"
"71375U101","PRFT","Perficient Inc","Information Technology Services"
"46137V597","PRFZ","Invesco RAFI US 1500 Small-Mid ETF","ETF"
"74319R101","PRG","PROG Holdings Inc","Rental & Leasing Services"
"G97822103","PRGO","Perrigo Company plc","Drug Manufacturers - Specialty & Generic"
"743312100","PRGS","Progress Software Corp","Software - Infrastructure"
"743312AD2","PRGS","Progress Software Corp","Software - Infrastructure"
"20731J102","PRHI","Presurance Holdings Inc","Insurance - Property & Casualty"
"74164M108","PRI","Primerica Inc","Insurance - Life"
"74164F103","PRIM","Primoris Services Corporation","Engineering & Construction"
"78470P622","PRIV","SPDR SSGA IG Public & Private Credit ETF","ETF"
"700658107","PRK","Park National Corporation","Banks - Regional"
"81282V100","PRKS","United Parks & Resorts Inc","Leisure"
"743713109","PRLB","Proto Labs Inc","Metal Fabrication"
"74065P101","PRLD","Prelude Therapeutics Inc","Biotechnology"
"71385M107","PRM","Perimeter Solutions Inc","Specialty Chemicals"
"L7579L106","PRM.MX","PERIMETER SOLUTIONS SA",""
"741623102","PRMB","Primo Brands Corporation","Beverages - Non-Alcoholic"
"74168J101","PRME","Prime Medicine Inc","Biotechnology"
"74167P108","PRMW","Primo Water Corporation","Beverages - Non-Alcoholic"
"46137V845","PRN","Invesco Dorsey Wright Industrials Momentum ETF","ETF"
"714264306","PRNDY","Pernod Ricard SA","Beverages - Wineries & Distilleries"
"00214Q500","PRNT","The 3D Printing ETF","ETF"
"74346Y103","PRO","Pros Holdings Inc","Software - Application"
"L7756P102","PROCF","Procaps Group","Drug Manufacturers - Specialty & Generic"
"74319B502","PROF","Profound Medical Corp","Medical Devices"
"739650109","PROP","Prairie Operating Co","Oil & Gas E&P"
"74346YAK9","PROS","Prosper Engineering Public Company Limited","Engineering & Construction"
"74365P108","PROSY","Prosus NV","Internet Content & Information"
"743868101","PROV","Provident Financial Holdings Inc","Banks - Regional"
"74345W108","PRPH","Prophase Labs Inc","Diagnostics & Research"
"74640Y106","PRPL","Purple Innovation Inc","Furnishings, Fixtures & Appliances"
"74019L602","PRPO","Precipio Inc","Diagnostics & Research"
"N71542109","PRQR","ProQR Therapeutics N.V.","Biotechnology"
"71360T200","PRSO","Peraso Inc","Semiconductors"
"92552R406","PRSU","Pursuit Attractions and Hospitality Inc","Travel Services"
"714254109","PRT","PermRock Royalty Trust","Oil & Gas E&P"
"G72800108","PRTA","Prothena Corp plc","Biotechnology"
"M8164J109","PRTC.TA","Priortech Ltd",""
"746237106","PRTCY","Puretech Health plc","Biotechnology"
"74275G107","PRTH","Priority Technology Holdings Inc","Software - Infrastructure"
"14427M107","PRTS","CarPartscom Inc","Auto Parts"
"744320102","PRU","Prudential Financial Inc","Insurance - Life"
"74276R102","PRVA","Privia Health Group Inc","Health Information Services"
"701769606","PRVS","Parnassus Value Select ETF","ETF"
"74006E744","PRXV","Praxis Impact Large Cap Value ETF","ETF"
"74440L106","PRYMY","Prysmian SpA","Electrical Equipment & Parts"
"M7S13T102","PRZO","ParaZero Technologies Ltd","Aerospace & Defense"
"71531U102","PS","Pershing Square Inc","Asset Management"
"74460D109","PSA","Public Storage Inc","REIT - Industrial"
"69702V107","PSBD","Palmer Square Capital BDC Inc","Asset Management"
"74255Y607","PSC","Principal US Small-Cap ETF","ETF"
"46138E172","PSCC","Invesco S&P SmallCap Consumer Staples ETF","ETF"
"46138E180","PSCD","Invesco S&P SmallCap Consumer Discretionary ETF","ETF"
"46138E164","PSCE","Invesco S&P SmallCap Energy ETF","ETF"
"46138G474","PSCE","Invesco S&P SmallCap Energy ETF","ETF"
"46138E156","PSCF","Invesco S&P SmallCap Financials ETF","ETF"
"46138E149","PSCH","Invesco S&P SmallCap Health Care ETF","ETF"
"46138E123","PSCI","Invesco S&P SmallCap Industrials ETF","ETF"
"69374H535","PSCJ","Pacer Swan SOS Conservative (July) ETF","ETF"
"46138G201","PSCM","Invesco S&P SmallCap Materials ETF","ETF"
"69374H527","PSCQ","Pacer Swan SOS Conservative (October) ETF","ETF"
"46138E115","PSCT","Invesco S&P SmallCap Information Technology ETF","ETF"
"46138G409","PSCU","Invesco S&P SmallCap Utilities & Communication Services ETF","ETF"
"69374H543","PSCW","Pacer Swan SOS Conservative (April) ETF","ETF"
"69374H584","PSCX","Pacer Swan SOS Conservative (January) ETF","ETF"
"69344A842","PSDM","PGIM ETF Trust PGIM Short Durat","ETF"
"74348T102","PSEC","Prospect Capital Corporation","Asset Management"
"74348TAT9","PSEC","Prospect Capital Corporation","Asset Management"
"45782C656","PSEP","Innovator US Equity Power Buffer ETF - September","ETF"
"19248Y107","PSF","Cohen & Steers Select Preferred and Income Fund Inc","Asset Management"
"69374H576","PSFD","Pacer Swan SOS Flex (January) ETF","ETF"
"G6964L107","PSFE","Paysafe Limited","Software - Infrastructure"
"G6964L206","PSFE","Paysafe Limited","Software - Infrastructure"
"69374H568","PSFF","Pacer Swan SOS Fund of Funds ETF","ETF"
"69374H469","PSFJ","Pacer Swan SOS Flex (July) ETF","ETF"
"69374H477","PSFM","Pacer Swan SOS Flex (April) ETF","ETF"
"69374H451","PSFO","Pacer Swan SOS Flex (October) ETF","ETF"
"69367J100","PSGTY","PT Semen Indonesia (Persero) Tbk","Building Materials"
"69344A784","PSH","Pgim Short Duration High Yield ETF","ETF"
"Y67305154","PSHG","Performance Shipping Inc","Marine Shipping"
"46137V647","PSI","Invesco Semiconductors ETF","ETF"
"G7308J113","PSIG","PS International Group Ltd","Integrated Freight & Logistics"
"00768Y297","PSIL","AdvisorShares Psychedelics ETF","ETF"
"73933G202","PSIX","Power Solutions International Inc","Specialty Industrial Machinery"
"78464A292","PSK","SPDR ICE Preferred Securities ETF","ETF"
"69932A204","PSKY","Paramount Skydance Corporation","Entertainment"
"92556H206","PSKY","Paramount Skydance Corporation","Entertainment"
"46137V886","PSL","Invesco Dorsey Wright Consumer Staples Momentum ETF","ETF"
"85207K107","PSLV","Sprott Physical Silver Trust","ETF"
"69374H550","PSMD","Pacer Swan SOS Moderate (January) ETF","ETF"
"69374H493","PSMJ","Pacer Swan SOS Moderate (July) ETF","ETF"
"715318101","PSMMY","Persimmon Plc","Residential Construction"
"69374H485","PSMO","Pacer Swan SOS Moderate (October) ETF","ETF"
"69374H519","PSMR","Pacer Swan SOS Moderate (April) ETF","ETF"
"741511109","PSMT","PriceSmart Inc","Discount Stores"
"70202L102","PSN","Parsons Corporation","Information Technology Services"
"70202LAD4","PSN","Parsons Corporation","Information Technology Services"
"71535D106","PSNL","Personalis Inc","Diagnostics & Research"
"731105201","PSNY","Polestar Automotive Holding UK plc","Auto Manufacturers"
"705015105","PSO","Pearson plc","Publishing"
"46137V118","PSP","Invesco Global Listed Private Equity ETF","ETF"
"74347B714","PSQ","ProShares Short QQQ","ETF"
"74349Y837","PSQ","ProShares Short QQQ","ETF"
"696930205","PSQA","Palmer Square CLO Senior Debt ETF","ETF"
"693691107","PSQH","Psq Holdings Inc","Software - Application"
"693691115","PSQHWS","Psq Holdings Inc","Software - Application"
"696930106","PSQO","Palmer Square Credit Opportunities ETF","ETF"
"46090A101","PSR","Invesco Active US Real Estate Fund","ETF"
"74347R313","PST","ProShares UltraShort 7-10 Year Treasury","ETF"
"73757R102","PSTL","Postal Realty Trust Inc","REIT - Office"
"45783Y723","PSTP","Innovator Power Buffer Step-Up Strategy ETF","ETF"
"66538F140","PSTR","PeakShares Sector Rotation ETF","ETF"
"73730P108","PSTX","Poseida Therapeutics Inc","Biotechnology"
"71531T105","PSUS","Pershing Square USA Ltd","Asset Management"
"23306X803","PSWD","Xtrackers Cybersecurity Select Equity ETF","ETF"
"718546104","PSX","Phillips 66","Oil & Gas Refining & Marketing"
"19249X108","PTA","Cohen & Steers Tax-Advantaged Preferred Securities and Income Fund","Asset Management"
"G6951A122","PTACU","Patriot Acquisition Corp","Shell Companies"
"69367X109","PTAIY","PT Astra International Tbk","Conglomerates"
"69374H642","PTBD","Pacer Trendpilot US Bond ETF","ETF"
"74441M103","PTBRY","PT Bank Negara Indonesia (Persero) Tbk","Banks - Regional"
"69370C100","PTC","Parametric Technology Corporation","Software - Application"
"69366J200","PTCT","PTC Therapeutics Inc","Biotechnology"
"37960A594","PTEC","Global X PropTech ETF","ETF"
"703481101","PTEN","Patterson-Uti Energy Inc","Oil & Gas Drilling"
"69374H808","PTEU","Pacer Trendpilot European Index ETF","ETF"
"46137V811","PTF","Invesco Dorsey Wright Technology Momentum ETF","ETF"
"74366E102","PTGX","Protagonist Therapeutics Inc","Biotechnology"
"46137V852","PTH","Invesco Dorsey Wright Healthcare Momentum ETF","ETF"
"171126105","PTHS","Pelthos Therapeutics Inc","Biotechnology"
"69374H683","PTIN","Pacer Trendpilot International ETF","ETF"
"38747R710","PTIR","GraniteShares 2x Long PLTR Daily ETF","ETF"
"66537J796","PTL","Inspire 500 ETF","ETF"
"69374H105","PTLC","Pacer Trendpilot US Large Cap ETF","ETF"
"G7377S101","PTLE","PTL Limited","Specialty Retail"
"73642K106","PTLO","Portillos Inc","Restaurants"
"69374H204","PTMC","Pacer Trendpilot US Mid Cap ETF","ETF"
"G7111A101","PTNM","Pitanium Ltd","Household & Personal Products"
"69374H303","PTNQ","Pacer Trendpilot 100 ETF","ETF"
"M78465107","PTNR.TA","Partner Communications Co Ltd",""
"70614W100","PTON","Peloton Interactive Inc","Leisure"
"G7S17G111","PTORU","Praetorian Acquisition Corp","Shell Companies"
"71678J209","PTPI","Petros Pharmaceuticals Inc","Drug Manufacturers - Specialty & Generic"
"74374T109","PTRA","Proterra Inc",""
"69344A800","PTRB","PGIM Total Return Bond ETF","ETF"
"70339W104","PTRN","Pattern Group Inc","Software - Application"
"71677D302","PTRRY","Prio SA","Oil & Gas E&P"
"69526K105","PTVE","Pactiv Evergreen Inc","Packaging & Containers"
"72201B101","PTY","PIMCO Corporate & Income Opportunity Fund","Asset Management"
"74463M106","PUBGY","Publicis Groupe SA","Advertising Agencies"
"74467Q103","PUBM","Pubmatic Inc","Software - Application"
"38021H107","PUCK","Goal Acquisitions Corp",""
"38021H115","PUCKW","Goal Acquisitions Corp",""
"74535L102","PUGBY","PUIG BRANDS S A","Household & Personal Products"
"46137V795","PUI","Invesco Dorsey Wright Utilities Momentum ETF","ETF"
"E8S64T107","PUIG","Puig Brands","Household & Personal Products"
"74435K204","PUK","Prudential plc","Insurance - Life"
"74584P301","PULM","Pulmatrix Inc","Biotechnology"
"69344A107","PULS","PGIM Ultra Short Bond ETF","ETF"
"746729854","PULT","Putnam ESG Ultra Short ETF","ETF"
"74347M108","PUMP","ProPetro Holding Corp","Oil & Gas Equipment & Services"
"74589A101","PUMSY","PUMA SE","Footwear & Accessories"
"44916Y106","PURR","Hyperliquid Strategies Inc","Capital Markets"
"05156D102","PUSA","Aureus Greenway Holdings Inc","Leisure"
"69344A768","PUSH","PGIM Ultra Short Municipal Bond ETF","ETF"
"88636J865","PUTD","CBOE Validus S&P 500 Dynamic PutWrite Index ETF","ETF"
"746729300","PVAL","Putnam Focused Large Cap Value ETF","ETF"
"74383L105","PVBC","Provident Bancorp Inc","Banks - Regional"
"74373P108","PVCT","Provectus Biopharmaceuticals","Biotechnology"
"693656100","PVH","PVH Corporation","Apparel Manufacturing"
"46138G862","PVI","Invesco Floating Rate Municipal Income ETF","ETF"
"71425H100","PVL","Permianville Royalty Trust","Oil & Gas E&P"
"697947109","PVLA","Palvella Therapeutics Inc","Biotechnology"
"73933H101","PW","Power Reit","REIT - Specialty"
"46137V746","PWB","Invesco Large Cap Growth ETF","ETF"
"739239101","PWCDF","Power Corporation of Canada","Financial Conglomerates"
"502074503","PWCM","PowerCompute Inc","Capital Markets"
"555927201","PWER","Macquarie Energy Transition ETF","ETF"
"708430103","PWOD","Penns Woods Bancorp Inc","Banks - Regional"
"71367G102","PWP","Perella Weinberg Partners","Capital Markets"
"74762E102","PWR","Quanta Services Inc","Engineering & Construction"
"29287L205","PWRD","TCW Transform Systems ETF","ETF"
"210322749","PWRZ","TrueShares Eagle Global Next Gen Power Infrastructure ETF","ETF"
"69374H840","PWS","Pacer WealthShield ETF","ETF"
"73939C106","PWSC","Powerschool Holdings Inc","Software - Application"
"G7207P129","PWUPW","PowerUp Acquisition Corp","Shell Companies"
"46137V738","PWV","Invesco Dynamic Large Cap Value ETF","ETF"
"46138E206","PWZ","Invesco California AMT-Free Municipal Bond ETF","ETF"
"46137V761","PXE","Invesco Dynamic Energy Exploration & Production ETF","ETF"
"718968100","PXED","Phoenix Education Partners Inc","Education & Training Services"
"46138E743","PXF","Invesco RAFI Developed Markets ex-U.S. ETF","ETF"
"46138E727","PXH","Invesco RAFI Emerging Markets ETF","ETF"
"46137V878","PXI","Invesco DWA Energy Momentum ETF","ETF"
"46137V670","PXJ","Invesco Oil & Gas Services ETF","ETF"
"46137Y872","PXJ","Invesco Oil & Gas Services ETF","ETF"
"72581M305","PXLW","Pixelworks Inc","Semiconductors"
"72581M404","PXLW","Pixelworks Inc","Semiconductors"
"Y71726130","PXS","Pyxis Tankers Inc","Oil & Gas Midstream"
"Y71726122","PXSAW","Pyxis Tankers Inc","Oil & Gas Midstream"
"70422T208","PXWEX","Impax Ellevate Global Women’s Leadership Fund Investor","ETF"
"74255Y300","PY","Principal Value ETF","ETF"
"70435P102","PYCR","Paycor HCM","Software - Application"
"72201R585","PYLD","PIMCO Multisector Bond Active ETF","ETF"
"72201E105","PYN","PIMCO New York Municipal Income Fund III","Asset Management"
"M8001Q118","PYPD","PolyPid Ltd","Biotechnology"
"882927452","PYPG","Leverage Shares 2X Long PYPL Daily ETF","ETF"
"70450Y103","PYPL","PayPal Holdings Inc","Credit Services"
"88636X740","PYPY","Yieldmax PYPL Option Income Strategy ETF","ETF"
"74734T104","PYR.TO","PyroGenesis Inc","Specialty Industrial Machinery"
"747324101","PYXS","Pyxis Oncology Inc","Biotechnology"
"46137V704","PYZ","Invesco DWA Basic Materials Momentum ETF","ETF"
"46138E537","PZA","Invesco National AMT-Free Municipal Bond ETF","ETF"
"72201C109","PZC","PIMCO California Municipal Income Fund III","Asset Management"
"69924M109","PZG","Paramount Gold Nev Corp","Gold"
"46138E529","PZT","Invesco New York AMT-Free Municipal Bond ETF","ETF"
"698813102","PZZA","Papa Johns International Inc","Restaurants"
"74743L100","Q","Qnity Electronics Inc","Semiconductor Equipment & Materials"
"33736Q104","QABA","First Trust NASDAQ ABA Community Bank Index Fund","ETF"
"74726M505","QABSY","Qantas Airways Ltd","Airlines"
"G7310E102","QADR","QDRO Acquisition Corp","Shell Companies"
"G7310E128","QADRU","QDRO Acquisition Corp","Shell Companies"
"G7310E110","QADRW","QDRO Acquisition Corp","Shell Companies"
"45409B107","QAI","NYLI Hedge Multi-Strategy Tracker ETF","ETF"
"AU000000Q","QAN","Qantas Airways Limited","Airlines"
"233051242","QARP","Xtrackers Russell 1000 US QARP ETF","ETF"
"46434V779","QAT","iShares MSCI Qatar ETF","ETF"
"210322509","QBER","TrueShares Quarterly Bear Hedge ETF","ETF"
"45784N692","QBF","Innovator Uncapped Bitcoin 20 Floor ETF - Quarterly","ETF"
"74728G605","QBIEY","QBE Insurance Group Limited","Insurance - Property & Casualty"
"46090A671","QBIG","Invesco Top QQQ ETF","ETF"
"09175G104","QBTC.TO","The Bitcoin Fund",""
"26740W109","QBTS","D-Wave Quantum Inc","Computer Hardware"
"26740W117","QBTSWS","D-Wave Quantum Inc","Computer Hardware"
"46092D202","QBTX","2X Long QBTS Daily ETF","ETF"
"45783Y160","QBUF","Innovator Nasdaq-100 10 Buffer ETF - Quarterly","ETF"
"33740F284","QCAP","FT Vest NASDAQ-100 Conservative Buffer ETF - April","ETF"
"33740U448","QCJA","FT Vest Nasdaq-100 Conservative Buffer ETF - January","ETF"
"33740F219","QCJL","FT Vest NASDAQ-100 Conservative Buffer ETF - July","ETF"
"33733E500","QCLN","First Trust NASDAQ Clean Edge Green Energy Index Fund","ETF"
"37960A602","QCLR","Global X NASDAQ 100 Collar 95-110 ETF","ETF"
"38747R587","QCML","GraniteShares 2x Long QCOM Daily ETF","ETF"
"33740F151","QCOC","FT Vest Nasdaq-100 Conservative Buffer ETF - October","ETF"
"747525103","QCOM","Qualcomm Inc","Semiconductors"
"025072521","QCON","American Century Quality Convertible Securities ETF","ETF"
"74727A104","QCRH","QCR Holdings Inc","Banks - Regional"
"37960A461","QDCC","Global X S&P 500 Quality Dividend Covered Call ETF","ETF"
"33740F649","QDEC","FT Vest Nasdaq-100 Buffer ETF - December","ETF"
"33939L845","QDEF","FlexShares Quality Dividend Defensive Index Fund","ETF"
"219798105","QDEL","Quidelortho Corporation","Medical Devices"
"74838J101","QDEL","Quidelortho Corporation","Medical Devices"
"33939L860","QDF","FlexShares Quality Dividend Index Fund","ETF"
"37954Y616","QDIV","Global X S&P 500 Quality Dividend ETF","ETF"
"69374H436","QDPL","Pacer Metaurus US Large Cap Dividend Multiplier 400 ETF","ETF"
"77926X304","QDTE","Roundhill Innovation-100 0DTE Covered Call Strategy ETF","ETF"
"88636R578","QDTY","YieldMax Nasdaq 100 0DTE Covered Call Strategy ETF","ETF"
"032108524","QDVO","Amplify CWP Growth & Income ETF","ETF"
"862785201","QDWN","DailyDelta Q100 Downside Option Strategy ETF","ETF"
"78463X434","QEFA","SPDR MSCI EAFE StrategicFactors ETF","ETF"
"78463X426","QEMM","SPDR MSCI Emerging Markets StrategicFactors ETF","ETF"
"74841A105","QETA","Quetta Acquisition Corporation","Shell Companies"
"74841A113","QETAR","Quetta Acquisition Corp","Shell Companies"
"46148D107","QETH","Invesco Galaxy Ethereum ETF","ETF"
"88557W101","QFIN","Qfin Holdings Inc","Credit Services"
"88557WAB7","QFIN","Qfin Holdings Inc","Credit Services"
"45783Y681","QFLR","Innovator Nasdaq-100 Managed Floor ETF","ETF"
"N72482149","QGEN","Qiagen NV","Diagnostics & Research"
"N72482156","QGEN","Qiagen NV","Diagnostics & Research"
"N72482206","QGEN","Qiagen NV","Diagnostics & Research"
"025072307","QGRO","American Century US Quality Growth ETF","ETF"
"97717Y477","QGRW","WisdomTree US Quality Growth Fund","ETF"
"45783Y152","QHDG","Innovator Hedged Nasdaq-100 ETF","ETF"
"74841Q209","QHUOY","Quhuo Limited","Software - Application"
"97717X172","QHY","WisdomTree US High Yield Corporate Bond Fund","ETF"
"74347G739","QID","ProShares UltraShort QQQ","ETF"
"74349Y829","QID","ProShares UltraShort QQQ","ETF"
"84858T756","QIDX","Indexperts Quality Earnings Focused ETF","ETF"
"97717X198","QIG","WisdomTree US Corporate Bond Fund","ETF"
"025072406","QINT","American Century Quality Diversified International ETF","ETF"
"74880P104","QIPT","Quipt Home Medical Corp","Medical Devices"
"82889N533","QIS","Simplify Multi-Qis Alternative ETF","ETF"
"33740F557","QJUN","FT Vest Nasdaq-100 Buffer ETF - June","ETF"
"33939L746","QLC","FlexShares US Quality Large Cap Index Fund","ETF"
"74347R206","QLD","ProShares Ultra QQQ","ETF"
"46429B291","QLTA","iShares Aaa - A Rated Corporate Bond ETF","ETF"
"90139K308","QLTI","GMO International Quality ETF","ETF"
"M81818102","QLTU.TA","Qualitau Ltd",""
"90139K100","QLTY","GMO US Quality ETF","ETF"
"33939L654","QLV","FlexShares US Quality Low Volatility Index Fund","ETF"
"33939L647","QLVD","FlexShares Developed Markets ex-US Quality Low Volatility Index Fund","ETF"
"33939L639","QLVE","FlexShares Emerging Markets Quality Low Volatility Index Fund","ETF"
"74758T303","QLYS","Qualys Inc","Software - Infrastructure"
"33740F193","QMAG","FT Vest Nasdaq-100 Moderate Buffer ETF - August","ETF"
"33740F581","QMAR","FT Vest Nasdaq-100 Buffer ETF - March","ETF"
"747906600","QMCO","Quantum Corp","Computer Hardware"
"33740F128","QMFE","FT Vest Nasdaq-100 Moderate Buffer ETF - February","ETF"
"97717Y444","QMID","WisdomTree US Midcap Quality Growth Fund","ETF"
"33740F268","QMMY","FT Vest NASDAQ-100 Moderate Buffer ETF - May","ETF"
"33740U513","QMNV","FT Vest Nasdaq-100 Moderate Buffer ETF - November","ETF"
"02072L409","QMOM","Alpha Architect US Quantitative Momentum ETF","ETF"
"74767K103","QNC","Quantum eMotion Corp","Software - Infrastructure"
"22053A107","QNCX","Quince Therapeutics Inc","Biotechnology"
"51216F109","QNME","Quanome Technologies Inc","Integrated Freight & Logistics"
"74907L300","QNRX","Quoin Pharmaceuticals Ltd","Biotechnology"
"74874Q100","QNST","Quinstreet Inc","Advertising Agencies"
"74768A104","QNT","Quantinuum Inc","Software - Application"
"74764Y205","QNTM","Quantum BioPharma Ltd","Biotechnology"
"46438G554","QNXT","iShares Nasdaq-100 Ex Top 30 ETF","ETF"
"74738V113","QOMO","Qomolangma Acquisition Corp","Shell Companies"
"46138G466","QOWZ","Invesco Nasdaq Free Cash Flow Achievers ETF","ETF"
"025072539","QPFF","American Century Quality Preferred ETF","ETF"
"00768Y438","QPX","AdvisorShares Q Dynamic Growth ETF","ETF"
"46090A689","QQA","Invesco QQQ Income Advantage ETF","ETF"
"337344105","QQEW","First Trust NASDAQ-100 Equal Weighted Index Fund","ETF"
"66538R748","QQH","HCM Defender 100 Index ETF","ETF"
"46127B403","QQHG","Invesco QQQ Hedged Advantage ETF","ETF"
"46138G532","QQJG","Invesco ESG NASDAQ Next Gen 100 ETF","ETF"
"46138G425","QQLV","Invesco QQQ Low Volatility ETF","ETF"
"46138G540","QQMG","Invesco ESG NASDAQ 100 ETF","ETF"
"46090E103","QQQ","Invesco QQQ Trust","ETF"
"74347G671","QQQA","ProShares Nasdaq-100 Dorsey Wright Momentum ETF","ETF"
"25461A668","QQQD","Direxion Daily Magnificent 7 Bear 1X Shares","ETF"
"25459Y207","QQQE","Direxion NASDAQ-100 Equal Weighted Index Shares","ETF"
"78433H576","QQQH","NEOS Nasdaq-100 Hedged Equity Income ETF","ETF"
"78433H675","QQQI","NEOS NASDAQ-100 High Income ETF","ETF"
"46138G631","QQQJ","Invesco NASDAQ Next Gen 100 ETF","ETF"
"46138G649","QQQM","Invesco NASDAQ 100 ETF","ETF"
"46092D731","QQQP","Tradr 2X Long Innovation 100 Quarterly ETF","ETF"
"46138G482","QQQS","Invesco NASDAQ Future Gen 200 ETF","ETF"
"88636J576","QQQT","Defiance Nasdaq 100 Income Target ETF","ETF"
"25461A650","QQQU","Direxion Daily Magnificent 7 Bull 2X Shares","ETF"
"670699107","QQQX","Nuveen Nasdaq 100 Dynamic Overwrite Fund","Asset Management"
"88636J154","QQQY","Defiance Nasdaq 100 Target 30 Income ETF","ETF"
"33733E401","QQXT","First Trust NASDAQ-100 Ex-Technology Sector Index Fund","ETF"
"30151E798","QRFT","QRAFT AI-Enhanced US Large Cap ETF","ETF"
"74836W203","QRHC","Quest Resource Holding Corporation","Waste Management"
"37960A503","QRMI","Global X NASDAQ 100 Risk Managed Income ETF","ETF"
"74736K101","QRVO","Qorvo Inc","Semiconductors"
"74767V109","QS","QuantumScape Corporation","Auto Parts"
"G7314B104","QSEA","Quartzsea Acquisition Corp","Shell Companies"
"G7314B120","QSEAR","Quartzsea Acquisition Corp","Shell Companies"
"G7314B112","QSEAU","Quartzsea Acquisition Corp","Shell Companies"
"74765K105","QSI","Quantum-Si Incorporated","Medical Devices"
"74765K113","QSIAW","Quantum-Si Incorporated","Medical Devices"
"97717X156","QSIG","WisdomTree US Short-Term Corporate Bond Fund","ETF"
"69374H287","QSIX","Pacer Metarus Nasdaq 100 Dividend Multiplier 600 ETF","ETF"
"97717Y436","QSML","WisdomTree US Smallcap Quality Growth Fund","ETF"
"33740U836","QSPT","FT Vest Nasdaq-100 Buffer ETF - September","ETF"
"76131D103","QSR","Restaurant Brands International Inc","Restaurants"
"45783Y509","QTAP","Innovator Growth-100 Accelerated Plus ETF - April","ETF"
"337345102","QTEC","First Trust NASDAQ-100-Technology Sector Index Fund","ETF"
"M53637100","QTEX","QTREX Quantum Ltd","Computer Hardware"
"746962109","QTI","QT Imaging Holdings Inc","Medical Devices"
"45783Y798","QTJA","Innovator Growth Accelerated Plus ETF - January","ETF"
"45783Y871","QTJL","Innovator Growth Accelerated Plus ETF - July","ETF"
"45782C128","QTOC","Innovator Growth Accelerated Plus ETF - October","ETF"
"46438G562","QTOP","iShares Nasdaq Top 30 Stocks ETF","ETF"
"37960A404","QTR","Global X NASDAQ 100 Tail Risk ETF","ETF"
"74766Q101","QTRX","Quanterix Corp","Medical Devices"
"746964105","QTTB","Q32 Bio Inc","Biotechnology"
"74915J206","QTTOY","Qutoutiao Inc","Internet Content & Information"
"26922A420","QTUM","Defiance Quantum ETF","ETF"
"74736L109","QTWO","Q2 Holdings Inc","Software - Application"
"747301109","QUAD","Quad / Graphics Inc","Specialty Business Services"
"46432F339","QUAL","iShares MSCI USA Quality Factor ETF","ETF"
"74766W108","QUBT","Quantum Computing Inc","Computer Hardware"
"46152A734","QUBX","Tradr 2X Long QUBT Daily ETF","ETF"
"74837P405","QUIK","QuickLogic Corporation","Semiconductors"
"90278V503","QULL","ETRACS 2x Leveraged MSCI US Quality Factor TR ETN","ETF"
"G7387B106","QUMS","Quantumsphere Acquisition Corporation","Shell Companies"
"G7387B114","QUMSR","Quantumsphere Acquisition Corporation","Shell Companies"
"G7387B122","QUMSU","Quantumsphere Acquisition Corporation","Shell Companies"
"862785300","QUP","DailyDelta Q100 Upside Option Strategy ETF","ETF"
"N90064101","QURE","Uniqure NV","Biotechnology"
"78468R812","QUS","SPDR MSCI USA StrategicFactors ETF","ETF"
"45259A464","QUSA","VistaShares Target 15 USA Quality Income ETF","ETF"
"02072L102","QVAL","Alpha Architect US Quantitative Value ETF","ETF"
"74915M605","QVCAQ","QVC Group Inc","Internet Retail"
"747262301","QVCD","QVC Inc","Internet Retail"
"74915M100","QVCGA","QVC Group Inc","Internet Retail"
"74915M209","QVCGB","QVC Group Inc","Internet Retail"
"46138G581","QVML","Invesco S&P 500 QVM Multi-factor ETF","ETF"
"46138G573","QVMM","Invesco S&P MidCap 400 QVM Multi-factor ETF","ETF"
"46138G565","QVMS","Invesco S&P SmallCap 600 QVM Multi-factor ETF","ETF"
"46138E396","QVMT","Invesco S&P S&P 500 Concentrated QVM ETF","ETF"
"78463X418","QWLD","SPDR MSCI World StrategicFactors ETF","ETF"
"82846H405","QXO","QXO Inc","Industrial Distribution"
"82846H504","QXOB","QXO Inc","Industrial Distribution"
"37954Y483","QYLD","Global X NASDAQ 100 Covered Call ETF","ETF"
"37954Y269","QYLG","Global X Nasdaq 100 Covered Call & Growth ETF","ETF"
"783549108","R","Ryder System Inc","Rental & Leasing Services"
"112830104","RA","Brookfield Real Assets Income Fund Inc","Asset Management"
"26923N397","RAA","SMI 3Fourteen REAL Asset Allocation ETF","ETF"
"00777X496","RAAA","Reckoner Yield Enhanced AAA CLO ETF","ETF"
"G73944103","RAAQ","Real Asset Acquisition Corp","Shell Companies"
"G73944129","RAAQU","Real Asset Acquisition Corp","Shell Companies"
"G73944111","RAAQW","Real Asset Acquisition Corp","Shell Companies"
"92189F130","RAAX","VanEck Real Assets ETF","ETF"
"G75751100","RAC","Rithm Acquisition Corp","Shell Companies"
"N3167Y103","RACE","Ferrari N.V.","Auto Manufacturers"
"G75751126","RACU","Rithm Acquisition Corp","Shell Companies"
"G75751118","RACWS","Rithm Acquisition Corp","Shell Companies"
"750723108","RADLY","Raia Drogasil SA","Pharmaceutical Retailers"
"75041J101","RADX","Radiopharm Theranostics Limited","Biotechnology"
"72201T342","RAFE","PIMCO RAFI ESG US ETF","ETF"
"357023100","RAIL","FreightCar America Inc","Railroads"
"75082Q105","RAIN","Rain Enhancement Technologies","Pollution & Treatment Controls"
"75080J111","RAINW","Rain Enhancement Technologies","Pollution & Treatment Controls"
"750940108","RAL","Ralliant Corp","Electronic Components"
"75150G104","RAMM","RAMM Pharma Corp","Drug Manufacturers - Specialty & Generic"
"53815P108","RAMP","LiveRamp Holdings Inc","Software - Infrastructure"
"752185207","RAND","Rand Capital Corp","Asset Management"
"G7375C108","RANG","Range Capital Acquisition Corp","Shell Companies"
"G7375C116","RANGR","Range Capital Acquisition Corp","Shell Companies"
"G7375C124","RANGU","Range Capital Acquisition Corp","Shell Companies"
"753018100","RANI","Rani Therapeutics Holdings Inc","Biotechnology"
"75279Q108","RANJY","Randstad NV","Staffing & Employment Services"
"75383L102","RAPP","Rapport Therapeutics Inc","Biotechnology"
"75382E208","RAPT","Rapt Therapeutics Inc",""
"90400D108","RARE","Ultragenyx Pharmaceutical Inc","Biotechnology"
"37960A784","RATE","Global X Interest Rate Hedge ETF","ETF"
"754198109","RAVE","Rave Restaurant Group Inc","Restaurants"
"33939L886","RAVI","FlexShares Ultra-Short Income Fund","ETF"
"G7385S101","RAY","Raytech Holding Limited","Household & Personal Products"
"G3109F103","RAYA","Erayak Power Solution Group Inc","Electrical Equipment & Parts"
"00774Q197","RAYC","Rayliant Quantamental China Equity ETF","ETF"
"00775Y355","RAYJ","Rayliant SMDAM Japan Equity ETF","ETF"
"37960A701","RAYS","Global X Solar ETF","ETF"
"74935Q107","RBA","RB Global Inc","Specialty Business Services"
"74930B105","RBB","RBB Bancorp","Banks - Regional"
"762544104","RBBN","Ribbon Communications Inc","Software - Application"
"75524B104","RBC","RBC Bearings Incorporated","Tools & Accessories"
"760281204","RBCAA","Republic Bancorp Inc","Banks - Regional"
"756255204","RBGLY","Reckitt Benckiser Group plc","Household & Personal Products"
"74933W213","RBIL","F/M UltraShort Treasury Inflation-Protected Security ETF","ETF"
"762093102","RBKB","Rhinebeck Bancorp Inc","Banks - Regional"
"26923N280","RBLU","2X Long RBLX Daily Target ETF","ETF"
"771049103","RBLX","Roblox Corp","Electronic Gaming & Multimedia"
"88636R883","RBLY","YieldMax RBLX Option Income Strategy ETF","ETF"
"92561V109","RBOT","Vicarious Surgical Inc","Medical Devices"
"92561V117","RBOTW","Vicarious Surgical Inc","Medical Devices"
"781154109","RBRK","Rubrik Inc","Software - Infrastructure"
"781154AD1","RBRK","Rubrik Inc","Software - Infrastructure"
"45783Y228","RBUF","Innovator US Small Cap 10 Buffer ETF - Quarterly","ETF"
"75574U101","RC","Ready Capital Corp","REIT - Mortgage"
"75644T100","RCAT","Red Cat Holdings Inc","Aerospace & Defense"
"05380C102","RCEL","Avita Medical Inc","Medical Devices"
"759720105","RCG","RENN Fund Inc","Asset Management"
"775109200","RCI","Rogers Communications Inc","Telecom Services"
"77313F106","RCKT","Rocket Pharmaceuticals Inc","Biotechnology"
"77313F114","RCKTW","Rocket Pharmaceuticals Inc","Biotechnology"
"774515100","RCKY","Rocky Brands Inc","Footwear & Accessories"
"V7780T103","RCL","Royal Caribbean Group","Travel Services"
"00777X488","RCLO","Reckoner BBB-B CLO ETF","ETF"
"749360400","RCMT","RCM Technologies Inc","Conglomerates"
"G7415M132","RCON","Recon Technology Ltd","Oil & Gas Equipment & Services"
"75629J101","RCRUY","Recruit Holdings Co Ltd","Internet Content & Information"
"72200X104","RCS","PIMCO Strategic Income Fund Inc","Asset Management"
"G71115102","RCT","RedCloud Holdings plc","Software - Application"
"03969F109","RCUS","Arcus Biosciences Inc","Biotechnology"
"G7576K115","RDACR","Rising Dragon Acquisition Co","Shell Companies"
"G7576K107","RDACU","Rising Dragon Acquisition Co","Shell Companies"
"G7515A103","RDAG","Republic Digital Acquisition","Shell Companies"
"G7515A129","RDAGW","Republic Digital Acquisition","Shell Companies"
"M81865111","RDCM","RADCOM Ltd","Telecom Services"
"75734B100","RDDT","Reddit Inc","Internet Content & Information"
"756568101","RDEIY","Redeia Corporación SA","Utilities - Regulated Electric"
"19423L722","RDFI","Rareview Dynamic Fixed Income ETF","ETF"
"75737F108","RDFN","Redfin Corp","Real Estate Services"
"75737FAC2","RDFN","Redfin Corp","Real Estate Services"
"75737FAE8","RDFN","Redfin Corp","Real Estate Services"
"757468103","RDHL","Redhill Biopharma Ltd","Drug Manufacturers - Specialty & Generic"
"755408101","RDI","Reading International Inc","Entertainment"
"755408200","RDIB","Reading International Inc","Entertainment"
"46138G656","RDIV","Invesco S&P Ultra Dividend Revenue ETF","ETF"
"750236101","RDN","Radian Group Inc","Insurance - Specialty"
"750491102","RDNT","Radnet Inc","Diagnostics & Research"
"781386305","RDNW","RideNow Group Inc","Auto & Truck Dealerships"
"00162Q106","RDOG","ALPS REIT Dividend Dogs ETF","ETF"
"77926X825","RDTE","Roundhill Russell 2000 0DTE Covered Call Strategy ETF","ETF"
"38747R496","RDTL","GraniteShares 2x Long RDDT Daily ETF","ETF"
"88636R552","RDTY","YieldMax Russell 2000 0DTE Covered Call Strategy ETF","ETF"
"806882106","RDUS","Radius Recycling Inc","Waste Management"
"33738D879","RDVI","FT Vest Rising Dividend Achievers Target Income ETF","ETF"
"75704L104","RDVT","Red Violet Inc","Software - Application"
"33738R506","RDVY","First Trust Rising Dividend Achievers ETF","ETF"
"75776W103","RDW","Redwire Corporation","Aerospace & Defense"
"M81873107","RDWR","Radware Ltd","Software - Infrastructure"
"26923W199","RDWU","T-REX 2X LONG RDW DAILY TARGET ETF","ETF"
"256135203","RDY","Dr Reddys Labs Ltd","Drug Manufacturers - Specialty & Generic"
"88636V421","RDYY","YieldMax RDDT Option Income Strategy ETF","ETF"
"G7606H108","RDZN","Roadzen Inc","Software - Application"
"G7606H116","RDZNW","Roadzen Inc","Software - Application"
"886364397","REAI","Intelligent Real Estate ETF","ETF"
"88339P101","REAL","The RealReal Inc","Luxury Goods"
"88339PAD3","REAL","The RealReal Inc","Luxury Goods"
"75585H206","REAX","The Real Brokerage Inc","Real Estate Services"
"75618M305","REBN","Reborn Coffee Inc","Restaurants"
"19761L706","RECS","Columbia Research Enhanced Core ETF","ETF"
"G7445R101","RECT","Rectitude Holdings Ltd","Specialty Retail"
"75644T900","RED","Redeia Corporación SA","Utilities - Regulated Electric"
"M8287R202","REE","Ree Automotive Ltd","Auto Parts"
"46434V647","REET","iShares Global REIT ETF","ETF"
"G19305120","REEWF","Cartesian Growth Corporation II","Shell Companies"
"167239102","REFI","Chicago Atlantic Real Estate","REIT - Mortgage"
"760911107","REFR","Research Frontiers Inc","Electronic Components"
"758849103","REG","Regency Centers Corporation","REIT - Retail"
"74347B680","REGL","ProShares S&P MidCap 400 Dividend Aristocrats ETF","ETF"
"75886F107","REGN","Regeneron Pharmaceuticals","Biotechnology"
"76680V108","REI","Ring Energy Inc","Oil & Gas E&P"
"74347G366","REK","ProShares Short Real Estate","ETF"
"759419104","REKR","Rekor Systems Inc","Software - Infrastructure"
"25461A585","REKT","Direxion Daily Crypto Industry Bear 1X Shares ETF","ETF"
"G7493L105","REL.L","RELX PLC",""
"763165107","RELL","Richardson Electronics Ltd","Electronic Components"
"759530108","RELX","Relx plc","Specialty Business Services"
"75960P104","RELY","Remitly Global Inc","Software - Infrastructure"
"46435G342","REM","iShares Mortgage Real Estate Capped ETF","ETF"
"92189H805","REMX","VanEck Rare Earth and Strategic Metals ETF","ETF"
"759655103","REMYY","Rémy Cointreau SA","Beverages - Wineries & Distilleries"
"G19305112","RENEF","Cartesian Growth Corp II","Shell Companies"
"76010Y103","RENT","Rent The Runway Inc","Apparel Retail"
"76010Y202","RENT","Rent The Runway Inc","Apparel Retail"
"78637J204","RENX","RenX Enterprises Corp","Real Estate - Development"
"76029N106","REPL","Replimune Group Inc","Biotechnology"
"76665T102","REPX","Riley Exploration Permian Inc","Oil & Gas E&P"
"76026T205","REPYY","Repsol SA","Oil & Gas Integrated"
"00138L108","RERE","Atrenew Inc","Internet Retail"
"749660106","RES","RPC Inc","Oil & Gas Equipment & Services"
"25460G815","RETL","Direxion Daily Retail Bull 3X Shares","ETF"
"G75271307","RETO","ReTo Eco-Solutions Inc","Building Materials"
"76135L119","REVBW","Revelation Biosciences Inc","Biotechnology"
"749527107","REVG","REV Group Inc","Auto Manufacturers"
"19761L805","REVS","Columbia Research Enhanced Value ETF","ETF"
"74349Y852","REW","ProShares UltraShort Technology","ETF"
"761624105","REX","REX American Resources Corp","Chemicals"
"76169C100","REXR","Rexford Industrial Realty Inc","REIT - Industrial"
"76171L106","REYN","Reynolds Consumer Products Inc","Packaging & Containers"
"464288562","REZ","iShares Residential and Multisector Real Estate ETF","ETF"
"76118Y104","REZI","Resideo Technologies Inc","Industrial Distribution"
"7591EP100","RF","Regions Financial Corporation","Banks - Regional"
"74954L120","RFACR","Rf Acquisition Corp","Shell Companies"
"74954L112","RFACW","Rf Acquisition Corp","Shell Companies"
"G75389109","RFAI","Rf Acquisition Corp II","Shell Companies"
"G75389117","RFAIR","Rf Acquisition Corp II","Shell Companies"
"G75389125","RFAIU","Rf Acquisition Corp II","Shell Companies"
"00162Q536","RFCI","RiverFront Dynamic Core Income ETF","ETF"
"00162Q528","RFDA","RiverFront Dynamic US Dividend Advantage ETF","ETF"
"33739P608","RFDI","First Trust RiverFront Dynamic Developed International ETF","ETF"
"33739P707","RFEM","First Trust RiverFront Dynamic Emerging Markets ETF","ETF"
"33739P806","RFEU","First Trust RiverFront Dynamic Europe ETF","ETF"
"00162Q510","RFFC","ALPS Active Equity Opportunity ETF","ETF"
"46137V217","RFG","Invesco S&P MidCap 400 Pure Growth ETF","ETF"
"19247R103","RFI","Cohen & Steers Total Return Realty Fund","Asset Management"
"749552105","RFIL","RF Industries Ltd","Electrical Equipment & Parts"
"82889N376","RFIX","Simplify Bond Bull ETF","ETF"
"75062E106","RFL","Rafael Holdings Inc","Real Estate Services"
"45784N502","RFLR","Innovator US Small Cap Managed Floor ETF","ETF"
"76883Y107","RFMZ","RiverNorth Flexible Municipal Income Fund II Inc","Asset Management"
"761CVR042","RFP","Resolute Forest Products","Paper & Paper Products"
"46137V191","RFV","Invesco S&P MidCap 400 Pure Value ETF","ETF"
"759351604","RGA","Reinsurance Group Of America Inc","Insurance - Reinsurance"
"G7487R100","RGC","Regencell Bioscience Holdings Limited","Drug Manufacturers - Specialty & Generic"
"74955L103","RGCO","RGC Resources Inc","Utilities - Regulated Gas"
"45259A886","RGEF","Rockefeller Global Equity ETF","ETF"
"759916109","RGEN","Repligen Corp","Medical Instruments & Supplies"
"759916AC3","RGEN","Repligen Corp","Medical Instruments & Supplies"
"759916AD1","RGEN","Repligen Corp","Medical Instruments & Supplies"
"75601G109","RGFC","Real Good Food Company Inc","Packaged Foods"
"780287108","RGLD","Royal Gold Inc","Gold"
"75915K309","RGLS","Regulus Therapeutics Inc","Biotechnology"
"75901B107","RGNX","Regenxbio Inc","Biotechnology"
"76122Q105","RGP","Resources Connection Inc","Consulting Services"
"864159108","RGR","Sturm Ruger & Company Inc","Aerospace & Defense"
"758932206","RGS","Regis Corporation","Personal Services"
"78081T104","RGT","Royce Global Trust Inc","Asset Management"
"76655K103","RGTI","Rigetti Computing Inc","Computer Hardware"
"76655K111","RGTIW","Rigetti Computing Inc","Computer Hardware"
"46092D301","RGTU","Tradr 2X Long RGTI Daily ETF","ETF"
"88636R131","RGTX","Defiance Daily Target 2X Long RGTI ETF","ETF"
"88636V652","RGTZ","Defiance Daily Target 2X Short RGTI ETF","ETF"
"74967X103","RH","RH","Specialty Retail"
"771195104","RHHBY","Roche Holding AG","Drug Manufacturers - General"
"770323103","RHI","Robert Half Inc","Staffing & Employment Services"
"76134H101","RHLD","Resolute Holdings Management Inc","Specialty Business Services"
"78377T107","RHP","Ryman Hospitality Properties Inc","REIT - Hotel & Motel"
"85521B775","RHRX","RH Tactical Rotation ETF","ETF"
"85521B759","RHTX","RH Tactical Outlook ETF","ETF"
"F72027109","RI","Pernod Ricard","Beverages - Wineries & Distilleries"
"G7552W109","RIBB","Ribbon Acquisition Corp","Shell Companies"
"G7552W117","RIBBR","Ribbon Acquisition Corp","Shell Companies"
"74934Q108","RICK","RCI Hospitality Holdings Inc","Restaurants"
"26922B840","RIET","Hoya Capital High Dividend Yield ETF","ETF"
"H8817H100","RIG","Transocean Ltd","Oil & Gas Drilling"
"766559603","RIGL","Rigel Pharmaceuticals Inc","Biotechnology"
"00162Q783","RIGS","RiverFront Strategic Income Fund","ETF"
"84858T764","RILA","Indexperts Gorilla Aggressive Growth ETF","ETF"
"05580M108","RILY","B. Riley Financial Inc","Financial Conglomerates"
"829322502","RIME","Algorhythm Holdings Inc","Consumer Electronics"
"46144X438","RINC","AXS Real Estate Income ETF","ETF"
"74348A814","RINF","ProShares Inflation Expectations ETF","ETF"
"46434G855","RING","iShares MSCI Global Gold Miners ETF","ETF"
"767204100","RIO","Rio Tinto plc","Other Industrial Metals & Mining"
"767292105","RIOT","Riot Platforms Inc","Capital Markets"
"767292AB1","RIOT","Riot Platforms Inc","Capital Markets"
"88636Y854","RIOX","Defiance Daily Target 2X Long RIOT ETF","ETF"
"66538H393","RISN","Inspire Tactical Balanced ETF","ETF"
"886364637","RISR","FolioBeyond Alternative Income and Interest Rate Hedge ETF","ETF"
"64828T201","RITM","Rithm Capital Corp","REIT - Mortgage"
"G7486B106","RITR","Reitar Logtech Holdings Limited","Engineering & Construction"
"76954A103","RIVN","Rivian Automotive Inc","Auto Manufacturers"
"76954AAB9","RIVN","Rivian Automotive Inc","Auto Manufacturers"
"76954AAD5","RIVN","Rivian Automotive Inc","Auto Manufacturers"
"590479408","RJET","Republic Airways Holdings Inc","Airlines"
"754730109","RJF","Raymond James Financial Inc","Asset Management"
"33740F359","RJMG","FT Raymond James Multicap Growth Equity ETF","ETF"
"039014303","RKDA","Arcadia Biosciences Inc","Packaged Foods"
"773121108","RKLB","Rocket Lab Corporation","Aerospace & Defense"
"773122106","RKLB","Rocket Lab Corporation","Aerospace & Defense"
"88636R222","RKLX","Defiance Daily Target 2X Long RKLB ETF","ETF"
"88636W171","RKLZ","Defiance Daily Target 2X Short RKLB ETF","ETF"
"77311W101","RKT","Rocket Companies Inc","Mortgage Finance"
"44148G204","RKTO","Rocket One Inc","Semiconductors"
"75102W108","RKUNY","Rakuten Group Inc","Internet Retail"
"751212101","RL","Ralph Lauren Corporation","Apparel Manufacturing"
"75943R102","RLAY","Relay Therapeutics Inc","Biotechnology"
"75025X100","RLGT","Radiant Logistics Inc","Integrated Freight & Logistics"
"749607107","RLI","RLI Corp","Insurance - Property & Casualty"
"74965L101","RLJ","RLJ Lodging Trust","REIT - Hotel & Motel"
"74965L200","RLJPA","RLJ Lodging Trust","REIT - Hotel & Motel"
"75955J402","RLMD","Relmada Therapeutics Inc","Biotechnology"
"19249Q103","RLTY","Cohen & Steers Real Estate Opportunities & Income Fund","Asset Management"
"74969N103","RLX","RLX Technology Inc","Tobacco"
"78467V103","RLY","SPDR SSgA Multi-Asset Real Return ETF","ETF"
"75120L100","RLYB","Rallybio Corporation","Biotechnology"
"75120L209","RLYB","Rallybio Corporation","Biotechnology"
"75902K106","RM","Regional Management Corp","Credit Services"
"75524W108","RMAX","RE/MAX Holdings Inc","Real Estate Services"
"76525P100","RMBI","Richmond Mutual Bancorporation Inc","Banks - Regional"
"750917106","RMBS","Rambus Inc","Semiconductors"
"45259A860","RMCA","Rockefeller California Municipal Bond ETF","ETF"
"77467X101","RMCF","Rocky Mountain Chocolate Factory","Confectioners"
"02369M102","RMCO","Royalty Management Holding Corporation","Asset Management"
"02369M110","RMCOW","RRoyalty Management Holding Corporation","Asset Management"
"761152107","RMD","Resmed Inc","Medical Instruments & Supplies"
"76883F108","RMI","RiverNorth Opportunistic Municipal Income Fund","Asset Management"
"26922B543","RMIF","LHA Risk-Managed Income ETF","ETF"
"86723E104","RMIX","Suncrete Inc","Building Materials"
"76882H105","RMM","Rivernorth Managed Duration Municipal Income Fund","Asset Management"
"76882M104","RMMZ","RiverNorth Managed Duration Municipal Income Fund II","Asset Management"
"76674Q107","RMNI","Rimini Street Inc","Software - Application"
"45259A852","RMNY","Rockefeller New York Municipal Bond ETF","ETF"
"45259A878","RMOP","Rockefeller Opportunistic Municipal Bond ETF","ETF"
"74967R106","RMR","The RMR Group Inc","Real Estate Services"
"004438507","RMS","Hermès","Luxury Goods"
"G7410G106","RMSG","Real Messenger Corp","Software - Application"
"G7410G114","RMSGW","Real Messenger Corp","Software - Application"
"780915104","RMT","Royce Micro-Cap Trust Inc","Asset Management"
"774374300","RMTI","Rockwell Medical Inc","Drug Manufacturers - Specialty & Generic"
"04965N104","RNA","Atrium Therapeutics Inc","Biotechnology"
"816212302","RNAC","Cartesian Therapeutics Inc","Biotechnology"
"05370A108","RNAM","Avidity Biosciences Inc","Biotechnology"
"75972B101","RNECY","Renesas Electronics Corporation","Semiconductors"
"33738R779","RNEM","First Trust Emerging Markets Equity Select ETF","ETF"
"00BLPK443","RNEW","Ecofin US Renewables Infrastructure plc","Utilities - Renewable"
"76680R206","RNG","RingCentral","Software - Application"
"76680RAH0","RNG","RingCentral","Software - Application"
"75282U104","RNGR","Ranger Energy Services Inc","Oil & Gas Equipment & Services"
"G7375J103","RNGT","Range Capital Acquisition Corp II","Shell Companies"
"759673403","RNLSY","Renault SA","Auto Manufacturers"
"76206K107","RNMBY","Rheinmetall AG","Aerospace & Defense"
"19247X100","RNP","Cohen & Steers REIT and Preferred Income Fund Inc","Asset Management"
"G7496G103","RNR","Renaissancere Holdings Ltd","Insurance - Reinsurance"
"37954Y707","RNRG","Global X Renewable Energy Producers ETF","ETF"
"75970E107","RNST","Renasant Corp","Banks - Regional"
"00887A204","RNTX","Rein Therapeutics Inc","Biotechnology"
"G7500M104","RNW","ReNew Energy Global plc","Utilities - Renewable"
"G7500M120","RNWWW","ReNew Energy Global plc","Utilities - Renewable"
"75989R107","RNXT","Renovorx Inc","Biotechnology"
"21044C107","ROAD","Construction Partners Inc","Engineering & Construction"
"518416201","ROAM","Hartford Multifactor Emerging Markets ETF","ETF"
"26923N389","ROBN","2X Long HOOD Daily Target ETF","ETF"
"301505707","ROBO","Robo Global Robotics and Automation Index ETF","ETF"
"33738R720","ROBT","First Trust Nasdaq Artificial Intelligence and Robotics ETF","ETF"
"753040104","ROC","Rank One Computing Corporation","Software - Application"
"374689107","ROCK","Gibraltar Industries Inc","Building Products & Equipment"
"46654Q518","ROCY","JPMorgan Equity Premium Yield ETF","ETF"
"518416607","RODE","Hartford Multifactor Diversified International ETF","ETF"
"518416102","RODM","Hartford Multifactor Developed Markets (ex-US) ETF","ETF"
"02072L433","ROE","Astoria US Equal Weight Quality Kings ETF","ETF"
"775133101","ROG","Rogers Corp","Electronic Components"
"775376106","ROHCY","ROHM Co Ltd","Semiconductors"
"76131N101","ROIC","Retail Opportunity Investments Corp","REIT - Retail"
"518416854","ROIS","Hartford Multifactor International Small Company ETF","ETF"
"G76279101","ROIV","Roivant Sciences Ltd","Biotechnology"
"773903109","ROK","Rockwell Automation Inc","Specialty Industrial Machinery"
"78468R630","ROKT","SPDR Kensho Final Frontiers ETF","ETF"
"77543R102","ROKU","Roku Inc","Entertainment"
"775711104","ROL","Rollins Inc","Personal Services"
"42981K100","ROLR","High Roller Technologies Inc","Gambling"
"74347R693","ROM","ProShares Ultra Technology","ETF"
"G7633Y108","ROMA","Roma Green Finance Ltd","Consulting Services"
"G27035107","ROO","Deliveroo plc","Internet Retail"
"77664L108","ROOT","Root Inc","Insurance - Property & Casualty"
"77664L207","ROOT","Root Inc","Insurance - Property & Casualty"
"776696106","ROP","Roper Technologies Inc","Software - Application"
"886364843","RORO","ATAC US Rotation ETF","ETF"
"518416508","ROSC","Hartford Multifactor Small Cap ETF","ETF"
"778296103","ROST","Ross Stores Inc","Apparel Retail"
"518416409","ROUS","Hartford Multifactor US Equity ETF","ETF"
"886364603","RPAR","RPAR Risk Parity ETF","ETF"
"76029L100","RPAY","Repay Holdings Corporation","Software - Infrastructure"
"69376K106","RPC","Ridgepost Capital Inc","Asset Management"
"753422104","RPD","Rapid7 Inc","Software - Infrastructure"
"753422AF1","RPD","Rapid7 Inc","Software - Infrastructure"
"46137V266","RPG","Invesco S&P 500 Pure Growth ETF","ETF"
"90214Q642","RPHS","Regents Park Hedged Market Strategy ETF","ETF"
"75340L104","RPID","Rapid Micro Biosystems Inc","Medical Devices"
"749685103","RPM","RPM International Inc","Specialty Chemicals"
"779556109","RPMGX","T Rowe Price Mid-Cap Growth","ETF"
"G7709Q104","RPRX","Royalty Pharma plc","Biotechnology"
"38983D300","RPT","Rithm Property Trust Inc","REIT - Mortgage"
"760273102","RPTX","Repare Therapeutics Inc","Biotechnology"
"46137V258","RPV","Invesco S&P 500 Pure Value ETF","ETF"
"19247L106","RQI","Cohen & Steers Quality Income Realty Fund","Asset Management"
"765504105","RR","Richtech Robotics Inc","Specialty Industrial Machinery"
"75686R202","RRBI","Red River Bancshares Inc","Banks - Regional"
"75281A109","RRC","Range Resources Corp","Oil & Gas E&P"
"G770AL103","RREV","RRE Ventures Acquisition Corp","Shell Companies"
"G770AL129","RREVW","RRE Ventures Acquisition Corp","Shell Companies"
"75689M101","RRGB","Red Robin Gourmet Burgers Inc","Restaurants"
"75700L108","RRR","Red Rock Resorts Inc","Resorts & Casinos"
"758750103","RRX","Regal Rexnord Corporation","Specialty Industrial Machinery"
"759509102","RS","Reliance Inc","Steel"
"88636R586","RSBA","Return Stacked Bonds & Merger Arbitrage ETF","ETF"
"88636J105","RSBT","Return Stacked Bonds & Managed Futures ETF","ETF"
"88636J352","RSBY","Return Stacked Bonds & Futures Yield ETF","ETF"
"33740U489","RSDE","FT Vest US Equity Equal Weight Buffer ETF - December","ETF"
"19423L540","RSEE","Rareview Systematic Equity ETF","ETF"
"76882B108","RSF","RiverNorth Capital and Income Fund","Asset Management"
"760759100","RSG","Republic Services Inc","Waste Management"
"76118A205","RSHGY","Resona Holdings Inc","Banks - Regional"
"782183404","RSHYY","RusHydro PJSC","Utilities - Renewable"
"782011100","RSI","Rush Street Interactive Inc","Gambling"
"33740F227","RSJN","FT Vest US Equity Equal Weight Buffer ETF - June","ETF"
"M8216R109","RSKD","Riskified Ltd","Software - Application"
"76090R309","RSLS","ReShape Lifesciences Inc","Medical Devices"
"45259A803","RSMC","Rockefeller US Small-Mid Cap ETF","ETF"
"33740U398","RSMR","FT Vest US Equity Equal Weight Buffer ETF - March","ETF"
"53656G332","RSMV","Relative Strength Managed Volatility Strategy ETF","ETF"
"46137V357","RSP","Invesco S&P 500 Equal Weight ETF","ETF"
"46090A697","RSPA","Invesco S&P 500 Equal Weight Income Advantage ETF","ETF"
"46137Y609","RSPC","Invesco S&P 500 Equal Weight Communication Services ETF","ETF"
"46137V381","RSPD","Invesco S&P 500 Equal Weight Consumer Discretionary ETF","ETF"
"46138G516","RSPE","Invesco ESG S&P 500 Equal Weight ETF","ETF"
"46137V340","RSPF","Invesco S&P 500 Equal Weight Financials ETF","ETF"
"46137V365","RSPG","Invesco S&P 500 Equal Weight Energy ETF","ETF"
"46137V332","RSPH","Invesco S&P 500 Equal Weight Health Care ETF","ETF"
"46137V316","RSPM","Invesco S&P 500 Equal Weight Materials ETF","ETF"
"46137V324","RSPN","Invesco S&P 500 Equal Weight Industrials ETF","ETF"
"46137V290","RSPR","Invesco S&P 500 Equal Weight Real Estate ETF","ETF"
"46137V373","RSPS","Invesco S&P 500 Equal Weight Consumer Staples ETF","ETF"
"46137V282","RSPT","Invesco S&P 500 Equal Weight Technology ETF","ETF"
"46137V274","RSPU","Invesco S&P 500 Equal Weight Utilities ETF","ETF"
"88636J204","RSSB","Return Stacked Global Stocks & Bonds ETF","ETF"
"33740F185","RSSE","FT Vest US Equity Equal Weight Buffer ETF - September","ETF"
"37960A453","RSSL","Global X Russell 2000 ETF","ETF"
"761025105","RSSS","Research Solutions Inc","Software - Application"
"88636J816","RSST","Return Stacked US Stocks & Managed Futures ETF","ETF"
"88636V702","RSSX","Return Stacked US Stocks & Gold/Bitcoin ETF","ETF"
"76119X105","RSVR","Reservoir Media Inc","Entertainment"
"76119X113","RSVRW","Reservoir Media Inc","Entertainment"
"G75006117","RSW.L","Renishaw PLC",""
"92647Q405","RSYEX","Victory RS Small Cap Growth Fund Class Y","ETF"
"G7490F101","RTAC","Renatus Tactical Acquis","Shell Companies"
"G7490F119","RTACU","Renatus Tactical Acquis","Shell Companies"
"G7490F127","RTACW","Renatus Tactical Acquis","Shell Companies"
"19423L714","RTAI","Rareview Tax Advantaged Income ETF","ETF"
"39366L307","RTB","RTB Digital Inc","Software - Application"
"G0704V202","RTC","Baijiayun Group Ltd","Software - Application"
"92189F684","RTH","VanEck Retail ETF","ETF"
"D6349P107","RTLLF","Rational AG","Specialty Industrial Machinery"
"76657Y101","RTMVY","Rightmove plc","Internet Content & Information"
"760125104","RTO","Rentokil Initial plc","Specialty Business Services"
"19423L441","RTRE","Rareview Total Return Bond ETF","ETF"
"75513E101","RTX","Raytheon Technologies Corporation","Aerospace & Defense"
"19423L581","RULE","Adaptive Core ETF","ETF"
"78137L105","RUM","Rumble Inc","Internet Content & Information"
"78137L113","RUMBW","Rumble Inc","Internet Content & Information"
"86771W105","RUN","Sunrun Inc","Solar"
"48817R870","RUNN","Running Oak Efficient Growth ETF","ETF"
"781846209","RUSHA","Rush Enterprises Inc Class A","Auto & Truck Dealerships"
"781846308","RUSHB","Rush Enterprises Inc Class B","Auto & Truck Dealerships"
"76156B107","RVLV","Revolve Group Inc","Internet Retail"
"76155X100","RVMD","Revolution Medicines Inc","Biotechnology"
"76155XAA8","RVMD","Revolution Medicines Inc","Biotechnology"
"76155X118","RVMDW","Revolution Medicines Inc","Biotechnology"
"233051705","RVNU","Xtrackers Municipal Infrastructure Revenue Bond ETF","ETF"
"76129W105","RVP","Retractable Technologies Inc","Medical Instruments & Supplies"
"769397100","RVSB","Riverview Bancorp Inc","Banks - Regional"
"M8186D122","RVSN","Rail Vision Ltd","Railroads"
"780910105","RVT","Royce Small-Cap Trust Inc","Asset Management"
"714046109","RVTY","Revvity Inc","Diagnostics & Research"
"02072Q630","RW","Rainwater Equity ETF","ETF"
"78163D100","RWAY","Runway Growth Finance Corp","Asset Management"
"00775Y710","RWEM","Rayliant Wilshire NxtGen Emerging Markets Equity ETF","ETF"
"74975E303","RWEOY","RWE Aktiengesellschaft","Utilities - Diversified"
"46138G664","RWJ","Invesco S&P SmallCap 600 Revenue ETF","ETF"
"46138G672","RWK","Invesco S&P MidCap 400 Revenue ETF","ETF"
"46138G698","RWL","Invesco S&P 500 Revenue ETF","ETF"
"00775Y728","RWLC","Rayliant Wilshire NxtGen US Large Cap Equity ETF","ETF"
"74348A210","RWM","ProShares Short Russell2000","ETF"
"78463X749","RWO","SPDR Dow Jones Global Real Estate ETF","ETF"
"78464A607","RWR","SPDR Dow Jones REIT ETF","ETF"
"758075402","RWT","Redwood Trust Inc","REIT - Mortgage"
"78463X863","RWX","SPDR Dow Jones International Real Estate ETF","ETF"
"74347G564","RXD","ProShares UltraShort Health Care","ETF"
"74350P485","RXD","ProShares UltraShort Health Care","ETF"
"761681105","RXEEY","Rexel SA","Electronics & Computer Distribution"
"464288745","RXI","iShares Global Consumer Discretionary ETF","ETF"
"74347R735","RXL","ProShares Ultra Health Care","ETF"
"74982T103","RXO","RXO Inc","Trucking"
"75629V104","RXRX","Recursion Pharmaceuticals Inc","Biotechnology"
"78349D107","RXST","RxSight Inc","Medical Devices"
"750102105","RXT","Rackspace Technology Inc","Software - Infrastructure"
"780087102","RY","Royal Bank of Canada","Banks - Diversified"
"783513203","RYAAY","Ryanair Holdings plc","Airlines"
"75508B104","RYAM","Rayonier Advanced Materials","Chemicals"
"78351F107","RYAN","Ryan Specialty Holdings Inc","Insurance - Specialty"
"775781206","RYCEY","Rolls-Royce Holdings plc","Aerospace & Defense"
"G7733R102","RYDE","Ryde Group Ltd","Software - Application"
"G7710T105","RYET","Ruanyun Edai Technology Inc","Education & Training Services"
"78392U105","RYKKY","Ryohin Keikaku Co Ltd","Department Stores"
"37954Y459","RYLD","Global X Russell 2000 Covered Call ETF","ETF"
"37960A776","RYLG","Global X Russell 2000 Covered Call & Growth ETF","ETF"
"00853E404","RYM","RYTHM Inc","Tobacco"
"754907103","RYN","Rayonier Inc","REIT - Specialty"
"76243J105","RYTM","Rhythm Pharmaceuticals Inc","Biotechnology"
"783754104","RYZ","Ryerson Holding Corporation","Metal Fabrication"
"46137V175","RZG","Invesco S&P SmallCap 600 Pure Growth ETF","ETF"
"76200L309","RZLT","Rezolute Inc","Biotechnology"
"G75398100","RZLV","Rezolve AI plc","Software - Infrastructure"
"46137V167","RZV","Invesco S&P SmallCap 600 Pure Value ETF","ETF"
"81730H109","S","Sentinelone Inc","Software - Infrastructure"
"811916105","SA","Seabridge Gold Inc","Gold"
"811927102","SA","Seabridge Gold Inc","Gold"
"74347R818","SAA","ProShares Ultra SmallCap600","ETF"
"78516J101","SAABY","Saab AB","Aerospace & Defense"
"G8375S101","SAAQ","Space Asset Acquisition Corp","Shell Companies"
"G8375S119","SAAQW","Space Asset Acquisition Corp","Shell Companies"
"880198205","SABA","Saba Capital Income & Opportunities Fund II","Asset Management"
"78573M104","SABR","Sabre Corporation","Software - Infrastructure"
"78573NAE2","SABR","Sabre Corporation","Software - Infrastructure"
"78573NAK8","SABR","Sabre Corporation","Software - Infrastructure"
"78397T202","SABS","Sab Biotherapeutics Inc","Biotechnology"
"78397T111","SABSW","Sab Biotherapeutics Inc","Biotechnology"
"G77676107","SAC","Safeguard Acquisition Corp","Shell Companies"
"G77676123","SAC","Safeguard Acquisition Corp","Shell Companies"
"78590A109","SACH","Sachem Capital Corp","REIT - Mortgage"
"808524664","SAEF","Schwab Ariel Opportunities ETF","ETF"
"78646V107","SAFE","Safehold Inc","REIT - Diversified"
"786584102","SAFRY","Safran SA","Aerospace & Defense"
"78648T100","SAFT","Safety Insurance Group Inc","Insurance - Property & Casualty"
"98400U103","SAFX","XCF Global Inc","Utilities - Renewable"
"78667J108","SAGE","Sage Therapeutics Inc","Biotechnology"
"00775Y652","SAGP","Strategas Global Policy Opportunities ETF","ETF"
"G7779D108","SAGT","Sagtec Global Ltd","Software - Application"
"83545G102","SAH","Sonic Automotive Inc","Auto & Truck Dealerships"
"78709Y105","SAIA","Saia Inc","Trucking"
"808625107","SAIC","Science Applications International Co","Information Technology Services"
"G7852T103","SAIH","Saiheat Ltd","Information Technology Services"
"G7852T111","SAIHW","Saiheat Ltd","Information Technology Services"
"78781J109","SAIL","Sailpoint Inc","Software - Infrastructure"
"78781P105","SAIL","Sailpoint Inc","Software - Infrastructure"
"100557107","SAM","Boston Beer Inc","Beverages - Brewers"
"828359109","SAMG","Silvercrest Asset Management Group","Asset Management"
"00775Y363","SAMM","Strategas Macro Momentum ETF","ETF"
"00775Y645","SAMT","Strategas Macro Thematic Opportunities ETF","ETF"
"05964H105","SAN","Banco Santander S.A.","Banks - Diversified"
"799566104","SANA","Sana Biotechnology Inc","Biotechnology"
"80013R206","SAND","Sandstorm Gold Ltd","Gold"
"W74857165","SAND.ST","Sandvik AB","Specialty Industrial Machinery"
"80100R408","SANG","Sangoma Technologies Corp","Software - Infrastructure"
"801056102","SANM","Sanmina Corporation","Electronic Components"
"785135302","SANW","S&W Seed Co","Agricultural Inputs"
"803054204","SAP","SAP SE","Software - Application"
"74016W817","SAPH","SAP SE hedged","ETF"
"80349A208","SAR","Saratoga Investment Corp","Asset Management"
"46144X628","SARK","Tradr 1X Short Innovation Daily ETF","ETF"
"85423L103","SARO","Standardaero Inc","Aerospace & Defense"
"800363103","SASR","Sandy Spring Bancorp Inc","Banks - Regional"
"80401C100","SATL","Satellogic Inc","Aerospace & Defense"
"G7823S119","SATLW","Satellogic Inc","Aerospace & Defense"
"46138G557","SATO","Invesco Alerian Galaxy Crypto Economy ETF","ETF"
"M82363124","SATX","Satixfy Communications Ltd","Communication Equipment"
"33740F417","SAUG","FT Vest US Small Cap Moderate Buffer ETF - August","ETF"
"H8300N119","SAUHF","Straumann Holding AG","Medical Instruments & Supplies"
"86317T103","SAUHY","Straumann Holding AG","Medical Instruments & Supplies"
"26922B485","SAWS","AAM Sawgrass US Small Cap Quality Growth ETF","ETF"
"79588J102","SAXPY","Sampo Oyj","Insurance - Diversified"
"Y7388L103","SB","Safe Bulkers Inc","Marine Shipping"
"78410G104","SBAC","SBA Communications Corporation","REIT - Specialty"
"74348A376","SBB","ProShares Short SmallCap600","ETF"
"73245B107","SBC","SBC Medical Group Holdings Incorporated","Consulting Services"
"811707801","SBCF","Seacoast Banking Corporation of Florida","Banks - Regional"
"73245B115","SBCWW","SBC Medical Group Holdings Incorporated","Consulting Services"
"820014405","SBET","SharpLink Gaming Inc","Capital Markets"
"84862C203","SBEV","Splash Beverage Group Inc","Beverages - Wineries & Distilleries"
"78408D105","SBFG","SB Financial Group Inc","Banks - Regional"
"867781700","SBFM","Sunshine Biopharma Inc","Drug Manufacturers - Specialty & Generic"
"867781502","SBFMW","Sunshine Biopharma Inc","Drug Manufacturers - Specialty & Generic"
"829242106","SBGI","Sinclair Inc","Broadcasting"
"80687P106","SBGSY","Schneider Electric","Specialty Industrial Machinery"
"79546E104","SBH","Sally Beauty Holdings Inc","Specialty Retail"
"82937X103","SBHMY","Sino Biopharmaceutical Limited","Biotechnology"
"958435109","SBI","Western Asset Intermediate Muni Fund Inc","Asset Management"
"85021Q116","SBIGW","SpringBig Holdings Inc",""
"00162Q593","SBIO","ALPS Medical Breakthroughs ETF","ETF"
"74349Y563","SBIT","ProShares UltraShort Bitcoin ETF","ETF"
"74349Y803","SBIT","ProShares UltraShort Bitcoin ETF","ETF"
"Y8162K204","SBLK","Star Bulk Carriers Corp","Marine Shipping"
"827427105","SBMT","Silver Bow Mining Corp","Other Industrial Metals & Mining"
"19761L888","SBND","Columbia Short Duration Bond ETF","ETF"
"82669G104","SBNY","Signature Bank","Banks - Regional"
"785688102","SBR","Sabine Royalty Trust","Oil & Gas Midstream"
"78573L106","SBRA","Sabra Health Care REIT Inc","REIT - Healthcare Facilities"
"20441A102","SBS","Companhia de Saneamento Básico do Estado de São Paulo","Utilities - Regulated Water"
"84470P109","SBSI","Southside Bancshares Inc","Banks - Regional"
"82575P107","SBSW","Sibanye Stillwater Ltd","Other Precious Metals & Mining"
"85917W102","SBT","Sterling Bancorp Inc","Banks - Regional"
"855244109","SBUX","Starbucks Corp","Restaurants"
"G81354105","SBXD","Silverbox Corp IV","Shell Companies"
"G81354121","SBXDWS","Silverbox Corp IV","Shell Companies"
"G8148S107","SBXE","SilverBox Corp V","Shell Companies"
"G8148S123","SBXE","SilverBox Corp V","Shell Companies"
"G7840J118","SCAG","Scage Future","Farm & Heavy Construction Machinery"
"53044R883","SCAN","Liberty Defense Holdings Ltd","Aerospace & Defense"
"853254100","SCBFY","Standard Chartered PLC","Banks - Diversified"
"74349Y530","SCC","ProShares UltraShort Consumer Discretionary","ETF"
"842587DP9","SCCO","Southern Copper Corporation","Copper"
"84265V105","SCCO","Southern Copper Corporation","Copper"
"808524599","SCCR","Schwab Core Bond ETF","ETF"
"50208A102","SCD","LMP Capital and Income Fund Inc","Asset Management"
"50208A110","SCD-R","LMP Capital and Income Fund Inc","Asset Management"
"90278V206","SCDL","ETRACS 2x Leveraged US Dividend Factor TR ETN","ETF"
"46654Q666","SCDS","JPMorgan Fundamental Data Science Small Core ETF","ETF"
"268961604","SCDV","Bahl & Gaynor Small Cap Dividend ETF","ETF"
"14064D444","SCEC","Sterling Capital Enhanced Core Bond ETF","ETF"
"83364L109","SCGLY","Société Générale Société anonyme","Banks - Diversified"
"808524607","SCHA","Schwab US Small-Cap ETF","ETF"
"808524102","SCHB","Schwab US Broad Market ETF","ETF"
"808524888","SCHC","Schwab International Small-Cap Equity ETF","ETF"
"808524797","SCHD","Schwab US Dividend Equity ETF","ETF"
"808524706","SCHE","Schwab Emerging Markets Equity ETF","ETF"
"808524805","SCHF","Schwab International Equity ETF","ETF"
"808524300","SCHG","Schwab US Large-Cap Growth ETF","ETF"
"808524847","SCHH","Schwab US REIT ETF","ETF"
"808524698","SCHI","Schwab 5-10 Year Corporate Bond ETF","ETF"
"808524714","SCHJ","Schwab 1-5 Year Corporate Bond ETF","ETF"
"808524722","SCHK","Schwab 1000 ETF","ETF"
"807066105","SCHL","Scholastic Corporation","Publishing"
"808524508","SCHM","Schwab US Mid-Cap ETF","ETF"
"808524862","SCHO","Schwab Short-Term US Treasury ETF","ETF"
"808524870","SCHP","Schwab US TIPS ETF","ETF"
"808524680","SCHQ","Schwab Long-Term US Treasury ETF","ETF"
"808524854","SCHR","Schwab Intermediate-Term US Treasury ETF","ETF"
"808524409","SCHV","Schwab US Large-Cap Value ETF","ETF"
"808513105","SCHW","The Charles Schwab Corporation","Capital Markets"
"808524201","SCHX","Schwab US Large-Cap ETF","ETF"
"808524672","SCHY","Schwab International Dividend Equity ETF","ETF"
"808524839","SCHZ","Schwab US Aggregate Bond ETF","ETF"
"817565104","SCI","Service Corporation International","Personal Services"
"G7866D128","SCIIU","SC II Acquisition Corp","Shell Companies"
"33738D770","SCIO","First Trust Structured Credit Income Opportunities ETF","ETF"
"464286582","SCJ","iShares MSCI Japan Small-Cap ETF","ETF"
"83368E200","SCKT","Socket Mobile Inc","Computer Hardware"
"858586100","SCL","Stepan Company","Specialty Chemicals"
"80880W106","SCLX","Scilex Holding Company","Drug Manufacturers - General"
"66538R532","SCLZ","Swan Enhanced Dividend Income ETF","ETF"
"858568108","SCM","Stellus Capital Investment Corporation","Asset Management"
"808524649","SCMB","Schwab Municipal Bond ETF","ETF"
"871013108","SCMWY","Swisscom AG","Telecom Services"
"09073Q303","SCNI","Scinai Immunotherapeutics Ltd","Biotechnology"
"80880X104","SCNX","Scienture Holdings Inc","Pharmaceutical Retailers"
"74347Y656","SCO","ProShares UltraShort Bloomberg Crude Oil","ETF"
"74347Y797","SCO","ProShares UltraShort Bloomberg Crude Oil","ETF"
"74347Y862","SCO","ProShares UltraShort Bloomberg Crude Oil","ETF"
"85210C100","SCOP","Sprott Physical Copper","ETF"
"20564W204","SCOR","comScore Inc","Software - Application"
"808515480","SCOXX","Charles Schwab Family of Funds - Schwab Treasury Obligations Money Fund","ETF"
"810648105","SCPH","Scpharmaceuticals Inc","Drug Manufacturers - Specialty & Generic"
"G8254P129","SCPQU","Social Commerce Partners Corporation","Shell Companies"
"42237K508","SCPX","Scorpius Holdings Inc","Biotechnology"
"858155203","SCS","Steelcase Inc","Business Equipment & Supplies"
"806037107","SCSC","Scansource Inc","Electronics & Computer Distribution"
"808524623","SCUS","Schwab Ultra-Short Income ETF","ETF"
"88583P104","SCWO","374Water Inc","Pollution & Treatment Controls"
"81374A105","SCWX","Secureworks Corp","Software - Infrastructure"
"82889N418","SCY","Simplify US Small Cap PLUS Income ETF","ETF"
"808524631","SCYB","Schwab High Yield Bond ETF","ETF"
"811292200","SCYX","Scynexis Inc","Drug Manufacturers - Specialty & Generic"
"811292309","SCYX","SCYNEXIS Inc","Drug Manufacturers - Specialty & Generic"
"464288273","SCZ","iShares MSCI EAFE Small-Cap ETF","ETF"
"80280U205","SCZM","Santacruz Silver Mining Ltd","Other Industrial Metals & Mining"
"80007P869","SD","Sandridge Energy Inc","Oil & Gas E&P"
"G85727108","SDA","Suncar Technology Group Inc","Auto & Truck Dealerships"
"G85727116","SDAWW","Suncar Technology Group Inc","Auto & Truck Dealerships"
"90290T809","SDCI","USCF SummerHaven Dynamic Commodity Strategy ETF","ETF"
"92790A884","SDCP","Virtus Newfleet Short Duration Core Plus Bond ETF","ETF"
"74347G572","SDD","ProShares UltraShort SmallCap600","ETF"
"37960A677","SDEM","Global X MSCI SuperDividend Emerging Markets ETF","ETF"
"66987P508","SDEV","Stablecoin Development Corporat","Asset Management"
"00039J848","SDFI","AB Short Duration Income ETF","ETF"
"46435G532","SDG","iShares MSCI Global Sustainable Development Goals ETF","ETF"
"80810D103","SDGR","Schrodinger Inc","Health Information Services"
"83207R107","SDHC","Smith Douglas Homes Corp","Real Estate - Development"
"G8118C124","SDHIU","Siddhi Acquisition Corp","Shell Companies"
"69355J104","SDHY","PGIM Short Duration High Yield Opportunities Fund","Asset Management"
"86337R202","SDIG","Stronghold Digital Mining","Capital Markets"
"37960A669","SDIV","Global X SuperDividend ETF","ETF"
"G5006S104","SDM","Smart Digital Group Ltd","Advertising Agencies"
"00162Q858","SDOG","ALPS Sector Dividend Dogs ETF","ETF"
"627333305","SDOT","Sadot Group Inc","Farm Products"
"74347G135","SDOW","ProShares UltraPro Short Dow30","ETF"
"74347G648","SDOW","ProShares UltraPro Short Dow30","ETF"
"74347G218","SDP","ProShares UltraShort Utilities","ETF"
"74347G721","SDP","ProShares UltraShort Utilities","ETF"
"G7997W102","SDRL","Seadrill Ltd","Oil & Gas Drilling"
"74347B383","SDS","ProShares UltraShort S&P500","ETF"
"74347G416","SDS","ProShares UltraShort S&P500","ETF"
"74350P667","SDS","ProShares UltraShort S&P500","ETF"
"025072257","SDSI","American Century Short Duration Strategic Income ETF","ETF"
"854936101","SDST","Stardust Power Inc","Electrical Equipment & Parts"
"854936119","SDSTW","Stardust Power Inc","Electrical Equipment & Parts"
"88636R560","SDTY","YieldMax S&P 500 0DTE Covered Call Strategy ETF","ETF"
"33738D820","SDVD","FT Vest SMID Rising Dividend Achievers Target Income ETF","ETF"
"800212201","SDVKY","Sandvik AB","Specialty Industrial Machinery"
"33741X102","SDVY","First Trust SMID Cap Rising Dividend Achievers ETF","ETF"
"833792104","SDXAY","Sodexo SA","Restaurants"
"78464A763","SDY","SPDR S&P Dividend ETF","ETF"
"799926100","SDZNY","Sandoz Group AG","Drug Manufacturers - Specialty & Generic"
"81141R100","SE","Sea Ltd","Internet Retail"
"81141RAG5","SE","Sea Ltd","Internet Retail"
"26922B865","SEA","U.S. Global Sea to Sky Cargo ETF","ETF"
"92854T100","SEAT","Vivid Seats Inc","Internet Content & Information"
"92854T118","SEATW","Vivid Seats Inc",""
"811543107","SEB","Seaboard","Conglomerates"
"45409F686","SECR","NYLI MacKay Securitized Income ETF","ETF"
"66538H591","SECT","Main Sector Rotation ETF","ETF"
"83417M104","SEDG","Solaredge Technologies Inc","Solar"
"81211K100","SEE","Sealed Air Corp","Packaging & Containers"
"G67828205","SEED","Origin Agritech Limited","Agricultural Inputs"
"4812C0530","SEEGX","JPMorgan Large Cap Growth Fund Class I","ETF"
"81577F406","SEELQ","Seelos Therapeutics Inc","Biotechnology"
"81578P106","SEER","Seer Inc","Biotechnology"
"74349Y761","SEF","ProShares Short Financials","ETF"
"812215200","SEG","Seaport Entertainment Group Inc","Real Estate Services"
"54570M306","SEGG","Lottery.com Inc","Gambling"
"83418M103","SEI","Solaris Energy Infrastructure Inc","Oil & Gas Equipment & Services"
"83419XAB4","SEI","Solaris Energy Infrastructure Inc","Oil & Gas Equipment & Services"
"784117103","SEIC","SEI Investments Company","Asset Management"
"81589A700","SEIE","SEI Select International Equity ETF","ETF"
"81589A205","SEIM","SEI Enhanced US Large Cap Momentum Factor ETF","ETF"
"81589A304","SEIV","SEI Enhanced US Large Cap Value Factor ETF","ETF"
"92790A405","SEIX","Virtus Seix Senior Loan ETF","ETF"
"81603X108","SEKEY","Seiko Epson Corporation","Computer Hardware"
"37955N106","SELF","Global Self Storage Inc","REIT - Specialty"
"G8021C104","SELX","Semilux International Ltd","Electronic Components"
"81619Q105","SEM","Select Medical Holdings Corporation","Medical Care Facilities"
"19761L870","SEMI","Columbia Select Technology ETF","ETF"
"81686C104","SEMR","Semrush Holdings Inc","Software - Application"
"38747R199","SEMY","GraniteShares YieldBOOST Semiconductors ETF","ETF"
"817070501","SENEA","Seneca Foods Corp","Packaged Foods"
"817070105","SENEB","Seneca Foods Corp","Packaged Foods"
"81727U105","SENS","Senseonics Holdings Inc","Medical Devices"
"86210M106","SEOAY","Stora Enso OYJ","Paper & Paper Products"
"33740U554","SEPM","FT Vest US Equity Max Buffer ETF - Sept","ETF"
"81734D104","SEPN","Septerna Inc","Biotechnology"
"69420N791","SEPP","PGIM S&P 500 Buffer 12 ETF - Sep","ETF"
"00888H695","SEPT","AllianzIM US Large Cap Buffer10 Sep ETF","ETF"
"00888H554","SEPU","AllianzIM US Equity Buffer15 Uncapped Sep ETF","ETF"
"00888H687","SEPW","AllianzIM US Large Cap Buffer20 Sep ETF","ETF"
"81751A108","SER","Serina Therapeutics Inc","Biotechnology"
"81749D107","SERA","Sera Prognostics Inc","Medical Devices"
"81758H106","SERV","Serve Robotics Inc","Specialty Industrial Machinery"
"78397Q109","SES","SES AI Corp","Auto Parts"
"78397Q117","SESWS","SES AI Corp","Auto Parts"
"74349Y209","SETH","ProShares Short Ether ETF","ETF"
"85208P402","SETM","Sprott Critical Materials ETF","ETF"
"03835W104","SEV","Aptera Motors Corp","Auto Manufacturers"
"81784E101","SEVN","Seven Hills Realty Trust","REIT - Mortgage"
"78435P105","SEZL","Sezzle Inc","Credit Services"
"860630102","SF","Stifel Financial Corp","Capital Markets"
"83607A100","SFBC","Sound Financial Bancorp Inc","Banks - Regional"
"81768T108","SFBS","ServisFirst Bancshares Inc","Banks - Regional"
"832248207","SFD","Smithfield Foods Inc","Packaged Foods"
"33740F292","SFEB","FT Vest US Small Cap Moderate Buffer ETF - February","ETF"
"69036R863","SFGRX","Seafarer Overseas Gr and Income Retail",""
"02072L276","SFGV","EA Series Trust - Sequoia Global Value ETF","ETF"
"83571B100","SFGYY","Sony Financial Group Inc","Insurance - Life"
"G7785M118","SFHG","Samfine Creation Holdings Group Limited","Specialty Business Services"
"78437M100","SFHOY","SF Express","Integrated Freight & Logistics"
"860897107","SFIX","Stitch Fix Inc","Apparel Retail"
"G7738W106","SFL","SFL Corporation Ltd","Marine Shipping"
"92647X822","SFLO","Victoryshares Small Cap Free Cash Flow ETF","ETF"
"45783Y673","SFLR","Innovator Equity Managed Floor ETF","ETF"
"85208M102","SFM","Sprouts Farmers Market Inc","Grocery Stores"
"828730200","SFNC","Simmons First National Corporation","Banks - Regional"
"842873101","SFST","Southern First Bancshares Inc","Banks - Regional"
"83404D109","SFTBY","SoftBank Group Corp","Telecom Services"
"30711Y300","SFUNY","Fang Holdings Limited","Internet Content & Information"
"G8117B101","SFWL","Shengfeng Development Limited","Integrated Freight & Logistics"
"886364173","SFY","SoFi Select 500 ETF","ETF"
"886364306","SFYX","SoFi Next 500 ETF","ETF"
"87043Q108","SG","Sweetgreen Inc","Restaurants"
"786598300","SGA","Saga Communications Inc","Broadcasting"
"82929R304","SGAPY","Singapore Telecommunications","Telecom Services"
"853118206","SGBLY","Standard Bank Group Limited","Banks - Regional"
"868358102","SGC","Superior Group of Companies Inc","Apparel Manufacturing"
"85210B201","SGDJ","Sprott Junior Gold Miners ETF","ETF"
"85210B102","SGDM","Sprott Gold Miners ETF","ETF"
"G8588X103","SGHC","Super Group Sghc Limited","Gambling"
"82657M105","SGHT","Sight Sciences Inc","Medical Devices"
"88023U101","SGI","Somnigroup International Inc","Furnishings, Fixtures & Appliances"
"827056300","SGICQ","SILICON GRAPHICS INC","Computer Hardware"
"824667109","SGIOY","Shionogi & Co Ltd","Drug Manufacturers - Specialty & Generic"
"D6949M108","SGL.DE","SGL Carbon SE",""
"74933W593","SGLC","SGI US Large Cap Core ETF","ETF"
"82935V307","SGLY","Singularity Future Tech Ltd","Integrated Freight & Logistics"
"82661L101","SGMA","Sigmatron International Inc","Electronic Components"
"826599102","SGML","Sigma Lithium Corporation","Other Industrial Metals & Mining"
"800677106","SGMOQ","Sangamo Therapeutics Inc","Biotechnology"
"786700104","SGMT","Sagimet Biosciences Inc","Biotechnology"
"82670R305","SGN","Signing Day Sports Inc","Software - Application"
"00326A104","SGOL","abrdn Physical Gold Shares ETF","ETF"
"46436E718","SGOV","iShares 0-3 Month Treasury Bond ETF","ETF"
"78663S201","SGPYY","The Sage Group plc","Software - Application"
"784933103","SGRP","Spar Group Inc","Specialty Business Services"
"86881A100","SGRY","Surgery Partners Inc","Medical Care Facilities"
"818800104","SGSOY","SGS SA","Consulting Services"
"85512C105","SGU","Star Group LP","Oil & Gas Refining & Marketing"
"74347B425","SH","ProShares Short S&P500","ETF"
"74349Y753","SH","ProShares Short S&P500","ETF"
"97717Y808","SHAG","WisdomTree Yield Enhanced US Short-Term Aggregate Bond Fund","ETF"
"819047101","SHAK","Shake Shack Inc","Restaurants"
"778920306","SHAZ","SharonAI Holdings Inc","Information Technology Services"
"825107105","SHBI","Shore Bancshares Inc","Banks - Regional"
"83601L102","SHC","Sotera Health Co","Diagnostics & Research"
"586001109","SHCO","Soho House & Co Inc","Travel Services"
"81948W104","SHCR","Sharecare Inc","Health Information Services"
"00777X603","SHDG","Soundwatch Hedged Equity ETF","ETF"
"78468R747","SHE","SPDR MSCI USA Gender Diversity ETF","ETF"
"824551105","SHECY","Shin-Etsu Chemical Co Ltd","Chemicals"
"74016W403","SHEH","Shell plc hedged","ETF"
"780259305","SHEL","Shell plc","Oil & Gas Integrated"
"82312B106","SHEN","Shenandoah Telecommunication","Telecom Services"
"824430102","SHFS","Shf Holdings Inc","Banks - Regional"
"824430110","SHFSW","Shf Holdings Inc","Banks - Regional"
"824596100","SHG","Shinhan Financial Group Co Ltd","Banks - Regional"
"82455M109","SHIM","Shimmick Corporation","Engineering & Construction"
"Y73760194","SHIP","Seanergy Maritime Holdings Corp","Marine Shipping"
"37960A529","SHLD","Global X Defense Tech ETF","ETF"
"82489W107","SHLS","Shoals Technologies Group Inc","Solar"
"78468R739","SHM","SPDR Nuveen ICE Short Term Municipal Bond ETF","ETF"
"N68722102","SHMD","SCHMID Group N.V.","Specialty Industrial Machinery"
"N68722110","SHMDW","SCHMID Group N.V.","Specialty Industrial Machinery"
"867892101","SHO","Sunstone Hotel Investors Inc","REIT - Hotel & Motel"
"02072L672","SHOC","Strive US Semiconductor ETF","ETF"
"824889109","SHOE","Shoe Station Group Inc","Apparel Retail"
"556269108","SHOO","Steven Madden Ltd","Footwear & Accessories"
"82509L107","SHOP","Shopify Inc","Software - Application"
"82509LAA5","SHOP","Shopify Inc","Software - Application"
"G7610P120","SHOTU","RMG ML Sports Holdings","Shell Companies"
"825693302","SHPH","Shuttle Pharmaceuticals Holdings Inc","Drug Manufacturers - Specialty & Generic"
"69374H378","SHPP","Pacer Industrials and Logistics ETF","ETF"
"886364264","SHRT","Gotham Short Strategies ETF","ETF"
"33738R761","SHRY","First Trust Bloomberg Shareholder Yield ETF","ETF"
"82937K101","SHTDY","Sinopharm Group Co Ltd","Medical Distribution"
"464288679","SHV","iShares Short Treasury Bond ETF","ETF"
"824348106","SHW","The Sherwin-Williams Company","Specialty Chemicals"
"464287457","SHY","iShares 1-3 Year Treasury Bond ETF","ETF"
"92189F387","SHYD","VanEck Short High Yield Muni ETF","ETF"
"825698103","SHYF","Shyft Group Inc","Auto Manufacturers"
"46434V407","SHYG","iShares 0-5 Year High Yield Corporate Bond ETF","ETF"
"233051283","SHYL","Xtrackers Short Duration High Yield Bond ETF","ETF"
"092528108","SHYM","iShares Short Duration High Yield Muni Active ETF","ETF"
"82322R109","SHZHY","Shenzhou International Group Holdings Limited","Textile Manufacturing"
"82537J108","SI","Shoulder Innovations Inc","Medical Devices"
"825704109","SIBN","Si-Bone Inc","Medical Devices"
"82837P408","SICP","Silvergate Capital Corporation","Banks - Regional"
"20440W105","SID","Companhia Siderurgica Nacional","Steel"
"826165201","SIDU","Sidus Space Inc","Aerospace & Defense"
"D69671218","SIE.DE","Siemens AG",""
"826176109","SIEB","Siebert Financial Corp","Capital Markets"
"826197501","SIEGY","Siemens","Specialty Industrial Machinery"
"826546103","SIF","SIFCO Industries","Aerospace & Defense"
"41151J208","SIFI","Harbor Scientific Alpha Income ETF","ETF"
"82655M206","SIFY","Sify Technologies Ltd","Telecom Services"
"G81276100","SIG","Signet Jewelers Limited","Luxury Goods"
"826917106","SIGA","Siga Technologies Inc","Drug Manufacturers - Specialty & Generic"
"82690B108","SIGCY","SIG Group AG","Packaging & Containers"
"816300107","SIGI","Selective Insurance Group Inc","Insurance - Property & Casualty"
"41151J109","SIHY","Harbor Scientific Alpha High-Yield ETF","ETF"
"852066208","SII","Sprott Inc","Asset Management"
"74347G598","SIJ","ProShares UltraShort Industrials","ETF"
"74349Y555","SIJ","ProShares UltraShort Industrials","ETF"
"37954Y848","SIL","Global X Silver Miners ETF","ETF"
"146280508","SILA","Sila Realty Trust Inc","REIT - Healthcare Facilities"
"M84116108","SILC","Silicom Ltd","Communication Equipment"
"032108649","SILJ","Amplify Junior Silver Miners ETF","ETF"
"26924G102","SILJ","Amplify Junior Silver Miners ETF","ETF"
"82711P201","SILO","Silo Pharma Inc","Biotechnology"
"828363101","SILV","Silvercrest Metals Inc","Silver"
"400491106","SIM","Grupo Simec S.A.B. de C.V.","Steel"
"G8431T101","SIMA","Sim Acquisition Corp I","Shell Companies"
"G8431T127","SIMAU","Sim Acquisition Corp I","Shell Companies"
"G8431T119","SIMAW","Sim Acquisition Corp I","Shell Companies"
"82706C108","SIMO","Silicon Motion Technology Co","Semiconductors"
"78468R697","SIMS","SPDR S&P Kensho Intelligent Structures ETF","ETF"
"G81569108","SIND","Sinda Ltd","Other Precious Metals & Mining"
"82930C106","SINGY","Singapore Airlines Limited","Airlines"
"829392703","SINT","Sintx Technologies Inc","Medical Devices"
"89157W202","SIO","Touchstone Strategic Income ETF","ETF"
"829401108","SION","Sionna Therapeutics Inc","Biotechnology"
"82968B103","SIRI","Sirius Xm Holdings Inc","Entertainment"
"829933100","SIRI","Sirius Xm Holdings Inc","Entertainment"
"82981J851","SITC","Site Centers Corp","REIT - Retail"
"82982L103","SITE","SiteOne Landscape Supply Inc","Industrial Distribution"
"82982T106","SITM","Sitime Corp","Semiconductors"
"003264108","SIVR","abrdn Physical Silver Shares ETF","ETF"
"301505681","SIXA","ETC 6 Meridian Mega Cap Equity ETF","ETF"
"00888H646","SIXD","AllianzIM US Large Cap 6 Month Buffer10 Jun/Dec ETF","ETF"
"00888H679","SIXF","AllianzIM US Large Cap 6 Month Buffer10 Feb/Aug ETF","ETF"
"301505665","SIXH","ETC 6 Meridian Hedged Equity-Index Option Strategy ETF","ETF"
"00888H869","SIXJ","AllianzIM US Large Cap 6 Month Buffer10 Jan/Jul ETF","ETF"
"301505699","SIXL","ETC 6 Meridian Low Beta Equity Strategy ETF","ETF"
"00888H877","SIXO","AllianzIM US Large Cap 6 Month Buffer10 Apr/Oct ETF","ETF"
"00888H661","SIXP","AllianzIM US Large Cap 6 Month Buffer10 Mar/Sep ETF","ETF"
"301505673","SIXS","ETC 6 Meridian Small Cap Equity ETF","ETF"
"00888H653","SIXZ","AllianzIM US Large Cap 6 Month Buffer10 May/Nov ETF","ETF"
"46432F370","SIZE","iShares MSCI USA Size Factor ETF","ETF"
"G7864D112","SJ","Scienjoy Holding Corp","Internet Content & Information"
"74347R131","SJB","ProShares Short High Yield","ETF"
"56170L687","SJCP","SanJac Alpha Core Plus Bond ETF","ETF"
"832696405","SJM","J.M. Smucker Company","Packaged Foods"
"78428L103","SJMHY","SJM Holdings Limited","Resorts & Casinos"
"78468R408","SJNK","SPDR Bloomberg Short Term High Yield Bond ETF","ETF"
"798241105","SJT","San Juan Basin Royalty Trust","Oil & Gas E&P"
"830561205","SKBSY","Skanska AB","Engineering & Construction"
"83056P715","SKE","Skeena Resources Limited","Other Industrial Metals & Mining"
"74347G150","SKF","ProShares UltraShort Financials","ETF"
"784375404","SKFRY","SKF AB","Tools & Accessories"
"83546A203","SKHHY","Sonic Healthcare Limited","Diagnostics & Research"
"816078307","SKHSY","Sekisui House Ltd","Residential Construction"
"83066P309","SKIL","Skillsoft Corp","Education & Training Services"
"88331L108","SKIN","The Beauty Health Company","Household & Personal Products"
"G8292E102","SKK","SKK Holdings Limited","Engineering & Construction"
"81572A105","SKLTY","SEEK Limited","Internet Content & Information"
"78440P306","SKM","SK Telecom","Telecom Services"
"33939L761","SKOR","FlexShares Credit-Scored US Corporate Bond Index Fund","ETF"
"26923N686","SKRE","Daily 2X Inverse Regional Banks ETF","ETF"
"875465106","SKT","Tanger Inc","REIT - Retail"
"830940102","SKWD","Skyward Specialty Insurance Group Inc","Insurance - Property & Casualty"
"830566105","SKX","Skechers U.S.A.","Footwear & Accessories"
"830830105","SKY","Champion Homes Inc","Residential Construction"
"G82220123","SKYA","SkyAI Inc","Software - Infrastructure"
"G82220115","SKYAW","SkyAI Inc","Software - Infrastructure"
"83086J200","SKYE","Skye Bioscience Inc","Biotechnology"
"83085C107","SKYH","Sky Harbour Group Corporation","Real Estate - Development"
"83087C204","SKYQ","Sky Quarry Inc","Oil & Gas Integrated"
"83089J108","SKYT","Skywater Technology Inc","Semiconductors"
"74347G788","SKYU","ProShares Ultra Cloud Computing","ETF"
"830879102","SKYW","Skywest Inc","Airlines"
"78471E105","SKYX","SKYX Platforms Corp","Electrical Equipment & Parts"
"33734X192","SKYY","First Trust Cloud Computing ETF","ETF"
"826919102","SLAB","Silicon Laboratories Inc","Semiconductors"
"055474209","SLAI","SOLAI Limited","Information Technology Services"
"806857108","SLB","Schlumberger Ltd","Oil & Gas Equipment & Services"
"90346E103","SLCA","US Silica Holdings Inc","Other Industrial Metals & Mining"
"83422E105","SLDB","Solid Biosciences Inc","Biotechnology"
"83422E204","SLDB","Solid Biosciences Inc","Biotechnology"
"831349105","SLDE","Slide Insurance Holdings Inc","Insurance - Property & Casualty"
"83422N105","SLDP","Solid Power Inc","Auto Parts"
"83422N113","SLDPW","Solid Power Inc","Auto Parts"
"37960A412","SLDR","Global X Short-Term Treasury Ladder ETF","ETF"
"86804F301","SLE","Super League Enterprise Inc","Internet Content & Information"
"866796105","SLF","Sun Life Financial Inc","Insurance - Diversified"
"78440X887","SLG","SL Green Realty Corp","REIT - Office"
"M8694L103","SLGL","Sol-Gel Technologies","Biotechnology"
"827048109","SLGN","Silgan Holdings Inc","Packaging & Containers"
"853606101","SLI","Standard Lithium Ltd","Other Industrial Metals & Mining"
"80104Q208","SLLDY","Sanlam Limited","Insurance - Life"
"78442P106","SLM","SLM Corporation","Credit Services"
"G13311116","SLMT","Brera Holdings PLC","Entertainment"
"82686Q101","SLN","Silence Therapeutics plc","Biotechnology"
"05601A109","SLNAF","Selina Hospitality PLC","Resorts & Casinos"
"G8059B101","SLNAF","Selina Hospitality PLC","Resorts & Casinos"
"84445C100","SLND","Southland Holdings Inc","Engineering & Construction"
"84445C118","SLNDWS","Southland Holdings Inc","Engineering & Construction"
"85236P101","SLNG","Stabilis Solutions Inc","Oil & Gas Integrated"
"583543301","SLNH","Soluna Holdings Inc","Capital Markets"
"834203309","SLNO","Soleno Therapeutics Inc","Biotechnology"
"29287L809","SLNZ","TCW Senior Loan ETF","ETF"
"74349Y647","SLON","ProShares Ultra Solana ETF","ETF"
"829214105","SLP","Simulations Plus Inc","Health Information Services"
"46434V100","SLQD","iShares 0-5 Year Investment Grade Corporate Bond ETF","ETF"
"816307300","SLQT","SelectQuote Inc","Insurance Brokers"
"83413U100","SLRC","Slr Investment Corp","Asset Management"
"00445A100","SLRN","Acelyrin Inc","Biotechnology"
"81642T209","SLS","Sellas Life Sciences Group Inc","Biotechnology"
"630079101","SLSN","Solesence Inc","Household & Personal Products"
"83419D201","SLSR","Solaris Resources Inc","Other Precious Metals & Mining"
"88636R677","SLTY","YieldmaxTM Ultra Short Option Income Strategy ETF","ETF"
"46428Q109","SLV","iShares Silver Trust","ETF"
"871332102","SLVM","Sylvamo Corp","Paper & Paper Products"
"22542D225","SLVO","Ubs Ag Jersey Branch","ETF"
"464286327","SLVP","iShares MSCI Global Silver and Metals Miners ETF","ETF"
"85208P873","SLVR","Sprott Silver Miners & Physical Silver ETF","ETF"
"834437402","SLVYY","Solvay SA","Chemicals"
"92189F205","SLX","VanEck Steel ETF","ETF"
"G1281K114","SLXN","Silexion Therapeutics Corp","Biotechnology"
"78464A201","SLYG","SPDR S&P 600 Small Cap Growth ETF","ETF"
"78464A300","SLYV","SPDR S&P 600 Small Cap Value ETF","ETF"
"78454L100","SM","SM Energy Company","Oil & Gas E&P"
"83192D402","SMA","SmartStop Self Storage REIT Inc","REIT - Industrial"
"032108490","SMAP","Amplify Small-Mid Cap Equity ETF","ETF"
"83200N103","SMAR","Smartsheet Inc","Software - Application"
"46438G588","SMAX","Large Cap Max Buffer Sep ETF","ETF"
"33740F466","SMAY","FT Vest US Small Cap Moderate Buffer ETF - May","ETF"
"92189F528","SMB","VanEck Short Muni ETF","ETF"
"843380106","SMBC","Southern Missouri Bancorp Inc","Banks - Regional"
"83190L208","SMBK","SmartFinancial Inc","Banks - Regional"
"808524615","SMBS","Schwab Mortgage-Backed Securities ETF","ETF"
"86614G101","SMC","Summit Midstream Corporation","Oil & Gas Midstream"
"882927866","SMCF","Themes US Small Cap Cash Flow Champions ETF","ETF"
"86800U302","SMCI","Super Micro Computer Inc","Computer Hardware"
"86800UAB0","SMCI","Super Micro Computer Inc","Computer Hardware"
"86800U500","SMCIP","Super Micro Computer Inc","Computer Hardware"
"38747R660","SMCL","Graniteshares 2x Long SMCI Daily ETF","ETF"
"38747T575","SMCL","Graniteshares 2x Long SMCI Daily ETF","ETF"
"88636J675","SMCO","Hilton Small-Midcap Opportunity ETF","ETF"
"88636W239","SMCX","Defiance Daily Target 2X Long SMCI ETF","ETF"
"88636R867","SMCY","YieldMax SMCI Option Income Strategy ETF","ETF"
"88636V504","SMCZ","Defiance Daily Target 2X Short SMCI ETF","ETF"
"88636W262","SMCZ","Defiance Daily Target 2X Short SMCI ETF","ETF"
"74347B698","SMDV","ProShares Russell 2000 Dividend Growers ETF","ETF"
"78445W306","SMECF","SMC Corporation","Specialty Industrial Machinery"
"86562M209","SMFG","Sumitomo Mitsui Financial Group Inc","Banks - Diversified"
"810186106","SMG","The Scotts Miracle-Gro Company","Agricultural Inputs"
"83238P203","SMGZY","Smiths Group plc","Specialty Industrial Machinery"
"92189F676","SMH","VanEck Semiconductor ETF","ETF"
"78413P101","SMHI","Seacor Marine Holdings Inc","Marine Shipping"
"92189H664","SMHX","VanEck Fabless Semiconductor ETF","ETF"
"92189H813","SMI","VanEck HIP Sustainable Muni ETF","ETF"
"832156103","SMID","Smith Midland Corp","Building Materials"
"26922B832","SMIG","Bahl & Gaynor Small/Mid Cap Income Growth ETF","ETF"
"46429B614","SMIN","iShares MSCI India Small-Cap ETF","ETF"
"98888G204","SMIZ","Zacks Small/Mid Cap ETF","ETF"
"46434V290","SMLF","iShares US Small-Cap Equity Factor ETF","ETF"
"41151J752","SMLL","Harbor Active Small Cap ETF","ETF"
"81684M104","SMLR","Semler Scientific Inc","Medical Devices"
"78468R887","SMLV","SPDR SSGA US Small Cap Low Volatility Index ETF","ETF"
"46435G268","SMMD","iShares Russell 2500 ETF","ETF"
"82622J104","SMMNY","Siemens Healthineers AG","Medical Devices"
"86627T108","SMMT","Summit Therapeutics Inc","Biotechnology"
"72201R874","SMMU","PIMCO Short Term Municipal Bond Active ETF","ETF"
"46435G433","SMMV","iShares MSCI USA Small-Cap Min Vol Factor ETF","ETF"
"86563T104","SMMYY","Sumitomo Metal Mining Co Ltd","Other Industrial Metals & Mining"
"74347G226","SMN","ProShares UltraShort Materials","ETF"
"82621A104","SMNEY","Siemens Energy AG ADR","Specialty Industrial Machinery"
"82455C101","SMNNY","Shimano Inc","Leisure"
"92189F502","SMOG","VanEck Low Carbon Energy ETF","ETF"
"92189H730","SMOT","VanEck Morningstar SMID Moat ETF","ETF"
"853666105","SMP","Standard Motor Products Inc","Auto Parts"
"82900L102","SMPL","Simply Good Foods Co","Packaged Foods"
"83540J101","SMPNY","Sompo Holdings Inc","Insurance - Property & Casualty"
"67079K100","SMR","NuScale Power Corporation","Specialty Industrial Machinery"
"02072L425","SMRI","Bushido Capital US Equity ETF","ETF"
"83193G107","SMRT","Smartrent Inc","Software - Application"
"832154405","SMSI","Smith Micro Software Inc","Software - Application"
"88636R115","SMST","Defiance Daily Target 2X Short MSTR ETF","ETF"
"816850101","SMTC","Semtech Corporation","Semiconductors"
"00162Q346","SMTH","ALPS Smith Core Plus Bond ETF","ETF"
"79957L100","SMTI","Sanara Medtech Inc","Medical Instruments & Supplies"
"83193D203","SMTK","SmartKem Inc","Semiconductor Equipment & Materials"
"865617203","SMTOY","Sumitomo Electric Industries Ltd","Auto Parts"
"M84137104","SMWB","SimilarWeb","Software - Application"
"G8267K117","SMX","SMX (Security Matters) plc","Specialty Business Services"
"83419H103","SMXT","Solarmax Technology Inc","Solar"
"38747R264","SMYY","GraniteShares YieldBOOST SMCI ETF","ETF"
"G8068L108","SN","SharkNinja Inc","Furnishings, Fixtures & Appliances"
"833034101","SNA","Snap On Inc","Tools & Accessories"
"83301J100","SNAL","Snail Inc","Electronic Gaming & Multimedia"
"83304A106","SNAP","Snap Inc","Internet Content & Information"
"83304AAB2","SNAP","Snap Inc","Internet Content & Information"
"83304AAH9","SNAP","Snap Inc","Internet Content & Information"
"83304AAK2","SNAP","Snap Inc","Internet Content & Information"
"19423L524","SNAV","Mohr Sector Nav ETF","ETF"
"863685103","SNAX","Stryve Foods Inc","Packaged Foods"
"863685202","SNAX","Stryve Foods Inc","Packaged Foods"
"863685111","SNAXW","Stryve Foods Inc","Packaged Foods"
"83125X103","SNBRQ","Sleep Number Corp","Furnishings, Fixtures & Appliances"
"87157B400","SNCR","Synchronoss Technologies Inc","Software - Application"
"866683105","SNCY","Sun Country Airlines Holdings Inc","Airlines"
"83191H107","SND","Smart Sand Inc","Oil & Gas Equipment & Services"
"140475203","SNDA","Sonida Senior Living Inc","Medical Care Facilities"
"88340C453","SNDG","Leverage Shares 2X Long SNDK Daily ETF","ETF"
"80004C200","SNDK","Sandisk Corporation","Computer Hardware"
"83307B101","SNDL","SNDL Inc","Beverages - Wineries & Distilleries"
"46152A361","SNDQ","Tradr 2X Short SNDK Daily ETF","ETF"
"80689H102","SNDR","Schneider National Inc","Trucking"
"87164F105","SNDX","Syndax Pharmaceuticals Inc","Biotechnology"
"81720R604","SNES","Senestech Inc","Specialty Chemicals"
"861896108","SNEX","Stonex Group Inc","Capital Markets"
"814785309","SNFCA","Security National Financial Corporation","Insurance - Life"
"SG1T75931","SNGNF","Singapore Telecommunications Limited","Telecom Services"
"868861105","SNGS","Surgutneftegas PJSC","Oil & Gas Integrated"
"868861204","SNGSP","Surgutneftegas Public Joint Stock Company","Oil & Gas Integrated"
"834223604","SNGX","Soligenix Inc","Biotechnology"
"829344308","SNLAY","Sino Land Company Limited","Real Estate - Development"
"86723Y407","SNMCY","Suncorp Group Limited","Insurance - Property & Casualty"
"78460A106","SNMRY","Snam SpA","Utilities - Regulated Gas"
"83175M205","SNN","Smith & Nephew plc","Medical Devices"
"83558L303","SNOA","Sonoma Pharmaceuticals Inc","Drug Manufacturers - Specialty & Generic"
"26923Q713","SNOU","T-Rex 2X Long SNOW Daily Target ETF","ETF"
"33740F342","SNOV","FT Vest US Small Cap Moderate Buffer ETF - November","ETF"
"833445109","SNOW","Snowflake Inc","Software - Application"
"833445AD1","SNOW","Snowflake Inc","Software - Application"
"808515621","SNOXX","Charles Schwab Family of Funds - Schwab Treasury Obligations Money Fund","ETF"
"88636J774","SNOY","YieldMax SNOW Option Income Strategy ETF","ETF"
"23306X506","SNPD","Xtrackers S&P Dividend Aristocrats Screened ETF","ETF"
"233051143","SNPE","Xtrackers S&P 500 Scored & Screened ETF","ETF"
"23306X308","SNPG","Xtrackers S&P 500 Growth Scored & Screened ETF","ETF"
"80287P100","SNPHY","Santen Pharmaceutical Co Ltd","Drug Manufacturers - General"
"871607107","SNPS","Synopsys Inc","Software - Infrastructure"
"867975104","SNREY","Sunrise Communications AG","Telecom Services"
"37954Y780","SNSR","Global X Internet of Things ETF","ETF"
"808515548","SNSXX","Charles Schwab Family of Funds - Schwab US Treasury Money Fund","ETF"
"81728N100","SNT","Senstar Technologies Corp","Security & Protection Services"
"G8062B114","SNTG","Sentage Holdings Inc","Credit Services"
"45259A548","SNTH","MRP SynthEquity ETF","ETF"
"81726A100","SNTI","Senti Biosciences Inc","Biotechnology"
"81726A209","SNTI","Senti Biosciences Inc","Biotechnology"
"87161C501","SNV","Synovus Financial Corp","Banks - Regional"
"80303D305","SNWV","Sanuwave Health Inc","Medical Devices"
"87162W100","SNX","TD Synnex Corporation","Electronics & Computer Distribution"
"46152A668","SNXX","Tradr 2X Long Sndk Daily ETF","ETF"
"80105N105","SNY","Sanofi Aventis","Drug Manufacturers - General"
"842587107","SO","Southern Co","Utilities - Regulated Electric"
"80385Q208","SOAGY","Sartorius Aktiengesellschaft","Medical Instruments & Supplies"
"74349W104","SOAR","Volato Group Inc","Airports & Air Services"
"74349W112","SOARW","Volato Group Inc","Airports & Air Services"
"83405K102","SOBKY","SoftBank Corp","Telecom Services"
"83671M105","SOBO","South Bow Corp","Oil & Gas Midstream"
"833592306","SOBR","Sobr Safe Inc","Scientific & Technical Instruments"
"78574H104","SOC","Sable Offshore Corp","Oil & Gas Drilling"
"G82617104","SOCA","Solarius Capital Acquisition Corp","Shell Companies"
"G82617120","SOCAU","Solarius Capital Acquisition Corp","Shell Companies"
"G82617112","SOCAW","Solarius Capital Acquisition Corp","Shell Companies"
"37950E416","SOCL","Global X Social Media ETF","ETF"
"83406F102","SOFI","SoFi Technologies Inc","Credit Services"
"032108672","SOFR","Amplify Samsung SOFR ETF","ETF"
"88636R545","SOFX","Defiance Daily Target 2X Long SOFI ETF","ETF"
"53933L203","SOGP","Sound Group Inc","Internet Content & Information"
"83600C103","SOHO","Sotherly Hotels Inc","REIT - Hotel & Motel"
"83410S108","SOHU","Sohu Com Ltd","Electronic Gaming & Multimedia"
"75971T301","SOL","Emeren Group Ltd","Solar"
"88428J107","SOLQ.TO","3iQ Solana Staking ETF","ETF"
"83443Q103","SOLS","Solstice Advanced Materials Inc","Specialty Chemicals"
"92864M830","SOLT","2x Solana ETF","ETF"
"92865J737","SOLT","2x Solana ETF","ETF"
"83444M101","SOLV","Solventum Corp","Medical Instruments & Supplies"
"92864M822","SOLZ","Solana ETF","ETF"
"813113206","SOMLY","SECOM CO LTD","Security & Protection Services"
"865612105","SOMMY","Sumitomo Chemical Company Limited","Chemicals"
"842587842","SOMN","The Southern Company","Utilities - Regulated Electric"
"835495102","SON","Sonoco Products Company","Packaging & Containers"
"83542D300","SONDQ","Sonder Holdings Inc","Lodging"
"83542D110","SONDW","Sonder Holdings Inc","Lodging"
"83548F309","SONM","DNA X Inc","Software - Infrastructure"
"83548R402","SONN","Sonnet BioTherapeutics Holdings Inc","Biotechnology"
"83570H108","SONO","Sonos Inc","Consumer Electronics"
"83569C102","SONVY","Sonova Holding AG","Medical Devices"
"835699307","SONY","Sony Group Corp","Consumer Electronics"
"83370P201","SOPAQ","Society Pass Inc","Advertising Agencies"
"H82027105","SOPH","Sophia Genetics Sa","Health Information Services"
"836144303","SOR","Source Capital","Asset Management"
"G8946B108","SORA","AsiaStrategy","Luxury Goods"
"G8274J103","SORN","Soren Acquisition Corp","Shell Companies"
"G8274J111","SORNW","Soren Acquisition Corp","Shell Companies"
"83587W304","SOS","SOS Limited","Capital Markets"
"86745T105","SOTGY","Sunny Optical Technology Company Limited","Electronic Components"
"835483108","SOTK","Sono-Tek Corp","Scientific & Technical Instruments"
"84473L105","SOUHY","South32 Limited","Other Industrial Metals & Mining"
"G82745103","SOUL","Soulpower Acquisition Corp","Shell Companies"
"G82745137","SOULRT","Soulpower Acquisition Corp","Shell Companies"
"G82745129","SOULU","Soulpower Acquisition Corp","Shell Companies"
"836100107","SOUN","Soundhound AI Inc","Software - Application"
"836100115","SOUNW","Soundhound AI Inc","Software - Application"
"210322202","SOVF","Sovereign's Capital Flourish Fund","ETF"
"84612H106","SOWG","Sow Good Inc","Confectioners"
"25459W458","SOXL","Direxion Daily Semiconductor Bull 3X Shares","ETF"
"46138G615","SOXQ","Invesco PHLX Semiconductor ETF","ETF"
"25460G112","SOXS","Direxion Daily Semiconductor Bear 3X Shares","ETF"
"25460G336","SOXS","Direxion Daily Semiconductor Bear 3X Shares","ETF"
"25460G690","SOXS","Direxion Daily Semiconductor Bear 3X Shares","ETF"
"25461H572","SOXS","Direxion Daily Semiconductor Bear 3X Shares","ETF"
"464287523","SOXX","iShares Semiconductor ETF","ETF"
"88636R818","SOXY","YieldMax Target 12 Semiconductor Option Income ETF","ETF"
"88166A607","SOYB","Teucrium Soybean Fund","ETF"
"78464A649","SPAB","SPDR Portfolio Aggregate Bond ETF","ETF"
"78642D101","SPAI","Safe Pro Group Inc","Aerospace & Defense"
"882927304","SPAM","Themes Cybersecurity ETF","ETF"
"84677R106","SPAQ","Horizon Kinetics SPAC Active ETF","ETF"
"886364678","SPAX","Robinson Alternative Yield Pre-Merger SPAC ETF","ETF"
"84790A105","SPB","Spectrum Brands Holdings Inc","Household & Personal Products"
"82889N848","SPBC","Simplify US Equity PLUS Bitcoin Strategy ETF","ETF"
"78464A144","SPBO","SPDR Portfolio Corporate Bond ETF","ETF"
"00888H455","SPBU","AllianzIM Buffer15 Uncapped Allocation ETF","ETF"
"00888H471","SPBX","AllianzIM 6 Month Buffer10 Allocation ETF","ETF"
"M87095309","SPCB","SuperCom Ltd","Security & Protection Services"
"92766K403","SPCE","Virgin Galactic Holdings Inc","Aerospace & Defense"
"92766K106","SPCE.MX","VIRGIN GALACTIC HOLDINGS INC",""
"46152A288","SPCG","Tradr 2X Short SpaceX Daily ETF","ETF"
"88340W525","SPCH","Leverage Shares 2X Long SPCX Daily ETF","ETF"
"19423L672","SPCK","SPAC and New Issue ETF","ETF"
"88636Y797","SPCL","Tidal Trust II - Defiance Daily 2X Space ETF","ETF"
"G8274F101","SPCM","Tradr 2X Long SpaceX Daily ETF","ETF"
"84615Q103","SPCX","Space Exploration Technologies Corp","Aerospace & Defense"
"82889N202","SPD","Simplify US Equity PLUS Downside Convexity ETF","ETF"
"25460E869","SPDN","Direxion Daily S&P 500 Bear 1X Shares","ETF"
"26922A594","SPDV","AAM S&P 500 High Dividend Value ETF","ETF"
"78463X889","SPDW","SPDR Portfolio Developed World ex-US ETF","ETF"
"84753T117","SPECW","Spectaire Holdings Inc",""
"G8192J102","SPEG","Silver Pegasus Acquisition Corp","Shell Companies"
"78463X509","SPEM","SPDR Portfolio Emerging Markets ETF","ETF"
"84762LAZ8","SPET","Spectrum Electrical Industries Ltd","Electrical Equipment & Parts"
"78463X103","SPEU","SPDR Portfolio Europe ETF","ETF"
"37950E333","SPFF","Global X SuperIncome Preferred ETF","ETF"
"83946P107","SPFI","South Plains Financial Inc","Banks - Regional"
"828806109","SPG","Simon Property Group Inc","REIT - Retail"
"78577G202","SPGC","Sacks Parente Golf Inc","Leisure"
"78409V104","SPGI","S&P Global Inc","Financial Data & Stock Exchanges"
"78463X475","SPGM","SPDR Portfolio MSCI Global Stock Market ETF","ETF"
"46137V431","SPGP","Invesco S&P 500 GARP ETF","ETF"
"864482104","SPH","Suburban Propane Partners LP","Utilities - Regulated Gas"
"46138E370","SPHB","Invesco S&P 500 High Beta ETF","ETF"
"46138E362","SPHD","Invesco S&P 500 High Dividend Low Volatility ETF","ETF"
"G83761109","SPHL","Springview Holdings Ltd","Residential Construction"
"46137V241","SPHQ","Invesco S&P 500 Quality ETF","ETF"
"55826T102","SPHR","Sphere Entertainment Co","Entertainment"
"55826TAB8","SPHR","Sphere Entertainment Co","Entertainment"
"78468R606","SPHY","SPDR Portfolio High Yield Bond ETF","ETF"
"78464A375","SPIB","SPDR Portfolio Intermediate Term Corporate Bond ETF","ETF"
"G8651P110","SPIEF","Spi Energy Co Ltd","Solar"
"78470P838","SPIN","SPDR SSGA US Equity Premium Income ETF","ETF"
"78464A656","SPIP","SPDR Portfolio TIPS ETF","ETF"
"848560306","SPIR","Spire Global Inc","Specialty Business Services"
"84652A102","SPKKY","Spark New Zealand Limited","Telecom Services"
"G8316B100","SPKL","Spark I Acquisition Corp","Shell Companies"
"G8316B126","SPKLU","Spark I Acquisition Corp","Shell Companies"
"G8316B118","SPKLW","Spark I Acquisition Corp","Shell Companies"
"78464A367","SPLB","SPDR Portfolio Long Term Corporate Bond ETF","ETF"
"46138E354","SPLV","Invesco S&P 500 Low Volatility ETF","ETF"
"78464A383","SPMB","SPDR Portfolio Mortgage Backed Bond ETF","ETF"
"83617A108","SPMC","Sound Point Meridian Capital Inc","Asset Management"
"78464A847","SPMD","SPDR Portfolio S&P 400 Mid Cap ETF","ETF"
"46138E339","SPMO","Invesco S&P 500 Momentum ETF","ETF"
"46138E347","SPMV","Invesco S&P 500 Minimum Variance ETF","ETF"
"G7T16G103","SPNS","Sapiens International Corporation NV","Software - Application"
"G8192H106","SPNT","Siriuspoint Ltd","Insurance - Reinsurance"
"84863T106","SPOK","Spok Holdings Inc","Health Information Services"
"84921RAB6","SPOT","Spotify Technology SA","Internet Content & Information"
"L8681T102","SPOT","Spotify Technology SA","Internet Content & Information"
"G8192U115","SPPL","Simpple Ltd","Specialty Industrial Machinery"
"85207Q104","SPPP","Sprott Physical Platinum & Palladium Trust","Other Precious Metals & Mining"
"848574109","SPR","Spirit Aerosystems Holdings Inc","Aerospace & Defense"
"85209E109","SPRB","Spruce Biosciences Inc","Biotechnology"
"M82618113","SPRC","SciSparc Ltd","Biotechnology"
"886364769","SPRE","SP Funds S&P Global REIT Sharia ETF","ETF"
"84833T103","SPRO","Spero Therapeutics Inc","Biotechnology"
"9837FR209","SPRU","Spruce Power Holding Corp","Solar"
"82835W108","SPRY","Ars Pharmaceuticals Inc","Biotechnology"
"78464A474","SPSB","SPDR Portfolio Short Term Corporate Bond ETF","ETF"
"78463M107","SPSC","Sps Comm Inc","Software - Application"
"886364702","SPSK","SP Funds Dow Jones Global Sukuk ETF","ETF"
"78468R853","SPSM","SPDR Portfolio S&P 600 Small Cap ETF","ETF"
"85209W109","SPT","Sprout Social Inc","Software - Application"
"78468R457","SPTB","SPDR Portfolio Treasury ETF","ETF"
"84612A101","SPTE","SP Funds S&P Global Technology ETF","ETF"
"78464A672","SPTI","SPDR Portfolio Intermediate Term Treasury ETF","ETF"
"78464A664","SPTL","SPDR Portfolio Long Term Treasury ETF","ETF"
"78464A805","SPTM","SPDR Portfolio S&P 1500 Composite Stock Market ETF","ETF"
"847215100","SPTN","Spartannash Co","Food Distribution"
"78468R101","SPTS","SPDR Portfolio Short Term Treasury ETF","ETF"
"82889N301","SPUC","Simplify US Equity PLUS Upside Convexity ETF","ETF"
"886364801","SPUS","SP Funds S&P 500 Sharia Industry Exclusions ETF","ETF"
"45784N403","SPUT","Innovator Equity Premium Income - Daily PutWrite ETF","ETF"
"25459Y165","SPUU","Direxion Daily S&P 500 Bull 2X Shares","ETF"
"46137V423","SPVM","Invesco S&P 500 Value with Momentum ETF","ETF"
"84920Y106","SPWH","Sportsman's Warehouse Holdings Inc","Specialty Retail"
"84612A200","SPWO","SP Funds S&P World ETF","ETF"
"20460L104","SPWR","Complete Solaria Inc","Solar"
"20460L112","SPWRW","Complete Solaria Inc","Solar"
"78473E103","SPXC","SPX Technologies Inc","Building Products & Equipment"
"82929W105","SPXCY","Singapore Exchange Limited","Financial Data & Stock Exchanges"
"74347B581","SPXE","ProShares S&P 500 ex-Energy ETF","ETF"
"25459W862","SPXL","Direxion Daily S&P500 Bull 3X Shares","ETF"
"74347B573","SPXN","ProShares S&P 500 ex-Financials ETF","ETF"
"25460E190","SPXS","Direxion Daily S&P 500 Bear 3X Shares","ETF"
"25460E265","SPXS","Direxion Daily S&P 500 Bear 3X Shares","ETF"
"84857N107","SPXSY","Spirax Group plc","Specialty Industrial Machinery"
"74347B557","SPXT","ProShares S&P 500 ex-Technology ETF","ETF"
"74347B110","SPXU","ProShares UltraPro Short S&P500","ETF"
"74349Y845","SPXU","ProShares UltraPro Short S&P500","ETF"
"74350P659","SPXU","ProShares UltraPro Short S&P500","ETF"
"74347B565","SPXV","ProShares S&P 500 ex-Health Care ETF","ETF"
"78462F103","SPY","SPDR S&P 500 ETF","ETF"
"82889N103","SPYC","Simplify US Equity PLUS Convexity ETF","ETF"
"78468R788","SPYD","SPDR Portfolio S&P 500 High Dividend ETF","ETF"
"78464A409","SPYG","SPDR Portfolio S&P 500 Growth ETF","ETF"
"78433H568","SPYH","NEOS S&P 500 Hedged Equity Income ETF","ETF"
"78433H303","SPYI","Neos S&P 500 High Income ETF","ETF"
"78464A854","SPYM","State Street SPDR Portfolio S&P 500 ETF","ETF"
"46092D756","SPYQ","Tradr 2X Long SPY Quarterly ETF","ETF"
"88636J568","SPYT","Tidal Trust II Defiance S&P 500","ETF"
"063679567","SPYU","MAX S&P 500 4X Leveraged ETN","ETF"
"78464A508","SPYV","SPDR Portfolio S&P 500 Value ETF","ETF"
"78468R796","SPYX","SPDR S&P 500 Fossil Fuel Reserves Free ETF","ETF"
"90214Q683","SQEW","LeaderShares Equity Skew ETF","ETF"
"74102L303","SQFT","Presidio Property Trust Inc","REIT - Diversified"
"74102L113","SQFTW","Presidio Property Trust Inc","REIT - Diversified"
"52468L877","SQLV","Royce Quant Small-Cap Quality Value ETF","ETF"
"833635105","SQM","Sociedad Química y Minera de Chile S.A.","Specialty Chemicals"
"33740U463","SQMX","First Trust Vest US Equity Quarterly Max Buffer ETF","ETF"
"817323306","SQNS","Sequans Communications SA","Semiconductors"
"74347G192","SQQQ","ProShares UltraPro Short QQQ","ETF"
"74347G861","SQQQ","ProShares UltraPro Short QQQ","ETF"
"74350P675","SQQQ","ProShares UltraPro Short QQQ","ETF"
"85225A107","SQSP","Squarespace Inc","Software - Application"
"84857L101","SR","Spire Inc","Utilities - Regulated Gas"
"H8088L103","SRAD","Sportradar Group AG","Software - Application"
"85227J106","SRBK","SR Bancorp Inc","Banks - Regional"
"336901103","SRCE","1St Source Corp","Banks - Regional"
"812224202","SRCH","Searchlight Minerals Corp","Other Industrial Metals & Mining"
"858912108","SRCL","Stericycle Inc","Waste Management"
"868873100","SRDX","Surmodics Inc","Medical Devices"
"816851109","SRE","Sempra","Utilities - Diversified"
"37960A651","SRET","Global X SuperDividend REIT ETF","ETF"
"868927203","SRFM","Surf Air Mobility Inc","Airlines"
"81752R100","SRG","Seritage Growth Properties","Real Estate Services"
"82510E209","SRGHY","Shoprite Holdings Ltd","Department Stores"
"210322103","SRHQ","SRH US Quality GARP ETF","ETF"
"210322301","SRHR","SRH REIT Covered Call ETF","ETF"
"86183P102","SRI","Stoneridge Inc","Auto Parts"
"G7T96K107","SRL","Scully Royalty Ltd","Capital Markets"
"78467V608","SRLN","SPDR Blackstone Senior Loan ETF","ETF"
"83587F202","SRNE","Sorrento Therapeutics Inc","Biotechnology"
"12811T209","SROI","Calamos Antetokounmpo Global Sustainable Equities ETF","ETF"
"803607100","SRPT","Sarepta Therapeutics Inc","Biotechnology"
"803607AD2","SRPT","Sarepta Therapeutics Inc","Biotechnology"
"80706P103","SRRK","Scholar Rock Holding Corporation","Biotechnology"
"74347G143","SRS","ProShares UltraShort Real Estate","ETF"
"74347G556","SRS","ProShares UltraShort Real Estate","ETF"
"092667104","SRTA","Strata Critical Medical Inc","Medical Care Facilities"
"092667112","SRTAW","Strata Critical Medical Inc","Medical Care Facilities"
"81728J109","SRTS","Sensus Healthcare Inc","Medical Devices"
"74347G390","SRTY","ProShares UltraPro Short Russell2000","ETF"
"74347G747","SRTY","ProShares UltraPro Short Russell2000","ETF"
"74350P642","SRTY","ProShares UltraPro Short Russell2000","ETF"
"231631300","SRV","NXG Cushing Midstream Energy Fund","Asset Management"
"69374H741","SRVR","Pacer Benchmark Data & Infrastructure Real Estate SCTR ETF","ETF"
"08771Y402","SRXH","Srx Health Solutions Inc","Packaged Foods"
"86889P208","SRZN","Surrozen Inc","Biotechnology"
"86889P117","SRZNW","Surrozen Inc","Biotechnology"
"840441109","SSB","SouthState Bank Corporation","Banks - Regional"
"84472E102","SSB","SouthState Bank Corporation","Banks - Regional"
"866264203","SSBI","Summit State Bank","Banks - Regional"
"843878307","SSBK","Southern States Bancshares Inc","Banks - Regional"
"829073105","SSD","Simpson Manufacturing Co Inc","Lumber & Wood Production"
"824841407","SSDOY","Shiseido Company Limited","Household & Personal Products"
"G8559L112","SSEA","Starry Sea Acquisition Corp","Shell Companies"
"78467K107","SSEZY","SSE plc","Utilities - Diversified"
"74347G622","SSG","ProShares UltraShort Semiconductors","ETF"
"74349Y860","SSG","ProShares UltraShort Semiconductors","ETF"
"74350P584","SSG","ProShares UltraShort Semiconductors","ETF"
"05453U203","SSII","SS Innovations International Inc","Medical Devices"
"26923N249","SSK","REX Osprey SOL Staking ETF","ETF"
"86272A305","SSKN","Strata Skin Sciences Inc","Medical Devices"
"803866300","SSL","Sasol Limited","Specialty Chemicals"
"803021807","SSLZY","Santos Limited","Oil & Gas E&P"
"867866105","SSMR","Sunshine Silver Mining & Refining Company","Other Industrial Metals & Mining"
"87184P109","SSMXY","Sysmex Corporation","Medical Devices"
"78467J100","SSNC","SS&C Technologies Holdings Inc","Software - Application"
"74347R107","SSO","ProShares Ultra S&P500","ETF"
"811054402","SSP","The EW Scripps Company","Broadcasting"
"88340W517","SSPC","Leverage Shares 2X Short SPCX Daily ETF","ETF"
"G8402N125","SSPG","SSP Group","Restaurants"
"47103U811","SSPX","Janus Henderson US Sustainable Equity ETF","ETF"
"30151E533","SSPY","Stratified LargeCap Index ETF","ETF"
"870886108","SSREY","Swiss Re AG","Insurance - Reinsurance"
"784730103","SSRM","SSR Mining Inc","Gold"
"784730AB9","SSRM","SSR Mining Inc","Gold"
"82536T107","SSTI","Soundthinking Inc","Software - Application"
"825690100","SSTK","Shutterstock Inc","Internet Content & Information"
"87200P117","SSTPW","System1 Inc","Advertising Agencies"
"865613103","SSUMY","Sumitomo Corporation","Conglomerates"
"868168105","SSUP","Superior Industries International Inc","Auto Parts"
"86280R803","SSUS","Day Hagan Smart Sector ETF","ETF"
"86737U102","SSY","Sunlink Health Systems Inc","Medical Care Facilities"
"M85548101","SSYS","Stratasys Ltd","Computer Hardware"
"G8060N102","ST","Sensata Technologies Holding plc","Scientific & Technical Instruments"
"852312305","STAA","Staar Surgical Co","Medical Instruments & Supplies"
"85254J102","STAG","STAG Industrial Inc","REIT - Industrial"
"80603V104","STAI","ScanTech AI Systems Inc","Building Products & Equipment"
"555927300","STAX","Macquarie Tax-Free USA Short Term ETF","ETF"
"783859101","STBA","S & T Bancorp Inc","Banks - Regional"
"89834G570","STBF","Performance Trust Short Term Bond ETF","ETF"
"86803T104","STBFY","Suntory Beverage & Food Limited","Beverages - Non-Alcoholic"
"G8437S131","STBXF","Starbox Group Holdings Limited","Internet Content & Information"
"860372101","STC","Stewart Information Services Corporation","Insurance - Property & Casualty"
"808524656","STCE","Schwab Crypto Thematic ETF","ETF"
"858098205","STCN","Steel Connect Inc","Integrated Freight & Logistics"
"G8473T100","STE","Steris plc","Medical Devices"
"858927106","STEL","Stellar Bancorp Inc","Banks - Regional"
"85859N300","STEM","Stem Inc","Utilities - Renewable"
"85914M107","STEP","StepStone Group Inc","Asset Management"
"85917T109","STER","Sterling Check Corp","Specialty Business Services"
"101507101","STEW","SRH Total Return Fund Inc","Asset Management"
"09073N300","STEX","Streamex Corp","Capital Markets"
"G8437Q101","STFS","Star Fashion Culture Holdings Limited","Advertising Agencies"
"86740P207","STG","Sunlands Technology Group","Education & Training Services"
"85256A109","STGW","Stagwell Inc","Advertising Agencies"
"85512G106","STHO","Star Holdings","Real Estate Services"
"64131A105","STIM","Neuronetics Inc","Medical Devices"
"46429B747","STIP","iShares 0-5 Year TIPS Bond ETF","ETF"
"19842X109","STK","Columbia Seligman Premium Technology Growth Fund","Asset Management"
"83411A205","STKE","Sol Strategies Inc","Capital Markets"
"583435201","STKH","Steakholder Foods Ltd","Packaged Foods"
"8676EP108","STKL","Sunopta Inc","Beverages - Non-Alcoholic"
"88338K103","STKS","The One Group Hospitality Inc","Restaurants"
"N82405106","STLA","Stellantis N.V","Auto Manufacturers"
"858119100","STLD","Steel Dynamics Inc","Steel"
"68236X100","STLN","Starling Oncology Inc","Medical Care Facilities"
"68236X118","STLNW","Starling Oncology Inc","Medical Care Facilities"
"861012102","STM","STMicroelectronics N.V.","Semiconductors"
"H8300N127","STMN.SW","Straumann Holding AG","Medical Instruments & Supplies"
"85472N109","STN","Stantec Inc","Engineering & Construction"
"42588P692","STNC","Hennessy Sustainable ETF","ETF"
"G85158106","STNE","Stoneco Ltd","Software - Infrastructure"
"Y7542C130","STNG","Scorpio Tankers Inc","Oil & Gas Midstream"
"86150R107","STOK","Stoke Therapeutics Inc","Biotechnology"
"78470P200","STOT","SPDR DoubleLine Short Duration Total Return Tactical ETF","ETF"
"72201R205","STPZ","PIMCO 1-5 Year US TIPS Index ETF","ETF"
"82983N108","STR","Sitio Royalties Corp","Oil & Gas E&P"
"86272C103","STRA","Strategic Education Inc","Education & Training Services"
"80359A106","STRC","Strategy Inc","Software - Application"
"86333MAA6","STRD","Strategy Inc","Software - Application"
"594972887","STRK","Strategy Inc","Software - Application"
"859241101","STRL","Sterling Infrastructure Inc","Engineering & Construction"
"86323X205","STRM","Streamline Health Solutions","Health Information Services"
"81814P209","STRNY","Severn Trent PLC ADR","Utilities - Regulated Water"
"869367102","STRO","Sutro Biopharma Inc","Biotechnology"
"869367201","STRO","Sutro Biopharma Inc","Biotechnology"
"863167201","STRS","Stratus Properties Inc","Real Estate - Diversified"
"863111100","STRT","Strattec Security Corp","Auto Parts"
"863182101","STRW","Strawberry Fields REIT Inc","REIT - Healthcare Facilities"
"855919106","STRZ","Starz Entertainment Corp","Entertainment"
"857477103","STT","State Street Corp","Asset Management"
"82024L103","STTK","Shattuck Labs Inc","Biotechnology"
"86384P109","STUB","StubHub Holdings Inc","Internet Content & Information"
"T9224W109","STVN","Stevanato Group","Medical Instruments & Supplies"
"85571B105","STWD","Starwood Property Trust Inc","REIT - Mortgage"
"85571BBA2","STWD","Starwood Property Trust Inc","REIT - Mortgage"
"81180WBL4","STX","Seagate Technology Holdings plc","Computer Hardware"
"G7945M107","STX","Seagate Technology Holdings plc","Computer Hardware"
"G7997R103","STX","Seagate Technology Holdings plc","Computer Hardware"
"02072L581","STXD","Strive 1000 Dividend Growth ETF","ETF"
"02072L698","STXE","Strive Emerging Markets Ex-China ETF","ETF"
"02072L680","STXF","Strive 500 ETF","ETF"
"02072L615","STXG","Strive 1000 Growth ETF","ETF"
"02072L524","STXI","Strive International Developed Markets ETF","ETF"
"02072L573","STXK","Strive Small-Cap ETF","ETF"
"02072L250","STXM","Strive Mid-Cap ETF","ETF"
"85916J409","STXS","Stereotaxis Inc","Medical Instruments & Supplies"
"02072L458","STXT","Strive Total Return Bond ETF","ETF"
"02072L599","STXV","Strive 1000 Value ETF","ETF"
"21036P108","STZ","Constellation Brands Inc","Beverages - Brewers"
"867224107","SU","Suncor Energy Inc","Oil & Gas Integrated"
"464288158","SUB","iShares Short-Term National Muni Bond ETF","ETF"
"864323100","SUBCY","Subsea 7 SA","Oil & Gas Equipment & Services"
"G8552M109","SUGP","SU Group Holdings Limited","Security & Protection Services"
"86676H302","SUHJY","Sun Hung Kai Properties Limited","Real Estate - Development"
"866674104","SUI","Sun Communities Inc","REIT - Residential"
"59982U200","SUIG","SUI Group Holdings Limited","Credit Services"
"86508F102","SUJA","Suja Life Inc","Beverages - Non-Alcoholic"
"86614U100","SUM","Summit Materials Inc","Building Materials"
"G8557R103","SUMA","SUMA Acquisition Corporation","Shell Companies"
"G8557R111","SUMAR","SUMA Acquisition Corporation","Shell Companies"
"G8557R129","SUMAU","SUMA Acquisition Corporation","Shell Companies"
"86765K109","SUN","Sunoco LP","Oil & Gas Refining & Marketing"
"866966104","SUNB","Sunbelt Rentals Holdings Inc","Rental & Leasing Services"
"86765Q106","SUNC","SunocoCorp LLC","Oil & Gas Midstream"
"72303P503","SUNE","SUNation Energy Inc","Solar"
"83417Y108","SUNN","Solarbank Corporation","Solar"
"83416M105","SUNS","Sunrise Realty Trust Inc","REIT - Mortgage"
"86800U104","SUPER","Super Energy Corporation pcl","Oil & Gas Equipment & Services"
"74347G317","SUPL","ProShares Supply Chain Logistics ETF","ETF"
"868459108","SUPN","Supernus Pharmaceuticals Inc","Drug Manufacturers - Specialty & Generic"
"29287L304","SUPP","TCW Transform Supply Chain ETF","ETF"
"40054A108","SUPV","Grupo Supervielle S.A.","Banks - Regional"
"G5294K110","SUPX","Junee Limited","Software - Infrastructure"
"00768Y818","SURE","AdvisorShares Insider Advantage ETF","ETF"
"86882L204","SURG","Surgepays Inc","Telecom Services"
"464288802","SUSA","iShares ESG Optimized MSCI USA ETF","ETF"
"46435G243","SUSB","iShares ESG 1-5 Year USD Corporate Bond ETF","ETF"
"46435G193","SUSC","iShares ESG USD Corporate Bond ETF","ETF"
"46435U218","SUSL","iShares TESG MSCI USA Leaders ETFr","ETF"
"86562X106","SUTNY","Sumitomo Mitsui Trust Group Inc","Banks - Regional"
"86959K105","SUZ","Suzano S/A","Paper & Paper Products"
"P8696W104","SVA","Sinovac Biotech Ltd","Biotechnology"
"G8377R127","SVACU","Spring Valley Acquisition Corp III","Shell Companies"
"46436E536","SVAL","iShares US Small Cap Value Factor ETF","ETF"
"G81306105","SVAQU","Silicon Valley Acquisition Corp","Shell Companies"
"78486Q101","SVBT","SVB & T Corporation","Banks - Regional"
"81761L102","SVC","Service Properties Trust","REIT - Hotel & Motel"
"G8475V103","SVCC","Stellar V Capital Corp","Shell Companies"
"G8475V129","SVCCU","Stellar V Capital Corp","Shell Companies"
"G8475V111","SVCCW","Stellar V Capital Corp","Shell Companies"
"82728C102","SVCO","Silvaco Group Inc","Software - Application"
"G83752108","SVIIF","Spring Valley Acquisition Corp II","Shell Companies"
"G83752132","SVIRF","Spring Valley Acquisition Corp II","Shell Companies"
"G83752124","SVIUF","Spring Valley Acquisition Corp II","Shell Companies"
"G8377G105","SVIV","Spring Valley Acquisition Corp IV","Shell Companies"
"G8377G113","SVIVW","Spring Valley Acquisition Corp IV","Shell Companies"
"G83752116","SVIWF","Spring Valley Acquisition Corp II","Shell Companies"
"92891H101","SVIX","−1x Short VIX Futures ETF","ETF"
"82835P103","SVM","Silvercorp Metals Inc","Silver"
"81783H105","SVNDY","Seven & i Holdings Co Ltd","Grocery Stores"
"86959C103","SVNLY","Svenska Handelsbanken AB","Banks - Diversified"
"82889N863","SVOL","Simplify Volatility Premium ETF","ETF"
"805111101","SVRA","Savara Inc","Biotechnology"
"80516T501","SVRE","SaverOne 2014 Ltd","Scientific & Technical Instruments"
"80516T113","SVREW","SaverOne 2014 Ltd","Scientific & Technical Instruments"
"817732100","SVT","Servotronics Inc","Aerospace & Defense"
"G8403L102","SVUHF","Srivaru Holding Limited","Auto Manufacturers"
"G8403L110","SVUWF","Srivaru Holding Limited","Auto Manufacturers"
"80517M109","SVV","Savers Value Village","Specialty Retail"
"33766Y100","SVVC","Firsthand Technology Value Fund Inc","Asset Management"
"74347W130","SVXY","ProShares Short VIX Short-Term Futures ETF","ETF"
"G8267P108","SW","Smurfit Westrock plc","Packaging & Containers"
"86260J102","SWAG","Stran & Company Inc","Advertising Agencies"
"032108888","SWAN","Amplify BlackSwan Growth & Treasury Core ETF","ETF"
"82489T104","SWAV","ShockWave Medical Inc","Medical Devices"
"831754106","SWBI","Smith & Wesson Brands Inc","Aerospace & Defense"
"870195104","SWDBY","Swedbank AB","Banks - Regional"
"870123106","SWGAY","The Swatch Group AG","Luxury Goods"
"83417Q204","SWI","Solarwinds Corp","Software - Infrastructure"
"51819L107","SWIM","Latham Group Inc","Building Products & Equipment"
"808509830","SWISX","Schwab International Index","ETF"
"854502101","SWK","Stanley Black & Decker Inc","Tools & Accessories"
"78501P203","SWKH","SWK Holdings Corporation","Asset Management"
"83088M102","SWKS","Skyworks Solutions Inc","Semiconductors"
"845467109","SWN","Southwestrern Energy Co","Oil & Gas E&P"
"56170L612","SWP","SWP Growth & Income ETF","ETF"
"808509855","SWPPX","Schwab S&P 500 Index","ETF"
"870794302","SWRAY","Swire Pacific Limited","Conglomerates"
"808509756","SWTSX","Schwab Total Stock Market Index","ETF"
"85205L107","SWTX","Springworks Therapeutics Inc","Biotechnology"
"G86302125","SWVL","Swvl Holdings Corp","Railroads"
"G86302117","SWVLW","Swvl Holdings Corp","Railroads"
"808515605","SWVXX","Schwab Value Advantage Money Fund","ETF"
"844895102","SWX","Southwest Gas Holdings Inc","Utilities - Regulated Gas"
"870875101","SWZ","Total Return Securities Inc","ETF"
"86722A103","SXC","Suncoke Energy Inc","Coking Coal"
"854231107","SXI","Standex International Corp","Specialty Industrial Machinery"
"301505616","SXQG","ETC 6 Meridian Quality Growth ETF","ETF"
"81725T100","SXT","Sensient Technologies Corp","Specialty Chemicals"
"G2161P157","SXTC","China SXT Pharmaceuticals Inc","Drug Manufacturers - Specialty & Generic"
"83006G401","SXTP","60 Degrees Pharmaceuticals Inc","Biotechnology"
"83006G112","SXTPW","60 Degrees Pharmaceuticals Inc","Biotechnology"
"82674R103","SXYAY","Sika AG","Specialty Chemicals"
"83356Q108","SY","So Young International Inc","Health Information Services"
"861025104","SYBT","Stock Yds Bancorp Inc","Banks - Regional"
"87166L209","SYBX","Synlogic Inc","Biotechnology"
"87165B103","SYF","Synchrony Financial","Credit Services"
"00039J830","SYFI","AB Short Duration High Yield ETF","ETF"
"87155N109","SYIEY","Symrise AG","Specialty Chemicals"
"863667101","SYK","Stryker Corporation","Medical Devices"
"132061201","SYLD","Cambria Shareholder Yield ETF","ETF"
"87151X101","SYM","Symbotic Inc","Specialty Industrial Machinery"
"87157D109","SYNA","Synaptics Incorporated","Semiconductors"
"87157DAJ8","SYNA","Synaptics Incorporated","Semiconductors"
"746729805","SYNB","Putnam BioRevolution ETF","ETF"
"M8T145100","SYNX","Silynxcom Ltd","Communication Equipment"
"871655106","SYPR","Sypris Solutions Inc","Auto Parts"
"87168W203","SYRA","Syra Health Corp","Medical Care Facilities"
"00773J202","SYRE","Spyre Therapeutics Inc","Biotechnology"
"87184Q206","SYRS","Syros Pharmaceuticals Inc","Biotechnology"
"46435U796","SYSB","iShares Systematic Bond ETF","ETF"
"871829107","SYY","Sysco Corp","Food Distribution"
"52110K707","SYZ","Lazard US Systematic Small Cap Equity ETF","ETF"
"74347G630","SZK","ProShares UltraShort Consumer Staples","ETF"
"86959X107","SZKMY","Suzuki Motor Corporation","Auto Manufacturers"
"87089E100","SZLMY","Swiss Life Holding AG","Insurance - Diversified"
"69374H691","SZNE","Pacer CFRA-Stovall Equal Weight Seasonal Rotation ETF","ETF"
"G8193F109","SZZL","Sizzle Acquisition Corp II","Shell Companies"
"G8193F133","SZZLR","Sizzle Acquisition Corp II","Shell Companies"
"G8193F125","SZZLU","Sizzle Acquisition Corp II","Shell Companies"
"00206R102","T","At&T Inc","Telecom Services"
"89346D107","TAC","Transalta Corp","Utilities - Independent Power Producers"
"G8901A103","TACH","Titan Acquisition Corp","Shell Companies"
"G8901A129","TACHU","Titan Acquisition Corp","Shell Companies"
"G8901A111","TACHW","Titan Acquisition Corp","Shell Companies"
"14064D550","TACK","Fairlead Tactical Sector Fund","ETF"
"G1051H101","TACO","Berto Acquisition Corp","Shell Companies"
"G1051H127","TACOU","Berto Acquisition Corp","Shell Companies"
"G1051H119","TACOW","Berto Acquisition Corp","Shell Companies"
"892918103","TACT","Transact Technologies Inc","Computer Hardware"
"00039J202","TAFI","AB Tax-Aware Short Duration ETF","ETF"
"00039J871","TAFL","AB Tax-Aware Long Municipal ETF","ETF"
"00039J889","TAFM","AB Tax-Aware Intermediate Municipal ETF","ETF"
"87283Q602","TAGG","T Rowe Price QM US Bond ETF","ETF"
"88166A706","TAGS","Teucrium Agricultural Fund","ETF"
"132061862","TAIL","Cambria Tail Risk ETF","ETF"
"874028103","TAIT","Taitron Components Inc","Electronics & Computer Distribution"
"874060205","TAK","Takeda Pharmaceutical Co Ltd","Drug Manufacturers - Specialty & Generic"
"874080104","TAL","TAL Education Group","Education & Training Services"
"87427V103","TALK","Talkspace Inc","Health Information Services"
"87427V111","TALKW","Talkspace Inc","Health Information Services"
"87484T108","TALO","Talos Energy Inc","Oil & Gas E&P"
"46138G706","TAN","Invesco Solar ETF","ETF"
"G8675X149","TANH","Tantech Holdings Ltd","Household & Personal Products"
"G8675V135","TAOP","Taoping Inc","Software - Infrastructure"
"87167T300","TAOX","Synaptogenix Inc","Software - Infrastructure"
"60871R209","TAP","Molson Coors Beverage Co","Beverages - Brewers"
"74365U107","TARA","Protara Therapeutics Inc","Biotechnology"
"46144X487","TARK","Tradr 2X Long Innovation ETF","ETF"
"46144X883","TARK","Tradr 2X Long Innovation ETF","ETF"
"87650L103","TARS","Tarsus Pharmaceuticals Inc","Biotechnology"
"87652V109","TASK","Taskus Inc","Information Technology Services"
"M8740S227","TATT","Tat Technologies Ltd","Aerospace & Defense"
"876570706","TATYY","Tate & Lyle plc","Packaged Foods"
"876704107","TAVHY","TAV Havalimanlari Holding AS","Airports & Air Services"
"G86880104","TAVI","Tavia Acquisition Corp","Shell Companies"
"G86880146","TAVIU","Tavia Acquisition Corp","Shell Companies"
"87283Q818","TAXE","T Rowe Price Intermediate Municipal Income ETF","ETF"
"025072505","TAXF","American Century Diversified Municipal Bond ETF","ETF"
"09789C697","TAXM","BondBloxx IR+M Tax-Aware ETF for Massachusetts Residents","ETF"
"09789C721","TAXX","Bondbloxx IR+M Tax-Aware Short Duration ETF","ETF"
"877163105","TAYD","Taylor Devices Inc","Specialty Industrial Machinery"
"G0896C103","TBBB","BBB Foods Inc","Discount Stores"
"05969A105","TBBK","Bancorp Inc","Banks - Regional"
"900450206","TBCH","Turtle Beach Corp","Consumer Electronics"
"74347X849","TBF","ProShares Short 20+ Year Treasury","ETF"
"26922B519","TBFG","The Brinsmere Fund - Growth ETF","ETF"
"02072L375","TBG","TBG Dividend Focus ETF","ETF"
"497498105","TBHC","The Brand House Collective Inc","Home Improvement Retail"
"89785X101","TBI","Trueblue Inc","Staffing & Employment Services"
"74933W452","TBIL","F/M US Treasury 3 Month Bill ETF","ETF"
"45782C235","TBJL","Innovator 20+ Year Treasury Bond Buffer ETF - July","ETF"
"M8744T106","TBLA","Taboola.Com Ltd","Internet Content & Information"
"M8744T114","TBLAW","Taboola.Com Ltd","Internet Content & Information"
"885213108","TBLD","Thornburg Income Builder Opportunities Trust","Asset Management"
"46138G888","TBLL","Invesco Short Term Treasury ETF","ETF"
"87507T101","TBN","Tamboran Resources Corp","Oil & Gas E&P"
"88145X108","TBNK","Territorial Bancorp Inc","Banks - Regional"
"G8807B106","TBPH","Theravance Biopharma Inc","Biotechnology"
"205306103","TBRG","Trubridge Inc","Health Information Services"
"74347B201","TBT","ProShares UltraShort 20+ Year Treasury","ETF"
"87283Q701","TBUX","T Rowe Price Ultra Short-Term Bond ETF","ETF"
"74348A608","TBX","ProShares Short 7-10 Year Treasury","ETF"
"89856T302","TC","Token Cat Ltd","Advertising Agencies"
"87283Q867","TCAF","T Rowe Price Capital Appreciation Equity ETF","ETF"
"87283Q784","TCAL","T Rowe Price Capital Appreciation Premium Income ETF","ETF"
"88224Q107","TCBI","Texas Capital Bancshares Inc","Banks - Regional"
"896095106","TCBK","Trico Bancshares","Banks - Regional"
"87807D509","TCBP","TC BioPharm Holdings plc","Biotechnology"
"87807D608","TCBPY","TC Biopharm Holdings Plc","Biotechnology"
"88231Q108","TCBS","Texas Community Bancshares","Banks - Regional"
"87807D400","TCBWF","TC BioPharm Holdings plc","Biotechnology"
"88422P109","TCBX","Third Coast Bancshares Inc","Banks - Regional"
"87875T204","TCCPY","TechnoPro Holdings Inc","Staffing & Employment Services"
"88032Q109","TCEHY","Tencent Holdings Limited","Internet Content & Information"
"46436E429","TCHI","iShares MSCI China Multisector Tech ETF","ETF"
"87283Q107","TCHP","T Rowe Price Blue Chip Growth ETF","ETF"
"893617209","TCI","Transcontinental Realty Investors Inc","Real Estate Services"
"87357P100","TCMD","Tactile Systems Technology Inc","Medical Devices"
"89677Q107","TCOM","Trip Com Group Ltd","Travel Services"
"89677QAB3","TCOM","Trip Com Group Ltd","Travel Services"
"88588G208","TCPB","Thrivent Core Plus Bond ETF","ETF"
"09259E108","TCPC","Blackrock Tcp Capital Corp","Asset Management"
"98973P309","TCRT","Alaunos Therapeutics Inc","Biotechnology"
"89854M101","TCRX","Tscan Therapeutics Inc","Biotechnology"
"210751202","TCSGQ","Container Store Group Inc","Specialty Retail"
"898697206","TCX","Tucows Inc","Software - Infrastructure"
"891160509","TD","Toronto-Dominion Bank","Banks - Diversified"
"G9008W105","TDAC","Translational Development Acquisition Corp","Shell Companies"
"G9008W121","TDACU","Translational Development Acquisition Corp","Shell Companies"
"G9008W113","TDACW","Translational Development Acquisition Corp","Shell Companies"
"36472T109","TDAY","USA TODAY Co Inc","Publishing"
"88076W103","TDC","Teradata","Software - Infrastructure"
"33740U471","TDEC","FT Vest Emerging Markets Buffer ETF - December","ETF"
"88018T101","TDF","Templeton Dragon Fund Inc","Asset Management"
"893641100","TDG","Transdigm Group Inc","Aerospace & Defense"
"89157W608","TDI","Touchstone Dynamic International ETF","ETF"
"33738R118","TDIV","First Trust NASDAQ Technology Dividend Index Fund","ETF"
"87918A105","TDOC","Teladoc Health Inc","Health Information Services"
"87918AAF2","TDOC","Teladoc Health Inc","Health Information Services"
"879433829","TDS","Telephone & Data Systems Inc","Telecom Services"
"30151E723","TDSB","ETC Cabana Target Beta ETF","ETF"
"30151E715","TDSC","ETC Cabana Target Drawdown 10 ETF","ETF"
"33939L605","TDTF","FlexShares iBoxx 5-Year Target Duration TIPS Index Fund","ETF"
"89616X106","TDTH","Trident Digital Tech Holdings Ltd","Information Technology Services"
"33939L506","TDTT","FlexShares iBoxx 3-Year Target Duration TIPS Index Fund","ETF"
"88556E102","TDUP","Thredup Inc","Internet Retail"
"74347G606","TDV","ProShares S&P Technology Dividend Aristocrats ETF","ETF"
"87283Q404","TDVG","T Rowe Price Dividend Growth ETF","ETF"
"33738D812","TDVI","FT Vest Technology Dividend Target Income ETF","ETF"
"88642R109","TDW","Tidewater Inc","Oil & Gas Equipment & Services"
"G8662J111","TDWD","Tailwind 20 Acquisition Corp","Shell Companies"
"G8662J129","TDWDR","Tailwind 20 Acquisition Corp","Shell Companies"
"879360105","TDY","Teledyne Technologies Inc","Scientific & Technical Instruments"
"35834F104","TE","T1 Energy Inc","Electrical Equipment & Parts"
"35834FAB0","TE","T1 Energy Inc","Electrical Equipment & Parts"
"69002R103","TEAD","Outbrain Inc","Internet Content & Information"
"27901F109","TEAF","Ecofin Sustainable and Social Impact Term Fund","ETF"
"049468101","TEAM","Atlassian Corporation","Software - Application"
"G06242104","TEAM.MX","ATLASSIAN CORP PLC",""
"46436E502","TECB","iShares US Tech Breakthrough Multisector ETF","ETF"
"09073M104","TECH","Bio-Techne Corp","Biotechnology"
"878742204","TECK","Teck Resources Ltd","Other Industrial Metals & Mining"
"25459W102","TECL","Direxion Daily Technology Bull 3X Shares","ETF"
"25460G393","TECS","Direxion Daily Technology Bear 3X Shares","ETF"
"25461A494","TECS","Direxion Daily Technology Bear 3X Shares","ETF"
"878972108","TECX","Tectonic Therapeutic Inc","Biotechnology"
"876108200","TEDU","Tarena International Inc","Education & Training Services"
"880192109","TEI","Templeton Emerging Markets Income Fund","Asset Management"
"09290C772","TEK","iShares Technology Opportunities Active ETF","ETF"
"78470P663","TEKX","SPDR Galaxy Transformative Tech Accelerators ETF","ETF"
"G87052109","TEL","TE Connectivity","Electronic Components"
"H84989104","TEL","TE Connectivity","Electronic Components"
"872381108","TELA","Tela Bio Inc","Medical Devices"
"879382208","TELFY","Telefonica S A","Telecom Services"
"87968A104","TELL","Tellurian Inc","Oil & Gas E&P"
"87944W105","TELNY","Telenor ASA","Telecom Services"
"87975F104","TELO","Telomir Pharmaceuticals Inc","Biotechnology"
"88023B103","TEM","Tempus AI Inc","Health Information Services"
"46092D400","TEMT","Tradr 2X Long TEM Daily ETF","ETF"
"G9108L173","TEN","Tsakos Energy Navigation Ltd","Oil & Gas Midstream"
"88025T102","TENB","Tenable Holdings Inc","Software - Infrastructure"
"46438G281","TENJ","ishares Large Cap 10% Target Buffer Jun ETF","ETF"
"88032L605","TENX","Tenax Therapeutics Inc","Biotechnology"
"879273209","TEO","Telecom Argentina S.A.","Telecom Services"
"87283Q206","TEQI","T Rowe Price Equity Income ETF","ETF"
"880770102","TER","Teradyne Inc","Semiconductor Equipment & Materials"
"88340C693","TERG","Leverage Shares 2X Long TER Daily ETF","ETF"
"880881107","TERN","Terns Pharmaceuticals Inc","Biotechnology"
"82889N889","TESL","Simplify Volt TSLA Revolution ETF","ETF"
"G87119114","TETEF","Technology & Telecommunication Acquisition","Shell Companies"
"04071F102","TETH","21Shares Core Ethereum ETF","ETF"
"881624209","TEVA","Teva Pharmaceutical Industries Ltd","Drug Manufacturers - Specialty & Generic"
"880779103","TEX","Terex Corporation","Farm & Heavy Construction Machinery"
"46438G331","TEXN","iShares Texas Equity ETF","ETF"
"88088L103","TEZNY","Terna - Rete Elettrica Nazionale SpA","Utilities - Regulated Electric"
"89832Q109","TFC","Truist Financial Corporation","Banks - Regional"
"87241J203","TFFP","TFF Pharmaceuticals Inc","Drug Manufacturers - Specialty & Generic"
"78468R721","TFI","SPDR Nuveen ICE Municipal Bond ETF","ETF"
"87241L109","TFII","TFI International Inc","Trucking"
"89679E300","TFIN","Triumph Financial Inc","Banks - Regional"
"45782C243","TFJL","Innovator 20+ Year Treasury Bond 5 Floor ETF - Quarterly","ETF"
"46434V860","TFLO","iShares Treasury Floating Rate Bond ETF","ETF"
"87283Q883","TFLR","T Rowe Price Floating Rate ETF","ETF"
"87283Q768","TFNS","T Rowe Price Financials ETF","ETF"
"89679M104","TFPM","Triple Flag Precious Metal","Other Precious Metals & Mining"
"88636J873","TFPN","Blueprint Chesapeake Multi-Asset Trend ETF","ETF"
"87240R107","TFSL","TFS Financial Corporation","Banks - Regional"
"879369106","TFX","Teleflex Incorporated","Medical Instruments & Supplies"
"894650100","TG","Tredegar Corporation","Metal Fabrication"
"G8675N109","TGAAF","Target Global Acquisition I Corp","Shell Companies"
"876511106","TGB","Taseko Mines Ltd","Copper"
"G38268119","TGE","Generation Essentials Group","Asset Management"
"87876P201","TGEN","Tecogen Inc","Electrical Equipment & Parts"
"G4149Y102","TGHL","The Growhub Limited","Software - Infrastructure"
"896818101","TGI","Triumph Group Inc","Aerospace & Defense"
"89458T205","TGL","Treasure Global Inc","Software - Application"
"26923N769","TGLR","LAFFER|TENGLER Equity Income ETF","ETF"
"G87264100","TGLS","Tecnoglass Inc","Building Materials"
"87901J105","TGNA","Tegna Inc","Broadcasting"
"88579N105","TGOPY","3i Group plc","Asset Management"
"87283Q842","TGRT","T Rowe Price Growth ETF","ETF"
"87283Q305","TGRW","T Rowe Price Growth Stock ETF","ETF"
"893870204","TGS","Transportadora de Gas del Sur S.A.","Oil & Gas Integrated"
"87243K208","TGSGY","TGS ASA","Oil & Gas Equipment & Services"
"87612E106","TGT","Target Corporation","Discount Stores"
"88322Q108","TGTX","TG Therapeutics Inc","Biotechnology"
"87615L107","TH","Target Hospitality Corp","Specialty Business Services"
"88033G407","THC","Tenet Healthcare Corp","Medical Care Facilities"
"464286624","THD","iShares MSCI Thailand ETF","ETF"
"320218100","THFF","First Financial Corporation","Banks - Regional"
"410867105","THG","The Hanover Insurance Group Inc","Insurance - Property & Casualty"
"872434105","THKLY","THK Co Ltd","Specialty Industrial Machinery"
"883219206","THLLY","Thales SA","Aerospace & Defense"
"885155101","THLV","THOR Equal Weight Low Volatility ETF","ETF"
"46050R102","THM","International Tower Hill Mines Ltd","Gold"
"87854Y109","THNPY","Technip Energies NV","Oil & Gas Equipment & Services"
"301505731","THNQ","Robo Global Artificial Intelligence ETF","ETF"
"885160101","THO","THOR Industries Inc","Recreational Vehicles"
"879105104","THQ","abrdn Healthcare Opportunities Fund","Asset Management"
"88362T103","THR","Thermon Group Holdings Inc","Specialty Industrial Machinery"
"88427A107","THRD","Third Harmonic Bio Inc","Biotechnology"
"37253A103","THRM","Gentherm Inc","Auto Parts"
"09290C806","THRO","iShares US Thematic Rotation Active ETF","ETF"
"886029206","THRY","Thryv Holdings Inc","Software - Application"
"89469A104","THS","Treehouse Foods Inc","Packaged Foods"
"886364280","THTA","SoFi Enhanced Yield ETF","ETF"
"88338H704","THTX","Theratechnologies Inc","Biotechnology"
"87911L108","THW","abrdn World Healthcare Fund","Asset Management"
"66538J738","THY","Toews Agility Shares Dynamic Tactical Income ETF","ETF"
"87283Q875","THYF","T Rowe Price US High Yield ETF","ETF"
"90137V108","THYP","21Shares Hyperliquid ETF",""
"87927Y201","TIAIY","Telecom Italia SpA","Telecom Services"
"00510N102","TIC","Acuren Corporation","Specialty Business Services"
"L6388F110","TIGO","Millicom International Cellular SA","Telecom Services"
"91531W106","TIGR","UP Fintech Holding Limited","Capital Markets"
"88831L202","TII","Titan Mining Corporation","Other Industrial Metals & Mining"
"87927Y102","TIIAY","Telecom Italia SpA","Telecom Services"
"268961802","TIIV","AAM Todd International Intrinsic Value ETF","ETF"
"45783C101","TIL","Instil Bio Inc","Biotechnology"
"45783C200","TIL","Instil Bio Inc","Biotechnology"
"458665304","TILE","Interface Inc","Furnishings, Fixtures & Appliances"
"53656F144","TILL","Teucrium Agricultural Strategy No K-1 ETF","ETF"
"33939L100","TILT","FlexShares Morningstar US Market Factors Tilt Index Fund","ETF"
"88706T108","TIMB","TIM S.A.","Telecom Services"
"88636J329","TIME","Clockwise Core Equity & Innovation ETF","ETF"
"74347G473","TINT","ProShares Smart Materials ETF","ETF"
"74347G465","TINY","ProShares Nanotechnology ETF","ETF"
"464287176","TIP","iShares TIPS Bond ETF","ETF"
"88822Q103","TIPT","Tiptree Inc","Insurance - Specialty"
"78468R861","TIPX","SPDR Bloomberg 1-10 Year TIPS ETF","ETF"
"72201R403","TIPZ","PIMCO Broad US TIPS Index ETF","ETF"
"G8884K136","TIRX","Tian Ruixiang Holdings Ltd","Insurance Brokers"
"G8884K128","TIRXF","Tian Ruixiang Holdings Ltd","Insurance Brokers"
"878155308","TISI","Team Inc","Specialty Business Services"
"88830R101","TITN","Titan Machy Inc","Industrial Distribution"
"87975H100","TIXT","TELUS International (CDA) Inc","Information Technology Services"
"45783Y541","TJUL","Innovator Equity Defined Protection ETF - 2 Yr to July 2027","ETF"
"33740U349","TJUN","FT Vest Emerging Markets Buffer ETF - June","ETF"
"872540109","TJX","The TJX Companies Inc","Apparel Retail"
"G8726T105","TK","Teekay Shipping Corporation Ltd","Oil & Gas Midstream"
"88629Q207","TKAMY","thyssenkrupp AG","Conglomerates"
"900111204","TKC","Turkcell Iletisim Hizmetleri","Telecom Services"
"900148701","TKGBY","Turkiye Garanti Bankasi AS","Banks - Regional"
"98741L200","TKLF","Tokyo Lifestyle Co Ltd","Specialty Retail"
"02080L102","TKNO","Alpha Teknova Inc","Drug Manufacturers - Specialty & Generic"
"87256C101","TKO","Tko Group Holdings Inc","Entertainment"
"89472Y107","TKO.TO","TREKOR METALS LIMITED","Copper"
"889094108","TKOMY","Tokio Marine Holdings Inc","Insurance - Property & Casualty"
"887389104","TKR","Timken Co","Tools & Accessories"
"87538X105","TLF","Tandy Leather Factory Inc","Specialty Retail"
"8796VP105","TLGPY","Telstra Group Limited","Telecom Services"
"464288653","TLH","iShares 10-20 Year Treasury Bond ETF","ETF"
"G8763W102","TLIH","Ten-League International Holdings Limited","Industrial Distribution"
"715684106","TLK","Perusahaan Perseroan Telekomunikasi Indonesia Tbk","Telecom Services"
"87422Q109","TLN","Talen Energy Corporation","Utilities - Independent Power Producers"
"G86652107","TLNC","Talon Capital Corp","Shell Companies"
"G86652115","TLNCU","Talon Capital Corp","Shell Companies"
"G86652123","TLNCW","Talon Capital Corp","Shell Companies"
"87946F100","TLPFY","Teleperformance SE","Specialty Business Services"
"00444T209","TLPH","Talphera Inc","Drug Manufacturers - Specialty & Generic"
"88688T100","TLRY","Tilray Brands Inc","Drug Manufacturers - Specialty & Generic"
"88688T209","TLRY","Tilray Brands Inc","Drug Manufacturers - Specialty & Generic"
"87969B101","TLS","Telos Corp","Software - Infrastructure"
"G88912103","TLSA","Tiziana Life Sciences Ltd","Biotechnology"
"89680M101","TLSI","Trisalus Life Sciences Inc","Medical Devices"
"89680M119","TLSIW","Trisalus Life Sciences Inc","Medical Devices"
"87960M205","TLSNY","Telia Company AB","Telecom Services"
"M8763K101","TLSY.TA","Telsys Ltd",""
"464287432","TLT","iShares 20+ Year Treasury Bond ETF","ETF"
"33939L803","TLTD","FlexShares Morningstar Developed Markets ex-US Factor Tilt Index Fund","ETF"
"33939L308","TLTE","FlexShares Morningstar Emerging Markets Factor Tilt Index Fund","ETF"
"78433H592","TLTI","NEOS Enhanced Income 20+ Year Treasury Bond ETF","ETF"
"032108516","TLTP","Amplify Bloomberg US Treasury 12% Premium Income ETF","ETF"
"46436E338","TLTW","iShares 20+ Year Treasury Bond Buywrite Strategy ETF","ETF"
"37960A321","TLTX","Global X Treasury Bond Enhanced Income ETF","ETF"
"87961M105","TLX","Telix Pharmaceutical Ltd","Biotechnology"
"886885102","TLYS","Tillys Inc","Apparel Retail"
"892331307","TM","Toyota Motor Corporation","Auto Manufacturers"
"33740U380","TMAR","FT Vest Emerging Markets Buffer ETF - March","ETF"
"66538H278","TMAT","Main Thematic Innovation ETF","ETF"
"88521L207","TMB","Thornburg Multi Sector Bond ETF","ETF"
"87261Y106","TMC","The Metals Company","Other Industrial Metals & Mining"
"89455T109","TMCI","Treace Medical Concepts Inc","Medical Devices"
"87261Y114","TMCWW","The Metals Company","Other Industrial Metals & Mining"
"G88953107","TMDE","TMD Energy Limited","Oil & Gas Midstream"
"74347G507","TMDV","ProShares Russell US Dividend Growers ETF","ETF"
"89377M109","TMDX","Transmedics Group Inc","Medical Devices"
"89377MAB5","TMDX","Transmedics Group Inc","Medical Devices"
"88034P109","TME","Tencent Music Entertainment Group","Internet Content & Information"
"87283Q750","TMED","T Rowe Price Health Care ETF","ETF"
"25459W540","TMF","Direxion Daily 20+ Year Treasury Bull 3X Shares","ETF"
"25460G138","TMF","Direxion Daily 20+ Year Treasury Bull 3X Shares","ETF"
"74933W601","TMFC","Motley Fool 100 Index ETF","ETF"
"74933W643","TMFE","Motley Fool Capital Efficiency 100 Index ETF","ETF"
"74933W635","TMFG","Motley Fool Global Opportunities ETF","ETF"
"74933W627","TMFM","Motley Fool Mid-Cap Growth ETF","ETF"
"74933W874","TMFS","Motley Fool Small-Cap Growth ETF","ETF"
"74933W650","TMFX","Motley Fool Next Index ETF","ETF"
"87724P106","TMHC","Taylor Morrison Home Corporation","Residential Construction"
"89486M206","TMICY","Trend Micro Incorporated","Software - Infrastructure"
"883556102","TMO","Thermo Fisher Scientific Inc","Diagnostics & Research"
"890110109","TMP","Tompkins Financial Corporation","Banks - Regional"
"89621C105","TMQ","Trilogy Metals Inc","Other Industrial Metals & Mining"
"G5509P102","TMS","Teamshares Inc","Shell Companies"
"87283Q826","TMSL","T Rowe Price Small-Mid Cap ETF","ETF"
"87974R208","TMSNY","Temenos AG","Software - Application"
"G5509P110","TMSWW","Teamshares Inc","Shell Companies"
"G8303R100","TMTS","Spartacus Acquisition Corp II","Shell Companies"
"G8303R126","TMTSU","Spartacus Acquisition Corp II","Shell Companies"
"G8303R118","TMTSW","Spartacus Acquisition Corp II","Shell Companies"
"872590104","TMUS","T-Mobile US Inc","Telecom Services"
"25460G849","TMV","Direxion Daily 20+ Year Treasury Bear 3X Shares","ETF"
"87816Y106","TMVWY","TeamViewer SE","Software - Application"
"25459W847","TNA","Direxion Daily Small Cap Bull 3X Shares","ETF"
"880277108","TNABY","Tenaga Nasional Berhad","Utilities - Regulated Electric"
"880345103","TNC","Tennant Company","Specialty Industrial Machinery"
"875372203","TNDM","Tandem Diabetes Care Inc","Medical Devices"
"875372AD6","TNDM","Tandem Diabetes Care Inc","Medical Devices"
"896288107","TNET","Trinet Group Inc","Staffing & Employment Services"
"87583X109","TNGX","Tango Therapeutics Inc","Biotechnology"
"890930209","TNGY","Tortoise Energy Fund","ETF"
"G8726X106","TNK","Teekay Tankers Ltd","Oil & Gas Midstream"
"894164102","TNL","Travel Plus Leisure Co","Travel Services"
"G8924F105","TNMG","TNL Mediagene","Publishing"
"88066N303","TNON","Tenon Medical Inc","Medical Devices"
"88066N113","TNONW","Tenon Medical Inc","Medical Devices"
"87990A106","TNYA","Tenaya Therapeutics Inc","Biotechnology"
"56170L661","TOAK","Twin Oak Short Horizon Absolute Return ETF","ETF"
"889110102","TOELY","Tokyo Electron","Semiconductor Equipment & Materials"
"464288265","TOK","iShares MSCI Kokusai ETF","ETF"
"132061821","TOKE","Cambria Cannabis ETF","ETF"
"889478103","TOL","Toll Brothers Inc","Residential Construction"
"87975E107","TOLL","Tema Durable Quality ETF","ETF"
"74347B508","TOLZ","ProShares DJ Brookfield Global Infrastructure ETF","ETF"
"890023203","TOMZ","Tomi Environmental Solutions","Pollution & Treatment Controls"
"G4036C106","TONT","Graf Global Corp","Shell Companies"
"92337U302","TONX","TON Strategy Co","Software - Application"
"37229T509","TOON","Kartoon Studios Inc","Entertainment"
"G989A6102","TOP","Top Financial Group Ltd","Capital Markets"
"46438G349","TOPC","iShares S&P 500 3% Capped ETF","ETF"
"89078D101","TOPP","Toppoint Holdings Inc","Trucking"
"46438G570","TOPT","iShares Top 20 US Stocks ETF","ETF"
"Y8900D108","TORO","Toro Corp","Oil & Gas Midstream"
"888787108","TOST","Toast Inc","Software - Infrastructure"
"00777X470","TOT","Lionshares US Equity Total Return ETF","ETF"
"891515207","TOTDY","TOTO LTD","Building Products & Equipment"
"78467V848","TOTL","SPDR DoubleLine Total Return Tactical ETF","ETF"
"87283Q800","TOTR","T Rowe Price Total Return ETF","ETF"
"89977P106","TOUR","Tuniu Corporation","Travel Services"
"87283Q834","TOUS","T Rowe Price International Equity ETF","ETF"
"02072Q846","TOV","JLens 500 Jewish Advocacy US ETF","ETF"
"87164U508","TOVX","Theriva Biologics Inc","Biotechnology"
"89214P109","TOWN","TowneBank","Banks - Regional"
"G8976D107","TOYO","TOYO Co Ltd","Solar"
"90041L105","TPB","Turning Point Brands Inc","Tobacco"
"901109108","TPC","Tutor Perini Corporation","Engineering & Construction"
"878739200","TPCS","TechPrecision Corporation","Metal Fabrication"
"872657101","TPG","TPG Inc","Asset Management"
"87265H109","TPH","Tri Pointe Homes Inc","Residential Construction"
"887432326","TPHD","Timothy Plan High Dividend Stock ETF","ETF"
"887432276","TPHE","Timothy Plan High Dividend Stock Enhanced ETF","ETF"
"89656D101","TPHS","Trinity Place Holdings Inc","Real Estate - Development"
"87266JAB0","TPIC","Tpi Composites Inc","Electrical Equipment & Parts"
"87266J104","TPICQ","Tpi Composites Inc","Electrical Equipment & Parts"
"887432334","TPIF","Timothy Plan International ETF","ETF"
"88262P102","TPL","Texas Pacific Land Corporation","Oil & Gas E&P"
"887432359","TPLC","Timothy Plan US Large/Mid Cap Core ETF","ETF"
"887432284","TPLE","Timothy Plan US Large/Mid Cap Core Enhanced ETF","ETF"
"88521L108","TPLS","Thornburg Core Plus Bond ETF","ETF"
"25460E679","TPOR","Direxion Daily Transportation Bull 3X Shares","ETF"
"876030107","TPR","Tapestry Inc","Luxury Goods"
"89455F307","TPRKY","Travis Perkins plc","Industrial Distribution"
"887432342","TPSC","Timothy Plan US Small Cap Core ETF","ETF"
"89677Y100","TPVG","Triplepoint Venture Growth BDC Corp","Asset Management"
"890930308","TPYP","Tortoise North American Pipeline Fund","ETF"
"890930100","TPZ","Tortoise Essential Energy Fund","ETF"
"74347X831","TQQQ","ProShares UltraPro QQQ","ETF"
"38747R637","TQQY","GraniteShares YieldBOOST QQQ ETF","ETF"
"890516107","TR","Tootsie Roll Industries Inc","Confectioners"
"700215304","TRAK","Repositrak Inc","Software - Application"
"68232V884","TRAW","Traws Pharma Inc","Biotechnology"
"337185102","TRAX","First Tracks Biotherapeutics Inc","Biotechnology"
"879080109","TRC","Tejon Ranch Co","Conglomerates"
"29384C108","TRDA","Entrada Therapeutics Inc","Biotechnology"
"52603B107","TREE","Lendingtree Inc","Financial Conglomerates"
"89531P105","TREX","Trex Co Inc","Building Products & Equipment"
"69374H386","TRFK","Pacer Data and Digital Revolution ETF","ETF"
"26922B683","TRFM","AAM Transformers ETF","ETF"
"87612G101","TRGP","Targa Resources Corp","Oil & Gas Midstream"
"G9037S109","TRGS","TRG Latin America Acquisitions Corp","Shell Companies"
"G9037S117","TRGSR","TRG Latin America Acquisitions Corp","Shell Companies"
"G9037S125","TRGSU","TRG Latin America Acquisitions Corp","Shell Companies"
"884903808","TRI","Thomson Reuters Corporation","Specialty Business Services"
"884903709","TRI.TO","Thomson Reuters Corporation","Specialty Business Services"
"884903881","TRI.TO","Thomson Reuters Corporation","Specialty Business Services"
"896438504","TRIB","Trinity Biotech plc","Medical Devices"
"896442308","TRIN","Trinity Capital Inc","Asset Management"
"02072Q770","TRIO","MC Trio Equity Buffered ETF","ETF"
"896945201","TRIP","Tripadvisor Inc","Travel Services"
"45775L408","TRLGX","T Rowe Price Large-Cap Growth Fund I Class","ETF"
"89788C104","TRLV","Trulieve Cannabis Corp","Drug Manufacturers - Specialty & Generic"
"896239100","TRMB","Trimble Inc","Scientific & Technical Instruments"
"G89479102","TRMD","Torm plc","Oil & Gas Midstream"
"898402102","TRMK","Trustmark Corporation","Banks - Regional"
"89157D105","TRML","Tourmaline Bio Inc","Biotechnology"
"896522109","TRN","Trinity Industries Inc","Railroads"
"69374H675","TRND","Pacer Trendpilot Fund of Funds ETF","ETF"
"88146M101","TRNO","Terreno Realty Corp","REIT - Industrial"
"45840Y302","TRNR","Interactive Strength Inc","Personal Services"
"893529107","TRNS","Transcat Inc","Specialty Business Services"
"85237B101","TRON","Srm Entertainment Inc","Leisure"
"G9094C104","TROO","Troops Inc","Credit Services"
"74144T108","TROW","T Rowe Price Group Inc","Asset Management"
"G9087Q102","TROX","Tronox Holdings plc","Chemicals"
"87807B107","TRP","TC Energy Corporation","Oil & Gas Midstream"
"41653L602","TRPA","Hartford AAA CLO ETF","ETF"
"896215209","TRS","TriMas Corporation","Packaging & Containers"
"G9124M106","TRSG","Tungray Technologies Inc","Metal Fabrication"
"898349204","TRST","TrustCo Bank Corp NY","Banks - Regional"
"23306X811","TRSY","Xtrackers US 0-1 Year Treasury ETF","ETF"
"896712205","TRT","Trio-Tech International","Semiconductor Equipment & Materials"
"87266M107","TRTX","TPG RE Finance Trust Inc","REIT - Mortgage"
"132061839","TRTY","Cambria Trinity ETF","ETF"
"89400J107","TRU","Transunion","Financial Data & Stock Exchanges"
"89785L107","TRUE","Truecar Inc","Internet Content & Information"
"243733102","TRUG","TruGolf Holdings Inc","Leisure"
"88156J105","TRUMY","Terumo Corporation","Medical Instruments & Supplies"
"898202106","TRUP","Trupanion Inc","Insurance - Property & Casualty"
"92189H631","TRUT","Vaneck Technology Trusector ETF","ETF"
"89417E109","TRV","The Travelers Companies Inc","Insurance - Property & Casualty"
"89686D303","TRVG","Trivago N V","Internet Content & Information"
"89532M101","TRVI","Trevi Therapeutics Inc","Biotechnology"
"89532E307","TRVN","Trevena Inc","Biotechnology"
"87283P109","TRX","Trx Gold Corporation","Gold"
"890880206","TRYIY","Toray Industries Inc","Textile Manufacturing"
"88031M109","TS","Tenaris S A","Oil & Gas Equipment & Services"
"879512309","TSAT","Telesat Corporation","Communication Equipment"
"887098101","TSBK","Timberland Bancorp Inc","Banks - Regional"
"90042W100","TSBX","Turnstone Biologics Corp","Biotechnology"
"881575401","TSCDY","Tesco PLC","Grocery Stores"
"892356106","TSCO","Tractor Supply Co","Specialty Retail"
"38747R595","TSDD","Graniteshares 2x Short TSLA Daily ETF","ETF"
"38747R769","TSDD","Graniteshares 2x Short TSLA Daily ETF","ETF"
"89157W707","TSEC","Touchstone Securitized Income ETF","ETF"
"89157W806","TSEL","Touchstone Sands Capital US Select Growth ETF","ETF"
"M87915274","TSEM","Tower Semiconductor Ltd","Semiconductors"
"G9059U107","TSEOF","Trinseo plc","Specialty Chemicals"
"877619106","TSHA","Taysha Gene Therapies Inc","Biotechnology"
"872340104","TSI","TCW Strategic Income Fund Inc","Asset Management"
"88825H100","TSIB","Direxion TSLA Defined Income Boost ETF","ETF"
"761562404","TSII","REX TSLA Growth & Income ETF","ETF"
"38747R702","TSL","GraniteShares 1.25x Long TSLA Daily ETF","ETF"
"88160R101","TSLA","Tesla Inc","Auto Manufacturers"
"882927684","TSLG","Leverage Shares 2X Long TSLA Daily ETF","ETF"
"38747R876","TSLI","ProShares Ultra TSLA",""
"25460G286","TSLL","Direxion Daily TSLA Bull 2X Shares ETF","ETF"
"500948880","TSLP","Kurv Yield Premium Strategy Tesla ETF","ETF"
"46092D384","TSLQ","Tradr 2X Short TSLA Daily ETF","ETF"
"46144X123","TSLQ","Tradr 2X Short TSLA Daily ETF","ETF"
"46144X867","TSLQ","Tradr 2X Short TSLA Daily ETF","ETF"
"38747R777","TSLR","Graniteshares 2x Long TSLA Daily ETF","ETF"
"25460G260","TSLS","Direxion Daily TSLA Bear 1X Shares","ETF"
"25461H564","TSLS","Direxion Daily TSLA Bear 1X Shares","ETF"
"26923N835","TSLT","T-Rex 2X Long Tesla Daily Target ETF","ETF"
"46144X248","TSLW","Roundhill TSLA WeeklyPay ETF","ETF"
"83012A109","TSLX","Sixth Street Specialty Lending Inc","Asset Management"
"88636X880","TSLY","YieldMax TSLA Option Income Strategy ETF","ETF"
"26923N181","TSLZ","T-Rex 2X Inverse Tesla Daily Target ETF","ETF"
"26923N827","TSLZ","T-Rex 2X Inverse Tesla Daily Target ETF","ETF"
"874039100","TSM","Taiwan Semiconductor Manufacturing","Semiconductors"
"88588G109","TSME","Thrivent Small-Mid Cap Equity ETF","ETF"
"882927585","TSMG","Leverage Shares 2X Long TSM Daily ETF","ETF"
"38747R652","TSMU","GraniteShares 2x Long TSM Daily ETF","ETF"
"25461A544","TSMX","Direxion Daily TSM Bull 2X Shares","ETF"
"88636R859","TSMY","YieldMax TSM Option Income Strategy ETF","ETF"
"25461A536","TSMZ","Direxion Daily TSM Bear 1X Shares","ETF"
"902494103","TSN","Tyson Foods Inc","Farm Products"
"87283Q503","TSPA","T Rowe Price US Equity Research ETF","ETF"
"90089L108","TSPH","CreateAI Holdings Inc","Software - Application"
"26923N553","TSPY","TappAlpha SPY Growth & Daily Income ETF","ETF"
"892231101","TSQ","Townsquare Media Inc","Advertising Agencies"
"89465J109","TSRYY","Treasury Wine Estates Limited","Beverages - Wineries & Distilleries"
"87288V101","TSSI","TSS Inc","Information Technology Services"
"901384107","TSVT","2Seventy Bio Inc","Biotechnology"
"38747R611","TSYY","GraniteShares YieldBOOST TSLA ETF","ETF"
"G8994E103","TT","Trane Technologies plc","Building Products & Equipment"
"B9151N105","TTAM","Titan America SA","Building Materials"
"81764X103","TTAN","ServiceTitan Inc","Software - Application"
"891092108","TTC","The Toro Company","Tools & Accessories"
"87663X102","TTCFQ","Tattooed Chef Inc",""
"88339J105","TTD","The Trade Desk Inc","Advertising Agencies"
"872351408","TTDKY","TDK Corporation","Electronic Components"
"89151E109","TTE","TotalEnergies SE","Oil & Gas Integrated"
"F92124100","TTE","TotalEnergies SE","Oil & Gas Integrated"
"89854H102","TTEC","TTEC Holdings Inc","Information Technology Services"
"88162G103","TTEK","Tetra Tech Inc","Engineering & Construction"
"88162GAB9","TTEK","Tetra Tech Inc","Engineering & Construction"
"87283Q792","TTEQ","T Rowe Price Technology ETF","ETF"
"87874RAD2","TTGT","Techtarget Inc","Information Technology Services"
"88162F105","TTI","TETRA Technologies Inc","Conglomerates"
"87305R109","TTMI","TTM Technologies Inc","Electronic Components"
"87873R101","TTNDY","Techtronic Industries Company Limited","Tools & Accessories"
"888314705","TTNP","Titan Pharmaceuticals Inc","Drug Manufacturers - Specialty & Generic"
"89853L302","TTOO","T2 Biosystems Inc","Diagnostics & Research"
"88677Q109","TTSH","Tile Shop Holdings Inc","Home Improvement Retail"
"74347G887","TTT","ProShares UltraPro Short 20+ Year Treasury","ETF"
"Q90630114","TTTMF","Titomic Ltd","Other Precious Metals & Mining"
"89157T100","TTVSY","Totvs SA","Software - Application"
"874054109","TTWO","Take-Two Interactive","Electronic Gaming & Multimedia"
"87971M103","TU","Telus Corporation","Telecom Services"
"82889N657","TUA","Simplify Short Term Treasury Futures Strategy ETF","ETF"
"53656F151","TUG","STF Tactical Growth ETF","ETF"
"53656F169","TUGN","STF Tactical Growth & Income ETF","ETF"
"899896104","TUPBQ","Tupperware Brands Corp","Furnishings, Fixtures & Appliances"
"464286715","TUR","iShares MSCI Turkey ETF","ETF"
"899924104","TURB","Turbo Energy S A","Solar"
"87283Q743","TURF","T Rowe Price Natural Resources ETF","ETF"
"68235B208","TURN","180 Degree Capital Corp","Asset Management"
"88588G307","TUSB","Thrivent Ultra Short Bond ETF","ETF"
"89157W301","TUSI","Touchstone Ultra Short Income ETF","ETF"
"56155L108","TUSK","Mammoth Energy Services Inc","Conglomerates"
"899415202","TUWOY","Tullow Oil plc","Oil & Gas E&P"
"90114C107","TUYA","Tuya Inc","Software - Infrastructure"
"40049J206","TV","Grupo Televisa S A B","Telecom Services"
"G8772L105","TVA","Texas Ventures Acquisition I","Shell Companies"
"G8772L121","TVACU","Texas Ventures Acquisition I","Shell Companies"
"G8772L113","TVACW","Texas Ventures Acquisition I","Shell Companies"
"G87890110","TVAIR","Thayer Ventures Acquisition Corporation II","Shell Companies"
"88165K101","TVGN","Tevogen Bio Holdings Inc","Biotechnology"
"88165K119","TVGNW","Tevogen Bio Holdings Inc","Biotechnology"
"G8773A116","TVIVU","Texas Ventures Acquisition IV Corp","Shell Companies"
"140755307","TVRD","Tvardi Therapeutics Inc","Biotechnology"
"89422G107","TVTX","Travere Therapeutics Inc","Biotechnology"
"89422GAA5","TVTX","Travere Therapeutics Inc","Biotechnology"
"89422GAB3","TVTX","Travere Therapeutics Inc","Biotechnology"
"892672106","TW","Tradeweb","Capital Markets"
"674434303","TWAV","TaoWeave Inc","Asset Management"
"025083882","TWCUX","American Century Ultra Fund","ETF"
"87318A101","TWFG","TWFG Inc","Insurance Brokers"
"88830M102","TWI","Titan International Inc","Farm & Heavy Construction Machinery"
"901476101","TWIN","Twin Disc Inc","Specialty Industrial Machinery"
"84858T509","TWIO","Trajan Wealth Income Opportunities ETF","ETF"
"90138F102","TWLO","Twilio Inc","Software - Infrastructure"
"90118T106","TWLV","Twelve Seas Investment Company III","Shell Companies"
"G9145D101","TWLV","Twelve Seas Investment Company III","Shell Companies"
"G9145D119","TWLVR","Twelve Seas Investment Company III","Shell Companies"
"G9145D127","TWLVU","Twelve Seas Investment Company III","Shell Companies"
"74347G168","TWM","ProShares UltraShort Russell2000","ETF"
"74347G689","TWM","ProShares UltraShort Russell2000","ETF"
"874036106","TWN","The Taiwan Fund Inc","Asset Management"
"901643106","TWNPQ","Twin Hospitality Group Inc","Restaurants"
"90187B408","TWO","Two Harbors Investment Corp","REIT - Mortgage"
"90187B804","TWO","Two Harbors Investment Corp","REIT - Mortgage"
"877409102","TWODY","Taylor Wimpey plc","Residential Construction"
"46438G463","TWOX","iShares Large Cap Accelerated Outcome ETF","ETF"
"90184D100","TWST","Twist Bioscience Corporation","Diagnostics & Research"
"90184L102","TWTR","Twitter Inc",""
"880890108","TX","Ternium Sa","Steel"
"88025U109","TXG","10X Genomics Inc","Health Information Services"
"88338N206","TXMD","Therapeuticsmd Inc","Drug Manufacturers - Specialty & Generic"
"882508104","TXN","Texas Instruments Incorporated","Semiconductors"
"69349H107","TXNM","TXNM Energy Inc","Utilities - Regulated Electric"
"87313P103","TXO","TXO Partners LP","Oil & Gas E&P"
"882681109","TXRH","Texas Roadhouse Inc","Restaurants"
"88224A102","TXS","Texas Capital Texas Equity Index ETF","ETF"
"883203101","TXT","Textron Inc","Aerospace & Defense"
"88521L306","TXUE","Thornburg International Equity ETF","ETF"
"88521L405","TXUG","Thornburg International Growth ETF","ETF"
"09789C663","TXXI","BondBloxx IR+M Tax-Aware Intermediate Duration ETF","ETF"
"895436103","TY","Tri-Continental Corporation","Asset Management"
"82889N798","TYA","Simplify Intermediate Term Treasury Futures Strategy ETF","ETF"
"25459W565","TYD","Direxion Daily 7-10 Year Treasury Bull 3X Shares","ETF"
"89147L886","TYG","Tortoise Energy Infrastructure Corporation","Asset Management"
"88675P103","TYGO","Tigo Energy Inc","Solar"
"892330101","TYIDY","Toyota Industries Corporation","Farm & Heavy Construction Machinery"
"902252105","TYL","Tyler Technologies Inc","Software - Application"
"902252AB1","TYL","Tyler Technologies Inc","Software - Application"
"132061789","TYLD","Cambria Tactical Yield ETF","ETF"
"37960A743","TYLG","Global X Information Technology Covered Call & Growth ETF","ETF"
"25459W557","TYO","Direxion Daily 7-10 Year Treasury Bear 3X Shares","ETF"
"Q9240A100","TYP","Tryptamine Therapeutics Ltd","Biotechnology"
"90240B106","TYRA","Tyra Biosciences Inc","Biotechnology"
"25460E232","TZA","Direxion Daily Small Cap Bear 3X Shares","ETF"
"89421Q205","TZOO","Travelzoo","Internet Content & Information"
"91332U101","U","Unity Software Inc","Software - Application"
"91332UAB7","U","Unity Software Inc","Software - Application"
"91332UAH4","U","Unity Software Inc","Software - Application"
"904311206","UA","Under Armour Inc","Apparel Manufacturing"
"904311107","UAA","Under Armour Inc","Apparel Manufacturing"
"46434V761","UAE","iShares MSCI UAE ETF","ETF"
"910047109","UAL","United Airlines Holdings Inc","Airlines"
"911549103","UAMY","United States Antimony Corp","Other Industrial Metals & Mining"
"126633205","UAN","CVR Partners LP","Agricultural Inputs"
"45782C805","UAPR","Innovator US Equity Ultra Buffer ETF - April","ETF"
"45782C672","UAUG","Innovator US Equity Ultra Buffer ETF - August","ETF"
"00848K101","UAVS","AgEagle Aerial Systems","Computer Hardware"
"909911109","UBCP","United Bancorp Inc","Banks - Regional"
"90353T100","UBER","Uber Technologies Inc","Software - Application"
"90353TAM2","UBER","Uber Technologies Inc","Software - Application"
"911460103","UBFO","United Security Bancshares","Banks - Regional"
"92647X863","UBND","VictoryShares Core Plus Intermediate Bond ETF","ETF"
"909458101","UBOH","United Bancshares Inc","Banks - Regional"
"74347B490","UBR","ProShares Ultra MSCI Brazil Capped","ETF"
"38747R694","UBRL","Graniteshares 2x Long UBER Daily ETF","ETF"
"H42097107","UBS","Ubs Group Ag","Banks - Diversified"
"90348R102","UBSFY","Ubisoft Entertainment SA","Electronic Gaming & Multimedia"
"909907107","UBSI","United Bankshares Inc","Banks - Regional"
"74347R172","UBT","ProShares Ultra 20+ Year Treasury","ETF"
"90984P303","UCB","United Community Banks Inc","Banks - Regional"
"90262T308","UCBHQ","UCBH Holdings Inc","Banks - Regional"
"903480101","UCBJY","UCB SA","Biotechnology"
"74347R750","UCC","ProShares Ultra Consumer Discretionary","ETF"
"462837105","UCFI","CN Healthy Food Tech Group Corp","Packaged Foods"
"462837113","UCFIW","CN Healthy Food Tech Group Corp","Packaged Foods"
"90354D104","UCL","Ucloudlink Group Inc","Telecom Services"
"74347Y888","UCO","ProShares Ultra Bloomberg Crude Oil","ETF"
"33740F888","UCON","First Trust Smith Unconstrained Plus Bond ETF","ETF"
"74350U302","UCOP","ProShares Ultra Copper K-1 Free ETF","ETF"
"90385V107","UCTT","Ultra Clean Holdings Inc","Semiconductor Equipment & Materials"
"74347G770","UCYB","ProShares Ultra Nasdaq Cybersecurity","ETF"
"45782C532","UDEC","Innovator US Equity Ultra Buffer ETF - December","ETF"
"35473P306","UDIV","Franklin Templeton US Core Dividend Tilt Index ETF","ETF"
"902685106","UDMY","Udemy Inc","Education & Training Services"
"46141D104","UDN","Invesco DB US Dollar Index Bearish Fund","ETF"
"74347X823","UDOW","ProShares UltraPro Dow30","ETF"
"902653104","UDR","Udr Inc","REIT - Residential"
"91704F104","UE","Urban Edge Properties","REIT - Retail"
"916896103","UEC","Uranium Energy Corp","Uranium"
"913483103","UEIC","Universal Electronics Inc","Consumer Electronics"
"92647N543","UEVM","VictoryShares Emerging Markets Value Momentum ETF","ETF"
"910340108","UFCS","United Fire Group Inc","Insurance - Property & Casualty"
"45782C425","UFEB","Innovator US Equity Ultra Buffer ETF - February","ETF"
"G92Y4F100","UFG","Uni-Fuels Holdings Limited","Marine Shipping"
"904677200","UFI","Unifi Inc","Textile Manufacturing"
"74933W510","UFIV","F/M US Treasury 5 Year Note ETF","ETF"
"74280R205","UFO","Procure Space ETF","ETF"
"26922A289","UFOX","Defiance Connective Technologies ETF","ETF"
"90278Q108","UFPI","Ufp Industries Inc","Lumber & Wood Production"
"902673102","UFPT","Ufp Technologies Inc","Medical Devices"
"910571108","UG","United Guardian Inc","Household & Personal Products"
"91201T102","UGA","United States Gasoline Fund LP","ETF"
"74347R768","UGE","ProShares Ultra Consumer Staples","ETF"
"902681105","UGI","Ugi Corporation","Utilities - Regulated Gas"
"902681AB1","UGI","Ugi Corporation","Utilities - Regulated Gas"
"74347W601","UGL","ProShares Ultra Gold","ETF"
"90400P101","UGP","Ultrapar Participações S.A.","Oil & Gas Refining & Marketing"
"023586100","UHAL","U Haul Holding Company","Rental & Leasing Services"
"023586506","UHALB","U-Haul Holding Company","Rental & Leasing Services"
"91060H108","UHG","United Homes Group Inc","Residential Construction"
"91060H116","UHGWW","United Homes Group Inc","Residential Construction"
"913903100","UHS","Universal Health Services Inc","Medical Care Facilities"
"91359E105","UHT","Universal Health Realty Income Trust","REIT - Healthcare Facilities"
"90353W103","UI","Ubiquiti Inc","Communication Equipment"
"909214306","UIS","Unisys Corporation","Information Technology Services"
"92647N527","UITB","VictoryShares Core Intermediate Bond ETF","ETF"
"92647N550","UIVM","VictoryShares International Value Momentum ETF","ETF"
"45782C300","UJAN","Innovator US Equity Ultra Buffer ETF - January","ETF"
"74348A707","UJB","ProShares Ultra High Yield","ETF"
"45782C839","UJUL","Innovator US Equity Ultra Buffer ETF - July","ETF"
"45782C730","UJUN","Innovator US Equity Ultra Buffer ETF - June","ETF"
"G9449A134","UK","Ucommune International Ltd","Real Estate Services"
"G9449A118","UKOMW","Ucommune International Ltd","Real Estate Services"
"904767704","UL","Unilever plc","Household & Personal Products"
"904767803","UL","Unilever plc","Household & Personal Products"
"903899102","ULBI","Ultralife Corporation","Electrical Equipment & Parts"
"35909R108","ULCC","Frontier Group Holdings Inc","Airlines"
"74347W874","ULE","ProShares Ultra Euro","ETF"
"91388P105","ULH","Universal Logistics Holdings Inc","Trucking"
"903731107","ULS","UL Solutions Inc","Specialty Business Services"
"78467V707","ULST","SPDR SSgA Ultra Short Term Bond ETF","ETF"
"90384S303","ULTA","Ulta Beauty Inc","Specialty Retail"
"88636J527","ULTY","YieldMax Ultra Option Income Strategy ETF","ETF"
"88636X708","ULTY","YieldMax Ultra Option Income Strategy ETF","ETF"
"92647N576","ULVM","VictoryShares US Value Momentum ETF","ETF"
"91532F102","UMAC","Unusual Machines Inc","Computer Hardware"
"45782C375","UMAR","Innovator US Equity Ultra Buffer ETF - March","ETF"
"45782C292","UMAY","Innovator US Equity Ultra Buffer ETF - May","ETF"
"902788108","UMBF","UMB Financial Corporation","Banks - Regional"
"910873405","UMC","United Microelectronics Corporation","Semiconductors"
"74347X815","UMDD","ProShares UltraPro MidCap400","ETF"
"903002103","UMH","UMH Properties Inc","REIT - Residential"
"90290T882","UMI","USCF Midstream Energy Income Fund","ETF"
"53656F268","UMMA","Wahed Dow Jones Islamic World ETF","ETF"
"905400107","UNB","Union Bankshares Inc","Banks - Regional"
"91381U200","UNBX","Unity Biotechnology Inc","Biotechnology"
"904678406","UNCRY","Unicredit S.p.A.","Banks - Regional"
"90466Y202","UNCY","Unicycive Therapeutics Inc","Biotechnology"
"904708104","UNF","UniFirst Corporation","Specialty Business Services"
"911163103","UNFI","United Natural Foods Inc","Food Distribution"
"912318409","UNG","United States Natural Gas Fund LP","ETF"
"91324P102","UNH","UnitedHealth Group Incorporated","Healthcare Plans"
"882927122","UNHG","Leverage Shares 2X Long UNH Daily ETF","ETF"
"90460M204","UNICY","Unicharm Corporation","Household & Personal Products"
"912932100","UNIT","Uniti Group Inc","REIT - Specialty"
"91325V108","UNIT","Uniti Group Inc","REIT - Specialty"
"84860W300","UNITDSPR","United Spirits Ltd","Beverages - Wineries & Distilleries"
"97717Y469","UNIY","WisdomTree Voya Yield Enchanced USD Universal Bond Fund","ETF"
"91288X109","UNL","United States 12 Month Natural Gas Fund LP","ETF"
"69367Q104","UNLRY","PT Unilever Indonesia Tbk","Household & Personal Products"
"91529Y106","UNM","Unum Group","Insurance - Life"
"45782C565","UNOV","Innovator US Equity Ultra Buffer ETF - November","ETF"
"907818108","UNP","Union Pacific Corporation","Railroads"
"913290102","UNTY","Unity Bancorp Inc","Banks - Regional"
"91377B109","UNVGY","Universal Music Group NV","Entertainment"
"45782C821","UOCT","Innovator US Equity Ultra Buffer ETF October","ETF"
"G59290109","UOKA","MDJM Ltd","Real Estate Services"
"91529G105","UOLGY","UOL Group Limited","Real Estate - Development"
"91705J105","UONE","Urban One Inc","Broadcasting"
"91705J204","UONEK","Urban One Inc","Broadcasting"
"911271302","UOVEY","United Overseas Bank Limited","Banks - Regional"
"96328L205","UP","Wheels Up Experience Inc","Airports & Air Services"
"886364595","UPAR","UPAR Ultra Risk Parity ETF","ETF"
"91678A107","UPB","Upstream Bio Inc","Biotechnology"
"76009N100","UPBD","Upbound Group Inc","Software - Application"
"46137V522","UPGD","Invesco Bloomberg Analyst Rating Improvers ETF","ETF"
"23306X704","UPGR","Xtrackers US Green Infrastructure Select Equity ETF","ETF"
"91544A109","UPLD","Upland Software Inc","Software - Application"
"91544A208","UPLD","Upland Software Inc","Software - Application"
"915436208","UPMMY","UPM-Kymmene Oyj","Paper & Paper Products"
"74347X864","UPRO","ProShares UltraPro S&P500","ETF"
"911312106","UPS","United Parcel Service Inc","Integrated Freight & Logistics"
"26922B444","UPSD","ETF Series Solutions - Aptus Large Cap Upside ETF","ETF"
"91680M107","UPST","Upstart Holdings Inc","Credit Services"
"91680MAB3","UPST","Upstart Holdings Inc","Credit Services"
"46092D772","UPSX","Tradr 2X Long UPST Daily ETF","ETF"
"74347X526","UPV","ProShares Ultra FTSE Europe","ETF"
"74347R685","UPW","ProShares Ultra Utilities","ETF"
"91688F104","UPWK","Upwork Inc","Internet Content & Information"
"39959A205","UPXI","Upexi Inc","Internet Content & Information"
"37954Y871","URA","Global X Uranium ETF","ETF"
"25461A643","URAA","Direxion Daily Uranium Bull 2X ETF","ETF"
"882927759","URAN","Themes Uranium & Nuclear ETF","ETF"
"917047102","URBN","Urban Outfitters Inc","Apparel Retail"
"74347X625","URE","ProShares Ultra Real Estate","ETF"
"91688R108","URG","Ur-Energy Inc","Uranium"
"M96088105","URGN","Urogen Pharma Ltd","Biotechnology"
"911363109","URI","United Rentals Inc","Rental & Leasing Services"
"85208P808","URNJ","Sprott Junior Uranium Miners ETF","ETF"
"301505715","URNM","Sprott Uranium Miners ETF","ETF"
"85208P303","URNM","Sprott Uranium Miners ETF","ETF"
"91702V101","UROY","Uranium Royalty Corp","Uranium"
"464286392","URTH","iShares MSCI World ETF","ETF"
"74347X799","URTY","ProShares UltraPro Russell200","ETF"
"530158104","USA","Liberty All-Star Equity Fund","Asset Management"
"90290N109","USAC","Usa Compression Partners LP","Oil & Gas Equipment & Services"
"900934407","USAF","Atlas America Fund","ETF"
"69374H634","USAI","Pacer American Energy Independence ETF","ETF"
"913837100","USAP","Universal Stainless & Alloy","Steel"
"91733P107","USAR","Usa Rare Earth Inc","Other Industrial Metals & Mining"
"91733P115","USARW","Usa Rare Earth Inc","Other Industrial Metals & Mining"
"03062D100","USAS","Americas Gold and Silver Corporation","Other Industrial Metals & Mining"
"03062D803","USAS","Americas Gold and Silver Corporation","Other Industrial Metals & Mining"
"90291C201","USAU","U.S. Gold Corp","Gold"
"902973304","USB","US Bancorp","Banks - Regional"
"499238202","USBC","USBC Inc","Scientific & Technical Instruments"
"23306X605","USCA","Xtrackers MSCI USA Climate Action Equity ETF","ETF"
"90355N101","USCB","Uscb Financial Holdings Inc","Banks - Regional"
"911717106","USCI","United States Commodity Index Fund LP","ETF"
"46436E155","USCL","iShares Climate Conscious & Transition MSCI USA ETF","ETF"
"74347R669","USD","ProShares Ultra Semiconductors","ETF"
"85238K100","USDE","StablecoinX Inc","Capital Markets"
"97717W471","USDU","WisdomTree Bloomberg US Dollar Bullish Fund","ETF"
"74933W254","USDX","SGI Enhanced Core ETF","ETF"
"90290T874","USE","USCF Energy Commodity Strategy Absolute Return Fund","ETF"
"Y92335101","USEA","United Maritime Corporation","Marine Shipping"
"45782C649","USEP","Innovator US Equity Ultra Buffer ETF - September","ETF"
"912008109","USFD","US Foods Holding Corp","Food Distribution"
"35473P413","USFI","Brandywineglobal-U.S. Fixed Income ETF","ETF"
"97717Y527","USFR","WisdomTree Floating Rate Treasury Fund","ETF"
"90290T866","USG","USCF Gold Strategy Plus Income Fund","ETF"
"90291W108","USGO","US Goldmining Inc","Other Industrial Metals & Mining"
"90291W116","USGOW","US Goldmining Inc","Other Industrial Metals & Mining"
"46435U853","USHY","iShares Broad USD High Yield Corporate Bond ETF","ETF"
"464288620","USIG","iShares Broad USD Investment Grade Corporate Bond ETF","ETF"
"97717Y410","USIN","WisdomTree 7-10 Year Laddered Treasury Fund ETF","ETF"
"917313108","USIO","Usio Inc","Software - Infrastructure"
"91288V103","USL","United States 12 Month Oil","ETF"
"911922102","USLM","United States Lime & Minerals Inc","Building Materials"
"74255Y870","USMC","Principal US Mega-Cap ETF","ETF"
"97717Y857","USMF","WisdomTree US Multifactor Fund","ETF"
"90278V701","USML","ETRACS 2x Leveraged MSCI US Minimum Volatility Factor TR ETN","ETF"
"46429B697","USMV","iShares MSCI USA Min Vol Factor ETF","ETF"
"90328M107","USNA","Usana Health Sciences Inc","Packaged Foods"
"23306X209","USNZ","Xtrackers Net Zero Pathway Paris Aligned US Equity ETF","ETF"
"917302200","USNZY","Usinas Siderúrgicas de Minas Gerais SA","Steel"
"91232N207","USO","United States Oil Fund LP","ETF"
"88636J378","USOY","Defiance Oil Enhanced Options Income ETF","ETF"
"90337L108","USPH","U S Physical Therapy","Medical Care Facilities"
"35473P405","USPX","Franklin Templeton US Equity Index ETF","ETF"
"464288521","USRT","iShares Core US REIT ETF","ETF"
"233051150","USSG","Xtrackers MSCI USA Selection Equity ETF","ETF"
"97717Y394","USSH","WisdomTree 1-3 Year Laddered Treasury Fund ETF","ETF"
"74347R180","UST","ProShares Ultra 7-10 Year Treasury","ETF"
"92647N535","USTB","VictoryShares Short-Term Bond ETF","ETF"
"92647N568","USVM","VictoryShares US Small Mid Cap Value Momentum ETF","ETF"
"74933W528","USVN","F/M US Treasury 7 Year Note ETF","ETF"
"46436E767","USXF","iShares ESG Advanced MSCI USA ETF","ETF"
"74933W536","UTEN","F/M US Treasury 10 Year Note ETF","ETF"
"26923G806","UTES","Virtus Reaves Utilities ETF","ETF"
"19248A109","UTF","Cohen & Steers Infrastructure Fund","Asset Management"
"756158101","UTG","Reaves Utility Income Fund","Asset Management"
"91307C102","UTHR","United Therapeutics Corp","Drug Manufacturers - Specialty & Generic"
"74933W551","UTHY","F/M US Treasury 30 Year Bond ETF","ETF"
"913915104","UTI","Universal Technical Institute","Education & Training Services"
"913259107","UTL","Unitil Corporation","Utilities - Diversified"
"917488108","UTMD","Utah Medical Products Inc","Medical Instruments & Supplies"
"74933W494","UTRE","F/M US Treasury 3 Year Note ETF","ETF"
"301505749","UTRN","Vesper US Large Cap Short-Term Reversal Strategy ETF","ETF"
"G9310A122","UTSI","UTStarcom Holdings Corp","Communication Equipment"
"25460E711","UTSL","Direxion Daily Utilities Bull 3X Shares","ETF"
"74933W486","UTWO","F/M US Treasury 2 Year Note ETF","ETF"
"74933W544","UTWY","F/M US Treasury 20 Year Bond ETF","ETF"
"918090101","UTZ","Utz Brands Inc","Packaged Foods"
"91311E102","UUGRY","United Utilities Group PLC","Utilities - Regulated Water"
"46141D203","UUP","Invesco DB US Dollar Index Bullish Fund","ETF"
"913821302","UUU","Universal Safety Products Inc","Building Products & Equipment"
"292671708","UUUU","Energy Fuels Inc","Uranium"
"91359V107","UVE","Universal Insurance Holdings","Insurance - Property & Casualty"
"92891H408","UVIX","2x Long VIX Futures ETF","ETF"
"92891H507","UVIX","2x Long VIX Futures ETF","ETF"
"92891H606","UVIX","2x Long VIX Futures ETF","ETF"
"915271100","UVSP","Univest Financial Corporation","Banks - Regional"
"913456109","UVV","Universal Corporation","Tobacco"
"74347Y680","UVXY","ProShares Ultra VIX Short-Term Futures ETF","ETF"
"74347Y755","UVXY","ProShares Ultra VIX Short-Term Futures ETF","ETF"
"74347Y771","UVXY","ProShares Ultra VIX Short-Term Futures ETF","ETF"
"74347Y839","UVXY","ProShares Ultra VIX Short-Term Futures ETF","ETF"
"74347R842","UWM","ProShares Ultra Russell2000","ETF"
"91823B109","UWMC","UWM Holdings Corporation","Mortgage Finance"
"91823B117","UWMCWS","UWM Holdings Corporation","Mortgage Finance"
"74347R727","UXI","ProShares Ultra Industrials","ETF"
"91818X306","UXIN","Uxin Ltd","Auto & Truck Dealerships"
"33740U430","UXJA","FT Vest US Equity Uncapped Accelerator ETF - January","ETF"
"74349Y498","UXRP","ProShares Ultra XRP ETF","ETF"
"74347X633","UYG","ProShares Ultra Financials","ETF"
"03463K752","UYLD","Angel Oak UltraShort Income ETF","ETF"
"74347R776","UYM","ProShares Ultra Materials","ETF"
"G93Y0A104","UYSC","UY Scuti Acquisition Corp","Shell Companies"
"G93Y0A112","UYSCR","UY Scuti Acquisition Corp","Shell Companies"
"92826C839","V","Visa Inc","Credit Services"
"928031103","VABK","Virginia National Bankshares Corp","Banks - Regional"
"92790A603","VABS","Virtus Newfleet ABS/MBS ETF","ETF"
"57164Y107","VAC","Marriott Vacations Worldwide Corporation","Resorts & Casinos"
"57164YAD9","VAC","Marriott Vacations Worldwide Corporation","Resorts & Casinos"
"57164YAF4","VAC","Marriott Vacations Worldwide Corporation","Resorts & Casinos"
"G93A7H104","VACH","Voyager Acquisition Corp","Shell Companies"
"G93A7H120","VACHU","Voyager Acquisition Corp","Shell Companies"
"G93A7H112","VACHW","Voyager Acquisition Corp","Shell Companies"
"G9582G104","VACI","Viking Acquisition Corp I","Shell Companies"
"92243F100","VACNY","VAT Group AG","Specialty Industrial Machinery"
"G9460G101","VAL","Valaris Limited","Oil & Gas Drilling"
"91912E105","VALE","Vale S.A.","Other Industrial Metals & Mining"
"92025Y103","VALN","Valneva SE","Biotechnology"
"025072208","VALQ","American Century US Quality Value ETF","ETF"
"920437100","VALU","Value Line Inc","Financial Data & Stock Exchanges"
"132061888","VAMO","Cambria Value and Momentum ETF","ETF"
"92854B109","VANI","Vivani Medical Inc","Biotechnology"
"45784J303","VATE","Innovate Corp","Engineering & Construction"
"92188R101","VAVX","VanEck Avalanche ETF","ETF"
"92204A801","VAW","Vanguard Materials Index Fund ETF","ETF"
"92244V104","VAXX","Vaxxinity Inc","Biotechnology"
"922908751","VB","Vanguard Small-Cap Index Fund ETF","ETF"
"46132L107","VBF","Invesco Bond Fund","Asset Management"
"922040845","VBIL","Vanguard 0-3 Month Treasury Bill ETF","ETF"
"888705308","VBIO","Valion Bio Inc","Biotechnology"
"922908595","VBK","Vanguard Small-Cap Growth Index Fund ETF Shares","ETF"
"92189M101","VBNB","VanEck BNB ETF","ETF"
"26922A602","VBND","Vident US Bond Strategy ETF","ETF"
"92512J106","VBNK","Versabank","Banks - Regional"
"922908611","VBR","Vanguard Small-Cap Value Index Fund ETF","ETF"
"71645Y305","VBREY","Vibra Energia SA","Specialty Retail"
"923451108","VBTX","Veritex Holdings Inc","Banks - Regional"
"92839U206","VC","Visteon Corporation","Auto Parts"
"921910691","VCEB","Vanguard ESG US Corporate Bond ETF","ETF"
"92346J108","VCEL","Vericel Corporation","Biotechnology"
"G93Y09107","VCIC","Vine Hill Capital Investment Corp","Shell Companies"
"G93Y09123","VCICU","Vine Hill Capital Investment Corp","Shell Companies"
"G93Y09115","VCICW","Vine Hill Capital Investment Corp","Shell Companies"
"G98218202","VCIG","Vci Global Ltd","Consulting Services"
"927320101","VCISY","Vinci SA","Engineering & Construction"
"92206C870","VCIT","Vanguard Intermediate-Term Corporate Bond Index Fund ETF Shares","ETF"
"92790A702","VCLN","Virtus Duff & Phelps Clean Energy ETF","ETF"
"92206C813","VCLT","Vanguard Long-Term Corporate Bond Index Fund ETF","ETF"
"92204A108","VCR","Vanguard Consumer Discretionary Index Fund ETF","ETF"
"922020748","VCRB","Vanguard Core Bond ETF","ETF"
"922907712","VCRM","Vanguard Core Tax-Exempt Bond ETF","ETF"
"91854V206","VCSA","Vacasa Inc","Travel Services"
"92206C409","VCSH","Vanguard Short-Term Corporate Bond Index Fund ETF","ETF"
"92645B103","VCTR","Victory Capital Holdings Inc","Asset Management"
"46132H106","VCV","Invesco California Value Municipal Income Trust","Asset Management"
"360852107","VCX","Fundrise Growth Tech Fund LLC","ETF"
"92337F107","VCYT","Veracyte Inc","Diagnostics & Research"
"92204A207","VDC","Vanguard Consumer Staples Index Fund ETF","ETF"
"92204A306","VDE","Vanguard Energy Index Fund ETF","ETF"
"921943858","VEA","Vanguard FTSE Developed Markets Index Fund ETF Shares","ETF"
"922417100","VECO","Veeco Instruments Inc","Semiconductor Equipment & Materials"
"693489122","VEEA","Veea Inc","Information Technology Services"
"693489114","VEEAW","Veea Inc","Information Technology Services"
"90177C101","VEEE","Twin Vee Powercats Co","Recreational Vehicles"
"922475108","VEEV","Veeva Systems","Health Information Services"
"92189H599","VEFA","VanEck MSCI EAFE Analyst Sentiment ETF","ETF"
"00768Y768","VEGA","AdvisorShares STAR Global Buy-Write ETF","ETF"
"464286350","VEGI","iShares MSCI Agriculture Producers ETF","ETF"
"26922A297","VEGN","US Vegan Climate ETF","ETF"
"921921102","VEIPX","Vanguard Equity Income Fund","ETF"
"92262D101","VEL","Velocity Financial Inc","Mortgage Finance"
"92259E104","VELO","Velo3D Inc","Computer Hardware"
"92259N302","VELO","Velo3D Inc","Computer Hardware"
"92790A801","VEMY","Virtus Stone Harbor Emerging Markets High Yield Bond ETF","ETF"
"92333E104","VENU","Venu Holding Corporation","Restaurants"
"92334N103","VEOEY","Veolia Environnement SA","Waste Management"
"91822M502","VEON","VEON Ltd","Telecom Services"
"92337R101","VERA","Vera Therapeutics Inc","Biotechnology"
"92337U203","VERB","Verb Technology","Software - Application"
"92347M100","VERI","Veritone Inc","Software - Infrastructure"
"74347G325","VERS","ProShares Metaverse ETF","ETF"
"92536C103","VERU","Veru Inc","Biotechnology"
"92536C202","VERU","Veru Inc","Biotechnology"
"92539P101","VERV","Verve Therapeutics Inc","Biotechnology"
"92538J106","VERX","Vertex Inc","Software - Application"
"923725105","VET","Vermilion Energy Inc","Oil & Gas E&P"
"886364389","VETZ","Academy Veteran Bond ETF","ETF"
"922042775","VEU","Vanguard FTSE All-World ex-US ETF","ETF"
"918204108","VFC","V.F. Corporation","Apparel Manufacturing"
"92707Y108","VFF","Village Farms International Inc","Farm Products"
"92204A405","VFH","Vanguard Financials Index Fund ETF","ETF"
"922908710","VFIAX","Vanguard 500 Index Fund","ETF"
"24610T108","VFL","abrdn National Municipal Inc","Asset Management"
"92647X830","VFLO","Victoryshares Free Cash Flow ETF","ETF"
"921935607","VFMF","Vanguard US Multifactor ETF","ETF"
"921935508","VFMO","Vanguard US Momentum Factor ETF ETF","ETF"
"921935409","VFMV","Vanguard US Minimum Volatility ETF ETF","ETF"
"921935706","VFQY","Vanguard US Quality Factor ETF","ETF"
"Y9390M103","VFS","Vinfast Auto Ltd","Auto Manufacturers"
"921935805","VFVA","Vanguard US Value Factor ETF","ETF"
"92333F101","VG","Venture Global Inc","Oil & Gas Midstream"
"92886T201","VG","Venture Global Inc","Oil & Gas Midstream"
"923372106","VGAS","Verde Clean Fuels Inc","Utilities - Renewable"
"923372114","VGASW","Verde Clean Fuels Inc","Utilities - Renewable"
"921908109","VGENX","Vanguard Energy Fund","ETF"
"92829B101","VGI","Virtus Global Multi-Sector Income Fund","Asset Management"
"92206C706","VGIT","Vanguard Intermediate-Term Treasury Index Fund ETF","ETF"
"922042874","VGK","Vanguard FTSE Europe ETF","ETF"
"92206C847","VGLT","Vanguard Long-Term Treasury Index Fund ETF","ETF"
"46131M106","VGM","Invesco Trust for Investment Grade Municipals","Asset Management"
"922020722","VGMS","Vanguard Multi-Sector Income Bond ETF","ETF"
"G9600F104","VGNT","Versigent PLC","Auto Parts"
"92240M108","VGR","Vector Group Ltd","Tobacco"
"92206C102","VGSH","Vanguard Short-Term Treasury Index Fund ETF","ETF"
"56170L695","VGSR","Vert Global Sustainable Real Estate ETF","ETF"
"92204A702","VGT","Vanguard Information Technology Index Fund ETF","ETF"
"922040852","VGUS","Vanguard Ultra-Short Treasury ETF","ETF"
"927926303","VGZ","Vista Gold Corp","Gold"
"92823T207","VHC","VirnetX Holding Corporation","Software - Infrastructure"
"G9709D109","VHCP","Vine Hill Capital Investment Corp II","Shell Companies"
"G9709D125","VHCPU","Vine Hill Capital Investment Corp II","Shell Companies"
"G9709D117","VHCPW","Vine Hill Capital Investment Corp II","Shell Companies"
"918905209","VHI","Valhi Inc","Chemicals"
"92204A504","VHT","Vanguard Health Care Index Fund ETF","ETF"
"921946786","VHYAX","Vanguard High Dividend Yield Index Admiral","ETF"
"92556W104","VIA","Via Transportation Inc","Software - Application"
"925550105","VIAV","Viavi Solutions Inc","Communication Equipment"
"00768Y545","VICE","AdvisorShares Vice ETF","ETF"
"925652109","VICI","Vici Properties Inc","REIT - Diversified"
"925815102","VICR","Vicor Corp","Electronic Components"
"26922A404","VIDI","Vident International Equity Strategy ETF","ETF"
"921908844","VIG","Vanguard Specialized Funds","ETF"
"921946810","VIGI","Vanguard International Dividend Appreciation Index Fund ETF","ETF"
"92673K108","VIGL","Vigil Neuroscience Inc","Biotechnology"
"81786A107","VII","Viking Acquisition Corp II","Shell Companies"
"G93A5A101","VIK","Viking Holdings Ltd","Travel Services"
"92731L106","VINC","Vincerx Pharma Inc","Biotechnology"
"G9451V109","VINP","Vinci Compass Investments Ltd","Asset Management"
"921932794","VIOG","Vanguard S&P Small-Cap 600 Growth Index Fund ETF","ETF"
"921932828","VIOO","Vanguard S&P Small-Cap 600 Index Fund ETF","ETF"
"92762J103","VIOT","Viomi Technology Co Ltd","Furnishings, Fixtures & Appliances"
"921932778","VIOV","Vanguard S&P Small-Cap 600 Value Index Fund ETF","ETF"
"39531G308","VIP","Vulcan Infrastructure and Power Inc","Capital Markets"
"92763W103","VIPS","Vipshop Holdings Limited","Internet Retail"
"92764N102","VIR","Vir Biotechnology Inc","Biotechnology"
"927651109","VIRC","Virco Manufacturing Corporation","Furnishings, Fixtures & Appliances"
"928254101","VIRT","Virtu Financial Inc","Capital Markets"
"92765F108","VIRX","Viracta Therapeutics Inc","Biotechnology"
"92204A603","VIS","Vanguard Industrials Index Fund ETF","ETF"
"92836Y409","VISL","Vislink Technologies Inc","Communication Equipment"
"20337X109","VISN","Vistance Networks","Communication Equipment"
"92837L109","VIST","Vista Energy S.A.B. De C.V.","Oil & Gas E&P"
"92847W103","VITL","Vital Farms Inc","Farm Products"
"87936R205","VIV","Telefonica Brasil Sa","Telecom Services"
"92852T201","VIVHY","Vivendi SE","Electronic Gaming & Multimedia"
"92852R403","VIVK","Vivakor Inc","Oil & Gas Integrated"
"589584101","VIVO","VivoPower PLC","Software - Infrastructure"
"68620A302","VIVS","Vivosim Labs Inc","Biotechnology"
"74347W338","VIXM","ProShares VIX Mid-Term Futures ETF","ETF"
"74347Y730","VIXY","ProShares VIX Short-Term Futures ETF","ETF"
"74347Y789","VIXY","ProShares VIX Short-Term Futures ETF","ETF"
"74347Y854","VIXY","ProShares VIX Short-Term Futures ETF","ETF"
"46132E103","VKI","Invesco Advantage Municipal Income Trust II","Asset Management"
"46131J103","VKQ","Invesco Municipal Trust","Asset Management"
"92686J106","VKTX","Viking Therapeutics Inc","Biotechnology"
"92864V509","VLCN","Volcon Inc","Recreational Vehicles"
"919134304","VLEEY","Valeo SE","Auto Parts"
"927107409","VLGEA","Village Super Mkt Inc","Grocery Stores"
"M9607U115","VLN","Valens Semiconductor Ltd","Semiconductors"
"M9607U107","VLNWS","Valens Semiconductor Ltd","Semiconductors"
"91913Y100","VLO","Valero Energy Corporation","Oil & Gas Refining & Marketing"
"G63212107","VLOS","Velos Acquisition I Corp","Shell Companies"
"G63212123","VLOSU","Velos Acquisition I Corp","Shell Companies"
"G63212115","VLOSW","Velos Acquisition I Corp","Shell Companies"
"21240E105","VLRS","Controladora Vuela Compania de Aviacion SAB de CV","Airlines"
"46131F101","VLT","Invesco High Income Trust II","Asset Management"
"92338C103","VLTO","Veralto Corporation","Pollution & Treatment Controls"
"78464A128","VLU","SPDR S&P 1500 Value Tilt ETF","ETF"
"46432F388","VLUE","iShares MSCI USA Value Factor ETF","ETF"
"928854108","VLVLY","AB Volvo","Farm & Heavy Construction Machinery"
"919794107","VLY","Valley National Bancorp","Banks - Regional"
"92840Q301","VMAR","Vision Marine Technologies Inc","Recreational Vehicles"
"518416847","VMAX","Hartford US Value ETF","ETF"
"92206C771","VMBS","Vanguard Mortgage-Backed Securities Index Fund ETF Shares","ETF"
"929160109","VMC","Vulcan Materials Co","Building Materials"
"G9R16L118","VMCAF","Valuence Merger Corp I","Shell Companies"
"92663R105","VMD","Viemed Healthcare Inc","Medical Devices"
"92719V100","VMEO","Vimeo Inc","Software - Application"
"92528V200","VMET","Versamet Royalties Corporation","Other Precious Metals & Mining"
"920253101","VMI","Valmont Industries","Conglomerates"
"46132C107","VMO","Invesco Municipal Opportunity Trust","Asset Management"
"921937694","VMVAX","Vanguard Mid-Cap Value Index Admiral","ETF"
"37960A883","VNAM","Global X MSCI Vietnam ETF","ETF"
"92719W207","VNCE","Vince Holding Corp","Apparel Manufacturing"
"921659108","VNDA","Vanda Pharmaceuticals Inc","Biotechnology"
"90138A103","VNET","Vnet Group Inc","Information Technology Services"
"00791R723","VNIE","Vontobel International Equity Active ETF","ETF"
"47103U886","VNLA","Janus Henderson Short Duration Income ETF","ETF"
"92189F817","VNM","VanEck Vietnam ETF","ETF"
"G9580A109","VNME","Vendome Acquisition Corporation I","Shell Companies"
"G9580A125","VNMEU","Vendome Acquisition Corporation I","Shell Companies"
"G9580A117","VNMEW","Vendome Acquisition Corporation I","Shell Companies"
"929042109","VNO","Vornado Realty Trust","REIT - Office"
"64361Q101","VNOM","Viper Energy Inc","Oil & Gas Midstream"
"927959106","VNOM","Viper Energy Inc","Oil & Gas Midstream"
"922908553","VNQ","Vanguard Real Estate Index Fund ETF","ETF"
"922042676","VNQI","Vanguard Global ex-U.S. Real Estate Index Fund ETF","ETF"
"928661107","VNRX","Volitionrx Ltd","Medical Devices"
"63875W208","VNSE","Natixis Vaughan Nelson Select ETF","ETF"
"928881101","VNT","Vontier Corporation","Scientific & Technical Instruments"
"G7486J109","VNTG","Vantage Corp","Marine Shipping"
"G9329Z100","VNTRF","Venator Materials PLC","Specialty Chemicals"
"922908629","VO","Vanguard Mid-Cap Index Fund ETF","ETF"
"91829B103","VOC","VOC Energy Trust","Oil & Gas E&P"
"92857W308","VOD","Vodafone Group Public Limited Company","Telecom Services"
"922908512","VOE","Vanguard Mid-Cap Value Index Fund ETF","ETF"
"A9101Y103","VOE.VI","voestalpine AG",""
"87975E834","VOLT","Tema Electrification ETF","ETF"
"92206C730","VONE","Vanguard Russell 1000 Index Fund ETF","ETF"
"92206C680","VONG","Vanguard Russell 1000 Growth Index Fund ETF","ETF"
"92887H107","VONOY","Vonovia SE","Real Estate Services"
"92206C714","VONV","Vanguard Russell 1000 Value Index Fund ETF","ETF"
"922908363","VOO","Vanguard S&P 500 ETF","ETF"
"921932505","VOOG","Vanguard S&P 500 Growth Index Fund ETF","ETF"
"921932703","VOOV","Vanguard S&P 500 Value Index Fund ETF","ETF"
"922908538","VOT","Vanguard Mid-Cap Growth Index Fund ETF","ETF"
"29287L106","VOTE","TCW Transform 500 ETF","ETF"
"92204A884","VOX","Vanguard Communication Services Index Fund ETF","ETF"
"92919F103","VOXR","Vox Royalty Corp","Other Precious Metals & Mining"
"91829F104","VOXX","Voxx International Corp","Consumer Electronics"
"929089100","VOYA","Voya Financial Inc","Financial Conglomerates"
"92892B103","VOYG","Voyager Technologies Inc","Aerospace & Defense"
"26923G798","VPC","Virtus Private Credit ETF","ETF"
"92835K103","VPG","Vishay Precision Group Inc","Scientific & Technical Instruments"
"922042866","VPL","Vanguard FTSE Pacific Index Fund ETF","ETF"
"92862Y109","VPLM","Voip-Pal Com Inc","Telecom Services"
"922020755","VPLS","Vanguard Core-Plus Bond ETF","ETF"
"92204A876","VPU","Vanguard Utilities Index Fund ETF","ETF"
"46132K109","VPV","Invesco Pennsylvania Value Municipal Income Trust","Asset Management"
"92335C106","VRA","Vera Bradley Inc","Footwear & Accessories"
"26923G780","VRAI","Virtus Real Asset Income ETF","ETF"
"G9495L125","VRAX","Virax Biolabs Group Ltd","Biotechnology"
"92790C104","VRDN","Viridian Therapeutics Inc","Biotechnology"
"554489104","VRE","Veris Residential Inc","REIT - Residential"
"92214X106","VREX","Varex Imaging Corporation","Medical Devices"
"46090A879","VRIG","Invesco Variable Rate Investment Grade ETF","ETF"
"92918V307","VRM","Vroom Inc","Credit Services"
"92346X206","VRME","Verifyme Inc","Security & Protection Services"
"92346X115","VRMEW","Verifyme Inc","Security & Protection Services"
"92918VAB5","VRMMQ","Vroom Inc","Credit Services"
"92340V107","VRN","Veren Inc","Oil & Gas E&P"
"925050106","VRNA","Verona Pharma plc","Drug Manufacturers - Specialty & Generic"
"922280102","VRNS","Varonis Systems Inc","Software - Infrastructure"
"922280AD4","VRNS","Varonis Systems Inc","Software - Infrastructure"
"92343X100","VRNT","Verint Systems Inc","Software - Infrastructure"
"46138G870","VRP","Invesco Variable Rate Preferred ETF","ETF"
"928251107","VRPX","Virpax Pharmaceuticals Inc","Biotechnology"
"92511U102","VRRM","Verra Mobility Corporation","Information Technology Services"
"92345Y106","VRSK","Verisk Analytics Inc","Consulting Services"
"92343E102","VRSN","Verisign Inc","Software - Infrastructure"
"92537N108","VRT","Vertiv Holdings Co","Electrical Equipment & Parts"
"38747R512","VRTL","GraniteShares 2x Long VRT Daily ETF","ETF"
"92828Q109","VRTS","Virtus Investment Partners Inc","Asset Management"
"92532F100","VRTX","Vertex Pharmaceuticals Inc","Biotechnology"
"92534K107","VRTX","Vertex Pharmaceuticals Inc","Biotechnology"
"M1R50V113","VRYX.TA","Aquarius Engines AM Ltd",""
"876108309","VSA","VisionSys AI Inc","Education & Training Services"
"92838J111","VSAC","Vision Sensing Acquisition Corp","Shell Companies"
"92552V100","VSAT","Viasat Inc","Communication Equipment"
"92647N667","VSDA","VictoryShares Dividend Accelerator ETF","ETF"
"922020730","VSDB","Vanguard Short Duration Bond ETF","ETF"
"922907696","VSDM","Vanguard Short Duration Tax-Exempt Bond ETF","ETF"
"918284100","VSEC","VSE Corporation","Aerospace & Defense"
"918284209","VSECU","VSE Corporation","Aerospace & Defense"
"92919Y102","VSEE","Vsee Health Inc","Health Information Services"
"92919Y110","VSEEW","Vsee Health Inc","Health Information Services"
"921910725","VSGX","Vanguard ESG International Stock ETF","ETF"
"928298108","VSH","Vishay Intertechnology Inc","Semiconductors"
"928298AR9","VSH","Vishay Intertechnology Inc","Semiconductors"
"92790A207","VSHY","Virtus Newfleet Short Duration High Yield Bond ETF","ETF"
"26923N405","VSLU","Applied Finance Valuation Large Cap US ETF","ETF"
"G9517U202","VSME","VS MEDIA Holdings Ltd","Advertising Agencies"
"92647N691","VSMV","VictoryShares US Multi-Factor Minimum Volatility ETF","ETF"
"925283103","VSNT","Versant Media Group Inc","Entertainment"
"92200B100","VSOL","VanEck Solana ETF","ETF"
"922042718","VSS","Vanguard FTSE All-World ex-US Small-Cap Index Fund ETF","ETF"
"92840M102","VST","Vistra Corp","Utilities - Independent Power Producers"
"G9440A109","VSTA","Vasta Platform Ltd","Education & Training Services"
"98740Y302","VSTD","Vestand Inc","Restaurants"
"Q9379E113","VSTEW","Vast Renewables Limited","Utilities - Renewable"
"92337C203","VSTM","Verastem Inc","Biotechnology"
"928377100","VSTO","Vista Outdoor Inc","Aerospace & Defense"
"29430C102","VSTS","Vestis Corporation","Rental & Leasing Services"
"92647K770","VSVIX","Victory Integrity Small-Cap Value Fund Class Y","ETF"
"926400102","VSXY","Victorias Secret & Co","Apparel Retail"
"922042742","VT","Vanguard Total World Stock Index Fund ETF","ETF"
"74933X609","VTAK","Catheter Precision Inc","Medical Devices"
"92206C573","VTC","Vanguard Total Corporate Bond ETF ETF","ETF"
"922907746","VTEB","Vanguard Tax-Exempt Bond Index Fund ETF","ETF"
"922021605","VTEC","Vanguard California Tax-Exempt Bond ETF","ETF"
"922907738","VTEI","Vanguard Intermediate-Term Tax-Exempt Bond ETF","ETF"
"922907688","VTEL","Vanguard Long-Term Tax-Exempt Bond ETF","ETF"
"921935870","VTES","Vanguard Short-Term Tax-Exempt Bond ETF","ETF"
"G9470A102","VTEX","Vtex","Software - Application"
"92840H400","VTGN","Vistagen Therapeutics Inc","Biotechnology"
"92206C599","VTHR","Vanguard Russell 3000 Index Fund ETF","ETF"
"922908769","VTI","Vanguard Total Stock Market ETF","ETF"
"922020805","VTIP","Vanguard Short-Term Inflation-Protected Securities Index Fund ETF","ETF"
"516806205","VTLE","Vital Energy Inc","Oil & Gas E&P"
"92540K109","VTMX","Corporación Inmobiliaria Vesta S.A.B. de C.V.","Real Estate - Development"
"11040G103","VTOL","Bristow Group Inc","Oil & Gas Equipment & Services"
"92276F100","VTR","Ventas Inc","REIT - Healthcare Facilities"
"92277GAZ0","VTR","Ventas Inc","REIT - Healthcare Facilities"
"92556V106","VTRS","Viatris Inc","Drug Manufacturers - Specialty & Generic"
"92852X103","VTS","Vitesse Energy Inc","Oil & Gas E&P"
"92827K301","VTSI","Virtra Inc","Software - Application"
"922908744","VTV","Vanguard Value Index Fund ETF","ETF"
"918385204","VTVT","Vtv Therapeutics Inc","Biotechnology"
"92206C623","VTWG","Vanguard Russell 2000 Growth Index Fund ETF","ETF"
"92206C664","VTWO","Vanguard Russell 2000 Index Fund ETF","ETF"
"92206C649","VTWV","Vanguard Russell 2000 Value Index Fund ETF","ETF"
"92332V107","VTYX","Ventyx Biosciences Inc","Biotechnology"
"922908736","VUG","Vanguard Growth Index Fund ETF","ETF"
"G9T17W137","VUSA","Vanguard S&P 500 UCITS ETF","ETF"
"92203C303","VUSB","Vanguard Ultra-Short Bond ETF","ETF"
"26922A503","VUSE","Vident US Equity Strategy ETF","ETF"
"92921W300","VUZI","Vuzix Corporation","Consumer Electronics"
"922908637","VV","Vanguard Large Cap Index Fund","ETF"
"92859E207","VVOS","Vivos Therapeutics Inc","Medical Devices"
"46131H107","VVR","Invesco Senior Income Trust","Asset Management"
"92047W101","VVV","Valvoline Inc","Auto & Truck Dealerships"
"92242T101","VVX","V2X Inc","Aerospace & Defense"
"928662600","VWAGY","Volkswagen","Auto Manufacturers"
"928662501","VWAPY","Volkswagen AG","Auto Manufacturers"
"925458101","VWDRY","Vestas Wind Systems A/S","Specialty Industrial Machinery"
"26923G848","VWID","Virtus WMC International Dividend ETF","ETF"
"921938106","VWINX","Vanguard Wellesley® Income Fund Investor Shares","ETF"
"922042858","VWO","Vanguard Emerging Markets Stock Index Fund","ETF"
"921946885","VWOB","Vanguard Emerging Markets Government Bond Index Fund","ETF"
"922908652","VXF","Vanguard Extended Market Index Fund ETF","ETF"
"92243A200","VXRT","Vaxart Inc","Biotechnology"
"921909768","VXUS","Vanguard Total International Stock Index Fund ETF","ETF"
"06747R477","VXX","iPath Series B S&P 500 VIX Short-Term Futures ETN","ETF"
"06748F324","VXX","iPath Series B S&P 500 VIX Short-Term Futures ETN","ETF"
"06748M196","VXX","iPath Series B S&P 500 VIX Short-Term Futures ETN","ETF"
"06746P613","VXZ","iPath Series B S&P 500 VIX Mid-Term Futures ETN","ETF"
"06748M188","VXZ","iPath Series B S&P 500 VIX Mid-Term Futures ETN","ETF"
"92915B106","VYGR","Voyager Therapeutics Inc","Biotechnology"
"92919V405","VYGVQ","Voyager Digital Ltd","Software - Application"
"921946406","VYM","Vanguard High Dividend Yield Index Fund ETF Shares","ETF"
"921946794","VYMI","Vanguard International High Dividend Yield Index Fund ETF Shares","ETF"
"62886E108","VYX","Ncr Voyix Corporation","Information Technology Services"
"92343V104","VZ","Verizon Communications Inc","Telecom Services"
"92859G608","VZLA","Vizsla Silver Corp","Other Industrial Metals & Mining"
"94419L101","W","Wayfair Inc","Internet Retail"
"94419LAF8","W","Wayfair Inc","Internet Retail"
"94419LAR2","W","Wayfair Inc","Internet Retail"
"929740108","WAB","Wabtec","Railroads"
"957090103","WABC","Westamerica Bancorporation","Banks - Regional"
"35473P397","WABF","Western Asset Bond ETF","ETF"
"938824109","WAFD","WaFd Inc","Banks - Regional"
"G94184101","WAFU","Wah Fu Education Group Limit","Education & Training Services"
"957638109","WAL","Western Alliance Bancorp","Banks - Regional"
"G9460C100","WALD","Waldencast plc","Household & Personal Products"
"G9503X103","WALD","Waldencast plc","Household & Personal Products"
"G9460C118","WALDW","Waldencast plc","Household & Personal Products"
"G9503X111","WALDW","Waldencast plc","Household & Personal Products"
"25459Y801","WANT","Direxion Daily Cnsmr Discret Bull 3XShrs","ETF"
"26922B410","WAR","U.S. Global Technology and Aerospace & Defense ETF","ETF"
"940610108","WASH","Washington Trust Bancorp Inc","Banks - Regional"
"941848103","WAT","Waters Corporation","Diagnostics & Research"
"29272C301","WATT","Energous Corporation","Communication Equipment"
"27900N103","WAVE","Eco Wave Power Global AB","Utilities - Renewable"
"946784105","WAY","Waystar Holding Corp","Health Information Services"
"948596101","WB","Weibo Corporation","Internet Content & Information"
"931427108","WBA","Walgreens Boots Alliance Inc","Pharmaceutical Retailers"
"97717Y592","WBAT","WisdomTree Battery Value Chain and Innovation Fund","ETF"
"934423104","WBD","Warner Bros Discovery Inc","Entertainment"
"940923105","WBI","WaterBridge Infrastructure LLC","Oil & Gas Equipment & Services"
"00400R601","WBIF","WBI BullBear Value 3000 ETF","ETF"
"00400R700","WBIG","WBI BullBear Yield 3000 ETF","ETF"
"00400R809","WBIL","WBI BullBear Quality 3000 ETF","ETF"
"00400R858","WBIY","WBI Power Factor High Dividend ETF","ETF"
"52468L810","WBND","Western Asset Total Return ETF","ETF"
"947890109","WBS","Webster Financial Corporation","Banks - Regional"
"94845U105","WBTN","WEBTOON Entertainment Inc","Internet Content & Information"
"N94209108","WBX","Wallbox NV","Electronic Components"
"N94209116","WBXWS","Wallbox NV","Electrical Equipment & Parts"
"97717Y659","WCBR","WisdomTree Cybersecurity Fund","ETF"
"95082P105","WCC","Wesco International Inc","Industrial Distribution"
"466000106","WCEAX","Macquarie Core Equity Fund Class A","ETF"
"90214Q576","WCEO","Hypatia Women Ceo ETF","ETF"
"97717Y691","WCLD","WisdomTree Cloud Computing Fund","ETF"
"33733E740","WCME","First Trust WCM Developing World Equity ETF","ETF"
"33733E732","WCMI","First Trust WCM International Equity ETF","ETF"
"94106B101","WCN","Waste Connections Inc","Waste Management"
"G9545M115","WCT","Wellchange Holdings Company Limited","Software - Application"
"93148P102","WD","Walker & Dunlop Inc","Mortgage Finance"
"98138H101","WDAY","Workday Inc","Software - Application"
"958102105","WDC","Western Digital Corporation","Computer Hardware"
"958102AT2","WDC","Western Digital Corporation","Computer Hardware"
"46092D129","WDCX","Tradr 2X Long WDC Daily ETF","ETF"
"929236107","WDFC","WD-40 Company","Specialty Chemicals"
"94132V105","WDH","Waterdrop Inc","Insurance - Diversified"
"95790K109","WDI","Western Asset Diversified Inc","Asset Management"
"78463X459","WDIV","SPDR S&P Global Dividend ETF","ETF"
"97717Y618","WDNA","WisdomTree BioRevolution Fund","ETF"
"980228308","WDS","Woodside Energy Group Ltd","Oil & Gas E&P"
"88636J147","WDTE","Defiance S&P 500 Target 30 Income ETF","ETF"
"88166A508","WEAT","Teucrium Wheat Fund","ETF"
"88166A870","WEAT","Teucrium Wheat Fund","ETF"
"94724R108","WEAV","Weave Communications Inc","Health Information Services"
"25460E364","WEBL","Direxion Daily Dow Jones Internet Bull 3X Shares","ETF"
"25460G666","WEBS","Direxion Daily Dow Jones Internet Bear 3X Shares","ETF"
"92939U106","WEC","WEC Energy Group Inc","Utilities - Regulated Electric"
"92939UAR7","WEC","WEC Energy Group Inc","Utilities - Regulated Electric"
"53656F128","WEED","Roundhill Cannabis ETF","ETF"
"90386K571","WEEI","Westwood Salient Enhanced Energy Income ETF","ETF"
"88636J410","WEEL","Peerless Option Income Wheel ETF","ETF"
"94858P209","WEGZY","WEG SA","Electrical Equipment & Parts"
"87975E602","WELD","Tema US Manufacturing & Reshoring ETF","ETF"
"95040Q104","WELL","Welltower Inc","REIT - Healthcare Facilities"
"95058W100","WEN","The Wendy's Company","Restaurants"
"G9600E107","WENC","West Enclave Merger Corp","Shell Companies"
"G9R39C103","WENN","Wen Acquisition Corp","Shell Companies"
"G9R39C129","WENNU","Wen Acquisition Corp","Shell Companies"
"G9R39C111","WENNW","Wen Acquisition Corp","Shell Companies"
"950755108","WERN","Werner Enterprises Inc","Trucking"
"04041L106","WES","Western Midstream Partners LP","Oil & Gas Midstream"
"958669103","WES","Western Midstream Partners LP","Oil & Gas Midstream"
"96145W103","WEST","Westrock Coffee Co","Packaged Foods"
"961881208","WETH","Wetouch Technology Inc","Electronic Components"
"96208T104","WEX","Wex Inc","Software - Infrastructure"
"962149100","WEYS","Weyco Group Inc","Footwear & Accessories"
"981064108","WF","Woori Financial Group Inc","Banks - Regional"
"950840306","WFAFY","Wesfarmers Limited","Home Improvement Retail"
"949746101","WFC","Wells Fargo & Company","Banks - Diversified"
"96327X200","WFCF","Where Food Comes From Inc","Specialty Business Services"
"949746804","WFCPRL","Wells Fargo & Company","Banks - Diversified"
"949764QW7","WFCPW","Wells Fargo & Company","Banks - Diversified"
"952845105","WFG","West Fraser Timber Co Ltd","Lumber & Wood Production"
"25460G773","WFH","Direxion Work From Home ETF","ETF"
"G48833118","WFRD","Weatherford International plc","Oil & Gas Equipment & Services"
"91917A207","WGMI","CoinShares Bitcoin Mining ETF","ETF"
"974637100","WGO","Winnebago Industries Inc","Recreational Vehicles"
"974637AF7","WGO","Winnebago Industries Inc","Recreational Vehicles"
"81663L101","WGS","GeneDx Holdings Corp","Diagnostics & Research"
"81663L200","WGS","GeneDx Holdings Corp","Diagnostics & Research"
"81663L119","WGSWW","GeneDx Holdings Corp","Diagnostics & Research"
"98311A105","WH","Wyndham Hotels & Resorts Inc","Lodging"
"127203107","WHD","Cactus Inc","Oil & Gas Equipment & Services"
"96524V106","WHF","WhiteHorse Finance Inc","Asset Management"
"961765104","WHG","Westwood Holdings Group Inc","Asset Management"
"92890T205","WHGLY","WH Group","Packaged Foods"
"96524T101","WHK","WhiteHawk Minerals Corp","Oil & Gas Midstream"
"963025812","WHLR","Wheeler Real Estate Investment Trust Inc","REIT - Retail"
"963025804","WHLRL","Wheeler Real Estate Investment Trust Inc","REIT - Retail"
"963025309","WHLRP","Wheeler Real Estate Investment Trust Inc","REIT - Retail"
"963320106","WHR","Whirlpool Corporation","Furnishings, Fixtures & Appliances"
"963320205","WHR-PA","Whirlpool Corp",""
"92864M608","WHTX","Volatility Shares Trust 2x Wheat ETF","ETF"
"00032Q104","WHWK","Whitehawk Therapeutics Inc","Biotechnology"
"M52523103","WILC","G Willi Food International Ltd","Food Distribution"
"K3008M105","WILLF","Demant A/S","Medical Devices"
"974250102","WINA","Winmark Corporation","Specialty Retail"
"52468L786","WINC","Western Asset Short Duration Income ETF","ETF"
"974155103","WING","Wingstop Inc","Restaurants"
"41151J406","WINN","Harbor Long-Term Growers ETF","ETF"
"97382D501","WINT","Windtree Therapeutics Inc","Biotechnology"
"97655B125","WINVR","WinVest Acquisition Corp","Shell Companies"
"97655B117","WINVW","WinVest Acquisition Corp","Shell Companies"
"78464A490","WIP","SPDR FTSE International Government Inflation-Protected Bond ETF","ETF"
"292562105","WIRE","Encore Wire Corp","Electrical Equipment & Parts"
"882927502","WISE","Themes Generative Artificial Intelligence ETF","ETF"
"97651M109","WIT","Wipro Technologies","Information Technology Services"
"95766R104","WIW","Western Asset Inflation-Linked Opportunities & Income Fund","Asset Management"
"M98068105","WIX","Wix Com Ltd","Software - Infrastructure"
"97725Q102","WIZEY","Wise plc","Information Technology Services"
"953432101","WJRYY","West Japan Railway Company","Railroads"
"98139A105","WK","Workiva Inc","Software - Application"
"98139AAD7","WK","Workiva Inc","Software - Application"
"981475106","WKC","World Kinect Corporation","Oil & Gas Refining & Marketing"
"98149GAB6","WKC","World Kinect Corporation","Oil & Gas Refining & Marketing"
"97727L408","WKEY","Wisekey International Holding","Software - Infrastructure"
"98138J503","WKHS","Workhorse Group Inc","Auto Manufacturers"
"98139Q209","WKSP","Worksport Ltd","Auto Parts"
"G9675P102","WLAC","Willow Lane Acquisition Corp","Shell Companies"
"G9675P128","WLACU","Willow Lane Acquisition Corp","Shell Companies"
"G9675P110","WLACW","Willow Lane Acquisition Corp","Shell Companies"
"96924N100","WLDN","Willdan Group Inc","Engineering & Construction"
"90214Q105","WLDR","Affinity World Leaders Equity ETF","ETF"
"M97838185","WLDSW","Wearable Devices Ltd","Consumer Electronics"
"970646AA3","WLFC","Willis Lease Finance Corporation","Rental & Leasing Services"
"G9T22C100","WLGS","Wang","Engineering & Construction"
"G9675K103","WLII","Willow Lane Acquisition Corp II","Shell Companies"
"G9675K129","WLIIU","Willow Lane Acquisition Corp II","Shell Companies"
"G9675K111","WLIIW","Willow Lane Acquisition Corp II","Shell Companies"
"960413102","WLK","Westlake Corporation","Specialty Chemicals"
"960417103","WLKP","Westlake Chemical Partners LP","Chemicals"
"971433107","WLMIY","Wilmar International Limited","Packaged Foods"
"26923N801","WLTG","WealthTrust DBS Long Term Growth ETF","ETF"
"947002101","WLTH","Wealthfront Corporation","Software - Application"
"968223206","WLY","Wiley John & Sons Inc","Publishing"
"968223305","WLYB","Wiley John & Sons Inc","Publishing"
"94106L109","WM","Waste Management Inc","Waste Management"
"969457100","WMB","The Williams Companies Inc","Oil & Gas Midstream"
"934550203","WMG","Warner Music Group Corp","Entertainment"
"936772508","WMICX","Wasatch Micro Cap","ETF"
"948849104","WMK","Weis Markets Inc","Grocery Stores"
"93114W107","WMMVY","Walmart de México y Centroamérica","Discount Stores"
"96927A105","WMPN","William Penn Bancorporation","Banks - Regional"
"00790R104","WMS","Advanced Drainage Systems Inc","Building Products & Equipment"
"931142103","WMT","Walmart Inc","Discount Stores"
"929566107","WNC","Wabash National Corporation","Farm & Heavy Construction Machinery"
"37960A800","WNDY","Global X Wind Energy ETF","ETF"
"958892101","WNEB","Western New Eng Bancorp Inc","Banks - Regional"
"G98196101","WNS","WNS (Holdings) Limited","Information Technology Services"
"88636R347","WNTR","YieldMax MSTR Short Option Income Strategy ETF","ETF"
"G9604C123","WNW","Meiwu Technology Company Limited","Internet Retail"
"G9767H109","WOK","Work Medical Technology Group Ltd","Medical Devices"
"225447AD3","WOLF","Wolfspeed Inc","Semiconductors"
"977852102","WOLF","Wolfspeed Inc","Semiconductors"
"977852AB8","WOLF","Wolfspeed Inc","Semiconductors"
"977852AD4","WOLF","Wolfspeed Inc","Semiconductors"
"977852AP7","WOLF","Wolfspeed Inc","Semiconductors"
"97785W106","WOLF","Wolfspeed Inc","Semiconductors"
"45259A100","WOMN","Impact Shares Women’s Empowerment ETF","ETF"
"464288174","WOOD","iShares Global Timber & Forestry ETF","ETF"
"71601V105","WOOF","Petco Health & Wellness Company Inc","Specialty Retail"
"981811102","WOR","Worthington Enterprises Inc","Metal Fabrication"
"78396V208","WORX","SCWorx Corp","Health Information Services"
"96758W101","WOW","WideOpenWest Inc","Telecom Services"
"92936U109","WPC","WP Carey Inc","REIT - Diversified"
"962879102","WPM","Wheaton Precious Metals Corp","Gold"
"92937A102","WPP","WPP plc","Advertising Agencies"
"960908507","WPRT","Westport Fuel Systems Inc","Auto Parts"
"98212N107","WRAP","Wrap Technologies Inc","Scientific & Technical Instruments"
"084423102","WRB","W. R. Berkley Corporation","Insurance - Property & Casualty"
"93403J106","WRBY","Warby Parker Inc","Medical Instruments & Supplies"
"950915108","WRD","WeRide Inc","Software - Application"
"98161H101","WRDLY","Worldline SA","Software - Infrastructure"
"981419104","WRLD","World Acceptance Corporation","Credit Services"
"95805V108","WRN","Western Copper and Gold Corporation","Other Industrial Metals & Mining"
"982104101","WS","Worthington Steel Inc","Steel"
"950810101","WSBC","WesBanco Inc","Banks - Regional"
"94188P101","WSBF","Waterstone Financial Inc","Banks - Regional"
"97269D103","WSBK","Winchester Bancorp Inc","Banks - Regional"
"971378104","WSC","WillScot Holdings Corporation","Rental & Leasing Services"
"G9723Y105","WSE","Wise Group plc","Information Technology Services"
"929328102","WSFS","WSFS Financial Corporation","Banks - Regional"
"969904101","WSM","Williams Sonoma Inc","Specialty Retail"
"46438G430","WSML","iShares MSCI World Small-Cap ETF","ETF"
"942622200","WSO","Watsco Inc","Industrial Distribution"
"942622101","WSOB","Watsco Inc","Industrial Distribution"
"966084204","WSR","Whitestone REIT","REIT - Retail"
"955306105","WST","West Pharmaceutical Services Inc","Medical Instruments & Supplies"
"97717P104","WT","WisdomTree Inc","Asset Management"
"97717Y543","WTAI","WisdomTree Artificial Intelligence and Innovation Fund","ETF"
"95123P106","WTBA","West Bancorporation Inc","Banks - Regional"
"96342K100","WTBDY","Whitbread plc","Lodging"
"97717Y451","WTBN","WisdomTree Bianco Fixed Income Total Return Fund","ETF"
"G9548D104","WTF","Waton Financial Limited","Capital Markets"
"97650W108","WTFC","Wintrust Financial Corporation","Banks - Regional"
"G9717M109","WTG","Wintergreen Acquisition Corp","Shell Companies"
"G9717M117","WTGUR","Wintergreen Acquisition Corp","Shell Companies"
"G9717M125","WTGUU","Wintergreen Acquisition Corp","Shell Companies"
"92922P106","WTI","W & T Offshore Inc","Oil & Gas E&P"
"06368L403","WTID","MicroSectors Energy -3X Inverse Leveraged ETN","ETF"
"97717Y352","WTIP","WisdomTree Inflation Plus Fund","ETF"
"977874205","WTKWY","Wolters Kluwer NV","Specialty Business Services"
"G9618E107","WTM","White Mountains Insurance Group Ltd","Insurance - Property & Casualty"
"950415109","WTMA","Welsbach Technology Metals Acquisition Corp","Shell Companies"
"950415117","WTMAR","Welsbach Technology Metals Acquisition Corp","Shell Companies"
"97717W125","WTMF","WisdomTree Managed Futures Strategy Fund","ETF"
"97717Y386","WTMU","WisdomTree Core Laddered Municipal Fund","ETF"
"97717Y378","WTMY","WisdomTree High Income Laddered Municipal Fund","ETF"
"97717X560","WTPI","WisdomTree Trust - WisdomTree Equity Premium Income Fund","ETF"
"97717W331","WTRE","WisdomTree New Economy Real Estate ETF","ETF"
"29670G102","WTRG","Essential Utils Inc","Utilities - Regulated Water"
"942749102","WTS","Watts Water Technologies Inc","Specialty Industrial Machinery"
"81617J301","WTTR","Select Water Solutions Inc","Oil & Gas Equipment & Services"
"97717W547","WTV","WisdomTree US Value Fund","ETF"
"G96629103","WTW","Willis Towers Watson","Insurance Brokers"
"959802109","WU","The Western Union Company","Credit Services"
"46144X495","WUGI","AXS Esoterica NextG Economy ETF","ETF"
"88080T104","WULF","TeraWulf Inc","Capital Markets"
"Y95308105","WVE","Wave Life Sciences Ltd","Biotechnology"
"929358109","WVFC","WVS Financial Corp","Banks - Regional"
"969136100","WVVI","Willamette Valley Vineyards Inc","Beverages - Wineries & Distilleries"
"98262P200","WW","WW International Inc","Personal Services"
"980745103","WWD","Woodward Inc","Aerospace & Defense"
"66538H419","WWJD","Inspire International ETF","ETF"
"961684206","WWR","Westwater Resources","Other Industrial Metals & Mining"
"978097103","WWW","Wolverine World Wide Inc","Footwear & Accessories"
"98260N108","WXXWY","WuXi Biologics Inc","Biotechnology"
"962166104","WY","Weyerhaeuser Co","REIT - Specialty"
"G96115103","WYFI","WhiteFiber Inc","Information Technology Services"
"973921109","WYHG","Wing Yip Food Holdings Group Limited","Packaged Foods"
"983134107","WYNN","Wynn Resorts Ltd","Resorts & Casinos"
"967590209","WYY","WidePoint Corporation","Information Technology Services"
"912909108","X","United States Steel Corp","Steel"
"142922103","XAGE","Longevity Health Holdings Inc","Household & Personal Products"
"142922111","XAGEW","Longevity Health Holdings Inc","Household & Personal Products"
"61774R817","XAGG","Eaton Vance Income Opportunities ETF","ETF"
"08862L103","XAIR","Beyond Air Inc","Medical Devices"
"23306X829","XAIX","Xtrackers Artificial Intelligence and Big Data ETF","ETF"
"33740U596","XAPR","FT Vest US Equity Enhance & Moderate Buffer ETF - April","ETF"
"78464A631","XAR","SPDR S&P Aerospace & Defense ETF","ETF"
"33740F391","XAUG","FT Vest US Equity Enhance & Moderate Buffer ETF - August","ETF"
"09789C804","XB","BondBloxx B Rated USD High Yield Corporate Bond ETF","ETF"
"45783Y301","XBAP","Innovator US Equity Accelerated 9 Buffer ETFTM - April","ETF"
"09789C705","XBB","BondBloxx BB Rated USD High Yield Corporate Bond ETF","ETF"
"78464A870","XBI","SPDR S&P Biotech ETF","ETF"
"74933W460","XBIL","F/M US Treasury 6 Month Bill ETF","ETF"
"984015602","XBIO","Xenetic Biosciences Inc","Biotechnology"
"98400H102","XBIT","XBiotech Inc","Biotechnology"
"45783Y780","XBJA","Innovator US Equity Accelerated 9 Buffer ETF - January","ETF"
"45783Y889","XBJL","Innovator US Equity Accelerated 9 Buffer ETF - July","ETF"
"45783Y848","XBOC","Innovator US Equity Accelerated 9 Buffer ETF - October","ETF"
"88908C101","XBOT.V","Realbotix Corp","Computer Hardware"
"98400V101","XBP","XBP Global Holdings Inc","Software - Infrastructure"
"98400V200","XBP","XBP Global Holdings Inc","Software - Infrastructure"
"98400V119","XBPEW","XBP Global Holdings Inc","Software - Infrastructure"
"38747R421","XBTY","GraniteShares YieldBOOST Bitcoin ETF","ETF"
"97717Y535","XC","WisdomTree True Emerging Markets Fund","ETF"
"G9831H101","XCBE","X3 Acquisition Corp Ltd","Shell Companies"
"G9831H119","XCBEW","X3 Acquisition Corp Ltd","Shell Companies"
"09789C887","XCCC","BondBloxx CCC Rated USD High Yield Corporate Bond ETF","ETF"
"19762B202","XCEM","Columbia EM Core ex-China ETF","ETF"
"98370X103","XCH","XCHG Ltd","Specialty Industrial Machinery"
"37960A305","XCLR","Global X S&P 500 Collar 95-110 ETF","ETF"
"78470E700","XCNY","SPDR S&P Emerging Markets ex-China ETF","ETF"
"30205M309","XCUR","Exicure Inc","Biotechnology"
"45783Y202","XDAP","Innovator US Equity Accelerated ETF - April","ETF"
"35473P470","XDAT","Franklin Exponential Data ETF","ETF"
"33740U786","XDEC","FT Vest US Equity Enhance & Moderate Buffer ETF - December","ETF"
"45783Y764","XDJA","Innovator US Equity Accelerated ETF - January","ETF"
"45783Y707","XDJL","Innovator US Equity Accelerated ETF - July","ETF"
"45782C110","XDOC","Innovator US Equity Accelerated ETF - October","ETF"
"45783Y608","XDQQ","Innovator Growth-100 Accelerated ETF - Quarterly","ETF"
"45783Y103","XDSQ","Innovator US Equity Accelerated ETF - Quarterly","ETF"
"77926X205","XDTE","Roundhill S&P 500 0DTE Covered Call Strategy ETF","ETF"
"98386P102","XE","X-Energy Inc","Specialty Industrial Machinery"
"98389B100","XEL","Xcel Energy Inc","Utilities - Regulated Electric"
"30162V607","XELAP","Exela Technologies Inc","Software - Application"
"09789C879","XEMD","BondBloxx JP Morgan USD Emerging Markets 1-10 Year Bond ETF","ETF"
"98420N105","XENE","Xenon Pharmaceuticals Inc","Biotechnology"
"98422E103","XERS","Xeris Biopharma Holdings Inc","Drug Manufacturers - Specialty & Generic"
"78468R549","XES","SPDR S&P Oil & Gas Equipment & Services ETF","ETF"
"33740U638","XFEB","FT Vest US Equity Enhance & Moderate Buffer ETF - February","ETF"
"09789C838","XFIV","Bondbloxx Bloomberg Five Year Target Duration US Treasury ETF","ETF"
"98400T106","XFLT","XAI Octagon Floating Rate & Alternative Income Trust","Asset Management"
"98420X103","XFOR","X4 Pharmaceuticals Inc","Biotechnology"
"98420X202","XFOR","X4 Pharmaceuticals Inc","Biotechnology"
"30068X103","XGN","Exagen Inc","Diagnostics & Research"
"78464A888","XHB","SPDR S&P Homebuilders ETF","ETF"
"78464A581","XHE","SPDR S&P Health Care Equipment ETF","ETF"
"09789C788","XHLF","Bondbloxx Bloomberg Six Month Target Duration US Treasury ETF","ETF"
"984017103","XHR","Xenia Hotels & Resorts Inc","REIT - Hotel & Motel"
"78464A573","XHS","SPDR S&P Health Care Services ETF","ETF"
"09789C101","XHYC","BondBloxx US High Yield Consumer Cyclicals Sector ETF","ETF"
"09789C200","XHYD","BondBloxx US High Yield Consumer Non-Cyclicals Sector ETF","ETF"
"097890107","XHYE","BondBloxx US High Yield Energy Sector ETF","ETF"
"09789C309","XHYF","BondBloxx US High Yield Financial & REIT Sector ETF","ETF"
"09789C408","XHYH","BondBloxx US High Yield Healthcare Sector ETF","ETF"
"09789C606","XHYI","BondBloxx US High Yield Industrial Sector ETF","ETF"
"09789C507","XHYT","BondBloxx US High Yield Telecom Media Technology Sector ETF","ETF"
"98421U108","XIACY","Xiaomi Corporation","Consumer Electronics"
"33740F326","XIDE","FT Vest US Equity Buffer & Premium Income ETF - December","ETF"
"35473P371","XIDV","Franklin International Dividend Booster Index ETF","ETF"
"65341B106","XIFR","XPLR Infrastructure LP","Utilities - Renewable"
"33740F235","XIJN","FT Vest US Equity Buffer & Premium Income ETF - June","ETF"
"33740U620","XIMR","FT Vest US Equity Buffer & Premium Income ETF - March","ETF"
"98417P204","XINRY","Xinyuan Real Estate Co Ltd","Real Estate - Development"
"33740F375","XISE","FT Vest US Equity Buffer & Premium Income ETF - September","ETF"
"78464A110","XITK","SPDR FactSet Innovative Technology ETF","ETF"
"33740F318","XJAN","FT Vest US Equity Enhance & Moderate Buffer ETF - January","ETF"
"46436E551","XJH","iShares ESG Select Screened S&P Mid-Cap ETF","ETF"
"46436E544","XJR","iShares ESG Select Screened S&P Small-Cap ETF","ETF"
"33740F425","XJUL","FT Vest US Equity Enhance & Moderate Buffer ETF - July","ETF"
"33740U844","XJUN","FT Vest US Equity Enhance & Moderate Buffer ETF - June","ETF"
"81369Y100","XLB","Materials Select Sector SPDR Fund","ETF"
"81369Y852","XLC","Communication Services Select Sector SPDR ETF Fund","ETF"
"81369Y506","XLE","Energy Select Sector SPDR Fund","ETF"
"81369Y605","XLF","Financial Select Sector SPDR Fund","ETF"
"46137V233","XLG","Invesco S&P 500 Top 50 ETF","ETF"
"81369Y704","XLI","Industrial Select Sector SPDR Fund","ETF"
"81369Y803","XLK","Technology Select Sector SPDR Fund","ETF"
"98422T209","XLO","Xilio Therapeutics Inc","Biotechnology"
"81369Y308","XLP","Consumer Staples Select Sector SPDR Fund","ETF"
"81369Y860","XLRE","Real Estate Select Sector SPDR Fund","ETF"
"78470P408","XLSR","SPDR SSGA US Sector Rotation ETF","ETF"
"81369Y886","XLU","Utilities Select Sector SPDR Fund","ETF"
"81369Y209","XLV","Health Care Select Sector SPDR Fund","ETF"
"81369Y407","XLY","Consumer Discretionary Select Sector SPDR Fund","ETF"
"88636R743","XMAG","Defiance Large Cap ex-Mag 7 ETF","ETF"
"33740F474","XMAR","FT Vest US Equity Enhance & Moderate Buffer ETF - March","ETF"
"66979P300","XMAX","XMax Inc","Furnishings, Fixtures & Appliances"
"33740F250","XMAY","FT Vest US Equity Enhance & Moderate Buffer ETF - May","ETF"
"78464A755","XME","SPDR S&P Metals and Mining ETF","ETF"
"46137V472","XMHQ","Invesco S&P MidCap Quality ETF","ETF"
"46138E198","XMLV","Invesco S&P MidCap Low Volatility ETF","ETF"
"46137V464","XMMO","Invesco S&P MidCap Momentum ETF","ETF"
"92189F460","XMPT","VanEck CEF Municipal Income ETF","ETF"
"98423F109","XMTR","Xometry Inc","Industrial Distribution"
"46137V456","XMVM","Invesco S&P MidCap Value with Momentum ETF","ETF"
"360876882","XNAV","FundX Aggressive ETF","ETF"
"670651108","XNCMX","Nuveen California AMT-Free Quality Municipal Income Fund","Asset Management"
"98401F105","XNCR","Xencor Inc","Biotechnology"
"98390R102","XNDU","Xanadu Quantum Technologies Limited","Software - Infrastructure"
"G24979109","XNDU","Xanadu Quantum Technologies Limited","Software - Infrastructure"
"98419E108","XNET","Xunlei Ltd","Software - Infrastructure"
"26876F102","XNGSY","ENN Energy Holdings Limited","Utilities - Regulated Gas"
"33740F334","XNOV","FT Vest US Equity Enhance & Moderate Buffer ETF - November","ETF"
"78464A102","XNTK","SPDR NYSE Technology ETF","ETF"
"33740F367","XOCT","FT Vest US Equity Enhance & Moderate Buffer ETF - October","ETF"
"23306X407","XOEX","DBX ETF Trust - Xtrackers S&P 100 Ex Top 20 ETF","ETF"
"30231G102","XOM","Exxon Mobil Corp","Oil & Gas Integrated"
"98419J206","XOMA","Xoma Royalty Corporation","Biotechnology"
"88634T410","XOMO","Yieldmax XOM Option Income Strategy ETF","ETF"
"09789C861","XONE","Bondbloxx Bloomberg One Year Target Duration US Treasury ETF","ETF"
"78468R556","XOP","SPDR S&P Oil & Gas Exploration & Production ETF","ETF"
"98423B306","XOS","Xos Inc","Farm & Heavy Construction Machinery"
"98423B116","XOSWW","Xos Inc","Farm & Heavy Construction Machinery"
"88636Y789","XOVL","Defiance Daily Target 2X Long XOVR ETF","ETF"
"293828877","XOVR","ERShares Private-Public Crossover ETF","ETF"
"G98239109","XP","XP Inc","Capital Markets"
"77926X858","XPAY","Roundhill S&P 500 Target 20 Managed Distribution ETF","ETF"
"98379L100","XPEL","XPEL Inc","Auto Parts"
"98390M103","XPER","Xperi Inc","Software - Application"
"98423J101","XPER","Xperi Inc","Software - Application"
"98422D105","XPEV","Xpeng Inc","Auto Manufacturers"
"78464A722","XPH","SPDR S&P Pharmaceuticals ETF","ETF"
"8342EP107","XPL","Solitario Resources Corp","Other Industrial Metals & Mining"
"723762100","XPMAX","Pioneer Municipal High Income Advantage Fund Inc","ETF"
"72201A103","XPMQX","PIMCO Municipal Income Fund III","ETF"
"33740U851","XPND","First Trust Expanded Technology ETF","ETF"
"983793100","XPO","XPO Inc","Trucking"
"98422X101","XPOF","Xponential Fitness Inc","Leisure"
"30218B209","XPON","Expion360 Inc","Electrical Equipment & Parts"
"74347X880","XPP","ProShares Ultra FTSE China 50","ETF"
"N3144W105","XPRO","Expro Group Holdings NV","Oil & Gas Equipment & Services"
"24906P109","XRAY","Dentsply Sirona Inc","Medical Instruments & Supplies"
"46138E388","XRLV","Invesco S&P 500 ex-Rate Sensitive Low Volatility ETF","ETF"
"37960A206","XRMI","Global X S&P 500 Risk Managed Income ETF","ETF"
"37954A204","XRN","Chiron Real Estate Inc","REIT - Healthcare Facilities"
"37954A303","XRN","Chiron Real Estate Inc","REIT - Healthcare Facilities"
"09174F107","XRP","Bitwise XRP ETF","ETF"
"92864M780","XRPI","XRP ETF","ETF"
"G0R38G104","XRPN","Armada Acquisition Corp II","Shell Companies"
"G0R38G120","XRPNU","Armada Acquisition Corp II","Shell Companies"
"G0R38G112","XRPNW","Armada Acquisition Corp II","Shell Companies"
"92864M772","XRPT","2x XRP ETF","ETF"
"92865J729","XRPT","2x XRP ETF","ETF"
"78464A714","XRT","SPDR S&P Retail ETF","ETF"
"98420Q306","XRTX","XORTX Therapeutics Inc","Biotechnology"
"98421M106","XRX","Xerox Holdings Corporation","Business Equipment & Supplies"
"98421MAE6","XRX","Xerox Holdings Corporation","Business Equipment & Supplies"
"78464A862","XSD","SPDR S&P Semiconductor ETF","ETF"
"33740U810","XSEP","FT Vest US Equity Enhance & Moderate Buffer ETF - September","ETF"
"46138E131","XSHD","Invesco S&P SmallCap High Dividend Low Volatility ETF","ETF"
"46138G300","XSHQ","Invesco S&P SmallCap Quality ETF","ETF"
"46138G102","XSLV","Invesco S&P SmallCap Low Volatility ETF","ETF"
"46137V498","XSMO","Invesco S&P SmallCap Momentum ETF","ETF"
"97717X578","XSOE","WisdomTree Emerging Markets ex-State-Owned Enterprises Fund","ETF"
"21256C407","XSPIX","StepStone Private Venture and Growth Fund","ETF"
"6706EW100","XSSPX","Nuveen S&P 500 Dynamic Overwrite Fund","Asset Management"
"46137V480","XSVM","Invesco S&P SmallCap Value with Momentum ETF","ETF"
"09789C820","XSVN","Bondbloxx Bloomberg Seven Year Target Duration US Treasury ETF","ETF"
"78464A599","XSW","SPDR S&P Software & Services ETF","ETF"
"46434V381","XT","iShares Future Exponential Technologies ETF","ETF"
"45783Y400","XTAP","Innovator US Equity Accelerated Plus ETF - April","ETF"
"30150P109","XTC.TO","Exco Technologies Limited","Auto Parts"
"09789C812","XTEN","Bondbloxx Bloomberg Ten Year Target Duration US Treasury ETF","ETF"
"98423K405","XTIA","XTI Aerospace Inc","Aerospace & Defense"
"45783Y772","XTJA","Innovator US Equity Accelerated Plus ETF - January","ETF"
"45783Y806","XTJL","Innovator US Equity Accelerated Plus ETF - July","ETF"
"G72007134","XTKG","X3 Holdings Co Ltd","Software - Application"
"78464A540","XTL","SPDR S&P Telecom ETF","ETF"
"98386D307","XTLB","XTL Biopharmaceuticals Ltd","Biotechnology"
"78464A532","XTN","SPDR S&P Transportation ETF","ETF"
"98420P308","XTNT","Xtant Medical Holdings Inc","Medical Devices"
"45783Y830","XTOC","Innovator US Equity Accelerated Plus ETF - October","ETF"
"37960A107","XTR","Global X S&P 500 Tail Risk ETF","ETF"
"09789C846","XTRE","Bondbloxx Bloomberg Three Year Target Duration US Treasury ETF","ETF"
"09789C853","XTWO","Bondbloxx Bloomberg Two Year Target Duration US Treasury ETF","ETF"
"09789C796","XTWY","Bondbloxx Bloomberg Twenty Year Target Duration US Treasury ETF","ETF"
"35473P389","XUDV","Franklin US Dividend Booster Index ETF","ETF"
"45783Y699","XUSP","Innovator Uncapped Accelerated US Equity ETF","ETF"
"886364744","XVOL","Acruence Active Hedge US Equity ETF","ETF"
"46436E569","XVV","iShares ESG Select Screened S&P 500 ETF","ETF"
"98420U802","XWEL","Xwell Inc","Diagnostics & Research"
"G4491L104","XXI","Twenty One Capital Inc","Asset Management"
"90137F400","XXII","22nd Century Group Inc","Tobacco"
"53656G191","XXRP","Teucrium 2x Long Daily XRP ETF","ETF"
"53656H595","XXRP","Teucrium 2x Long Daily XRP ETF","ETF"
"98372W202","XYF","X Financial","Credit Services"
"98419M100","XYL","Xylem Inc","Specialty Industrial Machinery"
"37954Y475","XYLD","Global X S&P 500 Covered Call ETF","ETF"
"37954Y277","XYLG","Global X S&P 500 Covered Call & Growth ETF","ETF"
"58471G508","XYLO","Xylo Technologies Ltd","Software - Application"
"852234103","XYZ","Block Inc","Software - Infrastructure"
"852234AJ2","XYZ","Block Inc","Software - Infrastructure"
"882927478","XYZG","Leverage Shares 2X Long XYZ Daily ETF","ETF"
"30234F101","XZO","Exzeo Group Inc","Insurance - Diversified"
"98877X101","YAHOY","LY Corporation","Internet Retail"
"98459U103","YALA","Yalla Group Limited","Software - Application"
"886364462","YALL","God Bless America ETF","ETF"
"984627109","YAMCY","Yamaha Corporation","Leisure"
"25460E521","YANG","Direxion Daily FTSE China Bear 3X Shares","ETF"
"25461A460","YANG","Direxion Daily FTSE China Bear 3X Shares","ETF"
"984851204","YARIY","YARA INTERNATIONAL ADR","Agricultural Inputs"
"92941V308","YARW","Yarrow Bioscience Inc","Biotechnology"
"985087105","YASKY","YASKAWA Electric Corporation","Electrical Equipment & Parts"
"987910106","YB","Yuanbao Inc","Software - Application"
"88636X104","YBIT","YieldMax Bitcoin Option Income Strategy ETF","ETF"
"77926X502","YBTC","Roundhill Bitcoin Covered Call Strategy ETF","ETF"
"12482W200","YCBD","cbdMD Inc","Drug Manufacturers - Specialty & Generic"
"12482W408","YCBD","cbdMD Inc","Drug Manufacturers - Specialty & Generic"
"74347W270","YCL","ProShares Ultra Yen","ETF"
"74347W569","YCS","ProShares UltraShort Yen","ETF"
"33740F656","YDEC","FT Vest International Equity Moderate Buffer ETF - December","ETF"
"G98301107","YDES","YD Bio Ltd","Biotechnology"
"G0137L102","YDKG","Yueda Digital Holding","Advertising Agencies"
"00039J103","YEAR","AB Ultra Short Income ETF","ETF"
"985817105","YELP","Yelp Inc","Internet Content & Information"
"77926X841","YETH","Roundhill Ether Covered Call Strategy ETF","ETF"
"98585X104","YETI","Yeti Holdings Inc","Leisure"
"98585N106","YEXT","Yext Inc","Software - Infrastructure"
"53656G357","YFYA","Yields for You Strategy A ETF","ETF"
"G6180C113","YGMZ","MingZhu Logistics Holdings Limited","Trucking"
"98873Q100","YHGJ","Yunhong Green Cti Ltd","Packaging & Containers"
"G1514D101","YHNA","YHN Acquisition I Ltd","Shell Companies"
"G1514D127","YHNAR","YHN Acquisition I Ltd","Shell Companies"
"G1514D119","YHNAU","YHN Acquisition I Ltd","Shell Companies"
"G7122D102","YIBO","Planet Image International Limited","Computer Hardware"
"G98665121","YICCU","Yorkville International Capital Corp","Shell Companies"
"25460G195","YINN","Direxion Daily FTSE China Bull 3X Shares","ETF"
"98873N206","YJ","Yunji Inc","Internet Retail"
"33740U869","YJUN","FT Vest International Equity Moderate Buffer ETF - June","ETF"
"74255Y102","YLD","Principal Active High Yield ETF","ETF"
"524682309","YLDE","Franklin ClearBridge Enhanced Income ETF","ETF"
"984241109","YMAB","Y-Mabs Therapeutics Inc","Biotechnology"
"88636J642","YMAG","YieldMax Magnificent 7 Fund of Option Income ETFs","ETF"
"33740F573","YMAR","FT Vest International Equity Moderate Buffer ETF - March","ETF"
"88636J659","YMAX","YieldMax Universe Fund of Option Income ETFs","ETF"
"35969L108","YMM","Full Truck Alliance Co Ltd","Software - Application"
"985915107","YMT","Yimutian Inc","Software - Application"
"00768Y495","YOLO","AdvisorShares Pure Cannabis ETF","ETF"
"G98659108","YORKU","Yorkville Acquisition Corp","Shell Companies"
"987184108","YORW","The York Water Company","Utilities - Regulated Water"
"98741Y129","YOTAR","Yotta Acquisition Corporation","Shell Companies"
"98741Y111","YOTAW","Yotta Acquisition Corporation","Shell Companies"
"18467V109","YOU","Clear Secure Inc","Software - Application"
"984245100","YPF","Ypf Sociedad Anonima","Oil & Gas Integrated"
"81807M304","YQ","17 Education & Technology Group Inc","Education & Training Services"
"88636J451","YQQQ","YieldMax Short N100 Option Income Strategy ETF","ETF"
"98585L100","YRD","Yiren Digital Ltd","Credit Services"
"33740U828","YSEP","FT Vest International Equity Moderate Buffer ETF - September","ETF"
"985194109","YSG","Yatsen Holding Limited","Household & Personal Products"
"985194208","YSG","Yatsen Holding Limited","Household & Personal Products"
"38747R579","YSPY","GraniteShares YieldBOOST SPY ETF","ETF"
"987084100","YSS","York Space Systems Inc","Aerospace & Defense"
"G9877T100","YSXT","YSX Tech Co Ltd","Specialty Business Services"
"G98338109","YTRA","Yatra Online Inc","Travel Services"
"988498101","YUM","Yum Brands Inc","Restaurants"
"98850P109","YUMC","Yum China Holdings Inc","Restaurants"
"74347X658","YXI","ProShares Short FTSE China 50","ETF"
"988740106","YXT","YXT.COM Group Holding Limited","Software - Application"
"831445507","YYAI","AiRWA Inc","Software - Infrastructure"
"G9888Q103","YYGH","YY Group Holding Limited","Personal Services"
"032108847","YYY","Amplify High Income ETF","ETF"
"98954M200","Z","Zillow Group Inc","Internet Content & Information"
"98954MAG6","Z","Zillow Group Inc","Internet Content & Information"
"98954MAH4","Z","Zillow Group Inc","Internet Content & Information"
"45783Y442","ZALT","Innovator US Equity 10 Buffer ETF - Quarterly","ETF"
"37960A370","ZAP","Global X US Electrification ETF","ETF"
"G9889X123","ZAPP","Zapp Electric Vehicles Group Ltd","Auto Manufacturers"
"G9889X115","ZAPPW","Zapp Electric Vehicles Group Ltd","Auto Manufacturers"
"45784N726","ZAPR","Innovator ETFs Trust Innovator","ETF"
"45783Y111","ZAUG","Innovator Equity Defined Protection ETF - 1 Yr August","ETF"
"G989MC106","ZBAO","Zhibao Technology Inc","Insurance Brokers"
"98956P102","ZBH","Zimmer Biomet Holdings Inc","Medical Devices"
"98937L105","ZBIO","Zenas Biopharma Inc","Biotechnology"
"989207105","ZBRA","Zebra Technologies","Communication Equipment"
"45784G200","ZCAR","Zoomcar Holdings Inc","Rental & Leasing Services"
"45784G119","ZCARW","Zoomcar Holdings Inc","Rental & Leasing Services"
"48123V102","ZD","Ziff Davis Inc","Advertising Agencies"
"G7241B110","ZDAI","DirectBooking Technology Co Ltd","Engineering & Construction"
"45784N858","ZDEK","Innovator Equity Defined Protection ETF - 1 Yr December","ETF"
"98923T104","ZDGE","Zedge Inc","Internet Content & Information"
"98888G105","ZECP","Zacks Earnings Consistent Portfolio ETF","ETF"
"98936T208","ZENA","ZenaTech Inc","Software - Infrastructure"
"G9889V101","ZENV","Zenvia Inc","Software - Application"
"98944F109","ZEO","Zeo Energy Corp","Solar"
"98944F117","ZEOWW","Zeo Energy Corp","Solar"
"98945L204","ZEPP","Zepp Health Corporation","Consumer Electronics"
"98956A105","ZETA","Zeta Global Holdings Corp","Software - Infrastructure"
"68162K106","ZEUS","Olympic Steel Inc","Steel"
"45784N775","ZFEB","Innovator Equity Defined Protection ETF - 1 Yr February","ETF"
"98954M101","ZG","Zillow Group Inc","Internet Content & Information"
"N30577105","ZGN","Ermenegildo Zegna NV","Apparel Manufacturing"
"98955N207","ZH","Zhihu Inc","Internet Content & Information"
"886364660","ZHDG","ZEGA Buy and Hedge ETF","ETF"
"98953F107","ZIJMY","Zijin Mining Group Company Limited","Gold"
"M9T951109","ZIM","Zim Integrated Shipping Services","Marine Shipping"
"98888T107","ZIMV","ZimVie Inc","Medical Devices"
"989701107","ZION","Zions Bancorporation NA","Banks - Regional"
"98980B103","ZIP","ZipRecruiter Inc","Internet Content & Information"
"G98Y9E102","ZJK","ZJK Industrial Co Ltd","Specialty Industrial Machinery"
"45783Y251","ZJUL","Innovator Equity Defined Protection ETF - 1 Yr July","ETF"
"45784N643","ZJUN","Innovator Equity Defined Protection ETF - 1 Yr June","ETF"
"G5140V112","ZJYL","Jin Medical International Ltd","Medical Instruments & Supplies"
"98923K103","ZK","Zeekr Intelligent Technology","Auto Manufacturers"
"98877R104","ZKH","ZKH Group Ltd","Internet Retail"
"G9892K100","ZKIN","ZK International Group Co Ltd","Steel"
"98887Q104","ZLAB","Zai Lab Limited","Biotechnology"
"98887L105","ZLNDY","Zalando SE","Internet Retail"
"30063PAC9","ZLSCF","ZYUS Life Sciences Corporation","Drug Manufacturers - Specialty & Generic"
"98980L101","ZM","Zoom Communications Inc","Software - Application"
"45784N742","ZMAR","Innovator Equity Defined Protection ETF - 1 Yr March","ETF"
"45784N650","ZMAY","Innovator Equity Defined Protection ETF - 1 Yr May","ETF"
"G2287A126","ZNB","Zeta Network Group","Entertainment"
"98986TAD0","ZNGA","Zynga Inc","Electronic Gaming & Multimedia"
"67097R202","ZNGRIX","Nuveen Global Cities REIT Class I","ETF"
"98943L107","ZNTL","Zentalis Pharmaceuticals Inc","Biotechnology"
"45784N700","ZOCT","Innovator Equity Defined Protection ETF - 1 Yr October","ETF"
"98980M109","ZOMDF","Zomedica Corp","Medical Devices"
"184492106","ZONE","CleanCore Solutions Inc","Pollution & Treatment Controls"
"M2573A106","ZOOZ","ZOOZ Power Ltd","Specialty Retail"
"M2573A239","ZOOZ","ZOOZ Strategy Ltd","Electrical Equipment & Parts"
"M2573A197","ZOOZW","ZOOZ Power Ltd","Specialty Retail"
"98906V100","ZPTA","Zapata Quantum Inc","Software - Infrastructure"
"72201R882","ZROZ","PIMCO 25+ Year Zero Coupon US Treasury Index ETF","ETF"
"98980G102","ZS","Zscaler Inc","Software - Infrastructure"
"98980GAB8","ZS","Zscaler Inc","Software - Infrastructure"
"45784N106","ZSEP","Innovator Equity Defined Protection ETF - 1 Yr September","ETF"
"74347Y672","ZSL","ProShares UltraShort Silver","ETF"
"74347Y722","ZSL","ProShares UltraShort Silver","ETF"
"74347Y847","ZSL","ProShares UltraShort Silver","ETF"
"98980W107","ZSPC","zSpace Inc","Computer Hardware"
"19207A207","ZSQR","Z Squared Inc","Software - Infrastructure"
"339764201","ZSTK","ZeroStack Corp","Asset Management"
"98942X102","ZTEK","Zentek Ltd","Medical Instruments & Supplies"
"74933W411","ZTEN","F/M 10-Year Investment Grade Corporate Bond ETF","ETF"
"98980A105","ZTO","ZTO Express Cayman Inc","Integrated Freight & Logistics"
"92835W107","ZTR","Virtus Global Dividend & Income Fund Inc","ETF"
"74933W395","ZTRE","F/M 3-Year Investment Grade Corporate Bond ETF","ETF"
"98978V103","ZTS","Zoetis Inc","Drug Manufacturers - Specialty & Generic"
"74933W429","ZTWO","F/M 2-Year Investment Grade Corporate Bond ETF","ETF"
"989817101","ZUMZ","Zumiez Inc","Apparel Retail"
"98983V106","ZUO","Zuora Inc","Software - Application"
"G9TY5A101","ZURA","Zura Bio Ltd","Biotechnology"
"989825104","ZURVY","Zurich Insurance Group","Insurance - Diversified"
"98955K104","ZVIA","Zevia PBC","Beverages - Non-Alcoholic"
"98979V102","ZVOI","Zovio Inc","Education & Training Services"
"92864M202","ZVOL","Volatility Premium Plus ETF","ETF"
"488445206","ZVRA","Zevra Therapeutics Inc","Biotechnology"
"98987D300","ZVSA","ZyVersa Therapeutics Inc","Biotechnology"
"98983L108","ZWS","Zurn Elkay Water Solutions Corporation","Pollution & Treatment Controls"
"G989MS101","ZYBT","Zhengye Biotechnology Holding Limited","Drug Manufacturers - Specialty & Generic"
"98985Y108","ZYME","Zymeworks Inc","Biotechnology"
"98986M103","ZYXIQ","Zynex Inc","Medical Devices"
