CUSIP,Ticker,Company,Shares,Delta_Shares,Value,Delta_Value,Delta,Portfolio%
496902404,KGC,Kinross Gold Corp,116323261,44610091,1.08B,413.54M,+62.2%,1.4%
12541W209,CHRW,CH Robinson Worldwide Inc,3007574,3004338,310.74M,310.41M,+92841.1%,0.4%
902252105,TYL,Tyler Technologies Inc,550580,524259,317.49M,302.31M,+1991.8%,0.41%
58933Y105,MRK,Merck & Co Inc,3149841,2778388,313.35M,276.39M,+748%,0.4%
007903107,AMD,Advanced Micro Devices Inc,11859744,2238866,1.43B,270.43M,+23.3%,1.8%
882508104,TXN,Texas Instruments Inc,7513870,1345629,1.41B,252.32M,+21.8%,1.8%
097023204,BAPA,Boeing Co/The,4123397,4123397,251.07M,251.07M,NEW,0.32%
02079K305,GOOGL,Alphabet Inc,3371985,1306206,638.32M,247.26M,+63.2%,0.82%
539830109,LMT,Lockheed Martin Corp,548237,507312,266.41M,246.52M,+1239.6%,0.34%
880770102,TER,Teradyne Inc,4928143,1846079,620.55M,232.46M,+59.9%,0.79%
955306105,WST,West Pharmaceutical Services Inc,689493,676167,225.85M,221.49M,+5074%,0.29%
874039100,TSM,Taiwan Semiconductor Manufacturing Co L,19392159,1102166,3.83B,217.67M,+6%,4.9%
235851102,DHR,Danaher Corp,929868,916513,213.45M,210.39M,+6862.7%,0.27%
713448108,PEP,PepsiCo Inc,1697742,1328672,258.16M,202.04M,+360%,0.33%
294429105,EFX,Equifax Inc,1617574,791730,412.24M,201.77M,+95.9%,0.53%
G5960L103,MDT,Medtronic PLC,2598150,2476935,207.54M,197.86M,+2043.4%,0.27%
031162100,AMGN,Amgen Inc,1038593,753147,270.7M,196.3M,+263.8%,0.35%
609207105,MDLZ,Mondelez International Inc,3411179,3282937,203.75M,196.09M,+2560%,0.26%
36266G107,GEHC,GE HealthCare Technologies Inc,4841652,2506417,378.52M,195.95M,+107.3%,0.48%
609839105,MPWR,Monolithic Power Systems Inc,776026,328203,459.17M,194.2M,+73.3%,0.59%
21036P108,STZ,Constellation Brands Inc,924274,876745,204.26M,193.76M,+1844.7%,0.26%
595017104,MCHP,Microchip Technology Inc,11093007,3131807,636.18M,179.61M,+39.3%,0.81%
911312106,UPS,United Parcel Service Inc,3150901,1378136,397.33M,173.78M,+77.7%,0.51%
N6596X109,NXPI,NXP Semiconductors NV,3865446,824317,803.43M,171.33M,+27.1%,1%
09062X103,BIIB,Biogen Inc,1066460,967523,163.08M,147.95M,+977.9%,0.21%
459506101,IFF,International Flavors & Fragrances Inc,5664250,1663629,478.91M,140.66M,+41.6%,0.61%
717081103,PFE,Pfizer Inc,21286805,4726549,564.74M,125.4M,+28.5%,0.72%
11135F101,AVGO,Broadcom Inc,13211165,509665,3.06B,118.16M,+4%,3.9%
518439104,EL,Estee Lauder Cos Inc/The,4996404,954493,374.63M,71.57M,+23.6%,0.48%
962879102,WPM,Wheaton Precious Metals Corp,20534104,1231999,1.15B,69.29M,+6.4%,1.5%
09261X102,BXSL,Blackstone Secured Lending Fund,5563231,2035623,179.75M,65.77M,+57.7%,0.23%
75513E101,RTX,RTX Corp,2310221,532970,267.34M,61.68M,+30%,0.34%
008474108,AEM,Agnico Eagle Mines Ltd,22322859,778919,1.75B,60.92M,+3.6%,2.2%
G0378L100,AU,Anglogold Ashanti Plc,25411814,2491130,586.5M,57.5M,+10.9%,0.75%
57060D108,MKTX,MarketAxess Holdings Inc,2000736,236497,452.25M,53.46M,+13.4%,0.58%
05605H100,BWXT,BWX Technologies Inc,1408736,448467,156.92M,49.95M,+46.7%,0.2%
65339F119,NEEPRT,NextEra Energy Inc,1075666,1075666,49.05M,49.05M,NEW,0.06%
032654105,ADI,Analog Devices Inc,4981475,226716,1.06B,48.17M,+4.8%,1.4%
654106103,NKE,NIKE Inc,5503841,618169,416.48M,46.78M,+12.7%,0.53%
922042742,VT,Vanguard Total World Stock ETF,612664,612664,43.62M,43.62M,NEW,0.06%
099502106,BAH,Booz Allen Hamilton Holding Corp,951605,324159,122.47M,41.72M,+51.7%,0.16%
744573106,PEG,Public Service Enterprise Group Inc,950556,483795,80.31M,40.88M,+103.6%,0.1%
883556102,TMO,THERMO FISHER SCIENTIFIC INC,418365,68927,217.65M,35.86M,+19.7%,0.28%
806857108,SLB,Schlumberger NV,8103715,915925,310.7M,35.12M,+12.7%,0.4%
69331C108,PCG,PG&E Corp,3545569,1722613,71.55M,34.76M,+94.5%,0.09%
G54950103,LIN,Linde PLC,94125,82931,39.41M,34.72M,+740.9%,0.05%
00846U101,A,Agilent Technologies Inc,3235263,258358,434.62M,34.71M,+8.7%,0.56%
525327102,LDOS,Leidos Holdings Inc,841479,239846,121.22M,34.55M,+39.9%,0.16%
G0176J109,ALLE,Allegion PLC,3436127,257175,449.03M,33.61M,+8.1%,0.57%
89400J107,TRU,TransUnion,5139607,356306,476.49M,33.03M,+7.4%,0.61%
406216101,HAL,Halliburton Co,5100693,1214586,138.69M,33.02M,+31.3%,0.18%
04010L103,ARCC,Ares Capital Corp,14145706,1489552,309.65M,32.61M,+11.8%,0.4%
040413205,ANET,Arista Networks Inc,274088,274088,30.3M,30.3M,NEW,0.04%
22052L104,CTVA,Corteva Inc,9428206,525531,537.03M,29.93M,+5.9%,0.69%
651639106,NEM,Newmont Corp,49747598,797445,1.85B,29.68M,+1.6%,2.4%
G11448100,BTDR,Bitdeer Technologies Group,1344010,1344010,29.12M,29.12M,NEW,0.04%
922475108,VEEV,Veeva Systems Inc,2130498,135492,447.94M,28.49M,+6.8%,0.57%
231561101,CW,Curtiss-Wright Corp,333088,79362,118.2M,28.16M,+31.3%,0.15%
13321L108,CCJ,Cameco Corp,2132615,547793,109.59M,28.15M,+34.6%,0.14%
097023105,BA,Boeing Co/The,2434500,156952,430.91M,27.78M,+6.9%,0.55%
29786A106,ETSY,Etsy Inc,3527742,522111,186.58M,27.61M,+17.4%,0.24%
21037T109,CEG,Constellation Energy Corp,264786,120086,59.23M,26.86M,+83%,0.08%
65340P106,NXE,NexGen Energy Ltd,8481026,3762756,55.97M,24.83M,+79.7%,0.07%
067901108,B,Barrick Gold Corp,76299834,1563361,1.18B,24.23M,+2.1%,1.5%
023939101,AMTM,Amentum Holdings Inc,1132285,1132285,23.81M,23.81M,NEW,0.03%
98956P102,ZBH,Zimmer Biomet Holdings Inc,3955449,218688,417.81M,23.1M,+5.9%,0.53%
351858105,FNV,Franco-Nevada Corp,8538788,193968,1B,22.81M,+2.3%,1.3%
134429109,CPB,The Campbell's Company,9247213,531281,387.27M,22.25M,+6.1%,0.5%
G29183103,ETN,Eaton Corp PLC,66356,66356,22.02M,22.02M,NEW,0.03%
574599106,MAS,MASCO CORP,3250400,299520,235.88M,21.74M,+10.2%,0.3%
N07059210,ASML,ASML Holding NV,1788280,31231,1.24B,21.65M,+1.8%,1.6%
697435105,PANW,Palo Alto Networks Inc,199608,109097,36.32M,19.85M,+120.5%,0.05%
718546104,PSX,Phillips 66,243534,160256,27.75M,18.26M,+192.4%,0.04%
038169207,APLD,Applied Digital Corp,4404313,2344572,33.65M,17.91M,+113.8%,0.04%
16115Q308,GTLS,Chart Industries Inc,107686,90158,20.55M,17.21M,+514.4%,0.03%
058498106,BALL,Ball Corp,317321,308744,17.49M,17.02M,+3599.7%,0.02%
440452100,HRL,Hormel Foods Corp,529548,529548,16.61M,16.61M,NEW,0.02%
127190304,CACI,CACI International Inc,157098,40867,63.48M,16.51M,+35.2%,0.08%
615394202,MOGA,Moog Inc,207745,81735,40.89M,16.09M,+64.9%,0.05%
902973304,USB,US Bancorp,10183593,331580,487.08M,15.86M,+3.4%,0.62%
02156V109,OKLO,Oklo Inc,1821068,692117,38.66M,14.69M,+61.3%,0.05%
G48833118,WFRD,Weatherford International PLC,917530,204317,65.72M,14.64M,+28.6%,0.08%
302635206,FSK,FS KKR Capital Corp,6421190,673420,139.47M,14.63M,+11.7%,0.18%
H8817H100,RIG,Transocean Ltd,15393873,3895880,57.73M,14.61M,+33.9%,0.07%
703481101,PTEN,Patterson-UTI Energy Inc,7321667,1743241,60.48M,14.4M,+31.2%,0.08%
G65431127,NE,Noble Corp PLC,2365827,458131,74.29M,14.39M,+24%,0.1%
70450Y103,PYPL,PayPal Holdings Inc,231679,166342,19.77M,14.2M,+254.6%,0.03%
62955J103,NOV,NOV Inc,5182044,938866,75.66M,13.71M,+22.1%,0.1%
038222105,AMAT,Applied Materials Inc,6655308,84130,1.08B,13.68M,+1.3%,1.4%
701094104,PH,Parker-Hannifin Corp,21512,21512,13.68M,13.68M,NEW,0.02%
70202L102,PSN,Parsons Corp,502178,141282,46.33M,13.03M,+39.1%,0.06%
G0403H108,AON,Aon PLC,35622,35622,12.79M,12.79M,NEW,0.02%
921937835,BND,Vanguard Total Bond Market ETF,152751,152751,12.78M,12.78M,NEW,0.02%
292671708,UUUU,Energy Fuels Inc/Canada,4838420,2477539,24.82M,12.71M,+104.9%,0.03%
48242W106,KBR,KBR Inc,882086,218853,51.1M,12.68M,+33%,0.07%
165167735,EXE,Expand Energy Corp,319481,117561,31.8M,11.7M,+58.2%,0.04%
88080T104,WULF,Terawulf Inc,4763831,2028383,26.96M,11.48M,+74.2%,0.03%
92204A702,VGT,Vanguard Information Technology ETF,18446,18424,11.47M,11.46M,+83745.5%,0.01%
166764100,CVX,Chevron Corp,718848,78602,104.12M,11.38M,+12.3%,0.13%
248356107,DNN,Denison Mines Corp,20879491,6305332,37.59M,11.35M,+43.3%,0.05%
63010H108,NNE,NANO Nuclear Energy Inc,454353,454353,11.31M,11.31M,NEW,0.01%
91324P102,UNH,UnitedHealth Group Inc,196907,22059,99.61M,11.16M,+12.6%,0.13%
92826C839,V,Visa Inc,423111,35242,133.72M,11.14M,+9.1%,0.17%
49177J102,KVUE,Kenvue Inc,20069238,518988,428.48M,11.08M,+2.7%,0.55%
594918104,MSFT,Microsoft Corp,1015295,26233,427.95M,11.06M,+2.7%,0.55%
916896103,UEC,Uranium Energy Corp,6602890,1645919,44.17M,11.01M,+33.2%,0.06%
50077B207,KTOS,Kratos Defense & Security Solutions Inc,1292150,402588,34.09M,10.62M,+45.3%,0.04%
64110L106,NFLX,Netflix Inc,92250,11886,82.22M,10.59M,+14.8%,0.11%
423452101,HP,Helmerich & Payne Inc,1522144,329734,48.74M,10.56M,+27.7%,0.06%
922908553,VNQ,Vanguard Real Estate ETF,127058,127058,10.54M,10.54M,NEW,0.01%
69318G106,PBF,PBF Energy Inc,411307,392776,10.92M,10.43M,+2119.6%,0.01%
767292105,RIOT,Riot Platforms Inc,2884982,990188,29.46M,10.11M,+52.3%,0.04%
46982L108,J,Jacobs Solutions Inc,127558,75377,17.04M,10.07M,+144.5%,0.02%
34959E109,FTNT,Fortinet Inc,3267528,106253,308.72M,10.04M,+3.4%,0.4%
65339F101,NEE,NextEra Energy Inc,804760,136557,57.69M,9.79M,+20.4%,0.07%
09173B107,KEEL,Bitfarms Ltd/Canada,12553729,6477985,18.7M,9.65M,+106.6%,0.02%
565788106,MARA,MARA Holdings Inc,1676840,570803,28.12M,9.57M,+51.6%,0.04%
07725L102,ONC,BeiGene Ltd,89042,50154,16.45M,9.26M,+129%,0.02%
67079K100,SMR,NuScale Power Corp,1746625,511168,31.32M,9.17M,+41.4%,0.04%
46625H100,JPM,JPMorgan Chase & Co,39596,37744,9.49M,9.05M,+2038%,0.01%
278642103,EBAY,eBay Inc,142051,139315,8.8M,8.63M,+5091.9%,0.01%
808625107,SAIC,Science Applications International Corp,326793,76204,36.53M,8.52M,+30.4%,0.05%
518415104,LSCC,Lattice Semiconductor Corp,157316,149825,8.91M,8.49M,+2000.1%,0.01%
892356106,TSCO,Tractor Supply Co,191764,153649,10.18M,8.15M,+403.1%,0.01%
G87110105,FTI,TechnipFMC PLC,2987606,281665,86.46M,8.15M,+10.4%,0.11%
70438V106,PCTY,Paylocity Holding Corp,40612,40612,8.1M,8.1M,NEW,0.01%
38173M102,GBDC,Golub Capital BDC Inc,4522114,533895,68.56M,8.09M,+13.4%,0.09%
G0508H110,ALTM,Arcadium Lithium PLC,8553461,1572825,43.88M,8.07M,+22.5%,0.06%
03674X106,AR,Antero Resources Corp,745770,224700,26.14M,7.88M,+43.1%,0.03%
15643U104,LEU,USEC INC,324554,116417,21.62M,7.75M,+55.9%,0.03%
G3922B107,G,Genpact Ltd,175680,175680,7.54M,7.54M,NEW,<.01%
92343V104,VZ,Verizon Communications Inc,1676920,186176,67.06M,7.45M,+12.5%,0.09%
742718109,PG,Procter & Gamble Co/The,466497,44163,78.21M,7.4M,+10.5%,0.1%
29364G103,ETR,Entergy Corp,171783,90437,13.03M,6.86M,+111.2%,0.02%
88642R109,TDW,Tidewater Inc,836253,124610,45.75M,6.82M,+17.5%,0.06%
29259W700,EU,Encore Energy Corp,4378073,1943731,14.93M,6.63M,+79.8%,0.02%
427096508,HTGC,Hercules Capital Inc,3438447,323028,69.08M,6.49M,+10.4%,0.09%
833635105,SQM,Sociedad Quimica y Minera de Chile SA,804913,177898,29.27M,6.47M,+28.4%,0.04%
337932107,FE,FirstEnergy Corp,323079,157666,12.85M,6.27M,+95.3%,0.02%
02079K107,GOOG,Alphabet Inc,579079,31842,110.28M,6.06M,+5.8%,0.14%
852234103,XYZ,Block Inc,489772,71250,41.63M,6.06M,+17%,0.05%
21874A106,CORZ,Core Scientific Inc,2039718,422774,28.66M,5.94M,+26.1%,0.04%
18452B209,CLSK,Cleanspark Inc,2227199,636511,20.51M,5.86M,+40%,0.03%
34354P105,FLS,Flowserve Corp,101382,101382,5.83M,5.83M,NEW,<.01%
52661A108,DRS,Leonardo DRS Inc,736896,179224,23.81M,5.79M,+32.1%,0.03%
126650100,CVS,CVS Health Corp,644326,128231,28.92M,5.76M,+24.8%,0.04%
81617J301,WTTR,Select Energy Services Inc,1998193,430363,26.46M,5.7M,+27.4%,0.03%
921932778,VIOV,Vanguard S&P Small-Cap 600 Value ETF,60416,60416,5.64M,5.64M,NEW,<.01%
87266M107,TRTX,TPG RE Finance Trust Inc,657384,657384,5.59M,5.59M,NEW,<.01%
11276H106,BIPC,Brookfield Infrastructure Corp,136903,136903,5.49M,5.49M,NEW,<.01%
56035L104,MAIN,Main Street Capital Corp,1288309,92833,75.47M,5.44M,+7.8%,0.1%
98850P109,YUMC,Yum China Holdings Inc,113152,111862,5.45M,5.39M,+8671.5%,<.01%
04016X101,ARGX,Argenx SE,46809,8568,28.79M,5.27M,+22.4%,0.04%
74347M108,PUMP,ProPetro Holding Corp,1527598,556747,14.25M,5.19M,+57.3%,0.02%
46817M107,JXN,Jackson Financial Inc,59626,59626,5.19M,5.19M,NEW,<.01%
891160509,TD,Toronto-Dominion Bank/The,561482,96117,29.87M,5.11M,+20.7%,0.04%
252131107,DXCM,DexCom Inc,85813,65622,6.67M,5.1M,+325%,<.01%
008073108,AVAV,AeroVironment Inc,175649,32916,27.03M,5.07M,+23.1%,0.03%
553498106,MSA,MSA Safety Inc,30368,30368,5.03M,5.03M,NEW,<.01%
517834107,LVS,Las Vegas Sands Corp,142509,95753,7.32M,4.92M,+204.8%,<.01%
80105N105,SNY,Sanofi SA/France,662762,101726,31.96M,4.91M,+18.1%,0.04%
126402106,CSW,CSW Industrials Inc,13830,13830,4.88M,4.88M,NEW,<.01%
125141101,CECO,Ceco Environmental Corp,538092,158215,16.27M,4.78M,+41.6%,0.02%
26884L109,EQT,EQT Corp,659534,101762,30.41M,4.69M,+18.2%,0.04%
256163106,DOCU,DocuSign Inc,51858,51858,4.66M,4.66M,NEW,<.01%
671044105,OSIS,OSI Systems Inc,108709,27363,18.2M,4.58M,+33.6%,0.02%
218352102,CORT,Corcept Therapeutics Inc,88966,88966,4.48M,4.48M,NEW,<.01%
16679L109,CHWY,Chewy Inc,142558,132999,4.77M,4.45M,+1391.3%,<.01%
949746101,WFC,Wells Fargo & Co,61828,61828,4.34M,4.34M,NEW,<.01%
724078100,PIPR,Piper Sandler Cos,14251,14251,4.28M,4.28M,NEW,<.01%
199908104,FIX,Comfort Systems USA Inc,34961,9999,14.83M,4.24M,+40.1%,0.02%
88322Q108,TGTX,TG Therapeutics Inc,140154,140154,4.22M,4.22M,NEW,<.01%
83671M105,SOBO,South Bow Corp,178600,178600,4.21M,4.21M,NEW,<.01%
219350105,GLW,Corning Inc,114330,88558,5.43M,4.21M,+343.6%,<.01%
498894104,KNF,Knife River Corp,41328,41328,4.2M,4.2M,NEW,<.01%
281020107,EIX,Edison International,161355,51639,12.88M,4.12M,+47.1%,0.02%
92203J407,BNDX,Vanguard Total International Bond ETF,73456,73456,4.06M,4.06M,NEW,<.01%
127203107,WHD,Cactus Inc,1082658,68718,63.18M,4.01M,+6.8%,0.08%
405552100,HLN,Haleon PLC,3509400,418609,33.48M,3.99M,+13.5%,0.04%
457651107,INVX,Dril-Quip Inc,552851,282821,7.72M,3.95M,+104.7%,<.01%
219948106,CPAY,FleetCor Technologies Inc,11638,11638,3.94M,3.94M,NEW,<.01%
92189F114,ESPO,VanEck Video Gaming and eSports ETF,46450,46366,3.87M,3.87M,+55197.6%,<.01%
55261F104,MTB,M&T Bank Corp,22175,20548,4.17M,3.86M,+1262.9%,<.01%
927959106,VNOM,Viper Energy Partners LP,77532,77532,3.8M,3.8M,NEW,<.01%
018802108,LNT,Alliant Energy Corp,137813,64314,8.15M,3.8M,+87.5%,0.01%
68622V106,OGN,Organon & Co,529482,252750,7.9M,3.77M,+91.3%,0.01%
89055F103,BLD,TopBuild Corp,32633,11948,10.16M,3.72M,+57.8%,0.01%
37733W204,GSK,GSK PLC,844039,107529,28.55M,3.64M,+14.6%,0.04%
749660106,RES,RPC Inc,2838991,607255,16.86M,3.61M,+27.2%,0.02%
67077M108,NTR,Nutrien Ltd,1480870,80382,66.26M,3.6M,+5.7%,0.08%
45337C102,INCY,Incyte Corp,186899,52018,12.91M,3.59M,+38.6%,0.02%
842587107,SO,Southern Co/The,347051,43631,28.57M,3.59M,+14.4%,0.04%
09073M104,TECH,Bio-Techne Corp,171557,49574,12.36M,3.57M,+40.6%,0.02%
57636Q104,MA,Mastercard Inc,184677,6781,97.25M,3.57M,+3.8%,0.12%
92189H771,PIT,VanEck Commodity Strategy ETF,435690,74050,20.62M,3.5M,+20.5%,0.03%
32020R109,FFIN,First Financial Bankshares Inc,97206,97206,3.5M,3.5M,NEW,<.01%
617446448,MS,Morgan Stanley,29813,27747,3.75M,3.49M,+1343%,<.01%
501044101,KR,Kroger Co/The,175323,56946,10.72M,3.48M,+48.1%,0.01%
92939U106,WEC,WEC Energy Group Inc,156248,36787,14.69M,3.46M,+30.8%,0.02%
000899104,ADMA,ADMA Biologics Inc,199630,199630,3.42M,3.42M,NEW,<.01%
46125A100,LUNR,Intuitive Machines Inc,187405,187405,3.4M,3.4M,NEW,<.01%
05577W200,DOO,BRP Inc,76147,66627,3.88M,3.39M,+699.9%,<.01%
912909108,X,United States Steel Corp,477016,99665,16.21M,3.39M,+26.4%,0.02%
G6359F137,NBR,Nabors Industries Ltd,202552,58946,11.58M,3.37M,+41%,0.01%
48282T104,KAI,Kadant Inc,9764,9764,3.37M,3.37M,NEW,<.01%
G8473T100,STE,STERIS PLC,28816,16300,5.92M,3.35M,+130.2%,<.01%
05465C100,AX,BofI Holding Inc,47951,47951,3.35M,3.35M,NEW,<.01%
11285B108,BEPC,Brookfield Renewable Corp,120029,120029,3.35M,3.35M,NEW,<.01%
675232102,OII,Oceaneering International Inc,1568481,128187,40.91M,3.34M,+8.9%,0.05%
74834L100,DGX,QUEST DIAGNOSTICS INC,24198,21958,3.65M,3.31M,+980.3%,<.01%
147528103,CASY,Casey's General Stores Inc,29554,8327,11.71M,3.3M,+39.2%,0.01%
28176E108,EW,Edwards Lifesciences Corp,171102,44338,12.67M,3.28M,+35%,0.02%
086516101,BBY,Best Buy Co Inc,110857,38216,9.51M,3.28M,+52.6%,0.01%
00217D100,ASTS,AST SpaceMobile Inc,258747,155310,5.46M,3.28M,+150.1%,<.01%
589378108,MRCY,Mercury Systems Inc,297109,77254,12.48M,3.24M,+35.1%,0.02%
929236107,WDFC,WD-40 Co,13258,13258,3.22M,3.22M,NEW,<.01%
H17182108,CRSP,CRISPR Therapeutics AG,83010,81464,3.27M,3.21M,+5269.3%,<.01%
201723103,CMC,Commercial Metals Co,485146,64338,24.06M,3.19M,+15.3%,0.03%
92532F100,VRTX,Vertex Pharmaceuticals Inc,159269,7841,64.14M,3.16M,+5.2%,0.08%
03076C106,AMP,Ameriprise Financial Inc,22539,5919,12M,3.15M,+35.6%,0.02%
532457108,LLY,Eli Lilly & Co,273539,4070,211.17M,3.14M,+1.5%,0.27%
34959J108,FTV,Fortive Corp,73633,41506,5.52M,3.11M,+129.2%,<.01%
53115L104,LBRT,Liberty Energy Inc,2082239,156006,41.42M,3.1M,+8.1%,0.05%
405024100,HAE,Haemonetics Corp,39620,39620,3.09M,3.09M,NEW,<.01%
731068102,PII,POLARIS INC,94404,53438,5.44M,3.08M,+130.4%,<.01%
452327109,ILMN,Illumina Inc,152265,22718,20.35M,3.04M,+17.5%,0.03%
466313103,JBL,Jabil Inc,22680,21091,3.26M,3.04M,+1327.3%,<.01%
98980L101,ZM,Zoom Video Communications Inc,78679,36695,6.42M,2.99M,+87.4%,<.01%
15101Q207,CLS,Celestica Inc,99684,32418,9.19M,2.99M,+48.2%,0.01%
368036109,GATO,Gatos Silver Inc,1628571,213066,22.77M,2.98M,+15.1%,0.03%
505743104,LADR,Ladder Capital Corp,1223151,261681,13.69M,2.93M,+27.2%,0.02%
37940X102,GPN,Global Payments Inc,50705,26104,5.68M,2.93M,+106.1%,<.01%
00790R104,WMS,Advanced Drainage Systems Inc,63309,25158,7.32M,2.91M,+65.9%,<.01%
494368103,KMB,Kimberly-Clark Corp,25639,22131,3.36M,2.9M,+630.9%,<.01%
92859G608,VZLA,Vizsla Silver Corp,11356191,1706330,19.18M,2.88M,+17.7%,0.02%
056525108,BMI,Badger Meter Inc,33395,13526,7.08M,2.87M,+68.1%,<.01%
29250N105,ENB,Enbridge Inc,716472,67259,30.39M,2.85M,+10.4%,0.04%
29670G102,WTRG,Essential Utilities Inc,150332,78121,5.46M,2.84M,+108.2%,<.01%
88162G103,TTEK,Tetra Tech Inc,289460,70610,11.53M,2.81M,+32.3%,0.01%
632307104,NTRA,Natera Inc,119673,17748,18.94M,2.81M,+17.4%,0.02%
26142V105,DKNG,DraftKings Inc,206112,74419,7.67M,2.77M,+56.5%,<.01%
460690100,IPG,Interpublic Group of Cos Inc/The,251209,97877,7.04M,2.74M,+63.8%,<.01%
49714P108,KNSL,Kinsale Capital Group Inc,21983,5839,10.22M,2.72M,+36.2%,0.01%
09075V102,BNTX,BioNTech SE,118418,23733,13.49M,2.7M,+25.1%,0.02%
78709Y105,SAIA,Saia Inc,23161,5845,10.55M,2.66M,+33.8%,0.01%
478160104,JNJ,Johnson & Johnson,798414,18228,115.47M,2.64M,+2.3%,0.15%
45073V108,ITT,ITT Inc,70366,18370,10.05M,2.62M,+35.3%,0.01%
928881101,VNT,Vontier Corp,148253,71963,5.41M,2.62M,+94.3%,<.01%
30161Q104,EXEL,Exelixis Inc,252324,78740,8.4M,2.62M,+45.4%,0.01%
228368106,CCK,Crown Holdings Inc,31530,31530,2.61M,2.61M,NEW,<.01%
G0250X107,AMCR,Amcor PLC,276849,276849,2.6M,2.6M,NEW,<.01%
983134107,WYNN,Wynn Resorts Ltd,72242,29931,6.22M,2.58M,+70.7%,<.01%
502431109,LHX,L3Harris Technologies Inc,13224,12039,2.78M,2.53M,+1015.9%,<.01%
85208M102,SFM,Sprouts Farmers Market Inc,79289,19921,10.07M,2.53M,+33.6%,0.01%
426281101,JKHY,Jack Henry & Associates Inc,63354,14435,11.11M,2.53M,+29.5%,0.01%
98980G102,ZS,Zscaler Inc,29051,13978,5.24M,2.52M,+92.7%,<.01%
533900106,LECO,Lincoln Electric Holdings Inc,53564,13111,10.04M,2.46M,+32.4%,0.01%
441593100,HLI,Houlihan Lokey Inc,46857,14141,8.14M,2.46M,+43.2%,0.01%
070830104,BBWI,Bath & Body Works Inc,150285,63253,5.83M,2.45M,+72.7%,<.01%
02043Q107,ALNY,Alnylam Pharmaceuticals Inc,67818,10419,15.96M,2.45M,+18.2%,0.02%
134748102,CAN,Canaan Inc,10368217,1187796,21.25M,2.43M,+12.9%,0.03%
46269C102,IRDM,Iridium Communications Inc,139636,83454,4.05M,2.42M,+148.5%,<.01%
889478103,TOL,TOLL BROTHERS INC,82803,19214,10.43M,2.42M,+30.2%,0.01%
016255101,ALGN,Align Technology Inc,11582,11582,2.42M,2.42M,NEW,<.01%
28852N109,EFC,Ellington Financial Inc,872588,194153,10.58M,2.35M,+28.6%,0.01%
257651109,DCI,Donaldson Co Inc,161060,34849,10.85M,2.35M,+27.6%,0.01%
58506Q109,MEDP,Medpace Holdings Inc,27260,7027,9.06M,2.33M,+34.7%,0.01%
G6700G107,NVT,nVent Electric PLC,130405,34191,8.89M,2.33M,+35.5%,0.01%
29977A105,EVR,Evercore Inc,29269,8387,8.11M,2.32M,+40.2%,0.01%
27579R104,EWBC,East West Bancorp Inc,104046,24243,9.96M,2.32M,+30.4%,0.01%
26969P108,EXP,EAGLE MATERIALS INC,31865,9380,7.86M,2.31M,+41.7%,0.01%
47215P106,JD,JD.com Inc,393597,66693,13.65M,2.31M,+20.4%,0.02%
980745103,WWD,Woodward Inc,49160,13886,8.18M,2.31M,+39.4%,0.01%
05684B107,BCSF,Bain Capital Specialty Finance Inc,1088471,131860,19.07M,2.31M,+13.8%,0.02%
969457100,WMB,Williams Cos Inc/The,446689,42618,24.18M,2.31M,+10.5%,0.03%
278768106,ECHO,EchoStar Corp,133108,100608,3.05M,2.3M,+309.6%,<.01%
437076102,HD,Home Depot Inc/The,58632,5917,22.81M,2.3M,+11.2%,0.03%
91913Y100,VLO,Valero Energy Corp,223016,18623,27.34M,2.28M,+9.1%,0.04%
042315705,ARR,ARMOUR Residential REIT Inc,449871,120718,8.48M,2.28M,+36.7%,0.01%
686688102,ORA,Ormat Technologies Inc,418653,33279,28.35M,2.25M,+8.6%,0.04%
302491303,FMC,FMC Corp,589054,46137,28.63M,2.24M,+8.5%,0.04%
83012A109,TSLX,Sixth Street Specialty Lending Inc,2393069,103634,50.97M,2.21M,+4.5%,0.07%
038336103,ATR,Aptargroup Inc,51676,13827,8.12M,2.17M,+36.5%,0.01%
370334104,GIS,General Mills Inc,137218,34044,8.75M,2.17M,+33%,0.01%
03820C105,AIT,Applied Industrial Technologies Inc,34054,8760,8.15M,2.1M,+34.6%,0.01%
81369Y506,XLE,Energy Select Sector SPDR Fund,130813,24450,11.21M,2.09M,+23%,0.01%
92189F676,SMH,VanEck Semiconductor ETF,8677,8608,2.1M,2.09M,+12475.4%,<.01%
060505104,BAC,Bank of America Corp,65991,46760,2.9M,2.05M,+243.1%,<.01%
70806A106,PFLT,PennantPark Floating Rate Capital Ltd,1985730,187465,21.7M,2.05M,+10.4%,0.03%
546347105,LPX,Louisiana-Pacific Corp,58149,19681,6.02M,2.04M,+51.2%,<.01%
98978V103,ZTS,Zoetis Inc,577700,12478,94.12M,2.03M,+2.2%,0.12%
874054109,TTWO,Take-Two Interactive Software Inc,252233,11033,46.43M,2.03M,+4.6%,0.06%
860630102,SF,Stifel Financial Corp,72889,19118,7.73M,2.03M,+35.6%,<.01%
803607100,SRPT,Sarepta Therapeutics Inc,84834,16658,10.31M,2.03M,+24.4%,0.01%
00508Y102,AYI,Acuity Brands Inc,26413,6901,7.72M,2.02M,+35.4%,<.01%
89531P105,TREX,Trex Co Inc,110697,28971,7.64M,2M,+35.4%,<.01%
74164M108,PRI,Primerica Inc,28995,7349,7.87M,1.99M,+34%,0.01%
000360206,AAON,AAON INC,66044,16933,7.77M,1.99M,+34.5%,<.01%
172755100,CRUS,CIRRUS LOGIC INC,55633,19979,5.54M,1.99M,+56%,<.01%
29444U700,EQIX,Equinix Inc,22416,2107,21.14M,1.99M,+10.4%,0.03%
433921103,HIVE,Hive Blockchain Technologies Ltd,4562489,692799,13M,1.97M,+17.9%,0.02%
26441C204,DUK,Duke Energy Corp,240094,17827,25.87M,1.92M,+8%,0.03%
549498103,LCID,Lucid Group Inc,1246461,633410,3.76M,1.91M,+103.3%,<.01%
49456B101,KMI,Kinder Morgan Inc,735523,69071,20.15M,1.89M,+10.4%,0.03%
G3323L100,FN,Fabrinet,32087,8533,7.05M,1.88M,+36.2%,<.01%
26817Q886,DX,Dynex Capital Inc,873111,148235,11.04M,1.88M,+20.4%,0.01%
16359R103,CHE,Chemed Corp,15141,3531,8.02M,1.87M,+30.4%,0.01%
650111107,NYT,New York Times Co/The,129988,35189,6.77M,1.83M,+37.1%,<.01%
052800109,ALV,Autoliv Inc,67751,19360,6.35M,1.82M,+40%,<.01%
378973408,GSAT,Globalstar Inc,1312400,860133,2.72M,1.78M,+190.2%,<.01%
90187B804,TWO,Two Harbors Investment Corp,893014,149870,10.56M,1.77M,+20.2%,0.01%
407497106,HLNE,Hamilton Lane Inc,37069,11813,5.49M,1.75M,+46.8%,<.01%
91529Y106,UNM,Unum Group,131933,23857,9.63M,1.74M,+22.1%,0.01%
537008104,LFUS,Littelfuse Inc,40740,7331,9.6M,1.73M,+21.9%,0.01%
16934Q802,CIM,Chimera Investment Corp,767568,122088,10.75M,1.71M,+18.9%,0.01%
Q4982L109,IREN,Iren Ltd,1777006,171335,17.45M,1.68M,+10.7%,0.02%
516544103,LNTH,Lantheus Holdings Inc,76996,18524,6.89M,1.66M,+31.7%,<.01%
66987V109,NVS,Novartis AG,327614,16901,31.88M,1.64M,+5.4%,0.04%
81369Y100,XLB,Materials Select Sector SPDR Fund,103158,19488,8.68M,1.64M,+23.3%,0.01%
921078101,OUNZ,VanEck Merk Gold Shares,870694,64556,22.03M,1.63M,+8%,0.03%
418056107,HAS,Hasbro Inc,105201,29066,5.88M,1.63M,+38.2%,<.01%
302941109,FCN,FTI CONSULTING INC,30737,8487,5.88M,1.62M,+38.1%,<.01%
624756102,MLI,Mueller Industries Inc,93090,20386,7.39M,1.62M,+28%,<.01%
116794108,BRKR,Bruker Corp,84004,27553,4.92M,1.62M,+48.8%,<.01%
224408104,CR,Crane Co,40920,10624,6.21M,1.61M,+35.1%,<.01%
87612E106,TGT,Target Corp,147826,11918,19.98M,1.61M,+8.8%,0.03%
55272X607,MFA,MFA Financial Inc,919603,155210,9.37M,1.58M,+20.3%,0.01%
42330P107,HLX,Helix Energy Solutions Group Inc,2327582,169543,21.69M,1.58M,+7.9%,0.03%
37959E102,GL,Globe Life Inc,72510,14055,8.09M,1.57M,+24%,0.01%
428291108,HXL,Hexcel Corp,33001,24920,2.07M,1.56M,+308.4%,<.01%
30231G102,XOM,Exxon Mobil Corp,770750,14323,82.91M,1.54M,+1.9%,0.11%
749607107,RLI,RLI Corp,36613,9320,6.04M,1.54M,+34.1%,<.01%
922280102,VRNS,Varonis Systems Inc,33908,33908,1.51M,1.51M,NEW,<.01%
72703X106,PL,Planet Labs PBC,520364,369206,2.1M,1.49M,+244.3%,<.01%
302081104,EXLS,ExlService Holdings Inc,141884,33589,6.3M,1.49M,+31%,<.01%
61774A103,MSDL,Morgan Stanley Direct Lending Fund,1922174,71855,39.71M,1.48M,+3.9%,0.05%
840441109,SSB,SouthState Corp,58540,14894,5.82M,1.48M,+34.1%,<.01%
98956A105,ZETA,Zeta Global Holdings Corp,81552,81552,1.47M,1.47M,NEW,<.01%
345370860,F,Ford Motor Co,250303,147409,2.48M,1.46M,+143.3%,<.01%
29605J106,ESAB,Esab Corp,43791,12079,5.25M,1.45M,+38.1%,<.01%
78463M107,SPSC,SPS Commerce Inc,29919,7871,5.5M,1.45M,+35.7%,<.01%
117043109,BC,Brunswick Corp/DE,125017,22324,8.09M,1.44M,+21.7%,0.01%
04247X102,AWI,Armstrong World Industries Inc,39735,10192,5.62M,1.44M,+34.5%,<.01%
90278Q108,UFPI,UFP Industries Inc,53789,12498,6.06M,1.41M,+30.3%,<.01%
26614N102,DD,DuPont de Nemours Inc,81514,18401,6.21M,1.4M,+29.2%,<.01%
651587107,NEU,NEWMARKET CORP,7774,2655,4.11M,1.4M,+51.9%,<.01%
74758T303,QLYS,Qualys Inc,38890,9875,5.45M,1.38M,+34%,<.01%
03761U502,MFIC,MidCap Financial Investment Corp,2372505,102406,32.01M,1.38M,+4.5%,0.04%
313855108,FSS,Federal Signal Corp,52216,14953,4.82M,1.38M,+40.1%,<.01%
681116109,OLLI,Ollie's Bargain Outlet Holdings Inc,46659,12476,5.12M,1.37M,+36.5%,<.01%
69608A108,PLTR,Palantir Technologies Inc,2687863,18022,203.28M,1.36M,+0.7%,0.26%
829073105,SSD,Simpson Manufacturing Co Inc,36052,8170,5.98M,1.35M,+29.3%,<.01%
64125C109,NBIX,Neurocrine Biosciences Inc,93406,9824,12.75M,1.34M,+11.8%,0.02%
191098102,COKE,Coca-Cola Consolidated Inc,4065,1051,5.12M,1.32M,+34.9%,<.01%
038923108,ABR,Arbor Realty Trust Inc,1111967,95107,15.4M,1.32M,+9.4%,0.02%
35243J101,FBRT,Franklin BSP Realty Trust Inc,725963,104599,9.1M,1.31M,+16.8%,0.01%
750917106,RMBS,Rambus Inc,106164,24723,5.61M,1.31M,+30.4%,<.01%
227046109,CROX,CROCS Inc,48535,11917,5.32M,1.31M,+32.5%,<.01%
98389B100,XEL,Xcel Energy Inc,179013,19230,12.09M,1.3M,+12%,0.02%
931142103,WMT,Walmart Inc,250696,14216,22.65M,1.28M,+6%,0.03%
896442308,TRIN,Trinity Capital Inc,1389788,88698,20.11M,1.28M,+6.8%,0.03%
464288562,REZ,iShares Residential and Multisector Rea,80028,15796,6.48M,1.28M,+24.6%,<.01%
59001A102,MTH,Meritage Homes Corp,30322,8271,4.66M,1.27M,+37.5%,<.01%
733174700,BPOP,Popular Inc,54374,13504,5.11M,1.27M,+33%,<.01%
92189F700,MOO,VanEck Agribusiness ETF,30714,19541,1.98M,1.26M,+174.9%,<.01%
548661107,LOW,Lowe's Cos Inc,86887,5100,21.44M,1.26M,+6.2%,0.03%
025537101,AEP,American Electric Power Co Inc,159725,13635,14.73M,1.26M,+9.3%,0.02%
942749102,WTS,WATTS WATER TECHNOLOGIES INC,23507,6125,4.78M,1.25M,+35.2%,<.01%
039483102,ADM,Archer-Daniels-Midland Co,990812,24577,50.06M,1.24M,+2.5%,0.06%
G3198U102,ESNT,Essent Group Ltd,87328,22241,4.75M,1.21M,+34.2%,<.01%
920253101,VMI,Valmont Industries Inc,15436,3943,4.73M,1.21M,+34.3%,<.01%
46131B704,IVR,Invesco Mortgage Capital Inc,641390,149957,5.16M,1.21M,+30.5%,<.01%
859241101,STRL,Sterling Infrastructure Inc,26512,7111,4.47M,1.2M,+36.7%,<.01%
75574U101,RC,Ready Capital Corp,1540765,174725,10.51M,1.19M,+12.8%,0.01%
38526M106,LOPE,Grand Canyon Education Inc,29776,7263,4.88M,1.19M,+32.3%,<.01%
770323103,RHI,Robert Half Inc,85878,16668,6.05M,1.17M,+24.1%,<.01%
25746U109,D,Dominion Energy Inc,253880,21737,13.67M,1.17M,+9.4%,0.02%
552848103,MTG,MGIC Investment Corp,210017,48641,4.98M,1.15M,+30.1%,<.01%
03769M106,APO,Apollo Global Management Inc,86925,6982,14.36M,1.15M,+8.7%,0.02%
75776W103,RDW,Redwire Corp,69922,69922,1.15M,1.15M,NEW,<.01%
515098101,LSTR,Landstar System Inc,31836,6680,5.47M,1.15M,+26.6%,<.01%
277432100,EMN,Eastman Chemical Co,61251,12461,5.59M,1.14M,+25.5%,<.01%
G4474Y214,JHG,Janus Henderson Group PLC,102248,26603,4.35M,1.13M,+35.2%,<.01%
67401P405,OCSL,Oaktree Specialty Lending Corp,2094609,71808,32.01M,1.1M,+3.5%,0.04%
209115104,ED,Consolidated Edison Inc,108165,12238,9.65M,1.09M,+12.8%,0.01%
758075402,RWT,Redwood Trust Inc,1085593,165281,7.09M,1.08M,+18%,<.01%
693483109,PKX,POSCO Holdings Inc,100956,24767,4.38M,1.07M,+32.5%,<.01%
058586108,BLDP,Ballard Power Systems Inc,2466084,644861,4.09M,1.07M,+35.4%,<.01%
37954Y673,PAVE,Global X US Infrastructure Development,129667,26484,5.24M,1.07M,+25.7%,<.01%
30214U102,EXPO,Exponent Inc,48101,11907,4.29M,1.06M,+32.9%,<.01%
204166102,CVLT,CommVault Systems Inc,36794,6982,5.55M,1.05M,+23.4%,<.01%
N72482149,QGEN,QIAGEN NV,208884,23663,9.3M,1.05M,+12.8%,0.01%
647551100,NMFC,New Mountain Finance Corp,2342650,93329,26.38M,1.05M,+4.1%,0.03%
78467J100,SSNC,SS&C Technologies Holdings Inc,90736,13772,6.88M,1.04M,+17.9%,<.01%
00287Y109,ABBV,AbbVie Inc,257513,5863,45.76M,1.04M,+2.3%,0.06%
03762U105,ARI,Apollo Commercial Real Estate Finance I,1063511,115109,9.21M,996.84K,+12.1%,0.01%
192422103,CGNX,Cognex Corp,127256,27727,4.56M,994.2K,+27.9%,<.01%
046353108,AZN,AstraZeneca PLC,459560,14768,30.11M,967.59K,+3.3%,0.04%
127055101,CBT,Cabot Corp,42142,10593,3.85M,967.25K,+33.6%,<.01%
78464A870,XBI,SPDR S&P Biotech ETF,16622,16622,966K,966K,NEW,<.01%
436893200,HOMB,Home Bancshares Inc/AR,135866,33773,3.85M,955.77K,+33.1%,<.01%
191216100,KO,Coca-Cola Co/The,962530,15200,59.93M,946.37K,+1.6%,0.08%
457187102,INGR,Ingredion Inc,163575,6845,22.5M,941.58K,+4.4%,0.03%
03027X100,AMT,American Tower Corp,132818,5110,24.36M,937.22K,+4%,0.03%
G01767105,ALKS,Alkermes PLC,137567,32581,3.96M,936.93K,+31%,<.01%
750236101,RDN,Radian Group Inc,116333,29262,3.69M,928.17K,+33.6%,<.01%
30161N101,EXC,Exelon Corp,313499,24565,11.8M,924.62K,+8.5%,0.02%
46132P108,IIM,Invesco Value Municipal Income Trust,351719,77513,4.18M,921.64K,+28.3%,<.01%
264147109,DCO,Ducommun Inc,20950,14334,1.33M,912.72K,+216.7%,<.01%
48666K109,KBH,KB Home,57954,13837,3.81M,909.43K,+31.4%,<.01%
G8994E103,TT,Trane Technologies plc,52058,2438,19.23M,900.49K,+4.9%,0.02%
38046C109,GOGO,Gogo Inc,154706,111267,1.25M,900.46K,+256.1%,<.01%
773122106,RKLB,Rocket Lab USA Inc,166369,35293,4.24M,898.82K,+26.9%,<.01%
65345N106,NN,NextNav Inc,78815,57403,1.23M,892.93K,+268.1%,<.01%
06417N103,OZK,Bank OZK,82829,20049,3.69M,892.69K,+31.9%,<.01%
049560105,ATO,Atmos Energy Corp,48030,6369,6.69M,886.99K,+15.3%,<.01%
816300107,SIGI,Selective Insurance Group Inc,44146,9387,4.13M,877.97K,+27%,<.01%
042068205,ARM,ARM Holdings PLC,9761,7047,1.2M,869.23K,+259.7%,<.01%
053332102,AZO,AutoZone Inc,2638,270,8.45M,864.55K,+11.4%,0.01%
92189H862,MIG,VanEck Moody's Analytics IG Corporate B,41857,40894,883K,862.68K,+4246.5%,<.01%
726503105,PAA,Plains All American Pipeline LP,139047,50391,2.38M,860.71K,+56.8%,<.01%
125269100,CF,CF Industries Holdings Inc,310936,10048,26.53M,857.29K,+3.3%,0.03%
053015103,ADP,Automatic Data Processing Inc,133816,2862,39.17M,837.79K,+2.2%,0.05%
09259E108,TCPC,BlackRock TCP Capital Corp,2202733,95603,19.19M,832.71K,+4.5%,0.02%
140501107,CSWC,Capital Southwest Corp,1190204,38051,25.97M,830.26K,+3.3%,0.03%
45780R101,IBP,Installed Building Products Inc,26447,4711,4.63M,825.63K,+21.7%,<.01%
681919106,OMC,Omnicom Group Inc,99353,9590,8.55M,825.19K,+10.7%,0.01%
872280102,CGBD,TCG BDC Inc,1297306,45466,23.26M,815.22K,+3.6%,0.03%
959802109,WU,Western Union Co/The,480543,76900,5.09M,815.18K,+19.1%,<.01%
82509L107,SHOP,Shopify Inc,49444,7615,5.26M,809.8K,+18.2%,<.01%
030420103,AWK,American Water Works Co Inc,60525,6504,7.53M,809.6K,+12%,<.01%
09739D100,BCC,Boise Cascade Co,31203,6788,3.71M,806.87K,+27.8%,<.01%
26856L103,ELF,elf Beauty Inc,43975,6387,5.52M,801.88K,+17%,<.01%
550021109,LULU,Lululemon Athletica Inc,43569,2073,16.66M,792.73K,+5%,0.02%
48251W104,KKR,KKR & Co Inc,22457,5291,3.32M,782.68K,+30.8%,<.01%
682680103,OKE,Oneok Inc,204614,7759,20.54M,779.03K,+3.9%,0.03%
G9087Q102,TROX,Tronox Holdings PLC,1142856,77146,11.51M,776.82K,+7.2%,0.01%
036752103,ELV,Elevance Health Inc,14884,2102,5.49M,775.47K,+16.4%,<.01%
09260D107,BX,Blackstone Inc,24563,4469,4.24M,770.52K,+22.2%,<.01%
06759L103,BBDC,Barings BDC Inc,2347891,79994,22.47M,765.57K,+3.5%,0.03%
75281A109,RRC,Range Resources Corp,173863,20744,6.26M,746.42K,+13.5%,<.01%
10949T109,BRSP,BrightSpire Capital Inc,1134821,129120,6.4M,728.19K,+12.8%,<.01%
83413U100,SLRC,SLR Investment Corp,1044152,44861,16.87M,724.98K,+4.5%,0.02%
70931T103,PMT,PennyMac Mortgage Investment Trust,643570,57281,8.1M,721.21K,+9.8%,0.01%
15189T107,CNP,CenterPoint Energy Inc,197793,22347,6.28M,709.07K,+12.7%,<.01%
27826U108,EVN,Eaton Vance Municipal Income Trust,296961,69652,3M,704.12K,+30.6%,<.01%
125896100,CMS,CMS Energy Corp,92899,10470,6.19M,697.86K,+12.7%,<.01%
83444M101,SOLV,Solventum Corp,47224,10530,3.12M,695.7K,+28.7%,<.01%
G81276100,SIG,Signet Jewelers Ltd,36655,8574,2.96M,691.91K,+30.5%,<.01%
68571X301,ORC,Orchid Island Capital Inc,782255,87124,6.09M,677.83K,+12.5%,<.01%
77543R102,ROKU,Roku Inc,9079,9079,675K,675K,NEW,<.01%
G7709Q104,RPRX,Royalty Pharma PLC,127140,25640,3.24M,654.01K,+25.3%,<.01%
88579Y101,MMM,3M Co,93938,5026,12.13M,648.78K,+5.7%,0.02%
03073E108,COR,Cencora Inc,2885,2885,648K,648K,NEW,<.01%
92552V100,VSAT,Viasat Inc,104708,75997,891K,646.69K,+264.7%,<.01%
92338C103,VLTO,Veralto Corp,89227,6321,9.09M,643.81K,+7.6%,0.01%
M2197Q107,CLBT,Cellebrite DI Ltd,28988,28988,639K,639K,NEW,<.01%
55087P104,LYFT,Lyft Inc,398880,49138,5.15M,633.94K,+14%,<.01%
830830105,SKY,Skyline Champion Corp,40108,7184,3.53M,633K,+21.8%,<.01%
67079X102,NDMO,Nuveen Dynamic Municipal Opportunities,358481,63033,3.59M,631.59K,+21.3%,<.01%
90353T100,UBER,Uber Technologies Inc,14910,10364,899K,624.9K,+228%,<.01%
706327103,PBA,Pembina Pipeline Corp,225684,16762,8.34M,619.06K,+8%,0.01%
M51474118,GILT,Gilat Satellite Networks Ltd,136380,100396,839K,617.63K,+279%,<.01%
92189F601,NLR,VanEck Uranium and Nuclear Energy ETF,28319,7389,2.3M,600.9K,+35.3%,<.01%
833445109,SNOW,Snowflake Inc,8194,3886,1.26M,599.93K,+90.2%,<.01%
97651M109,WIT,Wipro Ltd,348859,165076,1.24M,584.39K,+89.8%,<.01%
69351T106,PPL,PPL Corp,229492,17821,7.45M,578.52K,+8.4%,<.01%
816850101,SMTC,Semtech Corp,12103,9302,749K,575.66K,+332.1%,<.01%
04013V108,ACRE,Ares Commercial Real Estate Corp,591036,96551,3.48M,568.65K,+19.5%,<.01%
880345103,TNC,Tennant Co,38895,6917,3.17M,563.92K,+21.6%,<.01%
87807B107,TRP,TC Energy Corp,350349,12101,16.31M,563.45K,+3.6%,0.02%
30034W106,EVRG,Evergy Inc,116709,9140,7.18M,562.61K,+8.5%,<.01%
30040W108,ES,Eversource Energy,111331,9611,6.39M,551.9K,+9.4%,<.01%
46284V101,IRM,Iron Mountain Inc,55571,5150,5.84M,541.31K,+10.2%,<.01%
023608102,AEE,Ameren Corp,82061,5808,7.32M,517.73K,+7.6%,<.01%
349553107,FTS,Fortis Inc/Canada,149151,12430,6.19M,516.2K,+9.1%,<.01%
444859102,HUM,HUMANA INC,3366,2027,854K,514.28K,+151.4%,<.01%
453204109,PI,Impinj Inc,4928,3515,716K,510.7K,+248.8%,<.01%
057665200,BCPC,Balchem Corp,67362,3110,10.98M,506.93K,+4.8%,0.01%
55336V100,MPLX,MPLX LP,68289,10480,3.27M,501.52K,+18.1%,<.01%
09249N101,BLE,BlackRock Municipal Income Trust II,394381,46598,4.14M,489.75K,+13.4%,<.01%
654110303,NKLAQ,Nikola Corp,750749,410974,893K,488.84K,+121%,<.01%
063671101,BMO,Bank of Montreal,195213,4958,18.94M,481.01K,+2.6%,0.02%
816851109,SRE,Sempra,186778,5454,16.38M,478.42K,+3%,0.02%
384747101,GRAL,GRAIL Inc,26608,26107,475K,466.06K,+5211%,<.01%
874060205,TAK,Takeda Pharmaceutical Co Ltd,2210428,35192,29.27M,465.94K,+1.6%,0.04%
958669103,WES,Western Midstream Partners LP,42612,11996,1.64M,461.12K,+39.2%,<.01%
92189F205,SLX,VanEck Steel ETF,28928,7885,1.69M,460.92K,+37.5%,<.01%
21867A105,CLB,Core Laboratories Inc,443621,26237,7.68M,454.16K,+6.3%,<.01%
86765K109,SUN,Sunoco LP,30131,8782,1.55M,451.76K,+41.1%,<.01%
03990B101,ARES,Ares Management Corp,10469,2545,1.85M,450.46K,+32.1%,<.01%
670928100,NUV,Nuveen Municipal Value Fund Inc,1237733,52200,10.63M,448.39K,+4.4%,0.01%
75734B100,RDDT,Reddit Inc,2727,2727,446K,446K,NEW,<.01%
761152107,RMD,ResMed Inc,41279,1945,9.44M,444.8K,+4.9%,0.01%
649604840,ADAM,New York Mortgage Trust Inc,808522,72946,4.9M,442.08K,+9.9%,<.01%
759916109,RGEN,Repligen Corp,42226,3066,6.08M,441.32K,+7.8%,<.01%
28414H103,ELAN,Elanco Animal Health Inc,944978,36239,11.44M,438.87K,+4%,0.01%
09248F109,BFK,BlackRock Municipal Income Trust,364226,44317,3.59M,436.93K,+13.9%,<.01%
09257P105,BTT,BlackRock Municipal 2030 Target Term Tr,561113,21179,11.55M,436.06K,+3.9%,0.01%
826919102,SLAB,Silicon Laboratories Inc,5211,3506,647K,435.31K,+205.6%,<.01%
376546107,GAIN,Gladstone Investment Corp,930346,32678,12.33M,432.98K,+3.6%,0.02%
94106B101,WCN,Waste Connections Inc,47873,2479,8.21M,425.34K,+5.5%,0.01%
736508847,POR,Portland General Electric Co,93330,9715,4.07M,423.76K,+11.6%,<.01%
876030107,TPR,Tapestry Inc,117652,6468,7.69M,422.54K,+5.8%,<.01%
92189H870,EINC,VanEck Energy Income ETF,127987,4457,12.04M,419.14K,+3.6%,0.02%
23128Q101,CURB,Curbline Properties Corp,17992,17992,418K,418K,NEW,<.01%
398182303,AHR,American Healthcare REIT Inc,28800,14652,818K,416.16K,+103.6%,<.01%
771049103,RBLX,ROBLOX Corp,1068460,7071,61.82M,409.13K,+0.7%,0.08%
61174X109,MNST,Monster Beverage Corp,154125,7780,8.1M,408.93K,+5.3%,0.01%
46137V142,PHO,Invesco Water Resources ETF,18680,6196,1.23M,407.65K,+49.6%,<.01%
848560306,SPIR,Spire Global Inc,45813,28617,645K,402.9K,+166.4%,<.01%
G037AX101,AMBA,Ambarella Inc,9951,5388,724K,392.01K,+118.1%,<.01%
86800U302,SMCI,Super Micro Computer Inc,147494,12824,4.5M,390.91K,+9.5%,<.01%
87612G101,TRGP,Targa Resources Corp,73638,2115,13.14M,377.52K,+3%,0.02%
428103105,HESM,Hess Midstream LP,23729,10175,879K,376.92K,+75.1%,<.01%
147448104,CWST,Casella Waste Systems Inc,34481,3554,3.65M,376K,+11.5%,<.01%
82982T106,SITM,SiTime Corp,2429,1747,521K,374.72K,+256.2%,<.01%
98422D105,XPEV,XPeng Inc,253875,31538,3M,372.8K,+14.2%,<.01%
336433107,FSLR,First Solar Inc,45139,2102,7.96M,370.44K,+4.9%,0.01%
243537107,DECK,DECKERS OUTDOOR CORP,41338,1752,8.39M,355.8K,+4.4%,0.01%
185899101,CLF,Cleveland-Cliffs Inc,351212,37343,3.3M,350.98K,+11.9%,<.01%
M2682V108,CYBR,CyberArk Software Ltd,17870,1035,5.95M,344.79K,+6.1%,<.01%
H2906T109,GRMN,Garmin Ltd,29900,1659,6.17M,342.18K,+5.9%,<.01%
11271J107,BN,Brookfield Corp,5931,5931,341K,341K,NEW,<.01%
64124P101,NBH,Neuberger Berman Municipal Fund Inc,247838,32493,2.56M,336.29K,+15.1%,<.01%
969904101,WSM,Williams-Sonoma Inc,34152,1807,6.32M,334.61K,+5.6%,<.01%
01749D105,ALGM,Allegro MicroSystems Inc,22298,14922,487K,325.9K,+202.3%,<.01%
29362U104,ENTG,Entegris Inc,110364,3267,10.93M,323.64K,+3.1%,0.01%
81762P102,NOW,ServiceNow Inc,12556,301,13.31M,319.1K,+2.5%,0.02%
293792107,EPD,Enterprise Products Partners LP,95029,10090,2.98M,316.41K,+11.9%,<.01%
247361702,DAL,Delta Air Lines Inc,9392,5194,568K,314.12K,+123.7%,<.01%
38147U107,GSBD,Goldman Sachs BDC Inc,2732785,25888,33.07M,313.24K,+1%,0.04%
461202103,INTU,Intuit Inc,60419,497,37.97M,312.36K,+0.8%,0.05%
98149E303,GLDM,SPDR Gold MiniShares Trust,665936,5943,34.62M,308.98K,+0.9%,0.04%
37045V100,GM,General Motors Co,41091,5707,2.19M,304.02K,+16.1%,<.01%
82706C108,SIMO,Silicon Motion Technology Corp,8271,5556,447K,300.27K,+204.6%,<.01%
87157D109,SYNA,SYNAPTICS INC,5754,3906,439K,298.01K,+211.4%,<.01%
064149107,BNS,Bank of Nova Scotia/The,364598,5452,19.57M,292.58K,+1.5%,0.03%
36467J108,GLPI,Gaming and Leisure Properties Inc,83098,6052,4M,291.46K,+7.9%,<.01%
05329W102,AN,AutoNation Inc,31483,1708,5.35M,290.08K,+5.7%,<.01%
14174T107,CTRE,CareTrust REIT Inc,35171,10655,951K,288.1K,+43.5%,<.01%
09254F100,MQY,BlackRock MuniYield Quality Fund Inc,430019,24874,4.95M,286.56K,+6.1%,<.01%
44107P104,HST,HOST HOTELS & RESORTS INC,151692,16235,2.66M,284.48K,+12%,<.01%
75886F107,REGN,Regeneron Pharmaceuticals Inc,58533,397,41.69M,282.79K,+0.7%,0.05%
42809H107,HES,Hess Corp,23358,2119,3.11M,281.86K,+10%,<.01%
403949100,DINO,HF Sinclair Corp,88580,7531,3.1M,263.98K,+9.3%,<.01%
192446102,CTSH,Cognizant Technology Solutions Corp,175029,3349,13.46M,257.52K,+2%,0.02%
456788108,INFY,Infosys Ltd,429959,11658,9.43M,255.55K,+2.8%,0.01%
184496107,CLH,Clean Harbors Inc,14028,1097,3.23M,252.43K,+8.5%,<.01%
958102105,WDC,Western Digital Corp,8883,4187,530K,249.82K,+89.2%,<.01%
09254E103,MYI,BlackRock MuniYield Quality Fund III In,493421,22585,5.45M,249.32K,+4.8%,<.01%
17259U204,CION,CION Investment Corp,1329799,21825,15.16M,248.81K,+1.7%,0.02%
09290D101,BLK,Blackrock Inc,34257,242,35.12M,248.08K,+0.7%,0.04%
15872M104,CHX,ChampionX Corp,2639352,9056,71.76M,246.23K,+0.3%,0.09%
92189F106,GDX,VanEck Gold Miners ETF/USA,39147,7212,1.33M,244.47K,+22.6%,<.01%
09253N104,MHD,BlackRock MuniHoldings Fund Inc,396862,20932,4.63M,244.26K,+5.6%,<.01%
053611109,AVY,Avery Dennison Corp,14521,1302,2.72M,243.62K,+9.8%,<.01%
172908105,CTAS,Cintas Corp,79988,1326,14.61M,242.26K,+1.7%,0.02%
09254G108,MQT,BlackRock MuniYield Quality Fund II Inc,184843,24136,1.82M,238.04K,+15%,<.01%
76954A103,RIVN,Rivian Automotive Inc,389971,17878,5.19M,237.8K,+4.8%,<.01%
723484101,PNW,Pinnacle West Capital Corp,34242,2802,2.9M,237.55K,+8.9%,<.01%
29084Q100,EME,EMCOR GROUP INC,9903,502,4.5M,227.86K,+5.3%,<.01%
70432V102,PAYC,Paycom Software Inc,11560,1108,2.37M,227.06K,+10.6%,<.01%
G4124C109,GRAB,Grab Holdings Ltd,48009,48009,227K,227K,NEW,<.01%
451107106,IDA,IDACORP Inc,16550,2056,1.81M,224.73K,+14.2%,<.01%
09253W104,MYD,BlackRock MuniYield Fund Inc,347642,21337,3.61M,221.69K,+6.5%,<.01%
92686J106,VKTX,Viking Therapeutics Inc,14911,5475,600K,220.31K,+58%,<.01%
222795502,CUZ,Cousins Properties Inc,36162,7119,1.11M,218.13K,+24.5%,<.01%
60937P106,MDB,MongoDB Inc,905,905,211K,211K,NEW,<.01%
880890108,TX,Ternium SA,114599,7156,3.33M,208.13K,+6.7%,<.01%
032095101,APH,Amphenol Corp,221621,2964,15.39M,205.86K,+1.4%,0.02%
46132C107,VMO,Invesco Municipal Opportunity Trust,507362,21173,4.93M,205.82K,+4.4%,<.01%
90364P105,PATH,UiPath Inc,16148,16148,205K,205K,NEW,<.01%
78410G104,SBAC,SBA Communications Corp,26649,1005,5.43M,204.82K,+3.9%,<.01%
316500107,FDUS,Fidus Investment Corp,819011,9600,17.21M,201.78K,+1.2%,0.02%
670837103,OGE,OGE Energy Corp,62542,4584,2.58M,189.1K,+7.9%,<.01%
04271T100,ARRY,Array Technologies Inc,144348,31302,872K,189.09K,+27.7%,<.01%
071813109,BAX,Baxter International Inc,68198,6320,1.99M,184.32K,+10.2%,<.01%
23804L103,DDOG,Datadog Inc,1271,1271,182K,182K,NEW,<.01%
05588W108,LEO,BNY Mellon Strategic Municipals Inc,532276,30072,3.21M,181.64K,+6%,<.01%
G0450A105,ACGL,Arch Capital Group Ltd,69191,1941,6.39M,179.26K,+2.9%,<.01%
681936100,OHI,Omega Healthcare Investors Inc,104859,4714,3.97M,178.43K,+4.7%,<.01%
343498101,FLO,Flowers Foods Inc,18331,8587,379K,177.54K,+88.1%,<.01%
72651A207,PAGP,Plains GP Holdings LP,43193,9646,794K,177.32K,+28.8%,<.01%
16411Q101,CQP,Cheniere Energy Partners LP,11779,3336,626K,177.29K,+39.5%,<.01%
00206R102,T,AT&T Inc,404343,7385,9.21M,168.16K,+1.9%,0.01%
452308109,ITW,Illinois Tool Works Inc,56016,663,14.2M,168.11K,+1.2%,0.02%
756109104,O,Realty Income Corp,406234,3143,21.7M,167.87K,+0.8%,0.03%
615369105,MCO,Moody's Corp,33504,351,15.86M,166.16K,+1.1%,0.02%
49427F108,KRC,Kilroy Realty Corp,27230,4052,1.1M,163.84K,+17.5%,<.01%
099724106,BWA,BorgWarner Inc,80058,5126,2.54M,162.95K,+6.8%,<.01%
01741R102,ATI,ATI Inc,62868,2926,3.46M,161.04K,+4.9%,<.01%
78440X887,SLG,SL Green Realty Corp,33150,2362,2.25M,160.39K,+7.7%,<.01%
62914V106,NIO,NIO Inc,519404,36486,2.27M,159.11K,+7.6%,<.01%
09857L108,BKNG,Booking Holdings Inc,963,31,4.79M,154.03K,+3.3%,<.01%
27829U105,ETX,Eaton Vance Municipal Income 2028 Term,55370,8740,975K,153.9K,+18.7%,<.01%
46133G107,IQI,Invesco Quality Municipal Income Trust,396171,15560,3.91M,153.41K,+4.1%,<.01%
554382101,MAC,Macerich Co/The,44843,7608,893K,151.51K,+20.4%,<.01%
303075105,FDS,Factset Research Systems Inc,8267,311,3.97M,149.35K,+3.9%,<.01%
95766M105,MMU,Western Asset Managed Municipals Fund I,415636,14419,4.24M,147.06K,+3.6%,<.01%
09254J102,MUA,BlackRock MuniAssets Fund Inc,173978,13261,1.92M,146.42K,+8.3%,<.01%
253868103,DLR,Digital Realty Trust Inc,150802,818,26.74M,145.06K,+0.5%,0.03%
256677105,DG,Dollar General Corp,24229,1876,1.84M,142.24K,+8.4%,<.01%
872590104,TMUS,T-Mobile US Inc,20855,625,4.6M,137.95K,+3.1%,<.01%
925652109,VICI,VICI Properties Inc,566489,4621,16.55M,134.98K,+0.8%,0.02%
09662E109,DSM,BNY Mellon Strategic Municipal Bond Fun,419830,23135,2.44M,134.4K,+5.8%,<.01%
092479104,BYM,BlackRock Municipal Income Quality Trus,197605,12224,2.14M,132.63K,+6.6%,<.01%
78409V104,SPGI,S&P Global Inc,8020,256,3.99M,127.49K,+3.3%,<.01%
743315103,PGR,Progressive Corp/The,16199,527,3.88M,126.26K,+3.4%,<.01%
81725T100,SXT,Sensient Technologies Corp,4489,1753,320K,124.96K,+64.1%,<.01%
46131M106,VGM,Invesco Trust for Investment Grade Muni,406392,12316,4.11M,124.4K,+3.1%,<.01%
M5216V106,GLBE,Global-e Online Ltd,35103,2275,1.91M,124.04K,+6.9%,<.01%
95040Q104,WELL,Welltower Inc,280340,982,35.33M,123.76K,+0.4%,0.05%
337738108,FISV,Fiserv Inc,22699,594,4.66M,122.02K,+2.7%,<.01%
83175M205,SNN,Smith & Nephew PLC,9240,4865,227K,119.52K,+111.2%,<.01%
15234Q207,AXIAY,Centrais Eletricas Brasileiras SA,524314,20839,3M,119.2K,+4.1%,<.01%
092113109,BKH,Black Hills Corp,20862,2007,1.22M,117.46K,+10.6%,<.01%
46132X101,OIA,Invesco Municipal Income Opportunities,217955,19889,1.29M,117.35K,+10%,<.01%
369550108,GD,General Dynamics Corp,39138,444,10.31M,117K,+1.1%,0.01%
82575P107,SBSW,Sibanye Stillwater Ltd,109674,34206,362K,112.9K,+45.3%,<.01%
60741F104,MBLY,Mobileye Global Inc,21274,5597,424K,111.55K,+35.7%,<.01%
92847W103,VITL,Vital Farms Inc,5579,2957,210K,111.3K,+112.8%,<.01%
M3760D101,ESLT,Elbit Systems Ltd,11559,426,2.98M,109.94K,+3.8%,<.01%
002824100,ABT,Abbott Laboratories,28683,957,3.24M,108.24K,+3.5%,<.01%
60871R209,TAP,Molson Coors Beverage Co,12210,1884,700K,108.01K,+18.2%,<.01%
004239109,AKR,Acadia Realty Trust,22194,4467,536K,107.88K,+25.2%,<.01%
03064D108,COLD,Americold Realty Trust,54226,5025,1.16M,107.49K,+10.2%,<.01%
78377T107,RHP,Ryman Hospitality Properties Inc,11109,1029,1.16M,107.36K,+10.2%,<.01%
92276F100,VTR,Ventas Inc,190776,1814,11.23M,106.83K,+1%,0.01%
46131J103,VKQ,Invesco Municipal Trust,413979,10868,4.06M,106.61K,+2.7%,<.01%
H1467J104,CB,Chubb Ltd,13391,381,3.7M,105.27K,+2.9%,<.01%
008492100,ADC,Agree Realty Corp,43552,1493,3.07M,105.17K,+3.5%,<.01%
075887109,BDX,Becton Dickinson & Co,14738,450,3.34M,102.1K,+3.1%,<.01%
431284108,HIW,Highwoods Properties Inc,23191,3335,710K,102.1K,+16.8%,<.01%
778296103,ROST,Ross Stores Inc,47527,674,7.19M,101.95K,+1.4%,<.01%
911163103,UNFI,United Natural Foods Inc,8039,3682,220K,100.76K,+84.5%,<.01%
88146M101,TRNO,Terreno Realty Corp,18094,1676,1.07M,99.11K,+10.2%,<.01%
29670E107,EPRT,Essential Properties Realty Trust Inc,33318,3166,1.04M,99.01K,+10.5%,<.01%
69349H107,TXNM,PNM Resources Inc,26742,1994,1.31M,98.05K,+8.1%,<.01%
101137107,BSX,BOSTON SCIENTIFIC CORP,58984,1090,5.27M,97.35K,+1.9%,<.01%
19239V302,CCOI,Cogent Communications Holdings Inc,11696,1251,902K,96.48K,+12%,<.01%
49803T300,KRG,Kite Realty Group Trust,41130,3811,1.04M,96.18K,+10.2%,<.01%
68235P108,OGS,ONE Gas Inc,16865,1383,1.17M,95.78K,+8.9%,<.01%
46132E103,VKI,Invesco Advantage Municipal Income Trus,329749,10839,2.88M,94.73K,+3.4%,<.01%
372460105,GPC,Genuine Parts Co,23866,809,2.79M,94.47K,+3.5%,<.01%
G3223R108,EG,Everest Group Ltd,680,259,246K,93.7K,+61.5%,<.01%
38141G104,GS,Goldman Sachs Group Inc/The,6320,163,3.62M,93.34K,+2.6%,<.01%
25960P109,DEI,Douglas Emmett Inc,35906,4989,667K,92.68K,+16.1%,<.01%
95082P105,WCC,WESCO International Inc,30178,512,5.46M,92.65K,+1.7%,<.01%
462222100,IONS,Ionis Pharmaceuticals Inc,61619,2613,2.15M,91.34K,+4.4%,<.01%
83200N103,SMAR,Smartsheet Inc,49231,1622,2.76M,90.87K,+3.4%,<.01%
744320102,PRU,Prudential Financial Inc,18364,764,2.18M,90.57K,+4.3%,<.01%
46124J201,IVT,InvenTrust Properties Corp,14711,3000,443K,90.34K,+25.6%,<.01%
35137L105,FOXA,Fox Corp,1838,1838,89K,89K,NEW,<.01%
29273V100,ET,Energy Transfer LP,160529,4513,3.15M,88.42K,+2.9%,<.01%
130788102,CWT,California Water Service Group,17851,1942,809K,88.01K,+12.2%,<.01%
16119P108,CHTR,Charter Communications Inc,1187,256,407K,87.78K,+27.5%,<.01%
24664T103,DKL,Delek Logistics Partners LP,4854,2074,205K,87.59K,+74.6%,<.01%
00971T101,AKAM,Akamai Technologies Inc,2746,910,263K,87.16K,+49.6%,<.01%
46655E100,DC,Dakota Gold Corp,3481217,39581,7.66M,87.08K,+1.2%,<.01%
78573L106,SBRA,Sabra Health Care REIT Inc,44797,5025,776K,87.05K,+12.6%,<.01%
101121101,BXP,BOSTON PROPERTIES INC,70444,1169,5.24M,86.92K,+1.7%,<.01%
09247D105,BKN,BlackRock Investment Quality Municipal,106618,7764,1.19M,86.58K,+7.9%,<.01%
018522300,ALE,ALLETE Inc,17289,1326,1.12M,85.9K,+8.3%,<.01%
02005N100,ALLY,Ally Financial Inc,2372,2372,85K,85K,NEW,<.01%
670695105,NUW,Nuveen AMT-Free Municipal Value Fund,136207,6238,1.85M,84.73K,+4.8%,<.01%
500754106,KHC,Kraft Heinz Co/The,125388,2727,3.85M,83.73K,+2.2%,<.01%
55277P104,MGEE,MGE Energy Inc,10906,886,1.02M,83.27K,+8.8%,<.01%
09253T101,MVT,BlackRock MuniVest Fund II Inc,175118,7866,1.85M,82.96K,+4.7%,<.01%
690742101,OC,Owens Corning,39805,487,6.78M,82.95K,+1.2%,<.01%
72201A103,XPMQX,PIMCO Municipal Income Fund III,176973,11126,1.3M,81.92K,+6.7%,<.01%
M20791105,CAMT,Camtek Ltd/Israel,10566,1005,853K,81.13K,+10.5%,<.01%
71844V201,PECO,Phillips Edison & Co Inc,23257,2155,871K,80.71K,+10.2%,<.01%
552738106,MFM,MFS Municipal Income Trust,346432,15058,1.85M,80.54K,+4.5%,<.01%
26875P101,EOG,EOG Resources Inc,38882,651,4.77M,79.8K,+1.7%,<.01%
89346D107,TAC,TransAlta Corp,79957,5593,1.13M,79.11K,+7.5%,<.01%
256135203,RDY,Dr Reddy's Laboratories Ltd,5838,5015,92K,79.03K,+609.4%,<.01%
45378A106,IRT,Independence Realty Trust Inc,42806,3967,849K,78.68K,+10.2%,<.01%
668074305,NWE,Northwestern Energy Group Inc,19006,1466,1.02M,78.37K,+8.4%,<.01%
09662W109,DMB,BNY Mellon Municipal Bond Infrastructur,156478,7507,1.62M,77.72K,+5%,<.01%
01864U106,AFB,AllianceBernstein National Municipal In,239815,7015,2.61M,76.26K,+3%,<.01%
34964C106,FBIN,Fortune Brands Innovations Inc,38636,1096,2.64M,74.89K,+2.9%,<.01%
637870106,NSA,National Storage Affiliates Trust,13874,1975,526K,74.88K,+16.6%,<.01%
256746108,DLTR,Dollar Tree Inc,24830,990,1.86M,74.2K,+4.2%,<.01%
22002T108,CDP,COPT Defense Properties,24477,2392,758K,74.08K,+10.8%,<.01%
535555106,LNN,Lindsay Corp,1475,623,175K,73.92K,+73.1%,<.01%
67062F100,NXP,Nuveen Select Tax-Free Income Portfolio,207378,4815,3.14M,72.95K,+2.4%,<.01%
457730109,INSP,Inspire Medical Systems Inc,1113,384,206K,71.07K,+52.7%,<.01%
05379B107,AVA,Avista Corp,23446,1928,859K,70.64K,+9%,<.01%
746823103,PMM,Putnam Managed Municipal Income Trust,341484,11828,2.04M,70.62K,+3.6%,<.01%
38149E101,GLDG,GoldMining Inc,9240333,86964,7.44M,70K,+1%,<.01%
35086T109,FCPT,Four Corners Property Trust Inc,18327,2560,497K,69.42K,+16.2%,<.01%
637417106,NNN,National Retail Properties Inc,68897,1698,2.81M,69.35K,+2.5%,<.01%
982104101,WS,Worthington Steel Inc,50354,2147,1.6M,68.31K,+4.5%,<.01%
913837100,USAP,Universal Stainless & Alloy Products In,28010,1497,1.23M,65.9K,+5.6%,<.01%
292104106,ESRT,Empire State Realty Trust Inc,32715,6262,338K,64.7K,+23.7%,<.01%
029899101,AWR,American States Water Co,11077,831,861K,64.59K,+8.1%,<.01%
53566V106,LINE,Lineage Inc,11759,1089,689K,63.81K,+10.2%,<.01%
875465106,SKT,Tanger Inc,20166,1869,688K,63.76K,+10.2%,<.01%
89377M109,TMDX,TransMedics Group Inc,1997,1010,125K,63.22K,+102.3%,<.01%
746922103,PMO,Putnam Municipal Opportunities Trust,233858,6217,2.37M,62.98K,+2.7%,<.01%
86959K105,SUZ,Suzano SA,54620,6202,553K,62.79K,+12.8%,<.01%
11133T103,BR,Broadridge Financial Solutions Inc,21244,277,4.8M,62.63K,+1.3%,<.01%
863667101,SYK,Stryker Corp,13035,173,4.69M,62.29K,+1.3%,<.01%
12514G108,CDW,CDW Corp/DE,24974,355,4.35M,61.78K,+1.4%,<.01%
03784Y200,APLE,Apple Hospitality REIT Inc,43180,4001,663K,61.43K,+10.2%,<.01%
91704F104,UE,Urban Edge Properties,23855,2824,513K,60.73K,+13.4%,<.01%
26884U109,EPR,EPR Properties,14258,1321,631K,58.46K,+10.2%,<.01%
74767V109,QS,QuantumScape Corp,132885,11050,690K,57.38K,+9.1%,<.01%
70451X104,PAYO,Payoneer Global Inc,89821,5612,902K,56.36K,+6.7%,<.01%
929042109,VNO,Vornado Realty Trust,79129,1335,3.33M,56.13K,+1.7%,<.01%
46590V100,JBGS,JBG SMITH Properties,19200,3612,295K,55.5K,+23.2%,<.01%
374689107,ROCK,Gibraltar Industries Inc,30089,931,1.77M,54.83K,+3.2%,<.01%
24610T108,VFL,abrdn National Municipal Income Fund,104146,5405,1.05M,54.75K,+5.5%,<.01%
387437205,GRTUF,Granite Real Estate Investment Trust,12062,1126,585K,54.61K,+10.3%,<.01%
8676EP108,STKL,SunOpta Inc,18070,7097,139K,54.59K,+64.7%,<.01%
63633D104,NHI,National Health Investors Inc,7959,767,552K,53.2K,+10.7%,<.01%
11135E203,BNL,Broadstone Net Lease Inc,35730,3311,567K,52.54K,+10.2%,<.01%
67103H107,ORLY,O'Reilly Automotive Inc,8671,44,10.28M,52.17K,+0.5%,0.01%
653656108,NICE,Nice Ltd,22073,307,3.75M,52.14K,+1.4%,<.01%
720190206,PDM,Piedmont Office Realty Trust Inc,30299,5687,277K,51.99K,+23.1%,<.01%
29472R108,ELS,Equity LifeStyle Properties Inc,82239,759,5.48M,50.55K,+0.9%,<.01%
74460D109,PSA,PUBLIC STORAGE,100266,167,30.02M,50.01K,+0.2%,0.04%
27616P103,DEA,Easterly Government Properties Inc,23442,4376,266K,49.66K,+23%,<.01%
427866108,HSY,Hershey Co/The,33996,288,5.76M,48.77K,+0.9%,<.01%
024013104,AAT,American Assets Trust Inc,11308,1851,297K,48.62K,+19.6%,<.01%
903002103,UMH,UMH Properties Inc,13694,2554,259K,48.3K,+22.9%,<.01%
12503M108,CBOE,Cboe Global Markets Inc,18666,245,3.65M,47.87K,+1.3%,<.01%
62913M107,NGL,NGL Energy Partners LP,31672,9426,158K,47.02K,+42.4%,<.01%
M7S64H106,MNDY,Monday.com Ltd,13443,199,3.17M,46.85K,+1.5%,<.01%
66765N105,NWN,Northwest Natural Holding Co,11581,1158,458K,45.8K,+11.1%,<.01%
84857L101,SR,Spire Inc,16292,675,1.1M,45.78K,+4.3%,<.01%
G01125106,AFYA,Afya Ltd,9677,2856,154K,45.45K,+41.9%,<.01%
313745101,FRT,Federal Realty Investment Trust,35769,399,4M,44.66K,+1.1%,<.01%
69924R108,PGRE,Paramount Group Inc,45590,8684,226K,43.05K,+23.5%,<.01%
867892101,SHO,Sunstone Hotel Investors Inc,38526,3570,456K,42.26K,+10.2%,<.01%
529043101,LXP,LXP Industrial Trust,55054,5102,447K,41.42K,+10.2%,<.01%
784305104,HTO,SJW Group,9878,835,486K,41.08K,+9.2%,<.01%
700517105,PK,Park Hotels & Resorts Inc,38852,2895,547K,40.76K,+8.1%,<.01%
G491BT108,IVZ,Invesco Ltd,161758,2316,2.83M,40.49K,+1.5%,<.01%
105368203,BDN,Brandywine Realty Trust,40185,7198,225K,40.3K,+21.8%,<.01%
602496101,MDXG,MiMedx Group Inc,4120,4120,40K,40K,NEW,<.01%
24665A103,DK,Delek US Holdings Inc,14111,2134,261K,39.47K,+17.8%,<.01%
67066V101,NAD,Nuveen Quality Municipal Income Fund,1511181,3362,17.62M,39.2K,+0.2%,0.02%
875372203,TNDM,Tandem Diabetes Care Inc,4901,1074,177K,38.79K,+28.1%,<.01%
015658107,ASTL,Algoma Steel Group Inc,103555,3944,1.01M,38.58K,+4%,<.01%
015857105,AQN,Algonquin Power & Utilities Corp,221307,8620,982K,38.25K,+4.1%,<.01%
05370A108,RNAM,Avidity Biosciences Inc,1315,1315,38K,38K,NEW,<.01%
502175102,LTC,LTC Properties Inc,8479,1097,293K,37.91K,+14.9%,<.01%
76131N101,ROIC,Retail Opportunity Investments Corp,23477,2175,408K,37.8K,+10.2%,<.01%
20451Q104,CODI,Compass Diversified Holdings,10947,1628,253K,37.63K,+17.5%,<.01%
828806109,SPG,Simon Property Group Inc,153532,218,26.44M,37.54K,+0.1%,0.03%
723762100,XPMAX,Pioneer Municipal High Income Advantage,173307,4360,1.46M,36.76K,+2.6%,<.01%
G4412G101,HLF,Herbalife Nutrition Ltd,10526,5524,70K,36.74K,+110.4%,<.01%
754730109,RJF,Raymond James Financial Inc,21256,235,3.3M,36.51K,+1.1%,<.01%
04208T108,AHRT,Armada Hoffler Properties Inc,14933,3530,153K,36.17K,+31%,<.01%
419870100,HE,Hawaiian Electric Industries Inc,49231,3695,479K,35.95K,+8.1%,<.01%
20441B605,ELP,Companhia Paranaense de Energia,85929,6036,510K,35.82K,+7.6%,<.01%
78349D107,RXST,RxSight Inc,3265,1040,112K,35.68K,+46.7%,<.01%
45781V101,IIPR,Innovative Industrial Properties Inc,5349,506,356K,33.68K,+10.4%,<.01%
15202L107,CSR,Centerspace,3135,509,207K,33.61K,+19.4%,<.01%
142339100,CSL,Carlisle Cos Inc,7827,90,2.89M,33.2K,+1.2%,<.01%
679580100,ODFL,Old Dominion Freight Line Inc,42075,187,7.42M,32.99K,+0.4%,<.01%
374297109,GTY,Getty Realty Corp,9574,1072,288K,32.25K,+12.6%,<.01%
09627Y109,BPMC,Blueprint Medicines Corp,1116,363,97K,31.55K,+48.2%,<.01%
86722A103,SXC,SunCoke Energy Inc,83393,2945,892K,31.5K,+3.7%,<.01%
693506107,PPG,PPG Industries Inc,40064,263,4.79M,31.41K,+0.7%,<.01%
464287440,IEF,iShares 7-10 Year Treasury Bond ETF,706,340,65K,31.3K,+92.9%,<.01%
95766N103,MHF,Western Asset Municipal High Income Fun,111950,4543,761K,30.88K,+4.2%,<.01%
165303108,CPK,Chesapeake Utilities Corp,6323,246,767K,29.84K,+4%,<.01%
M7516K103,NVMI,Nova Ltd,7753,149,1.53M,29.35K,+2%,<.01%
70509V100,PEB,Pebblebrook Hotel Trust,22619,2096,306K,28.36K,+10.2%,<.01%
40131M109,GH,Guardant Health Inc,2887,929,88K,28.32K,+47.4%,<.01%
532746104,LMNR,Limoneira Co,2581,1127,63K,27.51K,+77.5%,<.01%
23703Q203,DQ,Daqo New Energy Corp,20067,1410,390K,27.4K,+7.6%,<.01%
74965L101,RLJ,RLJ Lodging Trust,28868,2676,295K,27.35K,+10.2%,<.01%
252784301,DRH,DiamondRock Hospitality Co,39187,3027,354K,27.34K,+8.4%,<.01%
723760104,MIO,Pioneer Municipal High Income Opportuni,121916,2279,1.45M,27.03K,+1.9%,<.01%
984017103,XHR,Xenia Hotels & Resorts Inc,19312,1790,287K,26.6K,+10.2%,<.01%
29270J100,ERII,Energy Recovery Inc,97985,1808,1.44M,26.57K,+1.9%,<.01%
128246105,CVGW,Calavo Growers Inc,2542,1039,65K,26.57K,+69.1%,<.01%
379378201,GNL,Global Net Lease Inc,38101,3594,278K,26.22K,+10.4%,<.01%
393222104,GPRE,Green Plains Inc,3344,2717,32K,26K,+433.3%,<.01%
76169C100,REXR,Rexford Industrial Realty Inc,101386,664,3.92M,25.67K,+0.7%,<.01%
68162K106,ZEUS,Olympic Steel Inc,22080,780,724K,25.58K,+3.7%,<.01%
817070501,SENEA,Seneca Foods Corp,729,309,58K,24.58K,+73.6%,<.01%
146280508,SILA,Sila Realty Trust Inc,10873,1007,264K,24.45K,+10.2%,<.01%
277276101,EGP,EastGroup Properties Inc,20600,152,3.31M,24.39K,+0.7%,<.01%
21871X109,CRBG,Corebridge Financial Inc,3325,805,100K,24.21K,+31.9%,<.01%
939653101,ELME,Elme Communities,16669,1544,255K,23.62K,+10.2%,<.01%
04280A100,ARWR,Arrowhead Pharmaceuticals Inc,2978,1250,56K,23.51K,+72.3%,<.01%
M98068105,WIX,Wix.com Ltd,16946,107,3.64M,22.96K,+0.6%,<.01%
554489104,VRE,VERIS RESIDENTIAL INC,14870,1378,247K,22.89K,+10.2%,<.01%
46187W107,INVH,Invitation Homes Inc,251530,712,8.04M,22.76K,+0.3%,0.01%
63888U108,NGVC,Natural Grocers by Vitamin Cottage Inc,2301,575,91K,22.74K,+33.3%,<.01%
014491104,ALEX,Alexander & Baldwin Inc,13787,1277,245K,22.69K,+10.2%,<.01%
05589T104,DMF,BNY Mellon Municipal Income Inc,123812,3102,879K,22.02K,+2.6%,<.01%
N14506104,ESTC,Elastic NV,32954,220,3.27M,21.8K,+0.7%,<.01%
405217100,HAIN,Hain Celestial Group Inc/The,10805,3554,66K,21.71K,+49%,<.01%
94106L109,WM,Waste Management Inc,56033,106,11.31M,21.39K,+0.2%,0.01%
59522J103,MAA,Mid-America Apartment Communities Inc,54953,136,8.49M,21.02K,+0.2%,0.01%
26622P107,DOCS,Doximity Inc,2352,388,126K,20.79K,+19.8%,<.01%
46090E103,QQQ,Powershares QQQ Trust Series 1,76,40,39K,20.53K,+111.1%,<.01%
G4863A108,BRSL,International Game Technology PLC,23749,1145,419K,20.2K,+5.1%,<.01%
237194105,DRI,Darden Restaurants Inc,19983,108,3.73M,20.16K,+0.5%,<.01%
489398107,KW,Kennedy-Wilson Holdings Inc,21537,1995,215K,19.92K,+10.2%,<.01%
92936U109,WPC,WP Carey Inc,99091,358,5.4M,19.51K,+0.4%,<.01%
G9451V109,VINP,Vinci Partners Investments Ltd,14646,1929,147K,19.36K,+15.2%,<.01%
225655109,CCAP,Crescent Capital BDC Inc,45562,1006,876K,19.34K,+2.3%,<.01%
64119V303,NTST,NETSTREIT Corp,14729,1366,208K,19.29K,+10.2%,<.01%
69047Q102,OVV,Ovintiv Inc,3587,473,145K,19.12K,+15.2%,<.01%
760759100,RSG,Republic Services Inc,41193,94,8.29M,18.91K,+0.2%,0.01%
09250B103,BTA,Blackrock Long-Term Municipal Advantage,68884,1845,672K,18K,+2.8%,<.01%
03748R747,AIV,Apartment Investment and Management Co,26347,1901,239K,17.24K,+7.8%,<.01%
32054K103,FR,First Industrial Realty Trust Inc,52507,337,2.63M,16.89K,+0.6%,<.01%
G7S00T104,PNR,Pentair PLC,27893,167,2.81M,16.81K,+0.6%,<.01%
78646V107,SAFE,iStar Inc,9809,909,181K,16.77K,+10.2%,<.01%
464289438,IWY,iShares Russell Top 200 Growth ETF,68,68,16K,16K,NEW,<.01%
921910816,MGK,Vanguard Mega Cap Growth ETF,46,46,16K,16K,NEW,<.01%
150870103,CE,Celanese Corp,21239,230,1.47M,15.92K,+1.1%,<.01%
08862E109,BYND,Beyond Meat Inc,10498,4280,39K,15.9K,+68.8%,<.01%
143130102,KMX,CARMAX INC,73906,191,6.04M,15.61K,+0.3%,<.01%
464287432,TLT,iShares 20 Year Treasury Bond ETF,394,178,34K,15.36K,+82.4%,<.01%
464287457,SHY,iShares 1-3 Year Treasury Bond ETF,390,187,32K,15.34K,+92.1%,<.01%
05501U106,AZULQ,Azul SA,63338,8899,106K,14.89K,+16.3%,<.01%
450056106,IRTC,iRhythm Technologies Inc,554,162,50K,14.62K,+41.3%,<.01%
67421J108,,Oatly Group AB,56689,21387,38K,14.34K,+60.6%,<.01%
68213N109,OMCL,Omnicell Inc,985,315,44K,14.07K,+47%,<.01%
65341D102,NXRT,NexPoint Residential Trust Inc,4237,336,177K,14.04K,+8.6%,<.01%
46137V357,RSP,Invesco S&P 500 Equal Weight ETF,152,78,27K,13.86K,+105.4%,<.01%
025932104,AFG,American Financial Group Inc/OH,12040,101,1.65M,13.83K,+0.8%,<.01%
001084102,AGCO,AGCO Corp,170113,137,15.9M,12.81K,+0.1%,0.02%
82981J851,SITC,SITE Centers Corp,8996,833,138K,12.78K,+10.2%,<.01%
866082100,INN,Summit Hotel Properties Inc,19879,1842,136K,12.6K,+10.2%,<.01%
90184D100,TWST,Twist Bioscience Corp,740,267,34K,12.27K,+56.4%,<.01%
M6158M104,ITRN,Ituran Location and Control Ltd,3871,392,121K,12.25K,+11.3%,<.01%
29446M102,EQNR,Equinor ASA,16288,487,386K,11.54K,+3.1%,<.01%
90400D108,RARE,Ultragenyx Pharmaceutical Inc,1760,273,74K,11.48K,+18.4%,<.01%
464287598,IWD,iShares Russell 1000 Value ETF,132,63,24K,11.45K,+91.3%,<.01%
92189F437,ANGL,VanEck Fallen Angel High Yield Bond ETF,1414,390,41K,11.31K,+38.1%,<.01%
36315X101,LKFT,Galapagos NV,1153,400,32K,11.1K,+53.1%,<.01%
03743Q108,APA,APA Corp,77110,469,1.78M,10.83K,+0.6%,<.01%
92189F486,FLTR,VanEck IG Floating Rate ETF,898,409,23K,10.48K,+83.6%,<.01%
92189H748,CLOI,Vaneck CLO ETF,437,199,23K,10.47K,+83.6%,<.01%
723763108,MHI,Pioneer Municipal High Income Fund Trus,163778,1125,1.52M,10.42K,+0.7%,<.01%
92189F643,MOAT,VanEck Morningstar Wide Moat ETF,241,114,22K,10.41K,+89.8%,<.01%
02665T306,AMH,American Homes 4 Rent,143347,275,5.36M,10.29K,+0.2%,<.01%
27827X101,EIM,Eaton Vance Municipal Bond Fund,410851,954,4.26M,9.88K,+0.2%,<.01%
M9T951109,ZIM,ZIM Integrated Shipping Services Ltd,38537,458,827K,9.83K,+1.2%,<.01%
M81873107,RDWR,RADWARE Ltd,9727,418,219K,9.41K,+4.5%,<.01%
74051N102,PINC,Premier Inc,2041,446,43K,9.4K,+28%,<.01%
64110Y108,NLOP,NET Lease Office Properties,717,301,22K,9.24K,+72.4%,<.01%
09253R105,MVF,BlackRock MuniVest Fund Inc,449269,1284,3.16M,9.04K,+0.3%,<.01%
644393100,NFE,New Fortress Energy Inc,2543,553,38K,8.26K,+27.8%,<.01%
887399103,MTUS,TimkenSteel Corp,42141,565,595K,7.98K,+1.4%,<.01%
92189H789,DGIN,Vaneck Digital India ETF,242,174,11K,7.91K,+255.9%,<.01%
81369Y803,XLK,Technology Select Sector SPDR Fund,78,34,18K,7.85K,+77.3%,<.01%
30050B101,EVH,Evolent Health Inc,2033,677,23K,7.66K,+49.9%,<.01%
05278C107,ATHM,Autohome Inc,9604,294,249K,7.62K,+3.2%,<.01%
92189F353,HYEM,VanEck Emerging Markets High Yield Bond,1046,394,20K,7.53K,+60.4%,<.01%
26874R108,E,ENI SpA,19443,266,532K,7.28K,+1.4%,<.01%
92189F767,GLIN,VanEck India Growth Leaders ETF,202,147,10K,7.28K,+267.3%,<.01%
42250P103,DOC,Healthpeak Properties Inc,320599,354,6.5M,7.18K,+0.1%,<.01%
56600D107,MRVI,Maravai LifeSciences Holdings Inc,2853,1266,16K,7.1K,+79.8%,<.01%
71654V101,PBRA,Petroleo Brasileiro SA,35215,598,417K,7.08K,+1.7%,<.01%
922042858,VWO,Vanguard FTSE Emerging Markets ETF,241,155,11K,7.07K,+180.2%,<.01%
45826J105,NTLA,Intellia Therapeutics Inc,2188,594,26K,7.06K,+37.3%,<.01%
464287291,IXN,iShares Global Tech ETF,85,85,7K,7K,NEW,<.01%
464287549,IGM,iShares Expanded Tech Sector ETF,70,70,7K,7K,NEW,<.01%
922908629,VO,Vanguard Mid-Cap ETF,58,27,15K,6.98K,+87.1%,<.01%
03152W109,FOLD,Amicus Therapeutics Inc,4172,715,39K,6.68K,+20.7%,<.01%
921909768,VXUS,Vanguard Total International Stock ETF,233,111,14K,6.67K,+91%,<.01%
415864107,NVRI,Harsco Corp,811,811,6K,6K,NEW,<.01%
71944F106,PHR,Phreesia Inc,1064,235,27K,5.96K,+28.3%,<.01%
92189K105,HODL,Vaneck Bitcoin Trust,1085335,56,114.73M,5.92K,+0%,0.15%
87918A105,TDOC,Teladoc Health Inc,3461,659,31K,5.9K,+23.5%,<.01%
464288661,IEI,iShares 3-7 Year Treasury Bond ETF,92,44,11K,5.26K,+91.7%,<.01%
000957100,ABM,ABM Industries Inc,59459,100,3.04M,5.12K,+0.2%,<.01%
464287721,IYW,iShares US Technology ETF,64,32,10K,5K,+100%,<.01%
171484108,CHDN,Churchill Downs Inc,9990,37,1.33M,4.94K,+0.4%,<.01%
229663109,CUBE,CubeSmart,95064,114,4.07M,4.88K,+0.1%,<.01%
707569109,PENN,Penn National Gaming Inc,18254,243,362K,4.82K,+1.3%,<.01%
88557W101,QFIN,360 DigiTech Inc,16761,125,643K,4.8K,+0.8%,<.01%
921946794,VYMI,Vanguard International High Dividend Yi,153,73,10K,4.77K,+91.2%,<.01%
922908751,VB,Vanguard Small-Cap ETF,42,20,10K,4.76K,+90.9%,<.01%
371927104,GEL,Genesis Energy LP,19128,444,193K,4.48K,+2.4%,<.01%
683715106,OTEX,Open Text Corp,21634,158,612K,4.47K,+0.7%,<.01%
157210105,CEVA,Ceva Inc,5770,125,182K,3.94K,+2.2%,<.01%
518613203,LAUR,Laureate Education Inc,2455,196,45K,3.59K,+8.7%,<.01%
07373V105,BEAM,Beam Therapeutics Inc,988,138,25K,3.49K,+16.2%,<.01%
92189F411,BIZD,VanEck BDC Income ETF,641,185,11K,3.17K,+40.6%,<.01%
98980A105,ZTO,ZTO Express Cayman Inc,1973,148,39K,2.93K,+8.1%,<.01%
92189F841,HAP,VanEck Natural Resources ETF,122,58,6K,2.85K,+90.6%,<.01%
92189H730,SMOT,Vaneck Morningstar SMID Moat ETF,165,78,6K,2.84K,+89.7%,<.01%
316092204,FDIS,Fidelity MSCI Consumer Discretionary In,111,28,11K,2.77K,+33.7%,<.01%
64110D104,NTAP,NETAPP INC,45422,20,5.27M,2.32K,+0%,<.01%
400506101,PAC,Grupo Aeroportuario del Pacifico SAB de,233,13,41K,2.29K,+5.9%,<.01%
844895102,SWX,Southwest Gas Holdings Inc,726,30,51K,2.11K,+4.3%,<.01%
69888T207,PARR,Par Pacific Holdings Inc,12116,121,199K,1.99K,+1%,<.01%
464287184,FXI,iShares China Large-Cap ETF,232,54,7K,1.63K,+30.3%,<.01%
39813G109,GDYN,Grid Dynamics Holdings Inc,942,70,21K,1.56K,+8%,<.01%
465741106,ITRI,Itron Inc,456,11,50K,1.21K,+2.5%,<.01%
22266T109,CPNG,Coupang Inc,1300,49,29K,1.09K,+3.9%,<.01%
58463J304,MPT,Medical Properties Trust Inc,252188,229,996K,904.42,+0.1%,<.01%
704326107,PAYX,Paychex Inc,86643,5,12.15M,701.1,+0%,0.02%
65341B106,XIFR,NextEra Energy Partners LP,946,38,17K,682.88,+4.2%,<.01%
864482104,SPH,Suburban Propane Partners LP,652,30,11K,506.13,+4.8%,<.01%
G9470A102,VTEX,VTEX,23262,75,137K,441.71,+0.3%,<.01%
15961R105,CHPT,ChargePoint Holdings Inc,4475,347,5K,387.71,+8.4%,<.01%
02361E108,AMRC,Ameresco Inc,348,15,8K,344.83,+4.5%,<.01%
761624105,REX,REX American Resources Corp,178,8,7K,314.61,+4.7%,<.01%
92189H409,HYD,VanEck High Yield Muni ETF,605,6,31K,307.44,+1%,<.01%
02217A102,AMPS,Altus Power Inc,1619,67,7K,289.68,+4.3%,<.01%
204409601,CIG,Cia Energetica de Minas Gerais,507716,146,899K,258.52,+0%,<.01%
184499101,CLNE,Clean Energy Fuels Corp,2260,93,6K,246.9,+4.3%,<.01%
30052F100,EVGO,EVgo Inc,1086,55,4K,202.58,+5.3%,<.01%
86745K104,NOVAQ,Sunnova Energy International Inc,1264,61,4K,193.04,+5.1%,<.01%
465562106,ITUB,Itau Unibanco Holding SA,6088,17,30K,83.77,+0.3%,<.01%
92189F429,PFXF,VanEck Preferred Securities ex Financia,235,4,4K,68.09,+1.7%,<.01%
92189H854,MBBB,Vaneck Moody's Analytics BBB Corporate,327000,0,6.92M,0,NO CHANGE,<.01%
92189H821,DAPP,VanEck Digital Transformation ETF,375000,0,5.39M,0,NO CHANGE,<.01%
92189H102,DURA,VanEck Durable High Dividend ETF,150041,0,4.89M,0,NO CHANGE,<.01%
92189H607,OIH,VanEck Oil Services ETF,15830,0,4.29M,0,NO CHANGE,<.01%
92189H672,MVAL,VanEck Morningstar Wide Moat Value ETF,125000,0,4.04M,0,NO CHANGE,<.01%
92189H813,SMI,VanEck HIP Sustainable Muni ETF,50000,0,2.3M,0,NO CHANGE,<.01%
36118L106,FUTU,Futu Holdings Ltd,18000,0,1.44M,0,NO CHANGE,<.01%
92189Y105,MOTE,Vaneck Morningstar ESG Moat ETF,50000,0,1.41M,0,NO CHANGE,<.01%
91531W106,TIGR,Up Fintech Holding Ltd,74181,0,479K,0,NO CHANGE,<.01%
92189H201,ITM,VanEck Intermediate Muni ETF,660,0,30K,0,NO CHANGE,<.01%
37954Y632,AIQ,Global X Artificial Intelligence & Tech,329,0,13K,0,NO CHANGE,<.01%
26922A420,QTUM,Defiance Quantum ETF,129,0,10K,0,NO CHANGE,<.01%
33741X102,SDVY,First Trust SMID Cap Rising Dividend Ac,39,0,1K,0,NO CHANGE,<.01%
80880W106,SCLX,Scilex Holding Co,1610,0,1K,0,NO CHANGE,<.01%
97717W315,DEM,WisdomTree Emerging Markets Equity Inc,29,0,1K,0,NO CHANGE,<.01%
97717W851,DXJ,WisdomTree Japan Hedged Equity Fund,11,0,1K,0,NO CHANGE,<.01%
97717X594,IHDG,WisdomTree International Hedged Quality,28,0,1K,0,NO CHANGE,<.01%
97717X669,DGRW,WisdomTree U.S. Quality Dividend Growth,17,0,1K,0,NO CHANGE,<.01%
92189F536,MLN,VanEck Long Muni ETF,1163,-1,21K,-18.06,-0.1%,<.01%
92189F460,XMPT,VanEck CEF Muni Income ETF,771,-2,17K,-44.1,-0.3%,<.01%
344419106,FMX,Fomento Economico Mexicano SAB de CV,801,-1,68K,-84.89,-0.1%,<.01%
92189F387,SHYD,VanEck Short High Yield MuniETF,232,-6,5K,-129.31,-2.5%,<.01%
29530P102,ERIE,Erie Indemnity Co,5383,-1,2.22M,-412.22,-0%,<.01%
501889208,LKQ,LKQ Corp,7360,-12,270K,-440.22,-0.2%,<.01%
68375N103,OPK,Opko Health Inc,106784,-597,157K,-877.74,-0.6%,<.01%
22788C105,CRWD,Crowdstrike Holdings Inc,11504,-3,3.94M,-1.03K,-0%,<.01%
205887102,CAG,Conagra Brands Inc,22628,-41,628K,-1.14K,-0.2%,<.01%
92189L103,ETHV,VanEck Ethereun Trust ETF,395000,-24,19.28M,-1.17K,-0%,0.02%
133131102,CPT,Camden Property Trust,49717,-13,5.77M,-1.51K,-0%,<.01%
88025U109,TXG,10X Genomics Inc,1270,-114,18K,-1.62K,-8.2%,<.01%
714157203,PESI,Perma-Fix Environmental Services,137710,-148,1.52M,-1.64K,-0.1%,<.01%
980228308,WDS,Woodside Energy Group Ltd,24899,-119,388K,-1.85K,-0.5%,<.01%
35952H601,FCEL,FuelCell Energy Inc,0,-4825,0,-2K,CLOSE,0%
78397Q109,SES,SES AI Corp,0,-3039,0,-2K,CLOSE,0%
92189F692,PPH,VanEck Pharmaceutical ETF,0,-24,0,-2K,CLOSE,0%
92189F726,BBH,VanEck Biotech ETF,0,-13,0,-2K,CLOSE,0%
24906P109,XRAY,DENTSPLY SIRONA Inc,1446,-110,27K,-2.05K,-7.1%,<.01%
885160101,THO,Thor Industries Inc,287,-22,27K,-2.07K,-7.1%,<.01%
314211103,FHI,Federated Hermes Inc,842,-57,35K,-2.37K,-6.3%,<.01%
015271109,ARE,Alexandria Real Estate Equities Inc,75712,-25,7.39M,-2.44K,-0%,<.01%
464285204,IAU,iShares Gold Trust,6194,-60,307K,-2.97K,-1%,<.01%
00857U107,AGL,agilon health Inc,0,-1015,0,-3K,CLOSE,0%
783754104,RYZ,Ryerson Holding Corp,31582,-181,585K,-3.35K,-0.6%,<.01%
579780206,MKC,McCormick & Co Inc/MD,6917,-47,527K,-3.58K,-0.7%,<.01%
646025106,NJR,New Jersey Resources Corp,1032,-79,48K,-3.67K,-7.1%,<.01%
37611X209,DNA,Ginkgo Bioworks Holdings Inc,0,-493,0,-4K,CLOSE,0%
L44385109,GLOB,Globant SA,379,-19,81K,-4.06K,-4.8%,<.01%
98419M100,XYL,Xylem Inc/NY,6662,-38,773K,-4.41K,-0.6%,<.01%
29415F104,NVST,Envista Holdings Corp,6636,-236,128K,-4.55K,-3.4%,<.01%
68389X105,ORCL,Oracle Corp,28565,-31,4.76M,-5.17K,-0.1%,<.01%
M6191J100,FROG,JFrog Ltd,37041,-188,1.09M,-5.53K,-0.5%,<.01%
806882106,RDUS,Schnitzer Steel Industries Inc,118309,-364,1.8M,-5.54K,-0.3%,<.01%
64049M209,NEO,NeoGenomics Inc,1360,-364,22K,-5.89K,-21.1%,<.01%
433000106,HIMS,Hims & Hers Health Inc,3562,-274,86K,-6.62K,-7.1%,<.01%
29452E101,EQH,Equitable Holdings Inc,2692,-142,127K,-6.7K,-5%,<.01%
M78673114,PERI,Perion Network Ltd,15976,-825,135K,-6.97K,-4.9%,<.01%
N2451R105,CVAC,CureVac NV,0,-2413,0,-7K,CLOSE,0%
902653104,UDR,UDR INC,141646,-170,6.15M,-7.38K,-0.1%,<.01%
45826H109,ITGR,Integer Holdings Corp,987,-60,131K,-7.96K,-5.7%,<.01%
61218C103,MNTK,Montauk Renewables Inc,0,-1395,0,-8K,CLOSE,0%
114340102,AZTA,Azenta Inc,473,-163,24K,-8.27K,-25.6%,<.01%
832696405,SJM,J M Smucker Co/The,4629,-89,510K,-9.81K,-1.9%,<.01%
12504L109,CBRE,CBRE Group Inc,8403,-76,1.1M,-9.98K,-0.9%,<.01%
128030202,CALM,Cal-Maine Foods Inc,3124,-98,322K,-10.1K,-3%,<.01%
72815L107,PLTK,Playtika Holding Corp,19913,-1469,138K,-10.18K,-6.9%,<.01%
377322102,GKOS,Glaukos Corp,1134,-81,170K,-12.14K,-6.7%,<.01%
M70700105,NNOX,Nano-X Imaging Ltd,20955,-1689,151K,-12.17K,-7.5%,<.01%
29476L107,EQR,Equity Residential,165057,-173,11.84M,-12.41K,-0.1%,0.02%
48553T106,BZ,Kanzhun Ltd,2607,-903,36K,-12.47K,-25.7%,<.01%
85254J102,STAG,STAG Industrial Inc,81729,-370,2.76M,-12.51K,-0.5%,<.01%
29275Y102,ENS,EnerSys,10441,-141,965K,-13.03K,-1.3%,<.01%
775711104,ROL,Rollins Inc,64101,-302,2.97M,-14K,-0.5%,<.01%
683344105,ONTO,Onto Innovation Inc,500,-86,83K,-14.28K,-14.7%,<.01%
11120U105,BRX,Brixmor Property Group Inc,134963,-516,3.76M,-14.36K,-0.4%,<.01%
49446R109,KIM,Kimco Realty Corp,298280,-629,6.99M,-14.74K,-0.2%,<.01%
103304101,BYD,Boyd Gaming Corp,10419,-214,756K,-15.53K,-2%,<.01%
65342K105,NEXT,NextDecade Corp,65577,-2221,506K,-17.14K,-3.3%,<.01%
233331107,DTE,DTE Energy Co,1916,-146,231K,-17.6K,-7.1%,<.01%
63008G203,NNDM,Nano Dimension Ltd,70279,-7119,174K,-17.63K,-9.2%,<.01%
M85548101,SSYS,Stratasys Ltd,17810,-2003,158K,-17.77K,-10.1%,<.01%
585464100,MLCO,Melco Resorts & Entertainment Ltd,34124,-3074,198K,-17.84K,-8.3%,<.01%
525558201,LMAT,LeMaitre Vascular Inc,664,-197,61K,-18.1K,-22.9%,<.01%
G7T16G103,SPNS,Sapiens International Corp NV,11913,-678,320K,-18.21K,-5.4%,<.01%
668771108,GEN,Gen Digital Inc,18012,-700,493K,-19.16K,-3.7%,<.01%
M8744T106,TBLA,Taboola.com Ltd,66860,-5293,244K,-19.32K,-7.3%,<.01%
043436104,ABG,Asbury Automotive Group Inc,22537,-80,5.48M,-19.44K,-0.4%,<.01%
L00849106,AGRO,adecoagro sa,21789,-2115,205K,-19.9K,-8.8%,<.01%
92189Y402,IBOT,VanEck Robotics ETF,0,-465,0,-20K,CLOSE,0%
82489W107,SHLS,Shoals Technologies Group Inc,128146,-3662,708K,-20.23K,-2.8%,<.01%
68989M202,OUST,Ouster Inc,5546,-1718,68K,-21.06K,-23.7%,<.01%
87151X101,SYM,Symbotic Inc,2601,-896,62K,-21.36K,-25.6%,<.01%
42824C109,HPE,Hewlett Packard Enterprise Co,90769,-1011,1.94M,-21.59K,-1.1%,<.01%
52567D107,LMND,Lemonade Inc,17439,-615,640K,-22.57K,-3.4%,<.01%
G8267P108,SW,Smurfit WestRock PLC,5540,-434,298K,-23.35K,-7.3%,<.01%
40412C101,HCA,HCA Healthcare Inc,1754,-80,526K,-23.99K,-4.4%,<.01%
40637H109,HALO,Halozyme Therapeutics Inc,11110,-506,531K,-24.18K,-4.4%,<.01%
88033G407,THC,Tenet Healthcare Corp,4262,-194,538K,-24.49K,-4.4%,<.01%
7591EP100,RF,Regions Financial Corp,36668,-1053,862K,-24.75K,-2.8%,<.01%
08265T208,BSY,Bentley Systems Inc,32548,-548,1.52M,-25.59K,-1.7%,<.01%
M5425M103,INMD,Inmode Ltd,29709,-1570,496K,-26.21K,-5%,<.01%
45784P101,PODD,Insulet Corp,4903,-105,1.28M,-27.41K,-2.1%,<.01%
436440101,HOLX,HOLOGIC INC,8529,-389,615K,-28.05K,-4.4%,<.01%
174610105,CFG,Citizens Financial Group Inc,5683,-647,249K,-28.35K,-10.2%,<.01%
23918K108,DVA,DaVita Inc,4232,-192,633K,-28.72K,-4.3%,<.01%
831865209,AOS,A O Smith Corp,24127,-425,1.65M,-28.98K,-1.7%,<.01%
87165B103,SYF,Synchrony Financial,15035,-447,977K,-29.05K,-2.9%,<.01%
866674104,SUI,Sun Communities Inc,56662,-242,6.97M,-29.76K,-0.4%,<.01%
90138F102,TWLO,Twilio Inc,4672,-277,505K,-29.94K,-5.6%,<.01%
48203R104,JNPR,Juniper Networks Inc,9637,-810,361K,-30.34K,-7.8%,<.01%
29261A100,EHC,Encompass Health Corp,7422,-338,685K,-31.2K,-4.4%,<.01%
81730H109,S,SentinelOne Inc,94592,-1423,2.1M,-31.59K,-1.5%,<.01%
562750109,MANH,Manhattan Associates Inc,17197,-117,4.65M,-31.62K,-0.7%,<.01%
589889104,MMSI,Merit Medical Systems Inc,7198,-328,696K,-31.72K,-4.4%,<.01%
86771W105,RUN,Sunrun Inc,46502,-3603,430K,-33.32K,-7.2%,<.01%
758849103,REG,Regency Centers Corp,77289,-466,5.71M,-34.45K,-0.6%,<.01%
92763W103,VIPS,Vipshop Holdings Ltd,51662,-2730,696K,-36.78K,-5%,<.01%
M6372Q113,KRNT,Kornit Digital Ltd,12569,-1311,389K,-40.57K,-9.4%,<.01%
297178105,ESS,Essex Property Trust Inc,29092,-144,8.3M,-41.1K,-0.5%,0.01%
253393102,DKS,Dick's Sporting Goods Inc,11742,-186,2.69M,-42.56K,-1.6%,<.01%
74340W103,PLD,Prologis Inc,450828,-408,47.65M,-43.13K,-0.1%,0.06%
46120E602,ISRG,Intuitive Surgical Inc,69535,-88,36.29M,-45.93K,-0.1%,0.05%
021369103,ALTR,Altair Engineering Inc,926,-432,101K,-47.12K,-31.8%,<.01%
G98196101,WNS,WNS Holdings Ltd,3933,-1001,186K,-47.34K,-20.3%,<.01%
67000B104,NOVT,Novanta Inc,649,-314,99K,-47.9K,-32.6%,<.01%
40434L105,HPQ,HP Inc,36035,-1515,1.18M,-49.44K,-4%,<.01%
18539C204,CWEN,Clearway Energy Inc,62947,-1905,1.64M,-49.54K,-2.9%,<.01%
148929102,CAVA,Cava Group Inc,1232,-452,139K,-51K,-26.8%,<.01%
77634L105,,R1 RCM Inc,0,-3596,0,-51K,CLOSE,0%
36168Q104,GFL,GFL Environmental Inc,81258,-1146,3.62M,-51.04K,-1.4%,<.01%
65290E101,NXT,NEXTracker Inc,59188,-1425,2.16M,-52.05K,-2.4%,<.01%
00217Y104,ATS,ATS Corp,2483,-1747,76K,-53.47K,-41.3%,<.01%
879360105,TDY,Teledyne Technologies Inc,1286,-116,597K,-53.85K,-8.3%,<.01%
833034101,SNA,Snap-On Inc,9454,-163,3.21M,-55.33K,-1.7%,<.01%
62944T105,NVR,NVR Inc,724,-7,5.92M,-57.26K,-1%,<.01%
260003108,DOV,Dover Corp,23065,-310,4.33M,-58.16K,-1.3%,<.01%
444097109,HPP,Hudson Pacific Properties Inc,6870,-19848,21K,-60.67K,-74.3%,<.01%
294628102,EQC,Equity Commonwealth,0,-3103,0,-61K,CLOSE,0%
29414B104,EPAM,EPAM Systems Inc,9279,-261,2.17M,-61.04K,-2.7%,<.01%
526057104,LEN,LENNAR CORP,43377,-454,5.92M,-61.91K,-1%,<.01%
125523100,CI,Cigna Group/The,14907,-230,4.12M,-63.51K,-1.5%,<.01%
29109X106,AZPN,Aspen Technology Inc,443,-255,111K,-63.89K,-36.5%,<.01%
00827B106,AFRM,Affirm Holdings Inc,4084,-1048,249K,-63.9K,-20.4%,<.01%
384802104,GWW,WW Grainger Inc,12296,-61,12.96M,-64.3K,-0.5%,0.02%
913903100,UHS,Universal Health Services Inc,3979,-363,714K,-65.14K,-8.4%,<.01%
580135101,MCD,McDonald's Corp,17578,-231,5.1M,-66.97K,-1.3%,<.01%
30225T102,EXR,Extra Space Storage Inc,96131,-478,14.38M,-71.51K,-0.5%,0.02%
G7500M104,RNW,ReNew Energy Global PLC,0,-12278,0,-72K,CLOSE,0%
026874784,AIG,American International Group Inc,6653,-992,484K,-72.17K,-13%,<.01%
M87915274,TSEM,Tower Semiconductor Ltd,32278,-1402,1.66M,-72.23K,-4.2%,<.01%
80874P109,LNWO,Light & Wonder Inc,10608,-848,916K,-73.22K,-7.4%,<.01%
171340102,CHD,Church & Dwight Co Inc,39520,-706,4.14M,-73.92K,-1.8%,<.01%
09254C107,MUE,BlackRock MuniHoldings Quality Fund II,167600,-7509,1.68M,-75.09K,-4.3%,<.01%
02081G201,ATEC,Alphatec Holdings Inc,10722,-8551,98K,-78.16K,-44.4%,<.01%
302130109,EXPD,Expeditors International of Washington,32486,-706,3.6M,-78.19K,-2.1%,<.01%
12769G100,CZR,Caesars Entertainment Inc,29719,-2403,993K,-80.29K,-7.5%,<.01%
30069T101,EE,Excelerate Energy Inc,13485,-2712,408K,-82.05K,-16.7%,<.01%
72200R107,PMF,PIMCO Municipal Income Fund,115725,-9663,1.04M,-86.76K,-7.7%,<.01%
42226K105,HR,Healthcare Realty Trust Inc,161434,-5242,2.74M,-88.84K,-3.1%,<.01%
12532H104,GIB,CGI Inc,35554,-824,3.89M,-90.11K,-2.3%,<.01%
670657105,NEA,Nuveen AMT-Free Quality Municipal Incom,1549352,-8049,17.48M,-90.79K,-0.5%,0.02%
745867101,PHM,PulteGroup Inc,49946,-869,5.44M,-94.63K,-1.7%,<.01%
G6674U108,NVCR,Novocure Ltd,21059,-3185,628K,-94.98K,-13.1%,<.01%
24703L202,DELL,Dell Technologies Inc,3278,-824,378K,-95.02K,-20.1%,<.01%
74144T108,TROW,T Rowe Price Group Inc,90631,-865,10.25M,-97.83K,-0.9%,0.01%
M4R82T106,FVRR,Fiverr International Ltd,11312,-3094,359K,-98.19K,-21.5%,<.01%
053484101,AVB,AvalonBay Communities Inc,65376,-450,14.38M,-98.99K,-0.7%,0.02%
81761L102,SVC,Service Properties Trust,0,-28352,0,-102K,CLOSE,0%
088606108,BHP,BHP Group Ltd,91764,-2110,4.48M,-103.04K,-2.2%,<.01%
852312305,STAA,STAAR Surgical Co,0,-3478,0,-105K,CLOSE,0%
384109104,GGG,Graco Inc,32602,-1260,2.75M,-106.2K,-3.7%,<.01%
371901109,GNTX,Gentex Corp,305941,-3727,8.79M,-107.08K,-1.2%,0.01%
867224107,SU,Suncor Energy Inc,1033979,-3052,36.88M,-108.87K,-0.3%,0.05%
14149Y108,CAH,Cardinal Health Inc,31068,-928,3.67M,-109.74K,-2.9%,<.01%
09262G108,BMN,BlackRock 2037 Municipal Target Term Tr,30762,-4374,787K,-111.9K,-12.4%,<.01%
020764106,AMR,Alpha Metallurgical Resources Inc,10901,-580,2.18M,-116.1K,-5.1%,<.01%
03662Q105,ANSS,ANSYS Inc,666,-346,225K,-116.89K,-34.2%,<.01%
72200W106,PML,PIMCO Municipal Income Fund II,301028,-14713,2.44M,-119.01K,-4.7%,<.01%
857477103,STT,State Street Corp,84889,-1242,8.33M,-121.9K,-1.4%,0.01%
72352L106,PINS,Pinterest Inc,79194,-4224,2.3M,-122.52K,-5.1%,<.01%
231021106,CMI,Cummins Inc,24806,-352,8.65M,-122.7K,-1.4%,0.01%
G02602103,DOX,Amdocs Ltd,34947,-1516,2.98M,-129.06K,-4.2%,<.01%
12008R107,BLDR,Builders FirstSource Inc,19772,-904,2.83M,-129.21K,-4.4%,<.01%
866796105,SLF,Sun Life Financial Inc,126253,-2178,7.49M,-129.23K,-1.7%,<.01%
552953101,MGM,MGM Resorts International,37419,-3763,1.3M,-130.43K,-9.1%,<.01%
803866300,SSL,Sasol Ltd,3395,-30407,15K,-134.35K,-90%,<.01%
90384S303,ULTA,Ulta Beauty Inc,18520,-309,8.05M,-134.39K,-1.6%,0.01%
942622200,WSO,watsco inc,6285,-285,2.98M,-135.04K,-4.3%,<.01%
493267108,KEY,KeyCorp,0,-8029,0,-137K,CLOSE,0%
05465P101,AXNX,Axonics Inc,0,-1957,0,-138K,CLOSE,0%
23331A109,DHI,DR Horton Inc,56291,-993,7.87M,-138.85K,-1.7%,0.01%
69370C100,PTC,PTC Inc,1388,-764,255K,-140.36K,-35.5%,<.01%
443510607,HUBB,Hubbell Inc,9404,-337,3.94M,-141.16K,-3.5%,<.01%
88262P102,TPL,Texas Pacific Land Corp,4539,-130,5.02M,-143.78K,-2.8%,<.01%
373737105,GGB,Gerdau SA,1049390,-50547,3.02M,-145.56K,-4.6%,<.01%
60770K107,MRNA,Moderna Inc,263412,-3517,10.95M,-146.23K,-1.3%,0.01%
70014A104,PKE,Park Aerospace Corp,0,-11088,0,-160K,CLOSE,0%
922908363,VOO,Vanguard S&P 500 ETF,50553,-315,27.24M,-169.72K,-0.6%,0.03%
412822108,HOG,Harley-Davidson Inc,169775,-5670,5.12M,-170.86K,-3.2%,<.01%
504922105,LH,Labcorp Holdings Inc,13119,-749,3.01M,-171.74K,-5.4%,<.01%
89151E109,TTE,TotalEnergies SE,30635,-3193,1.67M,-174.06K,-9.4%,<.01%
91307C102,UTHR,United Therapeutics Corp,10248,-508,3.62M,-179.25K,-4.7%,<.01%
45168D104,IDXX,IDEXX Laboratories Inc,24692,-441,10.21M,-182.33K,-1.8%,0.01%
22160N109,CSGP,CoStar Group Inc,69788,-2558,5M,-183.12K,-3.5%,<.01%
718172109,PM,Philip Morris International Inc,0,-1425,0,-187K,CLOSE,0%
83417M104,SEDG,SolarEdge Technologies Inc,64673,-13962,879K,-189.76K,-17.8%,<.01%
296006109,ERO,ERO Copper Corp,122175,-14815,1.65M,-199.72K,-10.8%,<.01%
988498101,YUM,Yum! Brands Inc,82482,-1493,11.07M,-200.3K,-1.8%,0.01%
143658300,CCL,Carnival Corp,295008,-8344,7.35M,-207.94K,-2.8%,<.01%
550241103,LUMN,Lumen Technologies Inc,0,-33913,0,-208K,CLOSE,0%
92556H206,PSKY,Paramount Global,0,-20215,0,-208K,CLOSE,0%
20030N101,CMCSA,Comcast Corp,5491893,-5752,206.11M,-215.87K,-0.1%,0.26%
674599105,OXY,Occidental Petroleum Corp,14092,-4389,696K,-216.77K,-23.7%,<.01%
233368109,KTF,DWS Municipal Income Trust,201256,-24193,1.9M,-228.64K,-10.7%,<.01%
559222401,MGA,Magna International Inc,6766,-5524,283K,-231.05K,-44.9%,<.01%
615111101,ONT,Montrose Environmental Group Inc,89847,-12456,1.67M,-231.11K,-12.2%,<.01%
443628102,HBM,HudBay Minerals Inc,422616,-29012,3.43M,-235.19K,-6.4%,<.01%
853606101,SLI,Standard Lithium Ltd,2818045,-161506,4.12M,-235.84K,-5.4%,<.01%
92189Y501,CMCI,Vaneck Cmci Commodity Strategy Etf,80000,-10000,1.95M,-244.12K,-11.1%,<.01%
311900104,FAST,Fastenal Co,128047,-3446,9.21M,-247.81K,-2.6%,0.01%
146869102,CVNA,Carvana Co,1192,-1237,242K,-251.14K,-50.9%,<.01%
47759T100,JKS,JinkoSolar Holding Co Ltd,0,-12087,0,-253K,CLOSE,0%
27829L105,EOT,Eaton Vance National Municipal Opportun,94884,-15551,1.56M,-256K,-14.1%,<.01%
09257W100,BXMT,Blackstone Mortgage Trust Inc,808820,-15115,14.08M,-263.16K,-1.8%,0.02%
871829107,SYY,Sysco Corp,151784,-3488,11.61M,-266.71K,-2.2%,0.01%
53681K100,,Lithium Americas Argentina Corp,2934634,-106731,7.69M,-279.61K,-3.5%,<.01%
693718108,PCAR,PACCAR Inc,91757,-2737,9.54M,-284.72K,-2.9%,0.01%
89832Q109,TFC,Truist Financial Corp,73895,-6578,3.21M,-285.39K,-8.2%,<.01%
23345M107,DTM,DT Midstream Inc,30335,-2904,3.02M,-288.72K,-8.7%,<.01%
829933100,SIRI,Sirius XM Holdings Inc,0,-11040,0,-296K,CLOSE,0%
56501R106,MFC,Manulife Financial Corp,334007,-9729,10.25M,-298.68K,-2.8%,0.01%
73278L105,POOL,Pool Corp,8141,-888,2.78M,-302.8K,-9.8%,<.01%
60855R100,MOH,Molina Healthcare Inc,12003,-1071,3.49M,-311.67K,-8.2%,<.01%
G4705A100,ICLR,ICON PLC,68780,-1534,14.42M,-321.7K,-2.2%,0.02%
934423104,WBD,Warner Bros Discovery Inc,0,-45212,0,-331K,CLOSE,0%
759509102,RS,Reliance Steel & Aluminum Co,15957,-1240,4.3M,-333.91K,-7.2%,<.01%
03938L203,MT,ArcelorMittal SA,188475,-14467,4.36M,-334.59K,-7.1%,<.01%
237266101,DAR,Darling Ingredients Inc,404551,-10000,13.63M,-336.92K,-2.4%,0.02%
04626A103,ALAB,Astera Labs Inc,6211,-2603,823K,-344.92K,-29.5%,<.01%
V7780T103,RCL,Royal Caribbean Cruises Ltd,752,-1531,173K,-352.21K,-67.1%,<.01%
G66721104,NCLH,Norwegian Cruise Line Holdings Ltd,239070,-13775,6.15M,-354.42K,-5.4%,<.01%
217204106,CPRT,Copart Inc,159459,-6206,9.15M,-356.15K,-3.7%,0.01%
48251K100,KREF,KKR Real Estate Finance Trust Inc,416473,-38818,4.21M,-392.03K,-8.5%,<.01%
001055102,AFL,Aflac Inc,93488,-4006,9.67M,-414.36K,-4.1%,0.01%
53681J103,LAC,Lithium Americas Corp,3682809,-139863,10.94M,-415.4K,-3.7%,0.01%
703395103,PDCO,Patterson Cos Inc,59022,-13695,1.82M,-422.53K,-18.8%,<.01%
G0751N103,,Atlantica Sustainable Infrastructure PL,0,-19693,0,-433K,CLOSE,0%
58039P305,MUX,McEwen Mining Inc,2105981,-57949,16.39M,-450.86K,-2.7%,0.02%
65473P105,NI,NiSource Inc,269345,-12445,9.9M,-457.47K,-4.4%,0.01%
G97822103,PRGO,Perrigo Co PLC,99531,-18130,2.56M,-466.13K,-15.4%,<.01%
83304A106,SNAP,Snap Inc,28457,-44838,306K,-482.15K,-61.2%,<.01%
20440W105,SID,Cia Siderurgica Nacional SA,1315071,-362209,1.89M,-521.66K,-21.6%,<.01%
159864107,CRL,Charles River Laboratories Internationa,48380,-2893,8.93M,-534.05K,-5.6%,0.01%
457669307,INSM,Insmed Inc,119234,-7790,8.23M,-537.83K,-6.1%,0.01%
G1757E113,CMCL,Caledonia Mining Corp PLC,636496,-59011,5.99M,-555.25K,-8.5%,<.01%
670682103,NMZ,Nuveen Municipal High Income Opportunit,485055,-51669,5.24M,-558.49K,-9.6%,<.01%
72147K108,PPC,Pilgrim's Pride Corp,91204,-12372,4.14M,-561.6K,-11.9%,<.01%
M22465104,CHKP,Check Point Software Technologies Ltd,51473,-3098,9.61M,-578.4K,-5.7%,0.01%
38071H106,GROY,Gold Royalty Corp,6271645,-481357,7.59M,-582.47K,-7.1%,<.01%
91912E105,VALE,Vale SA,4535643,-65856,40.23M,-584.14K,-1.4%,0.05%
15118V207,CELH,Celsius Holdings Inc,7027,-22297,185K,-587.01K,-76%,<.01%
84265V105,SCCO,Southern Copper Corp,289396,-6745,26.37M,-614.66K,-2.3%,0.03%
V5633W109,MMYT,MakeMyTrip Ltd,11184,-5493,1.26M,-616.88K,-32.9%,<.01%
74762E102,PWR,Quanta Services Inc,27993,-1955,8.85M,-617.86K,-6.5%,0.01%
571748102,MRSH,Marsh & McLennan Cos Inc,104879,-2935,22.28M,-623.41K,-2.7%,0.03%
61945C103,MOS,Mosaic Co/The,863191,-26411,21.22M,-649.18K,-3%,0.03%
149123101,CAT,Caterpillar Inc,99677,-1823,36.16M,-661.31K,-1.8%,0.05%
30212P303,EXPE,Expedia Group Inc,35033,-3573,6.53M,-665.79K,-9.3%,<.01%
93627C101,HCC,Warrior Met Coal Inc,111991,-12368,6.07M,-670.8K,-9.9%,<.01%
826599102,SGML,Sigma Lithium Corp,1188970,-59785,13.34M,-670.83K,-4.8%,0.02%
74623V103,PCT,PureCycle Technologies Inc,279527,-65784,2.87M,-674.25K,-19.1%,<.01%
83406F102,SOFI,SoFi Technologies Inc,148710,-43906,2.29M,-676.11K,-22.8%,<.01%
36352H100,GAU,Galiano Gold Inc,6295840,-558160,7.83M,-694.61K,-8.1%,0.01%
56585A102,MPC,Marathon Petroleum Corp,64390,-5012,8.98M,-699.14K,-7.2%,0.01%
04041L106,WES,Aris Water Solution Inc,63217,-29583,1.51M,-708.49K,-31.9%,<.01%
N20944109,CNH,CNH Industrial NV,1512731,-62718,17.14M,-710.58K,-4%,0.02%
G3643J108,FLUT,Flutter Entertainment PLC,9374,-2783,2.42M,-719.35K,-22.9%,<.01%
500688106,KOS,Kosmos Energy Ltd,102217,-212269,350K,-726.83K,-67.5%,<.01%
30063P105,EXAS,EXACT SCIENCES CORP,122842,-13023,6.9M,-731.71K,-9.6%,<.01%
03957W106,AROC,Archrock Inc,38627,-29624,961K,-737.01K,-43.4%,<.01%
G4R20B107,INTR,Inter & Co Inc,0,-116134,0,-741K,CLOSE,0%
05351W103,AGR,Avangrid Inc,0,-20727,0,-742K,CLOSE,0%
64440N103,NFGC,New Found Gold Corp,5056008,-413503,9.1M,-744.57K,-7.6%,0.01%
31488V107,FERG,Ferguson Enterprises Inc,40521,-4318,7.03M,-749.56K,-9.6%,<.01%
G1151C101,ACN,Accenture PLC,142023,-2207,49.96M,-776.4K,-1.5%,0.06%
640491106,NEOG,Neogen Corp,250515,-64993,3.04M,-788.95K,-20.6%,<.01%
23282W605,CYTK,Cytokinetics Inc,54364,-17327,2.56M,-814.97K,-24.2%,<.01%
536797103,LAD,Lithia Motors Inc,17027,-2348,6.09M,-839.25K,-12.1%,<.01%
50212V100,LPLA,LPL Financial Holdings Inc,33794,-2586,11.03M,-844.35K,-7.1%,0.01%
013872106,AA,Alcoa Corp,248407,-22869,9.38M,-864.01K,-8.4%,0.01%
91347P105,OLED,Universal Display Corp,501489,-5951,73.32M,-870.04K,-1.2%,0.09%
02215L209,KNTK,Kinetik Holdings Inc,8503,-16024,482K,-908.33K,-65.3%,<.01%
59124U605,MTA,Metalla Royalty & Streaming Ltd,4085725,-362518,10.26M,-909.91K,-8.1%,0.01%
084670702,BRK.B,Berkshire Hathaway Inc,0,-2079,0,-957K,CLOSE,0%
071734107,BHC,Bausch Health Cos Inc,223420,-119848,1.8M,-966.1K,-34.9%,<.01%
144285103,CRS,Carpenter Technology Corp,20129,-5737,3.42M,-973.6K,-22.2%,<.01%
74736K101,QRVO,Qorvo Inc,818356,-13936,57.23M,-974.55K,-1.7%,0.07%
012653101,ALB,Albemarle Corp,261392,-11723,22.5M,-1.01M,-4.3%,0.03%
169656105,CMG,Chipotle Mexican Grill Inc,331662,-16768,20M,-1.01M,-4.8%,0.03%
G1144A105,BTBT,Bit Digital Inc,4105836,-353853,12.03M,-1.04M,-7.9%,0.02%
N53745100,LYB,LyondellBasell Industries NV,37115,-14073,2.76M,-1.05M,-27.5%,<.01%
68634K106,ORLA,Orla Mining Ltd,7216518,-195946,39.98M,-1.09M,-2.6%,0.05%
666807102,NOC,Northrop Grumman Corp,441400,-2324,207.15M,-1.09M,-0.5%,0.27%
952845105,WFG,West Fraser Timber Co Ltd,180957,-12795,15.67M,-1.11M,-6.6%,0.02%
66987E206,NG,Novagold Resources Inc,7007041,-337869,23.33M,-1.13M,-4.6%,0.03%
67071L106,NVG,Nuveen AMT-Free Municipal Credit Income,1294631,-92065,15.87M,-1.13M,-6.6%,0.02%
931427108,WBA,Walgreens Boots Alliance Inc,199547,-123437,1.86M,-1.15M,-38.2%,<.01%
20825C104,COP,ConocoPhillips,233570,-11770,23.16M,-1.17M,-4.8%,0.03%
388689101,GPK,Graphic Packaging Holding Co,607080,-43750,16.49M,-1.19M,-6.7%,0.02%
G9460G101,VAL,Valaris Ltd,927620,-27850,41.04M,-1.23M,-2.9%,0.05%
891092108,TTC,Toro Co/The,168617,-15448,13.51M,-1.24M,-8.4%,0.02%
29336T100,ENLC,EnLink Midstream LLC,36859,-90603,522K,-1.28M,-71.1%,<.01%
25179M103,DVN,Devon Energy Corp,23534,-39927,770K,-1.31M,-62.9%,<.01%
G50871105,JAZZ,Jazz Pharmaceuticals PLC,49379,-10832,6.08M,-1.33M,-18%,<.01%
H11356104,BG,Bunge Global SA,530283,-17367,41.23M,-1.35M,-3.2%,0.05%
15135B101,CNC,Centene Corp,60323,-22315,3.65M,-1.35M,-27%,<.01%
44955L106,IAUX,i-80 Gold Corp,12313164,-2807568,5.97M,-1.36M,-18.6%,<.01%
714046109,RVTY,PerkinElmer Inc,28538,-12474,3.19M,-1.39M,-30.4%,<.01%
01973R101,ALSN,Allison Transmission Holdings Inc,68550,-13138,7.41M,-1.42M,-16.1%,<.01%
11275Q107,BIPC.TO,Brookfield Infrastructure Corp,0,-32983,0,-1.44M,CLOSE,0%
29355A107,ENPH,Enphase Energy Inc,66453,-21079,4.56M,-1.45M,-24.1%,<.01%
739276103,POWI,Power Integrations Inc,10489,-23942,647K,-1.48M,-69.5%,<.01%
17253J106,CIFR,Cipher Mining Inc,3579068,-321151,16.61M,-1.49M,-8.2%,0.02%
74965L200,RLJPA,RLJ Lodging Trust,460133,-61113,11.3M,-1.5M,-11.7%,0.01%
497266106,KEX,KIRBY CORP,193390,-14220,20.46M,-1.5M,-6.8%,0.03%
22160K105,COST,Costco Wholesale Corp,121630,-1662,111.45M,-1.52M,-1.3%,0.14%
03676B102,AM,Antero Midstream Corp,69347,-103919,1.05M,-1.57M,-60%,<.01%
71424F105,PR,Permian Resources Corp,1541089,-110070,22.16M,-1.58M,-6.7%,0.03%
81211K100,SEE,Sealed Air Corp,89446,-48740,3.03M,-1.65M,-35.3%,<.01%
260557103,DOW,Dow Inc,62040,-41281,2.49M,-1.66M,-40%,<.01%
136069101,CM,Canadian Imperial Bank of Commerce,178574,-26550,11.29M,-1.68M,-12.9%,0.01%
715684106,TLK,Telkom Indonesia Persero Tbk PT,93249,-105255,1.53M,-1.73M,-53%,<.01%
72919P202,PLUG,Plug Power Inc,3404520,-827481,7.25M,-1.76M,-19.6%,<.01%
035710839,NLY,Annaly Capital Management Inc,1815645,-97158,33.23M,-1.78M,-5.1%,0.04%
17888H103,CIVI,Bonanza Creek Energy Inc,0,-36597,0,-1.84M,CLOSE,0%
46266C105,IQV,IQVIA Holdings Inc,111088,-9751,21.83M,-1.92M,-8.1%,0.03%
09061G101,BMRN,BioMarin Pharmaceutical Inc,102319,-29813,6.73M,-1.96M,-22.6%,<.01%
92556V106,VTRS,Viatris Inc,1011489,-159141,12.59M,-1.98M,-13.6%,0.02%
808513105,SCHW,Charles Schwab Corp/The,3205887,-26849,237.27M,-1.99M,-0.8%,0.3%
056752108,BIDU,Baidu Inc,0,-22599,0,-2.03M,CLOSE,0%
50202M102,LI,Li Auto Inc,134615,-85380,3.23M,-2.05M,-38.8%,<.01%
64828T201,RITM,Rithm Capital Corp,1813420,-190637,19.64M,-2.06M,-9.5%,0.03%
44332N106,HTHT,Huazhu Group Ltd,33198,-64191,1.1M,-2.12M,-65.9%,<.01%
767204100,RIO,Rio Tinto PLC,656870,-36232,38.63M,-2.13M,-5.2%,0.05%
047649108,ATKR,Atkore Inc,0,-24927,0,-2.14M,CLOSE,0%
054540208,ACLS,Axcelis Technologies Inc,0,-23751,0,-2.14M,CLOSE,0%
655663102,NDSN,Nordson Corp,0,-8575,0,-2.14M,CLOSE,0%
44812J104,HUT,Hut 8 Corp,1036921,-105865,21.25M,-2.17M,-9.3%,0.03%
G2519Y108,BAP,Credicorp Ltd,114861,-12082,21.06M,-2.21M,-9.5%,0.03%
896288107,TNET,TriNet Group Inc,0,-23930,0,-2.23M,CLOSE,0%
513847103,MZTI,Lancaster Colony Corp,0,-12897,0,-2.27M,CLOSE,0%
775109200,RCI,Rogers Communications Inc,0,-59267,0,-2.33M,CLOSE,0%
962166104,WY,Weyerhaeuser Co,1163006,-82627,32.74M,-2.33M,-6.6%,0.04%
445658107,JBHT,JB Hunt Transport Services Inc,0,-13416,0,-2.35M,CLOSE,0%
10950A205,BTSGU,BrightSpring Health Services Inc,285797,-38057,17.89M,-2.38M,-11.8%,0.02%
934550203,WMG,Warner Music Group Corp,0,-76508,0,-2.43M,CLOSE,0%
577081102,MAT,Mattel Inc,0,-139002,0,-2.47M,CLOSE,0%
204448104,BVN,Cia de Minas Buenaventura SAA,21344322,-215556,245.89M,-2.48M,-1%,0.31%
254709108,DFS,Discover Financial Services,31415,-14550,5.44M,-2.52M,-31.7%,<.01%
09253X102,MUI,BlackRock Municipal Income Fund Inc,213916,-207951,2.59M,-2.52M,-49.3%,<.01%
353514102,FELE,Franklin Electric Co Inc,0,-24818,0,-2.53M,CLOSE,0%
25659T107,DLB,Dolby Laboratories Inc,0,-34881,0,-2.54M,CLOSE,0%
670100205,NVO,Novo Nordisk A/S,462985,-29482,39.83M,-2.54M,-6%,0.05%
576323109,MTZ,MASTEC INC,264320,-18650,35.98M,-2.54M,-6.6%,0.05%
136385101,CNQ,Canadian Natural Resources Ltd,24406,-84586,754K,-2.61M,-77.6%,<.01%
872540109,TJX,TJX Cos Inc/The,297008,-21728,35.88M,-2.62M,-6.8%,0.05%
67070X101,NZF,Nuveen Municipal Credit Income Fund,1159877,-216423,14.12M,-2.63M,-15.7%,0.02%
16115Q407,GTLSPB,Chart Industries Inc,288208,-37672,20.31M,-2.66M,-11.6%,0.03%
538034109,LYV,Live Nation Entertainment Inc,30141,-20642,3.9M,-2.67M,-40.6%,<.01%
14040H105,COF,Capital One Financial Corp,24979,-15135,4.46M,-2.7M,-37.7%,<.01%
22822V101,CCI,Crown Castle Inc,127296,-30599,11.55M,-2.78M,-19.4%,0.01%
25809K105,DASH,DoorDash Inc,21742,-16847,3.65M,-2.83M,-43.7%,<.01%
98311A105,WH,Wyndham Hotels & Resorts Inc,35298,-28434,3.56M,-2.87M,-44.6%,<.01%
784117103,SEIC,SEI Investments Co,59325,-35280,4.89M,-2.91M,-37.3%,<.01%
G6683N103,NU,NU Holdings Ltd/Cayman Islands,306269,-283584,3.17M,-2.94M,-48.1%,<.01%
824348106,SHW,Sherwin-Williams Co/The,42228,-8718,14.36M,-2.96M,-17.1%,0.02%
48020Q107,JLL,Jones Lang LaSalle Inc,0,-11390,0,-2.97M,CLOSE,0%
200340107,CMA,Comerica Inc,0,-48152,0,-2.99M,CLOSE,0%
14316J108,CG,Carlyle Group Inc/The,93121,-59576,4.7M,-3.01M,-39%,<.01%
878742204,TECK,Teck Resources Ltd,1166418,-74613,47.27M,-3.02M,-6%,0.06%
858912108,SRCL,Stericycle Inc,0,-49943,0,-3.04M,CLOSE,0%
887389104,TKR,Timken Co/The,0,-36861,0,-3.1M,CLOSE,0%
18915M107,NET,Cloudflare Inc,33972,-29210,3.66M,-3.15M,-46.2%,<.01%
194162103,CL,Colgate-Palmolive Co,1466,-35344,133K,-3.21M,-96%,<.01%
695156109,PKG,Packaging Corp of America,0,-14039,0,-3.21M,CLOSE,0%
152006102,CGAU,Centerra Gold Inc,17792385,-573682,101.2M,-3.26M,-3.1%,0.13%
285512109,EA,Electronic Arts Inc,360523,-22436,52.74M,-3.28M,-5.9%,0.07%
811916105,SA,Seabridge Gold Inc,3453971,-289361,39.41M,-3.3M,-7.7%,0.05%
82982L103,SITE,SiteOne Landscape Supply Inc,0,-23984,0,-3.34M,CLOSE,0%
855244109,SBUX,Starbucks Corp,2267033,-37148,206.87M,-3.39M,-1.6%,0.26%
438516106,HON,Honeywell International Inc,1097522,-15053,247.92M,-3.4M,-1.4%,0.32%
66981J102,MNSO,MINISO Group Holding Ltd,240774,-142819,5.75M,-3.41M,-37.2%,<.01%
45765U103,NSIT,Insight Enterprises Inc,0,-16294,0,-3.44M,CLOSE,0%
35969L108,YMM,Full Truck Alliance Co Ltd,1059536,-320727,11.46M,-3.47M,-23.2%,0.01%
74348T102,PSEC,Prospect Capital Corp,8127617,-811246,35.03M,-3.5M,-9.1%,0.04%
315616102,FFIV,F5 Inc,11878,-13934,2.99M,-3.5M,-54%,<.01%
607828100,MOD,Modine Manufacturing Co,0,-27377,0,-3.51M,CLOSE,0%
G0896C103,TBBB,BBB Foods Inc,81713,-126165,2.31M,-3.57M,-60.7%,<.01%
042735100,ARW,Arrow Electronics Inc,0,-29576,0,-3.92M,CLOSE,0%
11284V105,BEPC.TO,Brookfield Renewable Corp,0,-115457,0,-3.96M,CLOSE,0%
682189105,ON,ON Semiconductor Corp,3430628,-64428,216.3M,-4.06M,-1.8%,0.28%
902494103,TSN,Tyson Foods Inc,1105460,-70933,63.5M,-4.07M,-6%,0.08%
15135U109,CVE,Cenovus Energy Inc,503397,-272673,7.63M,-4.13M,-35.1%,<.01%
G0457F107,ARCO,Arcos Dorados Holdings Inc,308863,-567437,2.25M,-4.13M,-64.8%,<.01%
03073E105,COR,Cencora Inc,144668,-18730,32.5M,-4.21M,-11.5%,0.04%
83088M102,SWKS,Skyworks Solutions Inc,1563088,-47557,138.62M,-4.22M,-3%,0.18%
00123Q104,AGNC,AGNC INVESTMENT CORP,2969784,-458194,27.35M,-4.22M,-13.4%,0.04%
810186106,SMG,Scotts Miracle-Gro Co/The,6726,-66732,446K,-4.42M,-90.8%,<.01%
87971M103,TU,TELUS Corp,0,-288058,0,-4.66M,CLOSE,0%
92343E102,VRSN,VERISIGN INC,98,-23052,20K,-4.7M,-99.6%,<.01%
85571B105,STWD,Starwood Property Trust Inc,1063226,-250598,20.15M,-4.75M,-19.1%,0.03%
553530106,MSM,MSC Industrial Direct Co Inc,0,-58939,0,-4.76M,CLOSE,0%
655844108,NSC,Norfolk Southern Corp,24116,-20512,5.66M,-4.81M,-46%,<.01%
379577208,GMED,Globus Medical Inc,2934,-59571,243K,-4.93M,-95.3%,<.01%
776696106,ROP,Roper Technologies Inc,0,-9169,0,-4.98M,CLOSE,0%
83056P715,SKE,Skeena Resources Ltd,4434738,-577760,38.54M,-5.02M,-11.5%,0.05%
40415F101,HDB,HDFC Bank Ltd,83269,-78849,5.32M,-5.04M,-48.6%,<.01%
780259305,SHEL,Shell PLC,1280199,-82910,80.2M,-5.19M,-6.1%,0.1%
136375102,CNI,Canadian National Railway Co,181350,-51760,18.4M,-5.25M,-22.2%,0.02%
881624209,TEVA,Teva Pharmaceutical Industries Ltd,1615695,-259692,35.61M,-5.72M,-13.8%,0.05%
12572Q105,CME,CME Group Inc,47803,-24705,11.1M,-5.74M,-34.1%,0.01%
35671D857,FCX,Freeport-McMoRan Inc,3019184,-152157,114.97M,-5.79M,-4.8%,0.15%
278865100,ECL,Ecolab Inc,32227,-25528,7.55M,-5.98M,-44.2%,<.01%
89677Q107,TCOM,Trip.com Group Ltd,54177,-88568,3.72M,-6.08M,-62%,<.01%
64110W102,NTES,NetEase Inc,597627,-68784,53.31M,-6.14M,-10.3%,0.07%
482497104,BEKE,KE Holdings Inc,319106,-333491,5.88M,-6.14M,-51.1%,<.01%
89679M104,TFPM,Triple Flag Precious Metals Corp,3070394,-427017,46.18M,-6.42M,-12.2%,0.06%
00724F101,ADBE,Adobe Inc,869348,-14668,386.58M,-6.52M,-1.7%,0.49%
665859104,NTRS,Northern Trust Corp,67689,-63792,6.94M,-6.54M,-48.5%,<.01%
553368101,MP,MP Materials Corp,1891645,-434148,29.51M,-6.77M,-18.7%,0.04%
670346105,NUE,Nucor Corp,160317,-58381,18.71M,-6.81M,-26.7%,0.02%
16411R208,LNG,Cheniere Energy Inc,80669,-31983,17.33M,-6.87M,-28.4%,0.02%
148806102,CTLT,Catalent Inc,0,-124424,0,-7.39M,CLOSE,0%
093712107,BE,Bloom Energy Corp,319783,-342149,7.1M,-7.6M,-51.7%,<.01%
45866F104,ICE,Intercontinental Exchange Inc,64694,-51010,9.64M,-7.6M,-44.1%,0.01%
65339F713,NEEPRR,NextEra Energy Inc,1428308,-190989,58.45M,-7.82M,-11.8%,0.07%
722304102,PDD,PDD Holdings Inc,50591,-84548,4.91M,-8.2M,-62.6%,<.01%
012653200,ALBPA,Albemarle Corp,1651112,-211081,67.18M,-8.59M,-11.3%,0.09%
861012102,STM,STMicroelectronics NV,7849100,-346421,195.99M,-8.65M,-4.2%,0.25%
244199105,DE,Deere & Co,136948,-20585,58.02M,-8.72M,-13.1%,0.07%
68902V107,OTIS,Otis Worldwide Corp,2167129,-94800,200.7M,-8.78M,-4.2%,0.26%
42824C208,HPEC,Hewlett Packard Enterprise Co,1073452,-141017,67.32M,-8.84M,-11.6%,0.09%
58155Q103,MCK,McKesson Corp,66439,-15518,37.86M,-8.84M,-18.9%,0.05%
04040Y109,ARIS,Aris Mining Corp,13405577,-2526757,46.94M,-8.85M,-15.9%,0.06%
009158106,APD,Air Products and Chemicals Inc,733912,-30577,212.86M,-8.87M,-4%,0.27%
91332U101,U,Unity Software Inc,1547422,-397151,34.77M,-8.92M,-20.4%,0.04%
65339F663,NEEPRS,NextEra Energy Inc,1428974,-190323,69.72M,-9.29M,-11.8%,0.09%
064058100,BNY,Bank of New York Mellon Corp/The,0,-124258,0,-9.49M,CLOSE,0%
025816109,AXP,American Express Co,15100,-32445,4.48M,-9.63M,-68.2%,<.01%
25278X109,FANG,Diamondback Energy Inc,71323,-60607,11.69M,-9.93M,-45.9%,0.01%
92189H656,CLOB,Vaneck AA-BB Clo Etf,300000,-200000,15.19M,-10.12M,-40%,0.02%
594972408,MSTR,MicroStrategy Inc,119130,-35418,34.5M,-10.26M,-22.9%,0.04%
055622104,BP,BP PLC,35580,-351718,1.05M,-10.4M,-90.8%,<.01%
48581R205,KSPI,Kaspi.KZ JSC,76966,-112712,7.29M,-10.67M,-59.4%,<.01%
376535878,GLAD,Gladstone Capital Corp,124527,-381540,3.54M,-10.85M,-75.4%,<.01%
126408103,CSX,CSX Corp,600027,-356751,19.36M,-11.51M,-37.3%,0.02%
26152H301,DRD,DRDGOLD Ltd,5282610,-1338860,45.59M,-11.55M,-20.2%,0.06%
284902509,EGO,Eldorado Gold Corp,17783654,-801634,264.44M,-11.92M,-4.3%,0.34%
858119100,STLD,Steel Dynamics Inc,150958,-105639,17.22M,-12.05M,-41.2%,0.02%
32076V103,AG,First Majestic Silver Corp,26716836,-2196153,146.68M,-12.06M,-7.6%,0.19%
88160R101,TSLA,Tesla Inc,44305,-30051,17.89M,-12.14M,-40.4%,0.02%
29258Y103,EXK,Endeavour Silver Corp,21752847,-3372608,79.61M,-12.34M,-13.4%,0.1%
36467W109,GME,GameStop Corp,1429345,-396492,44.8M,-12.43M,-21.7%,0.06%
55903Q104,MAG,MAG Silver Corp,9309431,-921979,126.58M,-12.54M,-9%,0.16%
023135106,AMZN,Amazon.com Inc,1270535,-57371,278.74M,-12.59M,-4.3%,0.36%
693475105,PNC,PNC Financial Services Group Inc/The,34171,-65387,6.59M,-12.61M,-65.7%,<.01%
784730103,SSRM,SSR Mining Inc,16837984,-1847321,117.2M,-12.86M,-9.9%,0.15%
17275R102,CSCO,Cisco Systems Inc,960439,-218763,56.86M,-12.95M,-18.6%,0.07%
907818108,UNP,Union Pacific Corp,183379,-59921,41.82M,-13.66M,-24.6%,0.05%
349942102,FSM,Fortuna Silver Mines Inc,27327958,-3235875,117.24M,-13.88M,-10.6%,0.15%
45167R104,IEX,IDEX Corp,965201,-67076,202.01M,-14.04M,-6.5%,0.26%
88031M109,TS,Tenaris SA,2311035,-375196,87.33M,-14.18M,-14%,0.11%
41068X100,HASI,Hannon Armstrong Sustainable Infrastruc,1185365,-530929,31.8M,-14.24M,-30.9%,0.04%
82835P103,SVM,Silvercorp Metals Inc,17178405,-4932376,51.53M,-14.8M,-22.3%,0.07%
02209S103,MO,Altria Group Inc,7693440,-295775,402.29M,-15.47M,-3.7%,0.52%
192108504,CDE,Coeur Mining Inc,31743580,-2726203,181.57M,-15.59M,-7.9%,0.23%
450913108,IAG,IAMGOLD Corp,49851926,-3042764,257.24M,-15.7M,-5.8%,0.33%
19260Q107,COIN,Coinbase Global Inc,134596,-64192,33.42M,-15.94M,-32.3%,0.04%
127387108,CDNS,Cadence Design Systems Inc,2713264,-54701,815.23M,-16.44M,-2%,1%
80013R206,SAND,Sandstorm Gold Ltd,23679121,-3006497,132.13M,-16.78M,-11.3%,0.17%
828363101,SILV,SilverCrest Metals Inc,12251066,-1863915,111.49M,-16.96M,-13.2%,0.14%
13646K108,CP,Canadian Pacific Railway Ltd,139099,-236196,10.06M,-17.09M,-62.9%,0.01%
11777Q209,BTG,B2Gold Corp,158918109,-7161024,387.78M,-17.47M,-4.3%,0.5%
172967424,C,Citigroup Inc,94400,-268531,6.64M,-18.9M,-74%,<.01%
254687106,DIS,Walt Disney Co/The,4135613,-172181,460.5M,-19.17M,-4%,0.59%
29446Y502,EQX,Equinox Gold Corp,37197205,-3923828,186.74M,-19.7M,-9.5%,0.24%
375558103,GILD,Gilead Sciences Inc,6123269,-219562,565.61M,-20.28M,-3.5%,0.72%
58733R102,MELI,MercadoLibre Inc,8536,-12246,14.51M,-20.82M,-58.9%,0.02%
747525103,QCOM,QUALCOMM Inc,7367790,-139073,1.13B,-21.36M,-1.9%,1.4%
770700102,HOOD,Robinhood Markets Inc,45058,-582685,1.68M,-21.71M,-92.8%,<.01%
458140100,INTC,Intel Corp,42903798,-1110138,860.22M,-22.26M,-2.5%,1.1%
68827L101,OR,Osisko Gold Royalties Ltd,16854441,-1247520,305.06M,-22.58M,-6.9%,0.39%
644535106,NGD,New Gold Inc,64703137,-9181494,160.46M,-22.77M,-12.4%,0.21%
037833100,AAPL,Apple Inc,1028332,-92775,257.51M,-23.23M,-8.3%,0.33%
30303M102,META,Meta Platforms Inc,397805,-42216,232.92M,-24.72M,-9.6%,0.3%
040413106,,Arista Networks Inc,0,-67995,0,-26.79M,CLOSE,0%
871607107,SNPS,SYNOPSYS INC,1549279,-55722,751.96M,-27.05M,-3.5%,0.96%
422704106,HL,Hecla Mining Co,49141322,-5538729,241.28M,-27.2M,-10.1%,0.31%
573874104,MRVL,Marvell Technology Inc,7203754,-268069,795.65M,-29.61M,-3.6%,1%
369604301,GE,General Electric Co,79,-184877,13K,-30.42M,-100%,<.01%
595112103,MU,Micron Technology Inc,10188801,-375397,857.49M,-31.59M,-3.6%,1.1%
482480100,KLAC,KLA Corp,1348189,-51178,849.52M,-32.25M,-3.7%,1.1%
780287108,RGLD,Royal Gold Inc,3387000,-250739,446.58M,-33.06M,-6.9%,0.57%
459200101,IBM,International Business Machines Corp,35217,-164743,7.74M,-36.22M,-82.4%,<.01%
05722G100,BKR,Baker Hughes Co,4664610,-936216,191.34M,-38.4M,-16.7%,0.24%
69121K104,OBDC,Blue Owl Capital Corp,4487712,-2984416,67.85M,-45.12M,-39.9%,0.09%
38059T106,GFI,Gold Fields Ltd,44814173,-3691738,591.55M,-48.73M,-7.6%,0.76%
110122108,BMY,Bristol-Myers Squibb Co,9069826,-863765,512.99M,-48.85M,-8.7%,0.66%
413216300,HMY,Harmony Gold Mining Co Ltd,62889782,-6005306,516.33M,-49.3M,-8.7%,0.66%
011532108,AGI,Alamos Gold Inc,42438697,-3204202,782.57M,-59.09M,-7%,1%
446413106,HII,Huntington Ingalls Industries Inc,1426697,-351513,269.6M,-66.43M,-19.8%,0.35%
03831W108,APP,AppLovin Corp,202129,-210302,65.45M,-68.1M,-51%,0.08%
115637209,BF.B,Brown-Forman Corp,5457501,-3365013,207.28M,-127.8M,-38.1%,0.27%
697900108,PAAS,Pan American Silver Corp,32698772,-6814036,661.17M,-137.78M,-17.2%,0.85%
090572207,BIO,Bio-Rad Laboratories Inc,723471,-580281,237.67M,-190.63M,-44.5%,0.3%
49338L103,KEYS,Keysight Technologies Inc,159693,-1219887,25.65M,-195.95M,-88.4%,0.03%
773903109,ROK,Rockwell Automation Inc,27501,-756125,7.86M,-216.11M,-96.5%,0.01%
98138H101,WDAY,Workday Inc,38073,-896755,9.82M,-231.39M,-95.9%,0.01%
941848103,WAT,Waters Corp,33615,-625924,12.47M,-232.21M,-94.9%,0.02%
291011104,EMR,Emerson Electric Co,2008081,-1888808,248.86M,-234.08M,-48.5%,0.32%
189054109,CLX,Clorox Co/The,35517,-1457200,5.77M,-236.65M,-97.6%,<.01%
052769106,ADSK,Autodesk Inc,832527,-884840,246.07M,-261.53M,-51.5%,0.32%
79466L302,CRM,Salesforce.com Inc,817335,-807185,273.26M,-269.87M,-49.7%,0.35%
67066G104,NVDA,NVIDIA Corp,41000642,-2965708,5.51B,-398.26M,-6.7%,7%
512807306,LRCX,Lam Research Corp,4500141,-11580930,325.05M,-836.49M,-72%,0.42%
Total,,,,,78.1B,3.66B,+4.6%,100%
