CUSIP,Ticker,Company,Shares,Delta_Shares,Value,Delta_Value,Delta,Portfolio%
697900108,PAAS,Pan American Silver Corp,38191961,13362403,556.84M,194.82M,+53.8%,1.2%
G0176J109,ALLE,Allegion PLC,2305995,1373811,276.77M,164.89M,+147.4%,0.61%
25754A201,DPZ,Domino's Pizza Inc,776556,466069,261.69M,157.06M,+150.1%,0.57%
375558103,GILD,Gilead Sciences Inc,3832497,1832292,295.37M,141.21M,+91.6%,0.65%
00846U101,A,Agilent Technologies Inc,1175797,1118040,141.39M,134.44M,+1935.8%,0.31%
518439104,EL,Estee Lauder Cos Inc/The,746911,674497,146.68M,132.46M,+931.4%,0.32%
717081103,PFE,Pfizer Inc,7445599,3601529,273.11M,132.1M,+93.7%,0.6%
40171V100,GWRE,Guidewire Software Inc,1821363,1736252,138.57M,132.09M,+2040%,0.3%
941848103,WAT,Waters Corp,482339,477410,128.56M,127.25M,+9685.7%,0.28%
57060D108,MKTX,MarketAxess Holdings Inc,513673,483282,134.28M,126.34M,+1590.2%,0.29%
654106103,NKE,NIKE Inc,1376168,1139479,151.89M,125.76M,+481.4%,0.33%
031162100,AMGN,Amgen Inc,856733,565032,190.21M,125.45M,+193.7%,0.42%
064058100,BNY,Bank of New York Mellon Corp/The,3053263,2697860,135.93M,120.11M,+759.1%,0.3%
060505104,BAC,Bank of America Corp,4513356,4167394,129.49M,119.56M,+1204.6%,0.28%
808513105,SCHW,Charles Schwab Corp/The,2261769,2100654,128.2M,119.07M,+1303.8%,0.28%
22052L104,CTVA,Corteva Inc,4278985,2050316,245.19M,117.48M,+92%,0.54%
902973304,USB,US Bancorp,7267054,2895229,240.1M,95.66M,+66.2%,0.53%
29786A106,ETSY,Etsy Inc,2601402,1023665,220.1M,86.61M,+64.9%,0.48%
882508104,TXN,Texas Instruments Inc,3143873,463867,565.96M,83.51M,+17.3%,1.2%
11777Q209,BTG,B2Gold Corp,143086684,23068540,510.81M,82.35M,+19.2%,1.1%
032654105,ADI,Analog Devices Inc,2462946,397844,479.81M,77.5M,+19.3%,1.1%
459506101,IFF,International Flavors & Fragrances Inc,2930479,870797,233.24M,69.31M,+42.3%,0.51%
88579Y101,MMM,3M Co,2437481,663389,243.97M,66.4M,+37.4%,0.53%
949746101,WFC,Wells Fargo & Co,5947014,1435087,253.82M,61.25M,+31.8%,0.56%
55903Q104,MAG,MAG Silver Corp,9340066,5409886,104.05M,60.27M,+137.6%,0.23%
254687106,DIS,Walt Disney Co/The,2662641,663904,237.72M,59.27M,+33.2%,0.52%
291011104,EMR,Emerson Electric Co,3000679,650078,271.23M,58.76M,+27.7%,0.59%
008474108,AEM,Agnico Eagle Mines Ltd,21462392,1157124,1.07B,57.83M,+5.7%,2.3%
487836108,K,Kellogg Co,3839030,857994,258.75M,57.83M,+28.8%,0.57%
922475108,VEEV,Veeva Systems Inc,1389883,274239,274.82M,54.23M,+24.6%,0.6%
874039100,TSM,Taiwan Semiconductor Manufacturing Co L,11414068,537173,1.15B,54.21M,+4.9%,2.5%
98956P102,ZBH,Zimmer Biomet Holdings Inc,1935708,344858,281.84M,50.21M,+21.7%,0.62%
45866F104,ICE,Intercontinental Exchange Inc,2450246,444008,277.07M,50.21M,+22.1%,0.61%
747525103,QCOM,QUALCOMM Inc,4153387,417589,494.42M,49.71M,+11.2%,1.1%
731068102,PII,POLARIS INC,2238254,410140,270.67M,49.6M,+22.4%,0.59%
278865100,ECL,Ecolab Inc,1509390,242953,281.79M,45.36M,+19.2%,0.62%
011532108,AGI,Alamos Gold Inc,52129570,3542008,621.38M,42.22M,+7.3%,1.4%
09062X103,BIIB,Biogen Inc,955657,145279,272.22M,41.38M,+17.9%,0.6%
902252105,TYL,Tyler Technologies Inc,685100,98106,285.32M,40.86M,+16.7%,0.62%
20030N101,CMCSA,Comcast Corp,6574666,957326,273.18M,39.78M,+17%,0.6%
294429105,EFX,Equifax Inc,1120419,164168,263.63M,38.63M,+17.2%,0.58%
055622104,BP,BP PLC,1093170,1093170,38.58M,38.58M,NEW,0.08%
G5960L103,MDT,Medtronic PLC,3076168,416140,271.01M,36.66M,+15.6%,0.59%
89400J107,TRU,TransUnion,3578145,436261,280.28M,34.17M,+13.9%,0.61%
922908363,VOO,Vanguard S&P 500 ETF,76189,76189,31.03M,31.03M,NEW,0.07%
09247X101,,BlackRock Inc,221143,44889,152.84M,31.02M,+25.5%,0.33%
574599106,MAS,MASCO CORP,4608948,527350,264.46M,30.26M,+12.9%,0.58%
20825C104,COP,ConocoPhillips,815467,289344,84.49M,29.98M,+55%,0.18%
67066G104,NVDA,NVIDIA Corp,4972267,67596,2.1B,28.59M,+1.4%,4.6%
880770102,TER,Teradyne Inc,3017641,255982,335.95M,28.5M,+9.3%,0.74%
461202103,INTU,Intuit Inc,319936,61669,146.59M,28.26M,+23.9%,0.32%
892672106,TW,Tradeweb Markets Inc,1909847,388058,130.79M,26.57M,+25.5%,0.29%
084670702,BRK.B,Berkshire Hathaway Inc,368660,67173,125.71M,22.91M,+22.3%,0.28%
N07059210,ASML,ASML Holding NV,792851,30295,574.62M,21.96M,+4%,1.3%
496902404,KGC,Kinross Gold Corp,150701196,4529091,718.85M,21.6M,+3.1%,1.6%
21036P108,STZ,Constellation Brands Inc,594192,87002,146.25M,21.41M,+17.2%,0.32%
911312106,UPS,United Parcel Service Inc,108688,95230,19.48M,17.07M,+707.6%,0.04%
21867A105,CLB,Core Laboratories Inc,701165,701165,16.3M,16.3M,NEW,0.04%
03831W108,APP,AppLovin Corp,623747,623747,16.05M,16.05M,NEW,0.04%
41068X100,HASI,Hannon Armstrong Sustainable Infrastruc,1271821,611337,31.8M,15.28M,+92.6%,0.07%
152006102,CGAU,Centerra Gold Inc,20181969,2298750,121.01M,13.78M,+12.9%,0.26%
595017104,MCHP,Microchip Technology Inc,4140098,141226,370.91M,12.65M,+3.5%,0.81%
780259305,SHEL,Shell PLC,995190,205900,60.09M,12.43M,+26.1%,0.13%
345370860,F,Ford Motor Co,1130717,787523,17.11M,11.92M,+229.5%,0.04%
17275R102,CSCO,Cisco Systems Inc,1109677,204584,57.41M,10.59M,+22.6%,0.13%
65339F739,,NextEra Energy Inc,930799,213361,45.64M,10.46M,+29.7%,0.1%
66981J102,MNSO,MINISO Group Holding Ltd,588492,584426,10M,9.93M,+14373.5%,0.02%
02079K305,GOOGL,Alphabet Inc,2759774,82824,330.35M,9.91M,+3.1%,0.72%
871607107,SNPS,SYNOPSYS INC,821748,22766,357.8M,9.91M,+2.8%,0.78%
65339F713,NEEPRR,NextEra Energy Inc,930799,213361,42.16M,9.66M,+29.7%,0.09%
412822108,HOG,Harley-Davidson Inc,249827,249827,8.8M,8.8M,NEW,0.02%
16411R208,LNG,Cheniere Energy Inc,122288,56164,18.63M,8.56M,+84.9%,0.04%
35969L108,YMM,Full Truck Alliance Co Ltd,1359914,1359149,8.46M,8.45M,+177666.5%,0.02%
482497104,BEKE,KE Holdings Inc,1247515,565700,18.53M,8.4M,+83%,0.04%
052769106,ADSK,Autodesk Inc,76178,40951,15.59M,8.38M,+116.2%,0.03%
713448108,PEP,PepsiCo Inc,208066,43864,38.54M,8.12M,+26.7%,0.08%
04010L103,ARCC,Ares Capital Corp,6732688,429607,126.51M,8.07M,+6.8%,0.28%
776696106,ROP,Roper Technologies Inc,282477,16426,135.81M,7.9M,+6.2%,0.3%
172967424,C,Citigroup Inc,239108,153846,11.01M,7.08M,+180.4%,0.02%
134429109,CPB,Campbell Soup Co,156828,153300,7.17M,7.01M,+4345.2%,0.02%
79466L302,CRM,Salesforce.com Inc,1274220,33133,269.19M,7M,+2.7%,0.59%
881624209,TEVA,Teva Pharmaceutical Industries Ltd,2566422,892702,19.33M,6.72M,+53.3%,0.04%
G11448100,BTDR,Bitdeer Technologies Group,575303,575303,6.44M,6.44M,NEW,0.01%
771049103,RBLX,ROBLOX Corp,1055212,152459,42.52M,6.14M,+16.9%,0.09%
G0457F107,ARCO,Arcos Dorados Holdings Inc,650188,582860,6.66M,5.97M,+865.7%,0.01%
G50871105,JAZZ,Jazz Pharmaceuticals PLC,112660,46908,13.97M,5.81M,+71.3%,0.03%
693475105,PNC,PNC Financial Services Group Inc/The,61913,42937,7.8M,5.41M,+226.3%,0.02%
92556V106,VTRS,Viatris Inc,1781202,539436,17.78M,5.38M,+43.4%,0.04%
063671101,BMO,Bank of Montreal,87383,59321,7.89M,5.36M,+211.4%,0.02%
035710839,NLY,Annaly Capital Management Inc,1311537,252687,26.24M,5.06M,+23.9%,0.06%
92826C839,V,Visa Inc,295289,21119,70.12M,5.02M,+7.7%,0.15%
74348T102,PSEC,Prospect Capital Corp,4524004,783914,28.05M,4.86M,+21%,0.06%
91324P102,UNH,UnitedHealth Group Inc,127724,9911,61.39M,4.76M,+8.4%,0.13%
65473P121,,NiSource Inc,200703,46005,20.42M,4.68M,+29.7%,0.04%
84265V105,SCCO,Southern Copper Corp,285711,64960,20.5M,4.66M,+29.4%,0.04%
127203107,WHD,Cactus Inc,1913864,109051,81M,4.62M,+6%,0.18%
00130H204,,AES Corp/The,242705,55633,19.81M,4.54M,+29.7%,0.04%
02557T307,,American Electric Power Co Inc,395589,90678,19.65M,4.5M,+29.7%,0.04%
867224107,SU,Suncor Energy Inc,170804,151469,5.01M,4.44M,+783.4%,0.01%
00507V109,ATVI,Activision Blizzard Inc,752372,51225,63.42M,4.32M,+7.3%,0.14%
83012A109,TSLX,Sixth Street Specialty Lending Inc,1350929,226811,25.25M,4.24M,+20.2%,0.06%
19260Q107,COIN,Coinbase Global Inc,169554,59216,12.13M,4.24M,+53.7%,0.03%
13321L108,CCJ,Cameco Corp,412623,128852,12.93M,4.04M,+45.4%,0.03%
64110W102,NTES,NetEase Inc,532710,41391,51.51M,4M,+8.4%,0.11%
038222105,AMAT,Applied Materials Inc,3497067,27636,505.47M,3.99M,+0.8%,1.1%
526057104,LEN,LENNAR CORP,36151,31815,4.53M,3.99M,+733.7%,<.01%
72919P202,PLUG,Plug Power Inc,1726158,377437,17.93M,3.92M,+28%,0.04%
35671D857,FCX,Freeport-McMoRan Inc,2160535,96983,86.42M,3.88M,+4.7%,0.19%
07725L102,ONC,BeiGene Ltd,97193,20651,17.33M,3.68M,+27%,0.04%
75574U101,RC,Ready Capital Corp,831381,325786,9.38M,3.67M,+64.4%,0.02%
49338L103,KEYS,Keysight Technologies Inc,68686,21824,11.5M,3.65M,+46.6%,0.03%
015857873,,Algonquin Power & Utilities Corp,535209,122682,15.79M,3.62M,+29.7%,0.03%
191216100,KO,Coca-Cola Co/The,616381,59870,37.12M,3.61M,+10.8%,0.08%
192108504,CDE,Coeur Mining Inc,31040391,1252234,88.16M,3.56M,+4.2%,0.19%
67070X101,NZF,Nuveen Municipal Credit Income Fund,1390162,293816,16.21M,3.43M,+26.8%,0.04%
697435105,PANW,Palo Alto Networks Inc,56629,13407,14.47M,3.43M,+31%,0.03%
302635206,FSK,FS KKR Capital Corp,4253989,176445,81.59M,3.38M,+4.3%,0.18%
89679M104,TFPM,Triple Flag Precious Metals Corp,3358759,245378,46.28M,3.38M,+7.9%,0.1%
15135U109,CVE,Cenovus Energy Inc,214304,194841,3.64M,3.31M,+1001.1%,<.01%
148806102,CTLT,Catalent Inc,227706,74671,9.87M,3.24M,+48.8%,0.02%
28414H103,ELAN,Elanco Animal Health Inc,1710303,321238,17.21M,3.23M,+23.1%,0.04%
G2519Y108,BAP,Credicorp Ltd,84911,21863,12.54M,3.23M,+34.7%,0.03%
83056P715,SKE,Skeena Resources Ltd,4693033,666881,22.65M,3.22M,+16.6%,0.05%
92343V104,VZ,Verizon Communications Inc,765286,85878,28.46M,3.19M,+12.6%,0.06%
459200101,IBM,International Business Machines Corp,145427,23618,19.46M,3.16M,+19.4%,0.04%
69121K104,OBDC,Blue Owl Capital Corp,5516682,233726,74.03M,3.14M,+4.4%,0.16%
67401P405,OCSL,Oaktree Specialty Lending Corp,1198292,157127,23.28M,3.05M,+15.1%,0.05%
50212V100,LPLA,LPL Financial Holdings Inc,13876,13876,3.02M,3.02M,NEW,<.01%
285512109,EA,Electronic Arts Inc,363977,22972,47.21M,2.98M,+6.7%,0.1%
91912E105,VALE,Vale SA,6435333,221805,86.36M,2.98M,+3.6%,0.19%
G97822103,PRGO,Perrigo Co PLC,215363,84597,7.31M,2.87M,+64.7%,0.02%
00123Q104,AGNC,AGNC INVESTMENT CORP,1673791,283295,16.96M,2.87M,+20.4%,0.04%
525327102,LDOS,Leidos Holdings Inc,32741,31879,2.9M,2.82M,+3698.3%,<.01%
16115Q407,GTLSPB,Chart Industries Inc,187323,42939,12.2M,2.8M,+29.7%,0.03%
852234103,XYZ,Block Inc,99593,41663,6.63M,2.77M,+71.9%,0.01%
68622V106,OGN,Organon & Co,394793,130590,8.22M,2.72M,+49.4%,0.02%
53680Q207,,Lithium Americas Corp,1650410,133973,33.36M,2.71M,+8.8%,0.07%
85571B105,STWD,Starwood Property Trust Inc,887204,135527,17.21M,2.63M,+18%,0.04%
75524B203,,RBC Bearings Inc,107041,24536,11.35M,2.6M,+29.7%,0.02%
127097103,CTRA,Coterra Energy Inc,111023,99941,2.81M,2.53M,+901.8%,<.01%
60855R100,MOH,Molina Healthcare Inc,8380,8380,2.52M,2.52M,NEW,<.01%
433921103,HIVE,Hive Blockchain Technologies Ltd,1101403,544761,5.1M,2.52M,+97.9%,0.01%
036752103,ELV,Elevance Health Inc,10872,5629,4.83M,2.5M,+107.4%,0.01%
55272X607,MFA,MFA Financial Inc,641055,215618,7.21M,2.42M,+50.7%,0.02%
44955L106,IAUX,i-80 Gold Corp,8566678,1068757,19.28M,2.41M,+14.3%,0.04%
10949T109,BRSP,BrightSpire Capital Inc,797461,351942,5.37M,2.37M,+79%,0.01%
81141R100,SE,Sea Ltd,652517,39944,37.87M,2.32M,+6.5%,0.08%
722304102,PDD,PDD Holdings Inc,32780,32780,2.27M,2.27M,NEW,<.01%
30231G102,XOM,Exxon Mobil Corp,84963,21082,9.11M,2.26M,+33%,0.02%
74460D109,PSA,Public Storage,80498,7726,23.5M,2.26M,+10.6%,0.05%
64828T201,RITM,Rithm Capital Corp,1452948,240019,13.59M,2.24M,+19.8%,0.03%
443510607,HUBB,Hubbell Inc,6758,6758,2.24M,2.24M,NEW,<.01%
703395103,PDCO,Patterson Cos Inc,151236,66889,5.03M,2.22M,+79.3%,0.01%
67092P706,NURE,Nuveen Short-Term REIT ETF,108926,71437,3.31M,2.17M,+190.6%,<.01%
74340W103,PLD,Prologis Inc,347327,17512,42.59M,2.15M,+5.3%,0.09%
58933Y105,MRK,Merck & Co Inc,605173,17821,69.83M,2.06M,+3%,0.15%
G1151C101,ACN,Accenture PLC,110201,6662,34.01M,2.06M,+6.4%,0.07%
56035L104,MAIN,Main Street Capital Corp,716261,51189,28.67M,2.05M,+7.7%,0.06%
071734107,BHC,Bausch Health Cos Inc,610556,254075,4.88M,2.03M,+71.3%,0.01%
05605H100,BWXT,BWX Technologies Inc,88378,28346,6.33M,2.03M,+47.2%,0.01%
38173M102,GBDC,Golub Capital BDC Inc,2161628,146292,29.18M,1.97M,+7.3%,0.06%
749660106,RES,RPC Inc,4249903,273892,30.39M,1.96M,+6.9%,0.07%
427096508,HTGC,Hercules Capital Inc,1916745,129311,28.37M,1.91M,+7.2%,0.06%
668771108,GEN,Gen Digital Inc,102175,102175,1.9M,1.9M,NEW,<.01%
67077M108,NTR,Nutrien Ltd,1727206,31004,101.99M,1.83M,+1.8%,0.22%
83406F102,SOFI,SoFi Technologies Inc,216795,216795,1.81M,1.81M,NEW,<.01%
393222104,GPRE,Green Plains Inc,57574,55003,1.86M,1.77M,+2139.4%,<.01%
140501107,CSWC,Capital Southwest Corp,592140,89932,11.68M,1.77M,+17.9%,0.03%
384109104,GGG,Graco Inc,24998,20522,2.16M,1.77M,+458.5%,<.01%
110122108,BMY,Bristol-Myers Squibb Co,368016,27244,23.54M,1.74M,+8%,0.05%
80105N105,SNY,Sanofi,370081,32278,19.95M,1.74M,+9.6%,0.04%
231561101,CW,Curtiss-Wright Corp,14135,9471,2.6M,1.74M,+203.1%,<.01%
38147U107,GSBD,Goldman Sachs BDC Inc,1618096,122668,22.43M,1.7M,+8.2%,0.05%
038923108,ABR,Arbor Realty Trust Inc,721949,114719,10.7M,1.7M,+18.9%,0.02%
48242W106,KBR,KBR Inc,26997,26134,1.76M,1.7M,+3028.3%,<.01%
142339100,CSL,Carlisle Cos Inc,6608,6608,1.7M,1.7M,NEW,<.01%
74965L200,RLJPA,RLJ Lodging Trust,299623,68608,7.22M,1.65M,+29.7%,0.02%
09257W100,BXMT,Blackstone Mortgage Trust Inc,517658,78229,10.77M,1.63M,+17.8%,0.02%
654110105,NKLA,Nikola Corp,4170064,1174541,5.75M,1.62M,+39.2%,0.01%
446413106,HII,Huntington Ingalls Industries Inc,7324,7116,1.67M,1.62M,+3421.2%,<.01%
G8994E103,TT,Trane Technologies plc,36197,8431,6.92M,1.61M,+30.4%,0.02%
594972408,MSTR,MicroStrategy Inc,18022,4585,6.17M,1.57M,+34.1%,0.01%
134748102,CAN,Canaan Inc,1751968,730157,3.73M,1.56M,+71.5%,<.01%
872280102,CGBD,TCG BDC Inc,790625,105164,11.51M,1.53M,+15.3%,0.03%
127190304,CACI,CACI International Inc,4464,4333,1.52M,1.48M,+3307.6%,<.01%
22822V101,CCI,Crown Castle Inc,117372,12844,13.37M,1.46M,+12.3%,0.03%
690742101,OC,Owens Corning,39507,10625,5.16M,1.39M,+36.8%,0.01%
G02532102,AMBIQ,Ambipar Emergency Response,141261,141261,1.37M,1.37M,NEW,<.01%
69608A108,PLTR,Palantir Technologies Inc,309200,88831,4.74M,1.36M,+40.3%,0.01%
002824100,ABT,Abbott Laboratories,272944,12426,29.76M,1.35M,+4.8%,0.07%
90187B804,TWO,Two Harbors Investment Corp,548726,94980,7.62M,1.32M,+20.9%,0.02%
553368101,MP,MP Materials Corp,2257952,57123,51.66M,1.31M,+2.6%,0.11%
29250N105,ENB,Enbridge Inc,523919,34762,19.46M,1.29M,+7.1%,0.04%
759509102,RS,Reliance Steel & Aluminum Co,28595,4753,7.77M,1.29M,+19.9%,0.02%
042315507,ARR.MX,ARMOUR Residential REIT Inc,1184835,241770,6.32M,1.29M,+25.6%,0.01%
59124U605,MTA,Metalla Royalty & Streaming Ltd,2666139,291736,11.57M,1.27M,+12.3%,0.03%
099502106,BAH,Booz Allen Hamilton Holding Corp,27479,11335,3.07M,1.27M,+70.2%,<.01%
505743104,LADR,Ladder Capital Corp,759588,115978,8.24M,1.26M,+18%,0.02%
98850P109,YUMC,Yum China Holdings Inc,297723,22218,16.79M,1.25M,+8.1%,0.04%
46120E602,ISRG,Intuitive Surgical Inc,51673,3573,17.67M,1.22M,+7.4%,0.04%
12572Q105,CME,CME Group Inc,99530,6559,18.44M,1.22M,+7.1%,0.04%
92556H305,,Paramount Global,232699,53340,5.27M,1.21M,+29.7%,0.01%
260003108,DOV,Dover Corp,28500,8140,4.21M,1.2M,+40%,<.01%
03762U105,ARI,Apollo Commercial Real Estate Finance I,704762,105825,7.98M,1.2M,+17.7%,0.02%
91307C102,UTHR,United Therapeutics Corp,9601,5419,2.12M,1.2M,+129.6%,<.01%
889478103,TOL,TOLL BROTHERS INC,15019,15019,1.19M,1.19M,NEW,<.01%
46266C105,IQV,IQVIA Holdings Inc,118831,5220,26.71M,1.17M,+4.6%,0.06%
60770K107,MRNA,Moderna Inc,202430,9552,24.59M,1.16M,+5%,0.05%
87241L109,TFII,TFI International Inc,9963,9963,1.14M,1.14M,NEW,<.01%
28852N109,EFC,Ellington Financial Inc,407009,82048,5.62M,1.13M,+25.2%,0.01%
166764100,CVX,Chevron Corp,169613,7182,26.69M,1.13M,+4.4%,0.06%
G7500M104,RNW,ReNew Energy Global PLC,1426450,205233,7.82M,1.12M,+16.8%,0.02%
70450Y103,PYPL,PayPal Holdings Inc,60080,16699,4.01M,1.11M,+38.5%,<.01%
00790R104,WMS,Advanced Drainage Systems Inc,10476,9749,1.19M,1.11M,+1341%,<.01%
253393102,DKS,Dick's Sporting Goods Inc,8302,8302,1.1M,1.1M,NEW,<.01%
808625107,SAIC,Science Applications International Corp,10021,9741,1.13M,1.1M,+3478.9%,<.01%
75281A109,RRC,Range Resources Corp,40203,36845,1.18M,1.08M,+1097.2%,<.01%
040413106,,Arista Networks Inc,40071,6594,6.49M,1.07M,+19.7%,0.01%
G66721104,NCLH,NU Holdings Ltd/Cayman Islands,732168,134494,5.78M,1.06M,+22.5%,0.01%
16934Q208,,Chimera Investment Corp,1317514,183405,7.6M,1.06M,+16.2%,0.02%
126650100,CVS,CVS Health Corp,145896,15301,10.09M,1.06M,+11.7%,0.02%
043436104,ABG,Asbury Automotive Group Inc,7487,4375,1.8M,1.05M,+140.6%,<.01%
878742204,TECK,Teck Resources Ltd,288085,24774,12.14M,1.04M,+9.4%,0.03%
75886F107,REGN,Regeneron Pharmaceuticals Inc,60215,1445,43.27M,1.04M,+2.5%,0.09%
679580100,ODFL,Old Dominion Freight Line Inc,16977,2798,6.28M,1.03M,+19.7%,0.01%
67066V101,NAD,Nuveen Quality Municipal Income Fund,1444015,90979,16.27M,1.03M,+6.7%,0.04%
169656105,CMG,Chipotle Mexican Grill Inc,3776,465,8.08M,994.65K,+14%,0.02%
70432V102,PAYC,Paycom Software Inc,11519,3089,3.7M,992.48K,+36.6%,<.01%
44812T102,,Hut 8 Mining Corp,1900919,295813,6.27M,976.18K,+18.4%,0.01%
262037104,DRQ,Dril-Quip Inc,763344,41609,17.76M,968.24K,+5.8%,0.04%
78463M107,SPSC,SPS Commerce Inc,4965,4965,954K,954K,NEW,<.01%
231021106,CMI,Cummins Inc,20878,3878,5.12M,950.65K,+22.8%,0.01%
89832Q109,TFC,Truist Financial Corp,226215,31069,6.87M,943K,+15.9%,0.02%
253868103,DLR,Digital Realty Trust Inc,109398,8185,12.46M,932.01K,+8.1%,0.03%
969457100,WMB,Williams Cos Inc/The,391173,28416,12.76M,927.22K,+7.8%,0.03%
054540208,ACLS,Axcelis Technologies Inc,5033,5033,923K,923K,NEW,<.01%
35243J101,FBRT,Franklin BSP Realty Trust Inc,454453,64688,6.43M,915.97K,+16.6%,0.01%
756109104,O,Realty Income Corp,219907,15181,13.15M,907.66K,+7.4%,0.03%
549498103,LCID,Lucid Group Inc,553659,129192,3.81M,890.2K,+30.4%,<.01%
14448C104,CARR,Carrier Global Corp,124763,17517,6.2M,870.77K,+16.3%,0.01%
62955J103,NOV,NOV Inc,6005469,52708,96.33M,845.44K,+0.9%,0.21%
72352L106,PINS,Pinterest Inc,43306,30661,1.18M,838.28K,+242.5%,<.01%
171484108,CHDN,Churchill Downs Inc,17751,5953,2.47M,828.34K,+50.5%,<.01%
03761U502,MFIC,MidCap Financial Investment Corp,1017505,65947,12.78M,828.3K,+6.9%,0.03%
969904101,WSM,Williams-Sonoma Inc,18999,6598,2.38M,825.84K,+53.2%,<.01%
920253101,VMI,Valmont Industries Inc,3242,2834,944K,825.2K,+694.6%,<.01%
78573M203,,Sabre Corp,76558,17549,3.6M,824.52K,+29.7%,<.01%
761152107,RMD,ResMed Inc,30869,3771,6.75M,823.98K,+13.9%,0.01%
G6095L109,,Aptiv PLC,10748,7967,1.1M,813.16K,+286.5%,<.01%
070830104,BBWI,Bath & Body Works Inc,48314,21661,1.81M,812.39K,+81.3%,<.01%
682680103,OKE,Oneok Inc,130964,13130,8.08M,810.47K,+11.1%,0.02%
65340P106,NXE,NexGen Energy Ltd,883062,171496,4.16M,808.09K,+24.1%,<.01%
70931T103,PMT,PennyMac Mortgage Investment Trust,436574,59691,5.88M,804.63K,+15.8%,0.01%
086516101,BBY,Best Buy Co Inc,69519,9788,5.7M,802.12K,+16.4%,0.01%
576485205,MTDR,Matador Resources Co,16884,15309,883K,800.63K,+972%,<.01%
59001A102,MTH,Meritage Homes Corp,5611,5611,798K,798K,NEW,<.01%
858912108,SRCL,Stericycle Inc,74688,17122,3.47M,795.26K,+29.7%,<.01%
136375102,CNI,Canadian National Railway Co,149424,6511,18.1M,788.78K,+4.6%,0.04%
032095101,APH,Amphenol Corp,80802,9094,6.86M,772.52K,+12.7%,0.02%
65339F101,NEE,NextEra Energy Inc,608279,10376,45.13M,769.89K,+1.7%,0.1%
00206R102,T,AT&T Inc,280074,46997,4.47M,749.57K,+20.2%,<.01%
571748102,MRSH,Marsh & McLennan Cos Inc,79751,3975,15M,747.64K,+5.2%,0.03%
09173B107,KEEL,Bitfarms Ltd/Canada,3019027,508344,4.44M,747.27K,+20.2%,<.01%
192446102,CTSH,Cognizant Technology Solutions Corp,86478,11408,5.64M,744.68K,+15.2%,0.01%
26817Q886,DX,Dynex Capital Inc,381900,58832,4.81M,740.68K,+18.2%,0.01%
06759L103,BBDC,Barings BDC Inc,1453615,94298,11.4M,739.27K,+6.9%,0.02%
50540R409,,Laboratory Corp of America Holdings,8292,2994,2M,722.5K,+56.5%,<.01%
91688R108,URG,Ur-Energy Inc,683885,683885,718K,718K,NEW,<.01%
86800U104,SUPER,Super Micro Computer Inc,8726,2876,2.17M,716.86K,+49.2%,<.01%
649604840,ADAM,New York Mortgage Trust Inc,524587,70770,5.2M,702.05K,+15.6%,0.01%
403949100,DINO,HF Sinclair Corp,58832,15689,2.62M,699.75K,+36.4%,<.01%
828806109,SPG,Simon Property Group Inc,116388,5983,13.44M,690.89K,+5.4%,0.03%
219350105,GLW,Corning Inc,51253,19621,1.8M,687.56K,+62%,<.01%
896442308,TRIN,Trinity Capital Inc,556918,51316,7.38M,680.47K,+10.1%,0.02%
294600101,,Equitrans Midstream Corp,263450,70864,2.52M,677.57K,+36.8%,<.01%
47215P106,JD,JD.com Inc,159733,19795,5.45M,675.64K,+14.1%,0.01%
670657105,NEA,Nuveen AMT-Free Quality Municipal Incom,1475927,61386,16.13M,670.95K,+4.3%,0.04%
733174700,BPOP,Popular Inc,10964,10964,664K,664K,NEW,<.01%
67071L106,NVG,Nuveen AMT-Free Municipal Credit Income,1403553,56527,16.42M,661.38K,+4.2%,0.04%
840441109,SSB,SouthState Corp,10040,10040,661K,661K,NEW,<.01%
369550108,GD,General Dynamics Corp,31225,3061,6.72M,658.57K,+10.9%,0.01%
17888H103,CIVI,Bonanza Creek Energy Inc,10434,9393,724K,651.77K,+902.3%,<.01%
09261X102,BXSL,Blackstone Secured Lending Fund,1097421,23551,30.02M,644.35K,+2.2%,0.07%
68571X301,ORC,Orchid Island Capital Inc,276189,62055,2.86M,642.37K,+29%,<.01%
G6359F137,NBR,Nabors Industries Ltd,271874,6859,25.29M,638.11K,+2.6%,0.06%
09259E108,TCPC,BlackRock TCP Capital Corp,898033,58203,9.8M,635.02K,+6.9%,0.02%
000360206,AAON,AAON INC,6618,6618,627K,627K,NEW,<.01%
49456B101,KMI,Kinder Morgan Inc,637026,36393,10.97M,626.71K,+6.1%,0.02%
25809K105,DASH,DoorDash Inc,8053,8053,615K,615K,NEW,<.01%
03027X100,AMT,American Tower Corp,108157,3150,20.98M,610.91K,+3%,0.05%
01973R101,ALSN,Allison Transmission Holdings Inc,10749,10749,607K,607K,NEW,<.01%
05684B107,BCSF,Bain Capital Specialty Finance Inc,693017,44900,9.36M,606.62K,+6.9%,0.02%
758075402,RWT,Redwood Trust Inc,621051,95004,3.96M,605.16K,+18.1%,<.01%
14040H105,COF,Capital One Financial Corp,10060,5509,1.1M,602.92K,+121.1%,<.01%
70202L102,PSN,Parsons Corp,12835,12495,618K,601.63K,+3675%,<.01%
053807103,AVT,Avnet Inc,11881,11881,599K,599K,NEW,<.01%
122017106,BURL,Burlington Stores Inc,3758,3758,591K,591K,NEW,<.01%
15677J108,DAY,Ceridian HCM Holding Inc,8784,8784,588K,588K,NEW,<.01%
86771W105,RUN,Sunrun Inc,249721,32478,4.46M,580.05K,+15%,<.01%
Q4982L109,IREN,Iris Energy Ltd,933730,124147,4.35M,578.5K,+15.3%,<.01%
615394202,MOGA,Moog Inc,5449,5294,591K,574.19K,+3415.5%,<.01%
83413U100,SLRC,SLR Investment Corp,721722,39674,10.3M,566.15K,+5.8%,0.02%
45073V108,ITT,ITT Inc,24073,6056,2.24M,564.52K,+33.6%,<.01%
371901109,GNTX,Gentex Corp,73324,19171,2.15M,561.08K,+35.4%,<.01%
007973100,AEIS,Advanced Energy Industries Inc,4999,4999,557K,557K,NEW,<.01%
224408104,CR,Crane Co,6250,6250,557K,557K,NEW,<.01%
830830105,SKY,Skyline Champion Corp,8427,8427,552K,552K,NEW,<.01%
48666K109,KBH,KB Home,10655,10655,551K,551K,NEW,<.01%
874060205,TAK,Takeda Pharmaceutical Co Ltd,1051546,34691,16.52M,545K,+3.4%,0.04%
537008104,LFUS,Littelfuse Inc,7447,1862,2.17M,542.32K,+33.3%,<.01%
704326107,PAYX,Paychex Inc,64852,4838,7.25M,541.23K,+8.1%,0.02%
750236101,RDN,Radian Group Inc,21420,21420,541K,541K,NEW,<.01%
67098H104,OI,Owens-Illinois Inc,25250,25250,539K,539K,NEW,<.01%
746922103,PMO,Putnam Municipal Opportunities Trust,174130,52768,1.78M,538.8K,+43.5%,<.01%
G3421J106,,Ferguson PLC,32315,3419,5.08M,537.79K,+11.8%,0.01%
292671708,UUUU,Energy Fuels Inc/Canada,515807,85830,3.22M,535.31K,+20%,<.01%
872540109,TJX,TJX Cos Inc/The,255415,6303,21.66M,534.44K,+2.5%,0.05%
H2906T109,GRMN,Garmin Ltd,33194,5112,3.46M,533.16K,+18.2%,<.01%
44980X109,IPGP,IPG Photonics Corp,3920,3920,532K,532K,NEW,<.01%
95082P105,WCC,WESCO International Inc,7224,2963,1.29M,530.75K,+69.5%,<.01%
928298108,VSH,VISHAY INTERTECHNOLOGY INC,17813,17813,524K,524K,NEW,<.01%
197236102,COLB,Columbia Banking System Inc,25781,25781,523K,523K,NEW,<.01%
254709108,DFS,Discover Financial Services,10491,4439,1.23M,518.75K,+73.3%,<.01%
883556102,TMO,THERMO FISHER SCIENTIFIC INC,15158,991,7.91M,517.07K,+7%,0.02%
934550203,WMG,Warner Music Group Corp,39336,19812,1.03M,516.76K,+101.5%,<.01%
313855108,FSS,Federal Signal Corp,8024,8024,514K,514K,NEW,<.01%
292562105,WIRE,Encore Wire Corp,2755,2755,512K,512K,NEW,<.01%
70806A106,PFLT,PennantPark Floating Rate Capital Ltd,726596,47769,7.74M,508.72K,+7%,0.02%
706327103,PBA,Pembina Pipeline Corp,175685,16098,5.53M,506.26K,+10.1%,0.01%
48251K100,KREF,KKR Real Estate Finance Trust Inc,307417,41510,3.74M,505.14K,+15.6%,<.01%
053484101,AVB,AvalonBay Communities Inc,50183,2659,9.5M,503.26K,+5.6%,0.02%
159864107,CRL,Charles River Laboratories Internationa,55636,2387,11.7M,501.85K,+4.5%,0.03%
462222100,IONS,Ionis Pharmaceuticals Inc,31361,12186,1.29M,500.09K,+63.6%,<.01%
803607100,SRPT,Sarepta Therapeutics Inc,96791,4357,11.09M,498.99K,+4.7%,0.02%
22576C101,,Crescent Point Energy Corp,73512,73512,495K,495K,NEW,<.01%
784117103,SEIC,SEI Investments Co,35481,8292,2.12M,494.28K,+30.5%,<.01%
92534K107,VRTX,Vertex Energy Inc,252450,78957,1.58M,493.54K,+45.5%,<.01%
806882106,RDUS,Schnitzer Steel Industries Inc,99982,16389,3M,491.43K,+19.6%,<.01%
099724106,BWA,BorgWarner Inc,28026,10039,1.37M,491.1K,+55.8%,<.01%
62944T105,NVR,NVR Inc,629,77,4M,489.05K,+13.9%,<.01%
11133T103,BR,Broadridge Financial Solutions Inc,8860,2946,1.47M,487.79K,+49.8%,<.01%
916896103,UEC,Uranium Energy Corp,1201963,142724,4.09M,485.3K,+13.5%,<.01%
34959J108,FTV,Fortive Corp,15947,6475,1.19M,483.99K,+68.4%,<.01%
G0084W101,ADNT,Adient plc,28363,12627,1.09M,483.92K,+80.2%,<.01%
M7S64H106,MNDY,Monday.com Ltd,7930,2820,1.36M,482.92K,+55.2%,<.01%
87612G101,TRGP,Targa Resources Corp,71163,6326,5.42M,481.45K,+9.8%,0.01%
056752108,BIDU,Baidu Inc,3565,3504,488K,479.65K,+5744.3%,<.01%
311900104,FAST,Fastenal Co,92999,8101,5.49M,477.88K,+9.5%,0.01%
376546107,GAIN,Gladstone Investment Corp,520705,36331,6.79M,473.76K,+7.5%,0.01%
746823103,PMM,Putnam Managed Municipal Income Trust,252517,77748,1.54M,473.54K,+44.5%,<.01%
29977A105,EVR,Evercore Inc,15246,3808,1.88M,470.57K,+33.3%,<.01%
100557107,SAM,Boston Beer Co Inc/The,3358,1518,1.04M,468.33K,+82.5%,<.01%
26614N102,DD,DuPont de Nemours Inc,15470,6526,1.1M,466.14K,+73%,<.01%
008073108,AVAV,AeroVironment Inc,4639,4505,474K,460.31K,+3361.9%,<.01%
172908105,CTAS,Cintas Corp,13630,916,6.78M,455.31K,+7.2%,0.01%
460690100,IPG,Interpublic Group of Cos Inc/The,56348,11757,2.17M,453.6K,+26.4%,<.01%
29476L107,EQR,Equity Residential,125920,6856,8.31M,452.29K,+5.8%,0.02%
316500107,FDUS,Fidus Investment Corp,367547,22994,7.2M,450.69K,+6.7%,0.02%
493267108,KEY,KeyCorp,48328,48328,446K,446K,NEW,<.01%
35137L105,FOXA,Fox Corp,35431,13103,1.21M,445.63K,+58.7%,<.01%
87165B103,SYF,Synchrony Financial,12974,12974,440K,440K,NEW,<.01%
89677Y100,TPVG,TriplePoint Venture Growth BDC Corp,550931,37039,6.49M,436.32K,+7.2%,0.01%
278642103,EBAY,eBay Inc,24605,9733,1.1M,435.13K,+65.4%,<.01%
45337C102,INCY,Incyte Corp,182358,6982,11.35M,434.64K,+4%,0.02%
78467J100,SSNC,SS&C Technologies Holdings Inc,22683,7063,1.38M,428.15K,+45.2%,<.01%
053015103,ADP,Automatic Data Processing Inc,95475,1921,20.98M,422.21K,+2.1%,0.05%
09249N101,BLE,BlackRock Municipal Income Trust II,360701,39540,3.75M,411.62K,+12.3%,<.01%
115637209,BF.B,Brown-Forman Corp,148017,6154,9.88M,410.98K,+4.3%,0.02%
384802104,GWW,WW Grainger Inc,9085,514,7.16M,405.32K,+6%,0.02%
50077B207,KTOS,Kratos Defense & Security Solutions Inc,28896,28074,414K,402.22K,+3415.3%,<.01%
876030107,TPR,Tapestry Inc,25057,9318,1.07M,398.65K,+59.2%,<.01%
589378108,MRCY,Mercury Systems Inc,11753,11435,407K,395.99K,+3595.9%,<.01%
90384S303,ULTA,Ulta Beauty Inc,13051,834,6.14M,392.43K,+6.8%,0.01%
30225T102,EXR,Extra Space Storage Inc,47670,2601,7.1M,387.18K,+5.8%,0.02%
427866108,HSY,Hershey Co/The,22569,1544,5.63M,385.5K,+7.3%,0.01%
61174X109,MNST,Monster Beverage Corp,103529,6593,5.95M,378.72K,+6.8%,0.01%
14149Y108,CAH,Cardinal Health Inc,23132,4003,2.19M,378.63K,+20.9%,<.01%
866796105,SLF,Sun Life Financial Inc,57595,7243,3M,377.65K,+14.4%,<.01%
04013V108,ACRE,Ares Commercial Real Estate Corp,364873,37182,3.7M,377.35K,+11.3%,<.01%
013872106,AA,Alcoa Corp,96520,11000,3.27M,373.24K,+12.9%,<.01%
37733W204,GSK,GSK PLC,518289,10418,18.47M,371.3K,+2.1%,0.04%
46187W107,INVH,Invitation Homes Inc,205685,10755,7.08M,369.99K,+5.5%,0.02%
683715106,OTEX,Open Text Corp,14205,8760,591K,364.46K,+160.9%,<.01%
60937P106,MDB,MongoDB Inc,886,886,364K,364K,NEW,<.01%
671044105,OSIS,OSI Systems Inc,3174,3089,374K,363.98K,+3634.1%,<.01%
59522J103,MAA,Mid-America Apartment Communities Inc,40794,2332,6.2M,354.14K,+6.1%,0.01%
94106B101,WCN,Waste Connections Inc,55852,2458,7.98M,351.33K,+4.6%,0.02%
26875P101,EOG,EOG Resources Inc,32935,3052,3.77M,349.26K,+10.2%,<.01%
257651109,DCI,Donaldson Co Inc,56406,5587,3.53M,349.25K,+11%,<.01%
452327109,ILMN,Illumina Inc,112444,1861,21.08M,348.92K,+1.7%,0.05%
69888T207,PARR,Par Pacific Holdings Inc,13047,13047,347K,347K,NEW,<.01%
248356107,DNN,Denison Mines Corp,2625523,275833,3.28M,344.91K,+11.7%,<.01%
015271109,ARE,Alexandria Real Estate Equities Inc,58322,3023,6.62M,343.08K,+5.5%,0.01%
315616102,FFIV,F5 Inc,4379,2342,640K,342.29K,+115%,<.01%
29364G103,ETR,Entergy Corp,56723,3417,5.52M,332.71K,+6.4%,0.01%
550021109,LULU,Lululemon Athletica Inc,30797,876,11.66M,331.55K,+2.9%,0.03%
136385101,CNQ,Canadian Natural Resources Ltd,21376,5869,1.2M,330.3K,+37.8%,<.01%
217204106,CPRT,Copart Inc,60832,3551,5.55M,323.86K,+6.2%,0.01%
866674104,SUI,Sun Communities Inc,42978,2449,5.61M,319.5K,+6%,0.01%
775711104,ROL,Rollins Inc,37113,7431,1.59M,318.36K,+25%,<.01%
989207105,ZBRA,Zebra Technologies Corp,7511,1067,2.22M,315.65K,+16.6%,<.01%
64110L106,NFLX,Netflix Inc,11409,715,5.03M,314.98K,+6.7%,0.01%
848637104,,Splunk Inc,6226,2961,661K,314.36K,+90.7%,<.01%
87807B107,TRP,TC Energy Corp,278766,7717,11.27M,311.98K,+2.8%,0.02%
H84989104,TEL,TE Connectivity Ltd,39176,2204,5.49M,308.92K,+6%,0.01%
23345M107,DTM,DT Midstream Inc,31952,6227,1.58M,308.7K,+24.2%,<.01%
816851109,SRE,Sempra,82916,2114,12.07M,307.78K,+2.6%,0.03%
36467W109,GME,GameStop Corp,1182313,12555,28.67M,304.46K,+1.1%,0.06%
98389B100,XEL,Xcel Energy Inc,134307,4891,8.35M,304.08K,+3.8%,0.02%
29444U700,EQIX,Equinix Inc,14256,387,11.18M,303.39K,+2.8%,0.02%
98980A105,ZTO,ZTO Express Cayman Inc,12282,12000,308K,300.93K,+4255.3%,<.01%
09247D105,BKN,BlackRock Investment Quality Municipal,118611,25706,1.38M,298.86K,+27.7%,<.01%
025537101,AEP,American Electric Power Co Inc,137282,3504,11.56M,295.03K,+2.6%,0.03%
34964C106,FBIN,Fortune Brands Innovations Inc,25158,4073,1.81M,293.03K,+19.3%,<.01%
15643U104,LEU,USEC INC,41019,8978,1.34M,292.42K,+28%,<.01%
457187102,INGR,Ingredion Inc,22489,2750,2.38M,291.4K,+13.9%,<.01%
001055102,AFL,Aflac Inc,71239,4133,4.97M,288.46K,+6.2%,0.01%
02665T306,AMH,American Homes 4 Rent,105486,8127,3.74M,288.07K,+8.3%,<.01%
125523100,CI,Cigna Group/The,13794,1018,3.87M,285.68K,+8%,<.01%
962166104,WY,Weyerhaeuser Co,42759,8470,1.43M,283.66K,+24.7%,<.01%
71654V408,PBR,Petroleo Brasileiro SA,73813,20479,1.02M,283.27K,+38.4%,<.01%
42824C109,HPE,Hewlett Packard Enterprise Co,67071,16642,1.13M,279.64K,+33%,<.01%
14316J108,CG,Carlyle Group Inc/The,29598,8734,946K,279.15K,+41.9%,<.01%
749607107,RLI,RLI Corp,6964,2033,950K,277.33K,+41.2%,<.01%
29273V100,ET,Energy Transfer LP,121251,21811,1.54M,277.02K,+21.9%,<.01%
405552100,HLN,Haleon PLC,2081101,33032,17.44M,276.81K,+1.6%,0.04%
928881101,VNT,Vontier Corp,20578,8532,663K,274.89K,+70.8%,<.01%
297178105,ESS,Essex Property Trust Inc,23086,1171,5.41M,274.36K,+5.3%,0.01%
67079K100,SMR,NuScale Power Corp,94951,39906,646K,271.5K,+72.5%,<.01%
70438V106,PCTY,Paylocity Holding Corp,6251,1471,1.15M,271.33K,+30.8%,<.01%
92936U109,WPC,WP Carey Inc,68194,3996,4.61M,269.96K,+6.2%,0.01%
30161N101,EXC,Exelon Corp,263246,6618,10.72M,269.63K,+2.6%,0.02%
058586108,BLDP,Ballard Power Systems Inc,1844579,60244,8.04M,262.68K,+3.4%,0.02%
18270D106,CMTG,Claros Mortgage Trust Inc,286602,22959,3.25M,260.35K,+8.7%,<.01%
030420103,AWK,American Water Works Co Inc,49488,1808,7.06M,258.08K,+3.8%,0.02%
05759B107,BKKT,Bakkt Holdings Inc,1669942,209330,2.05M,257.47K,+14.3%,<.01%
G02602103,DOX,Amdocs Ltd,31159,2599,3.08M,256.91K,+9.1%,<.01%
902653104,UDR,UDR INC,111485,5953,4.79M,255.72K,+5.6%,0.01%
293792107,EPD,Enterprise Products Partners LP,59654,9361,1.57M,246.68K,+18.6%,<.01%
000957100,ABM,ABM Industries Inc,53556,5764,2.28M,245.82K,+12.1%,<.01%
69318G106,PBF,PBF Energy Inc,30805,5987,1.26M,245.08K,+24.1%,<.01%
73939C106,PWSC,PowerSchool Holdings Inc,12628,12628,242K,242K,NEW,<.01%
23918K108,DVA,DaVita Inc,6653,2394,669K,240.73K,+56.2%,<.01%
V5633W109,MMYT,MakeMyTrip Ltd,20046,8900,541K,240.19K,+79.8%,<.01%
501044101,KR,Kroger Co/The,83377,5065,3.92M,238.01K,+6.5%,<.01%
55261F104,MTB,M&T Bank Corp,4202,1887,520K,233.52K,+81.5%,<.01%
871829107,SYY,Sysco Corp,59592,3103,4.42M,230.26K,+5.5%,<.01%
443628102,HBM,HudBay Minerals Inc,167106,47921,801K,229.7K,+40.2%,<.01%
67103H107,ORLY,O'Reilly Automotive Inc,6637,240,6.34M,229.26K,+3.8%,0.01%
896945201,TRIP,TripAdvisor Inc,29435,13804,485K,227.45K,+88.3%,<.01%
30040W108,ES,Eversource Energy,84960,3186,6.03M,225.94K,+3.9%,0.01%
29472R108,ELS,Equity LifeStyle Properties Inc,61779,3367,4.13M,225.2K,+5.8%,<.01%
023608102,AEE,Ameren Corp,68456,2753,5.59M,224.85K,+4.2%,0.01%
778296103,ROST,Ross Stores Inc,30508,2005,3.42M,224.83K,+7%,<.01%
46982L108,J,Jacobs Solutions Inc,4220,1889,502K,224.71K,+81%,<.01%
12532H104,GIB,CGI Inc,26542,2124,2.8M,224.07K,+8.7%,<.01%
76954A103,RIVN,Rivian Automotive Inc,221538,13312,3.69M,221.79K,+6.4%,<.01%
751212101,RL,Ralph Lauren Corp,4595,1796,567K,221.62K,+64.2%,<.01%
726503105,PAA,Plains All American Pipeline LP,61443,15690,866K,221.14K,+34.3%,<.01%
133131102,CPT,Camden Property Trust,36644,2010,3.99M,218.8K,+5.8%,<.01%
49446R109,KIM,Kimco Realty Corp,213844,11078,4.22M,218.46K,+5.5%,<.01%
049560105,ATO,Atmos Energy Corp,37622,1862,4.38M,216.63K,+5.2%,<.01%
98954M200,Z,Zillow Group Inc,4303,4303,216K,216K,NEW,<.01%
349553107,FTS,Fortis Inc/Canada,118260,4905,5.1M,211.49K,+4.3%,0.01%
53223X107,,Life Storage Inc,27657,1568,3.68M,208.47K,+6%,<.01%
00287Y109,ABBV,AbbVie Inc,158891,1537,21.41M,207.09K,+1%,0.05%
76169C100,REXR,Rexford Industrial Realty Inc,64402,3964,3.36M,207K,+6.6%,<.01%
45167R104,IEX,IDEX Corp,9504,957,2.05M,206.02K,+11.2%,<.01%
37045V100,GM,General Motors Co,27746,5281,1.07M,203.66K,+23.5%,<.01%
74758T303,QLYS,Qualys Inc,6493,1571,839K,203K,+31.9%,<.01%
281020107,EIX,Edison International,92127,2911,6.4M,202.16K,+3.3%,0.01%
533900106,LECO,Lincoln Electric Holdings Inc,8871,1017,1.76M,202K,+12.9%,<.01%
42250P103,DOC,Healthpeak Properties Interim Inc,194499,9946,3.91M,199.89K,+5.4%,<.01%
538034109,LYV,Live Nation Entertainment Inc,6553,2162,597K,196.97K,+49.2%,<.01%
17253J106,CIFR,Cipher Mining Inc,1147452,68800,3.28M,196.73K,+6.4%,<.01%
053611109,AVY,Avery Dennison Corp,10567,1145,1.81M,196.67K,+12.2%,<.01%
09257P105,BTT,BlackRock Municipal 2030 Target Term Tr,377910,9397,7.85M,195.27K,+2.5%,0.02%
55336V100,MPLX,MPLX LP,39010,5645,1.32M,191.59K,+16.9%,<.01%
833034101,SNA,Snap-On Inc,7080,650,2.04M,187.29K,+10.1%,<.01%
M2682V108,CYBR,CyberArk Software Ltd,13043,1193,2.04M,186.5K,+10.1%,<.01%
65473P105,NI,NiSource Inc,117709,6758,3.22M,184.81K,+6.1%,<.01%
46131M106,VGM,Invesco Trust for Investment Grade Muni,367644,18792,3.57M,182.48K,+5.4%,<.01%
73278L105,POOL,Pool Corp,7162,486,2.68M,182.06K,+7.3%,<.01%
92939U106,WEC,WEC Energy Group Inc,83528,2027,7.37M,178.87K,+2.5%,0.02%
171340102,CHD,Church & Dwight Co Inc,29221,1760,2.93M,176.42K,+6.4%,<.01%
758849103,REG,Regency Centers Corp,56936,2853,3.52M,176.23K,+5.3%,<.01%
931427108,WBA,Walgreens Boots Alliance Inc,100791,6180,2.87M,176.04K,+6.5%,<.01%
745867101,PHM,PulteGroup Inc,36818,2255,2.86M,175.17K,+6.5%,<.01%
229663109,CUBE,CubeSmart,72674,3903,3.25M,174.33K,+5.7%,<.01%
09253N104,MHD,BlackRock MuniHoldings Fund Inc,395755,14945,4.6M,173.82K,+3.9%,0.01%
13646K108,CP,Canadian Pacific Railway Ltd,117295,2143,9.48M,173.15K,+1.9%,0.02%
296006109,ERO,ERO Copper Corp,87708,8472,1.77M,171.45K,+10.7%,<.01%
89055F103,BLD,TopBuild Corp,4612,642,1.23M,170.8K,+16.2%,<.01%
29670G102,WTRG,Essential Utilities Inc,65881,4238,2.63M,169.18K,+6.9%,<.01%
559080106,,Magellan Midstream Partners LP,24675,2712,1.54M,169.04K,+12.3%,<.01%
72703X106,PL,Planet Labs PBC,123581,51938,398K,167.27K,+72.5%,<.01%
78410G104,SBAC,SBA Communications Corp,21743,721,5.04M,167.09K,+3.4%,0.01%
833445109,SNOW,Snowflake Inc,6778,945,1.19M,166.33K,+16.2%,<.01%
46132C107,VMO,Invesco Municipal Opportunity Trust,455625,17488,4.31M,165.43K,+4%,<.01%
46131J103,VKQ,Invesco Municipal Trust,374479,16984,3.53M,160.14K,+4.8%,<.01%
82489W107,SHLS,Shoals Technologies Group Inc,172067,6192,4.4M,158.27K,+3.7%,<.01%
125141101,CECO,Ceco Environmental Corp,110219,11729,1.47M,156.75K,+11.9%,<.01%
29414B104,EPAM,EPAM Systems Inc,7516,697,1.69M,156.63K,+10.2%,<.01%
958669103,WES,Western Midstream Partners LP,25768,5904,683K,156.49K,+29.7%,<.01%
445658107,JBHT,JB Hunt Transport Services Inc,11567,854,2.09M,154.6K,+8%,<.01%
942622200,WSO,watsco inc,5193,404,1.98M,154.12K,+8.4%,<.01%
88262P102,TPL,Texas Pacific Land Corp,1231,117,1.62M,154.07K,+10.5%,<.01%
264147109,DCO,Ducommun Inc,6726,3504,293K,152.64K,+108.8%,<.01%
67079X102,NDMO,Nuveen Dynamic Municipal Opportunities,237561,14990,2.42M,152.45K,+6.7%,<.01%
025816109,AXP,American Express Co,59236,865,10.32M,150.68K,+1.5%,0.02%
655663102,NDSN,Nordson Corp,6685,602,1.66M,149.4K,+9.9%,<.01%
101121101,BXP,BOSTON PROPERTIES INC,49069,2588,2.83M,149.05K,+5.6%,<.01%
34965K107,FTRE,Fortrea Holdings Inc,4359,4359,148K,148K,NEW,<.01%
46132P108,IIM,Invesco Value Municipal Income Trust,315480,12357,3.73M,146.06K,+4.1%,<.01%
256677105,DG,Dollar General Corp,19359,854,3.29M,145K,+4.6%,<.01%
M3760D101,ESLT,Elbit Systems Ltd,7514,690,1.57M,144.17K,+10.1%,<.01%
313745101,FRT,Federal Realty Investment Trust,26545,1488,2.57M,144.01K,+5.9%,<.01%
M22465104,CHKP,Check Point Software Technologies Ltd,44037,1137,5.53M,142.83K,+2.7%,0.01%
15135B101,CNC,Centene Corp,8304,2105,560K,141.96K,+34%,<.01%
46133G107,IQI,Invesco Quality Municipal Income Trust,357185,14780,3.42M,141.31K,+4.3%,<.01%
27579R104,EWBC,East West Bancorp Inc,20831,2655,1.1M,140.2K,+14.6%,<.01%
09253R105,MVF,BlackRock MuniVest Fund Inc,479353,20786,3.23M,139.89K,+4.5%,<.01%
29362U104,ENTG,Entegris Inc,50547,1262,5.6M,139.86K,+2.6%,0.01%
09254F100,MQY,BlackRock MuniYield Quality Fund Inc,490662,12076,5.68M,139.72K,+2.5%,0.01%
M98068105,WIX,Wix.com Ltd,13581,1781,1.06M,139.4K,+15.1%,<.01%
199908104,FIX,Comfort Systems USA Inc,5301,843,870K,138.35K,+18.9%,<.01%
G491BT108,IVZ,Invesco Ltd,20604,8197,347K,138.05K,+66.1%,<.01%
78709Y105,SAIA,Saia Inc,4061,394,1.39M,134.96K,+10.7%,<.01%
30214U102,EXPO,Exponent Inc,8911,1426,832K,133.14K,+19.1%,<.01%
69351T106,PPL,PPL Corp,194951,5013,5.16M,132.66K,+2.6%,0.01%
60741F104,MBLY,Mobileye Global Inc,16566,3367,636K,129.27K,+25.5%,<.01%
125896100,CMS,CMS Energy Corp,70881,2186,4.16M,128.42K,+3.2%,<.01%
89377M109,TMDX,TransMedics Group Inc,1530,1530,128K,128K,NEW,<.01%
42226K105,HR,Healthcare Realty Trust Inc,123510,6681,2.33M,125.98K,+5.7%,<.01%
15189T107,CNP,CenterPoint Energy Inc,164054,4304,4.78M,125.48K,+2.7%,0.01%
670928100,NUV,Nuveen Municipal Value Fund Inc,935572,14305,8.14M,124.45K,+1.6%,0.02%
053332102,AZO,AutoZone Inc,1648,49,4.11M,122.17K,+3.1%,<.01%
98156Q108,,World Wrestling Entertainment Inc,6448,1121,699K,121.52K,+21%,<.01%
256746108,DLTR,Dollar Tree Inc,18593,824,2.67M,118.24K,+4.6%,<.01%
007800105,,Aerojet Rocketdyne Holdings Inc,10742,2151,589K,117.94K,+25%,<.01%
09254E103,MYI,BlackRock MuniYield Quality Fund III In,455966,10715,4.99M,117.22K,+2.4%,0.01%
624756102,MLI,Mueller Industries Inc,9312,1313,813K,114.63K,+16.4%,<.01%
M6158M104,ITRN,Ituran Location and Control Ltd,7369,4867,172K,113.6K,+194.5%,<.01%
653656108,NICE,Nice Ltd,16490,550,3.4M,113.57K,+3.5%,<.01%
46132E103,VKI,Invesco Advantage Municipal Income Trus,299274,13451,2.52M,113.13K,+4.7%,<.01%
05501U106,AZULQ,Azul SA,73726,8217,1.01M,112.46K,+12.5%,<.01%
90278Q108,UFPI,UFP Industries Inc,9921,1153,963K,111.92K,+13.2%,<.01%
32054K103,FR,First Industrial Realty Trust Inc,39870,2119,2.1M,111.56K,+5.6%,<.01%
655844108,NSC,Norfolk Southern Corp,36441,490,8.26M,111.11K,+1.4%,0.02%
736508847,POR,Portland General Electric Co,23473,2373,1.1M,111.1K,+11.2%,<.01%
200340107,CMA,Comerica Inc,12304,2615,521K,110.73K,+27%,<.01%
27827X101,EIM,Eaton Vance Municipal Bond Fund,479272,11124,4.77M,110.69K,+2.4%,0.01%
695156109,PKG,Packaging Corp of America,14599,836,1.93M,110.46K,+6.1%,<.01%
90138F102,TWLO,Twilio Inc,7089,1734,451K,110.32K,+32.4%,<.01%
09253W104,MYD,BlackRock MuniYield Fund Inc,317743,10421,3.32M,108.79K,+3.4%,<.01%
426281101,JKHY,Jack Henry & Associates Inc,10568,639,1.77M,106.9K,+6.4%,<.01%
770700102,HOOD,Robinhood Markets Inc,54053,10627,539K,105.97K,+24.5%,<.01%
98980L101,ZM,Zoom Video Communications Inc,6532,1561,443K,105.87K,+31.4%,<.01%
302941109,FCN,FTI CONSULTING INC,4583,548,872K,104.27K,+13.6%,<.01%
46132X101,OIA,Invesco Municipal Income Opportunities,181762,16576,1.13M,103.42K,+10%,<.01%
26969P108,EXP,EAGLE MATERIALS INC,5283,552,985K,102.92K,+11.7%,<.01%
35138V102,FOXF,Fox Factory Holding Corp,6043,935,656K,101.5K,+18.3%,<.01%
637417106,NNN,National Retail Properties Inc,49988,2361,2.14M,101.03K,+5%,<.01%
03676B102,AM,Antero Midstream Corp,98604,8621,1.14M,100.02K,+9.6%,<.01%
681936100,OHI,Omega Healthcare Investors Inc,70405,3244,2.16M,99.57K,+4.8%,<.01%
09263B108,BKSY,BlackSky Technology Inc,44649,44649,99K,99K,NEW,<.01%
G7709Q104,RPRX,Royalty Pharma PLC,3223,3223,99K,99K,NEW,<.01%
V7780T103,RCL,Royal Caribbean Cruises Ltd,3158,944,328K,98.05K,+42.6%,<.01%
15961R105,CHPT,ChargePoint Holdings Inc,96411,11047,847K,97.05K,+12.9%,<.01%
515098101,LSTR,Landstar System Inc,6238,503,1.2M,96.84K,+8.8%,<.01%
95766M105,MMU,Western Asset Managed Municipals Fund I,324263,9698,3.22M,96.3K,+3.1%,<.01%
500754106,KHC,Kraft Heinz Co/The,48144,2663,1.71M,94.53K,+5.9%,<.01%
03820C105,AIT,Applied Industrial Technologies Inc,5432,644,787K,93.3K,+13.5%,<.01%
M87915274,TSEM,Tower Semiconductor Ltd,34735,2473,1.3M,92.77K,+7.7%,<.01%
29084Q100,EME,EMCOR GROUP INC,6951,500,1.28M,92.36K,+7.8%,<.01%
018802108,LNT,Alliant Energy Corp,66559,1757,3.49M,92.21K,+2.7%,<.01%
174610105,CFG,Citizens Financial Group Inc,3542,3542,92K,92K,NEW,<.01%
192422103,CGNX,Cognex Corp,22764,1636,1.27M,91.63K,+7.7%,<.01%
942749102,WTS,WATTS WATER TECHNOLOGIES INC,4321,498,794K,91.51K,+13%,<.01%
30034W106,EVRG,Evergy Inc,60006,1519,3.51M,88.75K,+2.6%,<.01%
03662Q105,ANSS,ANSYS Inc,265,265,88K,88K,NEW,<.01%
047649108,ATKR,Atkore Inc,6094,561,950K,87.45K,+10.1%,<.01%
379577208,GMED,Globus Medical Inc,13361,1453,796K,86.56K,+12.2%,<.01%
03957W106,AROC,Archrock Inc,27609,8376,283K,85.86K,+43.6%,<.01%
09248F109,BFK,BlackRock Municipal Income Trust,334125,8520,3.32M,84.68K,+2.6%,<.01%
303075105,FDS,Factset Research Systems Inc,4552,210,1.82M,84.15K,+4.8%,<.01%
27826U108,EVN,Eaton Vance Municipal Income Trust,266781,8389,2.65M,83.46K,+3.2%,<.01%
92766K106,SPCE.MX,Virgin Galactic Holdings Inc,80114,21269,311K,82.57K,+36.1%,<.01%
553530106,MSM,MSC Industrial Direct Co Inc,8295,861,790K,82K,+11.6%,<.01%
G4705A100,ICLR,ICON PLC,85678,327,21.44M,81.82K,+0.4%,0.05%
008492100,ADC,Agree Realty Corp,24795,1247,1.62M,81.52K,+5.3%,<.01%
784305104,HTO,SJW Group,7785,1162,546K,81.5K,+17.5%,<.01%
456788108,INFY,Infosys Ltd,144578,5035,2.32M,80.9K,+3.6%,<.01%
806407102,HSIC,Henry Schein Inc,16316,978,1.32M,79.3K,+6.4%,<.01%
302081104,EXLS,ExlService Holdings Inc,4661,523,704K,78.99K,+12.6%,<.01%
69047Q102,OVV,Ovintiv Inc,7666,2072,292K,78.92K,+37%,<.01%
69331C108,PCG,PG&E Corp,741190,4554,12.81M,78.69K,+0.6%,0.03%
83175M205,SNN,Smith & Nephew PLC,7120,2419,230K,78.14K,+51.5%,<.01%
64110D104,NTAP,NETAPP INC,3656,1019,279K,77.76K,+38.6%,<.01%
632307104,NTRA,Natera Inc,118771,1572,5.78M,76.49K,+1.3%,0.01%
277276101,EGP,EastGroup Properties Inc,4963,438,862K,76.07K,+9.7%,<.01%
09739D100,BCC,Boise Cascade Co,7763,837,702K,75.69K,+12.1%,<.01%
96145D105,,Westrock Co,11854,2599,345K,75.64K,+28.1%,<.01%
254543101,DIOD,Diodes Inc,6330,812,585K,75.04K,+14.7%,<.01%
G3323L100,FN,Fabrinet,5370,574,697K,74.5K,+12%,<.01%
026874784,AIG,American International Group Inc,18223,1286,1.05M,74.03K,+7.6%,<.01%
29530P102,ERIE,Erie Indemnity Co,3628,349,762K,73.3K,+10.6%,<.01%
05278C107,ATHM,Autohome Inc,2519,2519,73K,73K,NEW,<.01%
74164M108,PRI,Primerica Inc,4668,369,923K,72.96K,+8.6%,<.01%
278768106,ECHO,EchoStar Corp,13921,4171,241K,72.21K,+42.8%,<.01%
49714P108,KNSL,Kinsale Capital Group Inc,3234,190,1.21M,71.09K,+6.2%,<.01%
860630102,SF,Stifel Financial Corp,13580,1164,810K,69.43K,+9.4%,<.01%
530307305,LBRDK,Liberty Broadband Corp,859,859,69K,69K,NEW,<.01%
45780R101,IBP,Installed Building Products Inc,6114,479,857K,67.14K,+8.5%,<.01%
26622P107,DOCS,Doximity Inc,1971,1971,67K,67K,NEW,<.01%
723484101,PNW,Pinnacle West Capital Corp,30762,805,2.51M,65.58K,+2.7%,<.01%
499049104,KNX,Swift Transportation Co,1164,1164,65K,65K,NEW,<.01%
88105P103,,Terran Orbital Corp,43379,43379,65K,65K,NEW,<.01%
552848103,MTG,MGIC Investment Corp,41488,3930,655K,62.05K,+10.5%,<.01%
739276103,POWI,Power Integrations Inc,8704,654,824K,61.91K,+8.1%,<.01%
52567D107,LMND,Lemonade Inc,19854,3657,335K,61.71K,+22.6%,<.01%
M5216V106,GLBE,Global-e Online Ltd,23465,1480,961K,60.61K,+6.7%,<.01%
378973408,GSAT,Globalstar Inc,323283,55762,349K,60.2K,+20.8%,<.01%
879360105,TDY,Teledyne Technologies Inc,147,147,60K,60K,NEW,<.01%
82982L103,SITE,SiteOne Landscape Supply Inc,6069,358,1.02M,59.93K,+6.3%,<.01%
668074305,NWE,NorthWestern Corp,15029,1046,854K,59.44K,+7.5%,<.01%
09254J102,MUA,BlackRock MuniAssets Fund Inc,207060,5832,2.11M,59.37K,+2.9%,<.01%
G3198U102,ESNT,Essent Group Ltd,15820,1267,740K,59.27K,+8.7%,<.01%
69370C100,PTC,PTC Inc,415,415,59K,59K,NEW,<.01%
48203R104,JNPR,Juniper Networks Inc,7485,1874,235K,58.84K,+33.4%,<.01%
45378A106,IRT,Independence Realty Trust Inc,66928,3222,1.22M,58.68K,+5.1%,<.01%
64124P101,NBH,Neuberger Berman Municipal Fund Inc,128682,5653,1.32M,58.12K,+4.6%,<.01%
74251V102,PFG,Principal Financial Group Inc,33321,764,2.53M,57.94K,+2.3%,<.01%
04247X102,AWI,Armstrong World Industries Inc,6690,788,491K,57.83K,+13.4%,<.01%
723760104,MIO,Pioneer Municipal High Income Opportuni,126804,5231,1.36M,56.27K,+4.3%,<.01%
513847103,MZTI,Lancaster Colony Corp,2809,279,565K,56.12K,+11%,<.01%
40434L105,HPQ,HP Inc,25424,1822,781K,55.97K,+7.7%,<.01%
773122106,RKLB,Rocket Lab USA Inc,93840,9265,563K,55.59K,+11%,<.01%
00402L107,ASO,Academy Sports & Outdoors Inc,10817,1014,585K,54.84K,+10.3%,<.01%
025932104,AFG,American Financial Group Inc/OH,8974,452,1.07M,53.69K,+5.3%,<.01%
92552V100,VSAT,Viasat Inc,13096,1292,540K,53.27K,+10.9%,<.01%
22788C105,CRWD,Crowdstrike Holdings Inc,4894,361,719K,53.04K,+8%,<.01%
90400D108,RARE,Ultragenyx Pharmaceutical Inc,1149,1149,53K,53K,NEW,<.01%
353514102,FELE,Franklin Electric Co Inc,5974,513,615K,52.81K,+9.4%,<.01%
670663103,NMCO,Nuveen Municipal Credit Opportunities F,252065,4860,2.73M,52.58K,+2%,<.01%
980745103,WWD,Woodward Inc,6982,440,830K,52.31K,+6.7%,<.01%
451107106,IDA,IDACORP Inc,12710,508,1.3M,52.12K,+4.2%,<.01%
03743Q108,APA,APA Corp,6098,1513,208K,51.61K,+33%,<.01%
531229854,,Liberty Media Corp-Liberty Formula One,5125,684,386K,51.52K,+15.4%,<.01%
M9T951109,ZIM,ZIM Integrated Shipping Services Ltd,31543,4145,391K,51.38K,+15.1%,<.01%
68404L201,OPCH,OPTION CARE HEALTH INC,9963,1576,324K,51.25K,+18.8%,<.01%
226344208,,Crestwood Equity Partners LP,10527,1930,279K,51.15K,+22.4%,<.01%
72200W106,PML,PIMCO Municipal Income Fund II,244250,5657,2.21M,51.14K,+2.4%,<.01%
68235P108,OGS,ONE Gas Inc,13339,658,1.02M,50.56K,+5.2%,<.01%
00508Y102,AYI,Acuity Brands Inc,4524,309,738K,50.41K,+7.3%,<.01%
92189F437,ANGL,VanEck Fallen Angel High Yield Bond ETF,5418,1806,150K,50K,+50%,<.01%
929042109,VNO,Vornado Realty Trust,56661,2755,1.03M,49.98K,+5.1%,<.01%
453038408,IMO,Imperial Oil Ltd,3519,975,180K,49.87K,+38.3%,<.01%
670837103,OGE,OGE Energy Corp,54540,1332,1.96M,47.84K,+2.5%,<.01%
32020R109,FFIN,First Financial Bankshares Inc,18714,1649,533K,46.97K,+9.7%,<.01%
436893200,HOMB,Home Bancshares Inc/AR,24282,2044,554K,46.63K,+9.2%,<.01%
092113109,BKH,Black Hills Corp,16104,774,970K,46.62K,+5%,<.01%
42726M106,,Heritage-Crystal Clean Inc,61848,1223,2.34M,46.21K,+2%,<.01%
24703L202,DELL,Dell Technologies Inc,7273,852,394K,46.16K,+13.3%,<.01%
36262G101,GXO,GXO Logistics Inc,2919,733,183K,45.95K,+33.5%,<.01%
816300107,SIGI,Selective Insurance Group Inc,7512,468,721K,44.92K,+6.6%,<.01%
737630103,PCH,PotlatchDeltic Corp,12393,838,655K,44.29K,+7.3%,<.01%
92189H102,DURA,VanEck Durable High Dividend ETF,154155,1385,4.91M,44.14K,+0.9%,0.01%
58506Q109,MEDP,Medpace Holdings Inc,4164,182,1M,43.71K,+4.6%,<.01%
117043109,BC,Brunswick Corp/DE,10079,501,873K,43.39K,+5.2%,<.01%
24610T108,VFL,abrdn National Municipal Income Fund,84233,4300,846K,43.19K,+5.4%,<.01%
136635109,CSIQ,Canadian Solar Inc,18171,1115,703K,43.14K,+6.5%,<.01%
958102105,WDC,Western Digital Corp,11423,1134,433K,42.99K,+11%,<.01%
M6191J100,FROG,JFrog Ltd,23694,1551,656K,42.94K,+7%,<.01%
M78673114,PERI,Perion Network Ltd,14839,1392,455K,42.68K,+10.4%,<.01%
09254C107,MUE,BlackRock MuniHoldings Quality Fund II,166719,4387,1.62M,42.6K,+2.7%,<.01%
056525108,BMI,Badger Meter Inc,11405,284,1.68M,41.91K,+2.6%,<.01%
57667L107,MTCH,Match Group Inc,5094,980,213K,40.98K,+23.8%,<.01%
116794108,BRKR,Bruker Corp,25998,553,1.92M,40.88K,+2.2%,<.01%
M51474118,GILT,Gilat Satellite Networks Ltd,41925,6534,261K,40.68K,+18.5%,<.01%
09254G108,MQT,BlackRock MuniYield Quality Fund II Inc,152560,3997,1.53M,40.22K,+2.7%,<.01%
130788102,CWT,California Water Service Group,14125,761,730K,39.33K,+5.7%,<.01%
09662W109,DMB,BNY Mellon Municipal Bond Infrastructur,97500,3652,1.05M,39.33K,+3.9%,<.01%
16359R103,CHE,Chemed Corp,4210,72,2.28M,38.99K,+1.7%,<.01%
205826209,CMTL,Comtech Telecommunications Corp,11905,4183,109K,38.3K,+54.2%,<.01%
172755100,CRUS,CIRRUS LOGIC INC,7979,470,646K,38.05K,+6.3%,<.01%
54975P102,,Lufax Holding Ltd,26421,26421,38K,38K,NEW,<.01%
70014A104,PKE,Park Aerospace Corp,7410,2753,102K,37.9K,+59.1%,<.01%
29336T100,ENLC,EnLink Midstream LLC,70379,3565,746K,37.79K,+5.3%,<.01%
718546104,PSX,Phillips 66,32295,395,3.08M,37.67K,+1.2%,<.01%
532746104,LMNR,Limoneira Co,2368,2368,37K,37K,NEW,<.01%
94106L109,WM,Waste Management Inc,47510,212,8.24M,36.77K,+0.4%,0.02%
44107P104,HST,HOST HOTELS & RESORTS INC,80037,2150,1.35M,36.18K,+2.8%,<.01%
674215207,CHRD,Oasis Petroleum Inc,803,230,124K,35.52K,+40.1%,<.01%
25659T107,DLB,Dolby Laboratories Inc,7768,424,650K,35.48K,+5.8%,<.01%
03674X106,AR,Antero Resources Corp,5242,1527,121K,35.25K,+41.1%,<.01%
147448104,CWST,Casella Waste Systems Inc,29130,387,2.63M,35.01K,+1.3%,<.01%
670695105,NUW,Nuveen AMT-Free Municipal Value Fund,95031,2499,1.3M,34.32K,+2.7%,<.01%
626755102,MUSA,Murphy USA Inc,393,110,122K,34.15K,+38.9%,<.01%
67000B104,NOVT,Novanta Inc,185,185,34K,34K,NEW,<.01%
11135E203,BNL,Broadstone Net Lease Inc,21106,2179,326K,33.66K,+11.5%,<.01%
20441B605,ELP,Cia Paranaense de Energia,29826,3882,257K,33.45K,+15%,<.01%
629377508,NRG,NRG ENERGY INC,3103,885,116K,33.08K,+39.9%,<.01%
209115104,ED,Consolidated Edison Inc,84579,365,7.65M,33K,+0.4%,0.02%
539830109,LMT,Lockheed Martin Corp,36460,71,16.79M,32.69K,+0.2%,0.04%
05379B107,AVA,Avista Corp,18231,832,716K,32.68K,+4.8%,<.01%
97651M109,WIT,Wipro Ltd,23165,6867,109K,32.31K,+42.1%,<.01%
984245100,YPF,YPF SA,7801,2164,116K,32.18K,+38.4%,<.01%
419870100,HE,Hawaiian Electric Industries Inc,29163,889,1.05M,32.16K,+3.1%,<.01%
314211103,FHI,Federated Hermes Inc,12610,896,452K,32.12K,+7.6%,<.01%
03064D108,COLD,Americold Realty Trust,30564,994,987K,32.1K,+3.4%,<.01%
29670E107,EPRT,Essential Properties Realty Trust Inc,16706,1333,393K,31.36K,+8.7%,<.01%
G9470A102,VTEX,VTEX,29333,6419,141K,30.86K,+28%,<.01%
626717102,MUR,Murphy Oil Corp,2904,789,111K,30.16K,+37.3%,<.01%
45826J105,NTLA,Intellia Therapeutics Inc,84542,731,3.45M,29.81K,+0.9%,<.01%
02215L209,KNTK,Kinetik Holdings Inc,7614,837,268K,29.46K,+12.4%,<.01%
205887102,CAG,Conagra Brands Inc,23281,871,785K,29.37K,+3.9%,<.01%
11275Q107,BIPC.TO,Brookfield Infrastructure Corp,23766,639,1.08M,29.15K,+2.8%,<.01%
126633205,UAN,CVR Partners LP,362,362,29K,29K,NEW,<.01%
723762100,XPMAX,Pioneer Municipal High Income Advantage,178965,3661,1.41M,28.93K,+2.1%,<.01%
06417N103,OZK,Bank OZK,14578,692,585K,27.77K,+5%,<.01%
84857L101,SR,Spire Inc,12455,431,790K,27.34K,+3.6%,<.01%
38526M106,LOPE,Grand Canyon Education Inc,5107,263,527K,27.14K,+5.4%,<.01%
46269C102,IRDM,Iridium Communications Inc,34478,435,2.14M,27.03K,+1.3%,<.01%
92189F445,IHY,VanEck International High Yield Bond ET,4041,1347,81K,27K,+50%,<.01%
529043101,LXP,LXP Industrial Trust,32530,2769,317K,26.98K,+9.3%,<.01%
44951Y102,,Hyzon Motors Inc,663786,27695,636K,26.54K,+4.4%,<.01%
715684106,TLK,Telkom Indonesia Persero Tbk PT,72814,982,1.94M,26.19K,+1.4%,<.01%
875372203,TNDM,Tandem Diabetes Care Inc,5153,1069,126K,26.14K,+26.2%,<.01%
M70700105,NNOX,Nano-X Imaging Ltd,17238,1676,267K,25.96K,+10.8%,<.01%
018522300,ALE,ALLETE Inc,13966,447,810K,25.93K,+3.3%,<.01%
69349H107,TXNM,PNM Resources Inc,20717,565,934K,25.47K,+2.8%,<.01%
84860W300,UNITDSPR,Spirit Realty Capital Inc,15946,637,628K,25.09K,+4.2%,<.01%
71943U104,,Physicians Realty Trust,26721,1791,374K,25.07K,+7.2%,<.01%
G037AX101,AMBA,Ambarella Inc,295,295,25K,25K,NEW,<.01%
644393100,NFE,New Fortress Energy Inc,3141,934,84K,24.98K,+42.3%,<.01%
78440X887,SLG,SL Green Realty Corp,21615,828,650K,24.9K,+4%,<.01%
636180101,NFG,National Fuel Gas Co,1737,480,89K,24.59K,+38.2%,<.01%
012653101,ALB,Albemarle Corp,9279,110,2.07M,24.54K,+1.2%,<.01%
03769M106,APO,Apollo Global Management Inc,9449,313,726K,24.05K,+3.4%,<.01%
353469109,FC,Franklin Covey Co,6376,545,279K,23.85K,+9.3%,<.01%
743606105,PB,Prosperity Bancshares Inc,11388,419,643K,23.66K,+3.8%,<.01%
11120U105,BRX,Brixmor Property Group Inc,33880,1066,745K,23.44K,+3.2%,<.01%
00217Y104,ATS,ATS Corp,493,493,23K,23K,NEW,<.01%
21037T109,CEG,Constellation Energy Corp,52404,245,4.8M,22.43K,+0.5%,0.01%
09253T101,MVT,BlackRock MuniVest Fund II Inc,157174,2103,1.67M,22.36K,+1.4%,<.01%
92189F429,PFXF,VanEck Preferred Securities ex Financia,3795,1265,67K,22.33K,+50%,<.01%
72651A207,PAGP,Plains GP Holdings LP,61170,1497,907K,22.2K,+2.5%,<.01%
66765N105,NWN,Northwest Natural Holding Co,8677,501,374K,21.59K,+6.1%,<.01%
48251W104,KKR,KKR & Co Inc,12583,385,705K,21.57K,+3.2%,<.01%
88146M101,TRNO,Terreno Realty Corp,9180,357,552K,21.47K,+4%,<.01%
85254J102,STAG,STAG Industrial Inc,20322,591,729K,21.2K,+3%,<.01%
029899101,AWR,American States Water Co,9330,242,812K,21.06K,+2.7%,<.01%
021369103,ALTR,Altair Engineering Inc,282,282,21K,21K,NEW,<.01%
92189F411,BIZD,VanEck BDC Income ETF,3996,1332,61K,20.33K,+50%,<.01%
M8744T106,TBLA,Taboola.com Ltd,65331,6228,203K,19.35K,+10.5%,<.01%
37611X100,DNA.MX,Ginkgo Bioworks Holdings Inc,19391,10386,36K,19.28K,+115.3%,<.01%
01864U106,AFB,AllianceBernstein National Municipal In,213007,1764,2.29M,18.93K,+0.8%,<.01%
05351W103,AGR,Avangrid Inc,18256,493,688K,18.58K,+2.8%,<.01%
55277P104,MGEE,MGE Energy Inc,8817,232,698K,18.37K,+2.7%,<.01%
38045R206,GOQN,Gol Linhas Aereas Inteligentes SA,80371,3333,439K,18.21K,+4.3%,<.01%
042735100,ARW,Arrow Electronics Inc,10025,126,1.44M,18.05K,+1.3%,<.01%
518415104,LSCC,Lattice Semiconductor Corp,183,183,18K,18K,NEW,<.01%
19239V302,CCOI,Cogent Communications Holdings Inc,10225,265,688K,17.83K,+2.7%,<.01%
03990B101,ARES,Ares Management Corp,5282,182,509K,17.54K,+3.6%,<.01%
74767V109,QS,QuantumScape Corp,107735,2186,861K,17.47K,+2.1%,<.01%
67058H102,,NuStar Energy LP,8498,978,146K,16.8K,+13%,<.01%
92932M101,,WNS Holdings Ltd,917,221,68K,16.39K,+31.8%,<.01%
460146103,IP,International Paper Co,10732,506,341K,16.08K,+4.9%,<.01%
65341B106,XIFR,NextEra Energy Partners LP,1450,268,85K,15.71K,+22.7%,<.01%
M85548101,SSYS,Stratasys Ltd,19107,871,339K,15.45K,+4.8%,<.01%
64119V303,NTST,NETSTREIT Corp,6878,851,123K,15.22K,+14.1%,<.01%
72201A103,XPMQX,PIMCO Municipal Income Fund III,129273,1880,1.04M,15.14K,+1.5%,<.01%
23703Q203,DQ,Daqo New Energy Corp,24551,381,974K,15.12K,+1.6%,<.01%
10552T107,BRFS,BRF SA,511708,7861,972K,14.93K,+1.6%,<.01%
71844V201,PECO,Phillips Edison & Co Inc,13245,432,451K,14.71K,+3.4%,<.01%
35086T109,FCPT,Four Corners Property Trust Inc,9729,578,247K,14.67K,+6.3%,<.01%
844895102,SWX,Southwest Gas Holdings Inc,578,228,37K,14.6K,+65.1%,<.01%
374297109,GTY,Getty Realty Corp,5032,419,170K,14.16K,+9.1%,<.01%
683344105,ONTO,Onto Innovation Inc,120,120,14K,14K,NEW,<.01%
88554D205,DDD,3D Systems Corp,1449,1449,14K,14K,NEW,<.01%
G45667105,,Hollysys Automation Technologies Ltd,781,781,14K,14K,NEW,<.01%
49803T300,KRG,Kite Realty Group Trust,24444,616,546K,13.76K,+2.6%,<.01%
92189H300,EMLC,VanEck J.P. Morgan EM Local Currency,1578,526,40K,13.33K,+50%,<.01%
03750L109,AIRC,Apartment Income REIT Corp,16839,369,608K,13.32K,+2.2%,<.01%
92189F353,HYEM,VanEck Emerging Markets High Yield Bond,2139,713,39K,13K,+50%,<.01%
826919102,SLAB,Silicon Laboratories Inc,82,82,13K,13K,NEW,<.01%
233368109,KTF,DWS Municipal Income Trust,296550,1499,2.55M,12.9K,+0.5%,<.01%
343498101,FLO,Flowers Foods Inc,11809,502,294K,12.5K,+4.4%,<.01%
49427F108,KRC,Kilroy Realty Corp,13201,415,397K,12.48K,+3.2%,<.01%
388689101,GPK,Graphic Packaging Holding Co,9480,517,228K,12.43K,+5.8%,<.01%
89455T109,TMCI,Treace Medical Concepts Inc,2753,479,70K,12.18K,+21.1%,<.01%
46590V100,JBGS,JBG SMITH Properties,12552,799,189K,12.03K,+6.8%,<.01%
26884U109,EPR,EPR Properties,8399,255,393K,11.93K,+3.1%,<.01%
222795502,CUZ,Cousins Properties Inc,17125,510,390K,11.61K,+3.1%,<.01%
59318D104,CXE,MFS High Income Municipal Trust,236403,3326,823K,11.58K,+1.4%,<.01%
387437114,,Granite Real Estate Investment Trust,6763,190,400K,11.24K,+2.9%,<.01%
68989M202,OUST,Ouster Inc,2281,2281,11K,11K,NEW,<.01%
435763107,,Holly Energy Partners LP,5093,588,94K,10.85K,+13.1%,<.01%
001744101,AMN,AMN Healthcare Services Inc,6176,97,674K,10.59K,+1.6%,<.01%
29415F104,NVST,Envista Holdings Corp,4129,310,140K,10.51K,+8.1%,<.01%
03784Y200,APLE,Apple Hospitality REIT Inc,24208,679,366K,10.27K,+2.9%,<.01%
371927104,GEL,Genesis Energy LP,9869,996,94K,9.49K,+11.2%,<.01%
465741106,ITRI,Itron Inc,834,131,60K,9.42K,+18.6%,<.01%
428291108,HXL,Hexcel Corp,4523,123,344K,9.35K,+2.8%,<.01%
40131M109,GH,Guardant Health Inc,1901,254,68K,9.09K,+15.4%,<.01%
20369C106,CHCT,Community Healthcare Trust Inc,2865,272,95K,9.02K,+10.5%,<.01%
20440T300,LND,Cia Brasileira de Distribuicao,94127,2342,362K,9.01K,+2.6%,<.01%
92189Y402,IBOT,VanEck Robotics ETF,218,218,9K,9K,NEW,<.01%
78573L106,SBRA,Sabra Health Care REIT Inc,25987,744,306K,8.76K,+2.9%,<.01%
803866300,SSL,Sasol Ltd,39069,706,484K,8.75K,+1.8%,<.01%
754907103,RYN,RAYONIER INC,4589,274,144K,8.6K,+6.3%,<.01%
76131N101,ROIC,Retail Opportunity Investments Corp,13819,630,187K,8.53K,+4.8%,<.01%
489398107,KW,Kennedy-Wilson Holdings Inc,13435,520,219K,8.48K,+4%,<.01%
875465106,SKT,Tanger Factory Outlet Centers Inc,11472,382,253K,8.42K,+3.4%,<.01%
431284108,HIW,Highwoods Properties Inc,11775,347,282K,8.31K,+3%,<.01%
G9451V109,VINP,Vinci Partners Investments Ltd,16678,885,155K,8.22K,+5.6%,<.01%
14174T107,CTRE,CareTrust REIT Inc,11244,413,223K,8.19K,+3.8%,<.01%
22002T108,CDP,Corporate Office Properties Trust,12660,339,301K,8.06K,+2.8%,<.01%
554382101,MAC,Macerich Co/The,24263,707,273K,7.95K,+3%,<.01%
502175102,LTC,LTC Properties Inc,4604,233,152K,7.69K,+5.3%,<.01%
852312305,STAA,STAAR Surgical Co,2204,143,116K,7.53K,+6.9%,<.01%
952845105,WFG,West Fraser Timber Co Ltd,1714,86,147K,7.38K,+5.3%,<.01%
45781V101,IIPR,Innovative Industrial Properties Inc,3135,98,229K,7.16K,+3.2%,<.01%
89612W102,,Tricon Residential Inc,27455,773,242K,6.81K,+2.9%,<.01%
723763108,MHI,Pioneer Municipal High Income Fund Trus,170210,780,1.45M,6.65K,+0.5%,<.01%
18539C204,CWEN,Clearway Energy Inc,1500,227,43K,6.51K,+17.8%,<.01%
87918A105,TDOC,Teladoc Health Inc,2983,250,76K,6.37K,+9.1%,<.01%
63633D104,NHI,National Health Investors Inc,4687,119,246K,6.25K,+2.6%,<.01%
25960P109,DEI,Douglas Emmett Inc,19089,495,240K,6.22K,+2.7%,<.01%
27616P103,DEA,Easterly Government Properties Inc,10396,425,151K,6.17K,+4.3%,<.01%
91325V108,UNIT,Uniti Group Inc,47817,1328,221K,6.14K,+2.9%,<.01%
91704F104,UE,Urban Edge Properties,12899,386,199K,5.96K,+3.1%,<.01%
252784301,DRH,DiamondRock Hospitality Co,23607,668,189K,5.35K,+2.9%,<.01%
82981J109,,SITE Centers Corp,21399,394,283K,5.21K,+1.9%,<.01%
46124J201,IVT,InvenTrust Properties Corp,7632,221,177K,5.13K,+3%,<.01%
559222401,MGA,Magna International Inc,3264,90,184K,5.07K,+2.8%,<.01%
939653101,ELME,Elme Communities,9866,305,162K,5.01K,+3.2%,<.01%
81761L102,SVC,Service Properties Trust,18513,550,161K,4.78K,+3.1%,<.01%
69404D108,PACB,Pacific Biosciences of California Inc,3119,351,41K,4.61K,+12.7%,<.01%
02361E108,AMRC,Ameresco Inc,604,96,29K,4.61K,+18.9%,<.01%
004239109,AKR,Acadia Realty Trust,10491,304,151K,4.38K,+3%,<.01%
8676EP108,STKL,SunOpta Inc,13480,652,90K,4.35K,+5.1%,<.01%
700517105,PK,Park Hotels & Resorts Inc,24858,338,319K,4.34K,+1.4%,<.01%
74971D101,,RPT Realty,9647,407,101K,4.26K,+4.4%,<.01%
38046C109,GOGO,Gogo Inc,20384,248,347K,4.22K,+1.2%,<.01%
014491104,ALEX,Alexander & Baldwin Inc,8141,219,151K,4.06K,+2.8%,<.01%
03152W109,FOLD,Amicus Therapeutics Inc,3623,312,46K,3.96K,+9.4%,<.01%
33813J106,FSRNQ,Fisker Inc,57812,674,326K,3.8K,+1.2%,<.01%
552738106,MFM,MFS Municipal Income Trust,308261,731,1.57M,3.73K,+0.2%,<.01%
56600D107,MRVI,Maravai LifeSciences Holdings Inc,2173,294,27K,3.65K,+15.6%,<.01%
379378201,GNL,Global Net Lease Inc,11736,340,121K,3.51K,+3%,<.01%
02607T109,,Necessity Retail REIT Inc/The,15095,480,102K,3.24K,+3.3%,<.01%
20451Q104,CODI,Compass Diversified Holdings,3860,148,84K,3.22K,+4%,<.01%
74965L101,RLJ,RLJ Lodging Trust,17855,314,183K,3.22K,+1.8%,<.01%
184499101,CLNE,Clean Energy Fuels Corp,1807,646,9K,3.22K,+55.6%,<.01%
61218C103,MNTK,Montauk Renewables Inc,1164,414,9K,3.2K,+55.2%,<.01%
15202L107,CSR,Centerspace,1697,50,104K,3.06K,+3%,<.01%
720190206,PDM,Piedmont Office Realty Trust Inc,13863,419,101K,3.05K,+3.1%,<.01%
829073105,SSD,Simpson Manufacturing Co Inc,6341,21,878K,2.91K,+0.3%,<.01%
864482104,SPH,Suburban Propane Partners LP,515,184,8K,2.86K,+55.6%,<.01%
65341D102,NXRT,NexPoint Residential Trust Inc,2533,58,115K,2.63K,+2.3%,<.01%
04208T108,AHRT,Armada Hoffler Properties Inc,7562,223,88K,2.6K,+3%,<.01%
105368203,BDN,Brandywine Realty Trust,19103,541,89K,2.52K,+2.9%,<.01%
02217A102,AMPS,Altus Power Inc,1289,460,7K,2.5K,+55.5%,<.01%
832696405,SJM,J M Smucker Co/The,2409,16,356K,2.36K,+0.7%,<.01%
03748R747,AIV,Apartment Investment and Management Co,16649,270,142K,2.3K,+1.6%,<.01%
78397Q109,SES,SES AI Corp,2482,884,6K,2.14K,+55.3%,<.01%
87968A104,TELL,Tellurian Inc,4562,1613,6K,2.12K,+54.7%,<.01%
292104106,ESRT,Empire State Realty Trust Inc,14828,278,111K,2.08K,+1.9%,<.01%
91359E105,UHT,Universal Health Realty Income Trust,1444,43,69K,2.05K,+3.1%,<.01%
866082100,INN,Summit Hotel Properties Inc,11764,308,77K,2.02K,+2.7%,<.01%
867892101,SHO,Sunstone Hotel Investors Inc,23389,190,237K,1.93K,+0.8%,<.01%
761624105,REX,REX American Resources Corp,141,50,5K,1.77K,+54.9%,<.01%
444097109,HPP,Hudson Pacific Properties Inc,15504,369,65K,1.55K,+2.4%,<.01%
024013104,AAT,American Assets Trust Inc,5479,79,105K,1.51K,+1.5%,<.01%
517097101,LGO,Largo Inc,18920,331,81K,1.42K,+1.8%,<.01%
817070501,SENEA,Seneca Foods Corp,661,42,22K,1.4K,+6.8%,<.01%
00653Q102,AHCO,AdaptHealth Corp,8262,110,101K,1.34K,+1.3%,<.01%
87266J104,TPICQ,TPI Composites Inc,2845,126,30K,1.33K,+4.6%,<.01%
40415F101,HDB,HDFC Bank Ltd,468354,19,32.64M,1.32K,+0%,0.07%
05465P101,AXNX,Axonics Inc,2466,26,124K,1.31K,+1.1%,<.01%
69924R108,PGRE,Paramount Group Inc,20767,286,92K,1.27K,+1.4%,<.01%
092479104,BYM,BlackRock Municipal Income Quality Trus,174927,111,1.97M,1.25K,+0.1%,<.01%
16955F107,FUTU,Chindata Group Holdings Ltd,10451,153,75K,1.1K,+1.5%,<.01%
374396406,GEVO,Gevo Inc,1923,684,3K,1.07K,+55.2%,<.01%
92189F676,SMH,VanEck Semiconductor ETF,16,8,2K,1K,+100%,<.01%
441593100,HLI,Houlihan Lokey Inc,7597,10,747K,983.28,+0.1%,<.01%
88557W101,QFIN,360 DigiTech Inc,4277,42,74K,726.68,+1%,<.01%
465562106,ITUB,Itau Unibanco Holding SA,709,99,4K,558.53,+16.2%,<.01%
344419106,FMX,Fomento Economico Mexicano SAB de CV,83,5,9K,542.17,+6.4%,<.01%
871332102,SLVM,Sylvamo Corp,1117,11,45K,443.15,+1%,<.01%
984017103,XHR,Xenia Hotels & Resorts Inc,12527,17,154K,208.99,+0.1%,<.01%
92189Y303,,Vaneck Bitcoin Strategy ETF,350141,0,10.48M,0,NO CHANGE,0.02%
92189H854,MBBB,Vaneck Moody's Analytics BBB Corporate,327000,0,6.82M,0,NO CHANGE,0.01%
92189F775,AFK,VanEck Egypt Index ETF,225000,0,4.23M,0,NO CHANGE,<.01%
92189H748,CLOI,Vaneck CLO ETF,80000,0,4.13M,0,NO CHANGE,<.01%
92189H821,DAPP,VanEck Digital Transformation ETF,375000,0,2.55M,0,NO CHANGE,<.01%
92189H813,SMI,VanEck HIP Sustainable Muni ETF,50000,0,2.29M,0,NO CHANGE,<.01%
36118L106,FUTU,Futu Holdings Ltd,54500,0,2.17M,0,NO CHANGE,<.01%
92189Y105,MOTE,Vaneck Morningstar ESG Moat ETF,50000,0,1.23M,0,NO CHANGE,<.01%
89417E109,TRV,Travelers Cos Inc/The,3045,0,529K,0,NO CHANGE,<.01%
233331107,DTE,DTE Energy Co,4117,0,453K,0,NO CHANGE,<.01%
464285204,IAU,iShares Gold Trust,6254,0,228K,0,NO CHANGE,<.01%
98149E303,GLDM,SPDR Gold MiniShares Trust,5993,0,228K,0,NO CHANGE,<.01%
91531W106,TIGR,Up Fintech Holding Ltd,74181,0,211K,0,NO CHANGE,<.01%
354613101,BEN,Franklin Resources Inc,7316,0,195K,0,NO CHANGE,<.01%
896239100,TRMB,Trimble Inc,3532,0,187K,0,NO CHANGE,<.01%
670704105,,NUVASIVE INC,2929,0,122K,0,NO CHANGE,<.01%
477839104,JBTM,John Bean Technologies Corp,642,0,78K,0,NO CHANGE,<.01%
95058W100,WEN,Wendy's/Arby's Group Inc,3127,0,68K,0,NO CHANGE,<.01%
L44385109,GLOB,Globant SA,342,0,61K,0,NO CHANGE,<.01%
450056106,IRTC,iRhythm Technologies Inc,569,0,59K,0,NO CHANGE,<.01%
082490111,BHLWQ,Benson Hill Inc,241400,0,48K,0,NO CHANGE,<.01%
08579W103,BERY,Berry Plastics Group Inc,696,0,45K,0,NO CHANGE,<.01%
36315X101,LKFT,Galapagos NV,956,0,39K,0,NO CHANGE,<.01%
88830M102,TWI,Titan International Inc,3380,0,39K,0,NO CHANGE,<.01%
07373V105,BEAM,Beam Therapeutics Inc,1088,0,35K,0,NO CHANGE,<.01%
64049M209,NEO,NeoGenomics Inc,2174,0,35K,0,NO CHANGE,<.01%
G16258108,BEP,Brookfield Renewable Partners LP,1200,0,35K,0,NO CHANGE,<.01%
63888U108,NGVC,Natural Grocers by Vitamin Cottage Inc,2390,0,29K,0,NO CHANGE,<.01%
19247A100,CNS,Cohen & Steers Inc,485,0,28K,0,NO CHANGE,<.01%
71944F106,PHR,Phreesia Inc,779,0,24K,0,NO CHANGE,<.01%
00650F109,ADPT,Adaptive Biotechnologies Corp,1787,0,12K,0,NO CHANGE,<.01%
256135203,RDY,Dr Reddy's Laboratories Ltd,125,0,8K,0,NO CHANGE,<.01%
26922A420,QTUM,Defiance Quantum ETF,154,0,8K,0,NO CHANGE,<.01%
80880W106,SCLX,Scilex Holding Co,1610,0,8K,0,NO CHANGE,<.01%
92189F502,SMOG,VanEck Low Carbon Energy ETF,63,0,8K,0,NO CHANGE,<.01%
44842L103,HCM,Hutchmed China Ltd,550,0,7K,0,NO CHANGE,<.01%
400506101,PAC,Grupo Aeroportuario del Pacifico SAB de,33,0,6K,0,NO CHANGE,<.01%
46137V100,PPA,Invesco Aerospace & Defense ETF,69,0,6K,0,NO CHANGE,<.01%
92189H805,REMX,VanEck Rare Earth and Strategic Metals,69,0,6K,0,NO CHANGE,<.01%
26922A289,UFOX,Defiance Next Gen Connectivity ETF,161,0,5K,0,NO CHANGE,<.01%
37954Y780,SNSR,Global X Internet of Things ETF,136,0,5K,0,NO CHANGE,<.01%
92189F114,ESPO,VanEck Video Gaming and eSports ETF,84,0,5K,0,NO CHANGE,<.01%
92189F692,PPH,VanEck Pharmaceutical ETF,64,0,5K,0,NO CHANGE,<.01%
22266T109,CPNG,Coupang Inc,235,0,4K,0,NO CHANGE,<.01%
92189Y204,EMET,VanEck Green Metals ETF,155,0,4K,0,NO CHANGE,<.01%
98887Q104,ZLAB,Zai Lab Ltd,138,0,4K,0,NO CHANGE,<.01%
05968L102,CIB,BanColombia SA,130,0,3K,0,NO CHANGE,<.01%
37954Y442,CLOU,Global X Cloud Computing ETF,163,0,3K,0,NO CHANGE,<.01%
92189F726,BBH,VanEck Biotech ETF,21,0,3K,0,NO CHANGE,<.01%
92189H797,,VanEck Future of Food ETF,151,0,3K,0,NO CHANGE,<.01%
37950E416,SOCL,Global X Social Media ETF,66,0,2K,0,NO CHANGE,<.01%
37954Y285,,Global X Telemedicine & Digital Health,177,0,2K,0,NO CHANGE,<.01%
518613203,LAUR,Laureate Education Inc,187,0,2K,0,NO CHANGE,<.01%
39813G109,GDYN,Grid Dynamics Holdings Inc,127,0,1K,0,NO CHANGE,<.01%
015857105,AQN,Algonquin Power & Utilities Corp,7097,-24,59K,-199.52,-0.3%,<.01%
74167P108,PRMW,Primo Water Corp,1587,-24,20K,-302.46,-1.5%,<.01%
913903100,UHS,Universal Health Services Inc,916,-3,145K,-474.89,-0.3%,<.01%
494368103,KMB,Kimberly-Clark Corp,7967,-4,1.1M,-552.28,-0.1%,<.01%
75513E101,RTX,RTX Corp,20950,-7,2.05M,-685.63,-0%,<.01%
M4R82T106,FVRR,Fiverr International Ltd,9784,-27,254K,-700.94,-0.3%,<.01%
M8737E108,,Taro Pharmaceutical Industries Ltd,2747,-19,104K,-719.33,-0.7%,<.01%
M20791105,CAMT,Camtek Ltd/Israel,7848,-22,280K,-784.91,-0.3%,<.01%
59151K108,MEOH,Methanex Corp,702,-21,29K,-867.52,-2.9%,<.01%
00214Q203,ARKQ,ARK Autonomous Technology & Robotics ET,0,-26,0,-1K,CLOSE,0%
77634L105,,R1 RCM Inc,3967,-64,73K,-1.18K,-1.6%,<.01%
20441A102,SBS,Cia de Saneamento Basico do Estado de S,7040,-100,83K,-1.18K,-1.4%,<.01%
019770106,ALLO,Allogene Therapeutics Inc,1966,-242,10K,-1.23K,-11%,<.01%
39986L109,GRWG,GrowGeneration Corp,8756,-397,30K,-1.36K,-4.3%,<.01%
128030202,CALM,Cal-Maine Foods Inc,6977,-35,314K,-1.58K,-0.5%,<.01%
000380204,,Abcam PLC,3320,-66,81K,-1.61K,-1.9%,<.01%
68375N103,OPK,Opko Health Inc,141180,-991,306K,-2.15K,-0.7%,<.01%
911163103,UNFI,United Natural Foods Inc,6091,-115,119K,-2.25K,-1.9%,<.01%
00857U107,AGL,agilon health Inc,1553,-130,27K,-2.26K,-7.7%,<.01%
N2451R105,CVAC,CureVac NV,1956,-248,20K,-2.54K,-11.3%,<.01%
92847W103,VITL,Vital Farms Inc,1444,-231,17K,-2.72K,-13.8%,<.01%
67421J108,,Oatly Group AB,103928,-1407,213K,-2.88K,-1.3%,<.01%
53960E205,LOCL,Local Bounti Corp,427,-1281,1K,-3K,-75%,<.01%
37954Y624,DRIV,Global X Autonomous & Electric Vehicles,0,-144,0,-3K,CLOSE,0%
37954Y715,BOTZ,Global X Robotics & Artificial Intellig,0,-120,0,-3K,CLOSE,0%
90184D100,TWST,Twist Bioscience Corp,628,-154,13K,-3.19K,-19.7%,<.01%
114340102,AZTA,Azenta Inc,1090,-71,51K,-3.32K,-6.1%,<.01%
68213N109,OMCL,Omnicell Inc,788,-48,58K,-3.53K,-5.7%,<.01%
89531P105,TREX,Trex Co Inc,18235,-58,1.2M,-3.8K,-0.3%,<.01%
674599105,OXY,Occidental Petroleum Corp,26619,-66,1.56M,-3.88K,-0.2%,<.01%
36165L108,GDS,GDS Holdings Ltd,0,-210,0,-4K,CLOSE,0%
60871R209,TAP,Molson Coors Beverage Co,7977,-62,525K,-4.08K,-0.8%,<.01%
46185L103,,Invitae Corp,0,-3601,0,-5K,CLOSE,0%
60510V108,AVO,Mission Produce Inc,2388,-425,29K,-5.16K,-15.1%,<.01%
L00849106,AGRO,adecoagro sa,52541,-553,492K,-5.18K,-1%,<.01%
030371108,AVD,American Vanguard Corp,1562,-294,28K,-5.27K,-15.8%,<.01%
74051N102,PINC,Premier Inc,2527,-197,70K,-5.46K,-7.2%,<.01%
63008G203,NNDM,Nano Dimension Ltd,81161,-2079,235K,-6.02K,-2.5%,<.01%
G4474Y214,JHG,Janus Henderson Group PLC,17345,-225,473K,-6.14K,-1.3%,<.01%
M5425M103,INMD,Inmode Ltd,24841,-173,928K,-6.46K,-0.7%,<.01%
04280A100,ARWR,Arrowhead Pharmaceuticals Inc,1948,-184,69K,-6.52K,-8.6%,<.01%
98422D105,XPEV,XPeng Inc,214501,-489,2.88M,-6.56K,-0.2%,<.01%
502160104,LXU,LSB Industries Inc,2927,-679,29K,-6.73K,-18.8%,<.01%
128246105,CVGW,Calavo Growers Inc,1939,-235,56K,-6.79K,-10.8%,<.01%
811543107,SEB,Seaboard Corp,15,-2,53K,-7.07K,-11.8%,<.01%
405217100,HAIN,Hain Celestial Group Inc/The,8571,-612,107K,-7.64K,-6.7%,<.01%
70509V100,PEB,Pebblebrook Hotel Trust,13637,-568,190K,-7.91K,-4%,<.01%
31154R109,FPI,Farmland Partners Inc,2689,-654,33K,-8.03K,-19.6%,<.01%
30050B101,EVH,Evolent Health Inc,1772,-264,54K,-8.05K,-13%,<.01%
03783T103,,AppHarvest Inc,39524,-21611,15K,-8.2K,-35.3%,<.01%
02005N100,ALLY,Ally Financial Inc,3679,-307,99K,-8.26K,-7.7%,<.01%
554489104,VRE,VERIS RESIDENTIAL INC,8881,-539,143K,-8.68K,-5.7%,<.01%
09627Y109,BPMC,Blueprint Medicines Corp,679,-146,43K,-9.25K,-17.7%,<.01%
G36738105,DMC,Fresh Del Monte Produce Inc,2136,-368,55K,-9.48K,-14.7%,<.01%
05589T104,DMF,BNY Mellon Municipal Income Inc,155365,-1571,977K,-9.88K,-1%,<.01%
637870106,NSA,National Storage Affiliates Trust,9033,-306,315K,-10.67K,-3.3%,<.01%
03044L105,AMWL,American Well Corp,0,-4485,0,-11K,CLOSE,0%
72200R107,PMF,PIMCO Municipal Income Fund,95853,-1119,985K,-11.5K,-1.2%,<.01%
157210105,CEVA,Ceva Inc,5212,-451,133K,-11.51K,-8%,<.01%
88025U109,TXG,10X Genomics Inc,1421,-211,79K,-11.73K,-12.9%,<.01%
743315103,PGR,Progressive Corp/The,16558,-89,2.19M,-11.78K,-0.5%,<.01%
872590104,TMUS,T-Mobile US Inc,17474,-86,2.43M,-11.94K,-0.5%,<.01%
G7T16G103,SPNS,Sapiens International Corp NV,9164,-449,244K,-11.96K,-4.7%,<.01%
92707Y108,VFF,Village Farms International Inc,0,-14775,0,-12K,CLOSE,0%
H1467J104,CB,Chubb Ltd,11951,-64,2.3M,-12.32K,-0.5%,<.01%
G4412G101,HLF,Herbalife Nutrition Ltd,7650,-943,101K,-12.45K,-11%,<.01%
74762E102,PWR,Quanta Services Inc,1849,-65,363K,-12.76K,-3.4%,<.01%
18452B209,CLSK,Cleanspark Inc,861986,-3040,3.7M,-13.04K,-0.4%,<.01%
742718109,PG,Procter & Gamble Co/The,16116,-86,2.44M,-13.05K,-0.5%,<.01%
194162103,CL,Colgate-Palmolive Co,47348,-171,3.65M,-13.17K,-0.4%,<.01%
075887109,BDX,Becton Dickinson & Co,10401,-51,2.75M,-13.46K,-0.5%,<.01%
09857L108,BKNG,Booking Holdings Inc,996,-5,2.69M,-13.5K,-0.5%,<.01%
580135101,MCD,McDonald's Corp,9186,-46,2.74M,-13.73K,-0.5%,<.01%
101137107,BSX,BOSTON SCIENTIFIC CORP,52181,-254,2.82M,-13.74K,-0.5%,<.01%
034164103,ANDE,Andersons Inc/The,1806,-304,83K,-13.97K,-14.4%,<.01%
35952H601,FCEL,FuelCell Energy Inc,129613,-6609,280K,-14.28K,-4.9%,<.01%
892356106,TSCO,Tractor Supply Co,33874,-66,7.49M,-14.59K,-0.2%,0.02%
45826H109,ITGR,Integer Holdings Corp,1420,-168,126K,-14.91K,-10.6%,<.01%
617446448,MS,Morgan Stanley,31472,-184,2.69M,-15.72K,-0.6%,<.01%
89484T104,NEXN,Tremor International Ltd,11627,-2186,84K,-15.79K,-15.8%,<.01%
29415B103,EVA,Enviva Inc,549,-1469,6K,-16.05K,-72.8%,<.01%
88162G103,TTEK,Tetra Tech Inc,21877,-102,3.58M,-16.7K,-0.5%,<.01%
68389X105,ORCL,Oracle Corp,28842,-142,3.44M,-16.91K,-0.5%,<.01%
46121Y201,IPI,Intrepid Potash Inc,0,-627,0,-17K,CLOSE,0%
535555106,LNN,Lindsay Corp,2601,-159,310K,-18.95K,-5.8%,<.01%
59318E102,CMU,MFS High Yield Municipal Trust,0,-6033,0,-19K,CLOSE,0%
546347105,LPX,Louisiana-Pacific Corp,12505,-256,938K,-19.2K,-2%,<.01%
863667101,SYK,Stryker Corp,10832,-63,3.31M,-19.22K,-0.6%,<.01%
744573106,PEG,Public Service Enterprise Group Inc,208179,-310,13.03M,-19.41K,-0.1%,0.03%
81725T100,SXT,Sensient Technologies Corp,3824,-278,272K,-19.77K,-6.8%,<.01%
67069Y102,NXJ,Nuveen New Jersey Quality Municipal Inc,0,-1739,0,-20K,CLOSE,0%
670972108,NQP,Nuveen Pennsylvania Quality Municipal I,0,-1776,0,-20K,CLOSE,0%
85208M102,SFM,Sprouts Farmers Market Inc,10567,-556,388K,-20.42K,-5%,<.01%
59318B108,CXH,MFS Investment Grade Municipal Trust,0,-2806,0,-21K,CLOSE,0%
G1117K114,BIOX,Bioceres Crop Solutions Corp,0,-1802,0,-21K,CLOSE,0%
457730109,INSP,Inspire Medical Systems Inc,675,-66,219K,-21.41K,-8.9%,<.01%
83422N105,SLDP,Solid Power Inc,209340,-8520,532K,-21.65K,-3.9%,<.01%
27827Y109,,Eaton Vance New York Municipal Bond Fun,0,-2238,0,-22K,CLOSE,0%
64123C101,,Neuberger Berman California Municipal F,0,-1951,0,-22K,CLOSE,0%
670980101,,Nuveen Ohio Quality Municipal Income Fu,0,-1701,0,-22K,CLOSE,0%
650111107,NYT,New York Times Co/The,19713,-602,776K,-23.7K,-3%,<.01%
02376R102,AAL,American Airlines Group Inc,22937,-1342,411K,-24.05K,-5.5%,<.01%
78646V107,SAFE,iStar Inc,3343,-1051,79K,-24.84K,-23.9%,<.01%
896288107,TNET,TriNet Group Inc,5883,-263,559K,-24.99K,-4.3%,<.01%
243537107,DECK,DECKERS OUTDOOR CORP,3758,-48,1.98M,-25.33K,-1.3%,<.01%
810186106,SMG,Scotts Miracle-Gro Co/The,2349,-405,147K,-25.34K,-14.7%,<.01%
72815L107,PLTK,Playtika Holding Corp,21871,-2291,254K,-26.61K,-9.5%,<.01%
24665A103,DK,Delek US Holdings Inc,14719,-1114,353K,-26.72K,-7%,<.01%
M81873107,RDWR,RADWARE Ltd,9463,-1437,183K,-27.79K,-13.2%,<.01%
83307B101,SNDL,SNDL Inc,0,-17291,0,-28K,CLOSE,0%
67062F100,NXP,Nuveen Select Tax-Free Income Portfolio,173397,-1948,2.5M,-28.07K,-1.1%,<.01%
70451X104,PAYO,Payoneer Global Inc,53777,-5971,259K,-28.76K,-10%,<.01%
98980F104,GTM,ZoomInfo Technologies Inc,6743,-1170,171K,-29.67K,-14.8%,<.01%
23331A109,DHI,DR Horton Inc,48523,-244,5.91M,-29.69K,-0.5%,0.01%
G8232Y101,PENG,SMART Global Holdings Inc,18585,-1064,539K,-30.86K,-5.4%,<.01%
29275Y102,ENS,EnerSys,12265,-333,1.33M,-36.14K,-2.6%,<.01%
902681105,UGI,UGI Corp,4129,-1354,111K,-36.4K,-24.7%,<.01%
29109X106,AZPN,Aspen Technology Inc,182,-217,31K,-36.96K,-54.4%,<.01%
G04553106,,Arco Platform Ltd,3528,-3423,43K,-41.72K,-49.2%,<.01%
G01125106,AFYA,Afya Ltd,18087,-3045,254K,-42.76K,-14.4%,<.01%
33830Q109,FEAM,5E Advanced Materials Inc,336120,-13290,1.1M,-43.57K,-3.8%,<.01%
92763W103,VIPS,Vipshop Holdings Ltd,18348,-2695,303K,-44.51K,-12.8%,<.01%
377322102,GKOS,Glaukos Corp,1859,-656,132K,-46.58K,-26.1%,<.01%
81617J301,WTTR,Select Energy Services Inc,3415111,-6022,27.66M,-48.78K,-0.2%,0.06%
428103105,HESM,Hess Midstream LP,10545,-1611,324K,-49.5K,-13.3%,<.01%
92556H206,PSKY,Paramount Global,48540,-3194,772K,-50.8K,-6.2%,<.01%
66979W842,NMG,Nouveau Monde Graphite Inc,431663,-17280,1.31M,-52.52K,-3.8%,<.01%
885160101,THO,Thor Industries Inc,6732,-515,697K,-53.32K,-7.1%,<.01%
98585X104,YETI,YETI Holdings Inc,11324,-1401,440K,-54.44K,-11%,<.01%
443201108,HWM,Howmet Aerospace Inc,9563,-1181,474K,-58.54K,-11%,<.01%
934423104,WBD,Warner Bros Discovery Inc,51168,-4891,641K,-61.27K,-8.7%,<.01%
670682103,NMZ,Nuveen Municipal High Income Opportunit,486049,-5929,5.14M,-62.68K,-1.2%,0.01%
302130109,EXPD,Expeditors International of Washington,30334,-518,3.67M,-62.74K,-1.7%,<.01%
538146101,LPSN,LivePerson Inc,0,-14364,0,-63K,CLOSE,0%
09250B103,BTA,Blackrock Long-Term Municipal Advantage,61138,-6553,591K,-63.35K,-9.7%,<.01%
47759T100,JKS,JinkoSolar Holding Co Ltd,12392,-1434,550K,-63.65K,-10.4%,<.01%
126408103,CSX,CSX Corp,271315,-1869,9.25M,-63.73K,-0.7%,0.02%
67623C109,OPI,Office Properties Income Trust,0,-5241,0,-64K,CLOSE,0%
260557103,DOW,Dow Inc,10622,-1231,566K,-65.59K,-10.4%,<.01%
61945C103,MOS,Mosaic Co/The,1277481,-2224,44.71M,-77.84K,-0.2%,0.1%
40637H109,HALO,Halozyme Therapeutics Inc,20823,-2160,751K,-77.9K,-9.4%,<.01%
45765U103,NSIT,Insight Enterprises Inc,3905,-545,571K,-79.69K,-12.2%,<.01%
38141G104,GS,Goldman Sachs Group Inc/The,962,-253,310K,-81.53K,-20.8%,<.01%
592688105,MTD,Mettler-Toledo International Inc,605,-63,794K,-82.68K,-9.4%,<.01%
559166103,MGIC,Magic Software Enterprises Ltd,0,-6074,0,-83K,CLOSE,0%
05329W102,AN,AutoNation Inc,4103,-505,675K,-83.08K,-11%,<.01%
G46188101,,Horizon Therapeutics Plc,7878,-817,810K,-84K,-9.4%,<.01%
955306105,WST,West Pharmaceutical Services Inc,12918,-221,4.94M,-84.53K,-1.7%,0.01%
G6674U108,NVCR,Novocure Ltd,14114,-2037,586K,-84.57K,-12.6%,<.01%
50202P105,,Li-Cycle Holdings Corp,413772,-15590,2.3M,-86.51K,-3.6%,<.01%
64125C109,NBIX,Neurocrine Biosciences Inc,9048,-938,853K,-88.43K,-9.4%,<.01%
082490103,,Benson Hill Inc,1235848,-68200,1.61M,-88.63K,-5.2%,<.01%
219798105,QDEL,QuidelOrtho Corp,10411,-1081,863K,-89.61K,-9.4%,<.01%
M6372Q113,KRNT,Kornit Digital Ltd,10916,-3074,321K,-90.4K,-22%,<.01%
92189F460,XMPT,VanEck CEF Muni Income ETF,737,-4196,16K,-91.09K,-85.1%,<.01%
27829U105,ETX,Eaton Vance Municipal Income 2028 Term,49422,-5255,869K,-92.4K,-9.6%,<.01%
438516106,HON,Honeywell International Inc,93140,-446,19.33M,-92.55K,-0.5%,0.04%
398905109,GPI,Group 1 Automotive Inc,2617,-392,675K,-101.11K,-13%,<.01%
235851102,DHR,Danaher Corp,13720,-425,3.29M,-102.01K,-3%,<.01%
532457108,LLY,Eli Lilly & Co,185604,-218,87.04M,-102.24K,-0.1%,0.19%
45687V106,IR,Ingersoll Rand Inc,9506,-1575,621K,-102.89K,-14.2%,<.01%
7591EP100,RF,Regions Financial Corp,22277,-5905,397K,-105.23K,-21%,<.01%
M15342104,AUDC,AudioCodes Ltd,0,-7335,0,-111K,CLOSE,0%
058498106,BALL,Ball Corp,10438,-1974,607K,-114.79K,-15.9%,<.01%
337932107,FE,FirstEnergy Corp,146186,-2985,5.68M,-116.04K,-2%,0.01%
09662E109,DSM,BNY Mellon Strategic Municipal Bond Fun,339513,-20372,1.94M,-116.11K,-5.7%,<.01%
81181C104,,SeaGen Inc,111929,-617,21.54M,-118.75K,-0.5%,0.05%
92189F387,SHYD,VanEck Short High Yield MuniETF,232,-5549,5K,-119.59K,-96%,<.01%
92189F528,SMB,VanEck Short Muni ETF,0,-7054,0,-120K,CLOSE,0%
G5480U120,,Liberty Global PLC,0,-5921,0,-121K,CLOSE,0%
L67359106,NEXA,Nexa Resources SA,0,-19251,0,-121K,CLOSE,0%
64157F103,NVRO,Nevro Corp,0,-3516,0,-127K,CLOSE,0%
50202M102,LI,Li Auto Inc,232576,-3620,8.16M,-127.06K,-1.5%,0.02%
04041L106,WES,Aris Water Solution Inc,151365,-12864,1.56M,-132.75K,-7.8%,<.01%
767292105,RIOT,Riot Platforms Inc,466758,-11253,5.52M,-133.01K,-2.4%,0.01%
90353T100,UBER,Uber Technologies Inc,13083,-3173,565K,-137.03K,-19.5%,<.01%
62914V106,NIO,NIO Inc,544322,-14175,5.27M,-137.34K,-2.5%,0.01%
17259U204,CION,CION Investment Corp,789239,-13241,8.19M,-137.44K,-1.7%,0.02%
68162K106,ZEUS,Olympic Steel Inc,12223,-2881,599K,-141.19K,-19.1%,<.01%
27829L105,EOT,Eaton Vance National Municipal Opportun,60876,-8359,1.06M,-145.14K,-12.1%,<.01%
31620R303,FNF,Fidelity National Financial Inc,30157,-4033,1.09M,-145.23K,-11.8%,<.01%
30052F100,EVGO,EVgo Inc,987180,-37530,3.95M,-150.13K,-3.7%,<.01%
36168Q104,GFL,GFL Environmental Inc,68128,-3889,2.64M,-150.93K,-5.4%,<.01%
252131107,DXCM,DexCom Inc,18756,-1199,2.41M,-154.06K,-6%,<.01%
45784P101,PODD,Insulet Corp,3202,-549,923K,-158.25K,-14.6%,<.01%
446150104,HBAN,Huntington Bancshares Inc/OH,50569,-15482,545K,-166.85K,-23.4%,<.01%
86722A103,SXC,SunCoke Energy Inc,91923,-21275,723K,-167.33K,-18.8%,<.01%
83304A106,SNAP,Snap Inc,51999,-14186,616K,-168.05K,-21.4%,<.01%
184496107,CLH,Clean Harbors Inc,15165,-1027,2.49M,-168.9K,-6.3%,<.01%
02319V103,ABEV,AMBEV SA,537131,-53657,1.71M,-170.62K,-9.1%,<.01%
665859104,NTRS,Northern Trust Corp,75287,-2356,5.58M,-174.68K,-3%,0.01%
770323103,RHI,Robert Half Inc,19449,-2329,1.46M,-175.19K,-10.7%,<.01%
760759100,RSG,Republic Services Inc,54512,-1161,8.35M,-177.84K,-2.1%,0.02%
52661A108,DRS,Leonardo DRS Inc,0,-13927,0,-181K,CLOSE,0%
92345Y106,VRSK,Verisk Analytics Inc,20513,-805,4.64M,-181.97K,-3.8%,0.01%
05577W200,DOO,BRP Inc,30753,-2155,2.6M,-182.26K,-6.5%,<.01%
30063P105,EXAS,EXACT SCIENCES CORP,165813,-1969,15.57M,-184.89K,-1.2%,0.03%
95040Q104,WELL,Welltower Inc,175643,-2290,14.21M,-185.24K,-1.3%,0.03%
647551100,NMFC,New Mountain Finance Corp,1319912,-15304,16.42M,-190.39K,-1.1%,0.04%
015658107,ASTL,Algoma Steel Group Inc,113716,-26835,807K,-190.44K,-19.1%,<.01%
666807102,NOC,Northrop Grumman Corp,18968,-420,8.65M,-191.44K,-2.2%,0.02%
08862E109,BYND,Beyond Meat Inc,195459,-14903,2.54M,-193.44K,-7.1%,<.01%
72147K108,PPC,Pilgrim's Pride Corp,140098,-9352,3.01M,-200.99K,-6.3%,<.01%
92276F100,VTR,Ventas Inc,143754,-4424,6.79M,-209.11K,-3%,0.01%
00788A105,,Advent Technologies Holdings Inc,0,-203743,0,-216K,CLOSE,0%
831865209,AOS,A O Smith Corp,15969,-2996,1.16M,-218.19K,-15.8%,<.01%
718172109,PM,Philip Morris International Inc,53847,-2246,5.26M,-219.23K,-4%,0.01%
82968B103,SIRI,Sirius XM Holdings Inc,0,-56708,0,-225K,CLOSE,0%
03062D100,USAS,Americas Gold & Silver Corp,10764852,-639940,3.8M,-225.9K,-5.6%,<.01%
G8473T100,STE,STERIS PLC,10618,-1015,2.39M,-228.37K,-8.7%,<.01%
M7516K103,NVMI,Nova Ltd,5834,-1966,684K,-230.5K,-25.2%,<.01%
G7997R103,STX,Seagate Technology Holdings PLC,0,-3490,0,-231K,CLOSE,0%
G33856108,GSM,Ferroglobe PLC,0,-47071,0,-233K,CLOSE,0%
887399103,MTUS,TimkenSteel Corp,48175,-11396,1.04M,-245.78K,-19.1%,<.01%
071813109,BAX,Baxter International Inc,0,-6060,0,-246K,CLOSE,0%
136069101,CM,Canadian Imperial Bank of Commerce,92568,-5766,3.95M,-246.29K,-5.9%,<.01%
74144T108,TROW,T Rowe Price Group Inc,34978,-2291,3.92M,-256.62K,-6.1%,<.01%
G5509L101,LIVN,LivaNova PLC,0,-6018,0,-262K,CLOSE,0%
126600105,CVBF,CVB Financial Corp,0,-16493,0,-275K,CLOSE,0%
585464100,MLCO,Melco Resorts & Entertainment Ltd,61595,-22691,752K,-277.03K,-26.9%,<.01%
00751Y106,AAP,Advance Auto Parts Inc,0,-2322,0,-282K,CLOSE,0%
46431W614,,iShares Gold Strategy ETF,61,-4306,4K,-282.36K,-98.6%,<.01%
655664100,JWN,Nordstrom Inc,0,-18182,0,-296K,CLOSE,0%
452308109,ITW,Illinois Tool Works Inc,42232,-1187,10.56M,-296.95K,-2.7%,0.02%
92189F536,MLN,VanEck Long Muni ETF,1080,-17218,19K,-302.91K,-94.1%,<.01%
12541W209,CHRW,CH Robinson Worldwide Inc,90248,-3239,8.52M,-305.6K,-3.5%,0.02%
277432100,EMN,Eastman Chemical Co,0,-3643,0,-307K,CLOSE,0%
536797103,LAD,Lithia Motors Inc,0,-1359,0,-311K,CLOSE,0%
149123101,CAT,Caterpillar Inc,0,-1405,0,-322K,CLOSE,0%
46625H100,JPM,JPMorgan Chase & Co,39548,-2216,5.75M,-322.3K,-5.3%,0.01%
12008R107,BLDR,Builders FirstSource Inc,22369,-2383,3.04M,-324.07K,-9.6%,<.01%
88339J105,TTD,Trade Desk Inc/The,0,-5339,0,-325K,CLOSE,0%
369604301,GE,General Electric Co,0,-3418,0,-327K,CLOSE,0%
562750109,MANH,Manhattan Associates Inc,11148,-1646,2.23M,-328.96K,-12.9%,<.01%
H17182108,CRSP,CRISPR Therapeutics AG,76763,-5863,4.31M,-329.19K,-7.1%,<.01%
577081102,MAT,Mattel Inc,0,-18171,0,-335K,CLOSE,0%
009066101,ABNB,Airbnb Inc,3798,-2634,487K,-337.75K,-41%,<.01%
845467109,SWN,Southwestern Energy Co,19430,-56125,117K,-337.96K,-74.3%,<.01%
203607106,CBU,Community Bank System Inc,0,-6526,0,-343K,CLOSE,0%
707569109,PENN,Penn National Gaming Inc,30900,-14296,743K,-343.75K,-31.6%,<.01%
05588W108,LEO,BNY Mellon Strategic Municipals Inc,338360,-55456,2.1M,-345K,-14.1%,<.01%
44930G107,ICUI,ICU Medical Inc,0,-2103,0,-347K,CLOSE,0%
880345103,TNC,Tennant Co,27953,-4328,2.27M,-351K,-13.4%,<.01%
453836108,INDB,Independent Bank Corp,0,-5398,0,-354K,CLOSE,0%
615111101,ONT,Montrose Environmental Group Inc,54259,-8528,2.29M,-359.14K,-13.6%,<.01%
58463J304,MPT,Medical Properties Trust Inc,178131,-39277,1.65M,-363.6K,-18.1%,<.01%
90984P303,UCB,United Community Banks Inc/GA,0,-13000,0,-366K,CLOSE,0%
93627C101,HCC,Warrior Met Coal Inc,84006,-9455,3.27M,-368.27K,-10.1%,<.01%
23311P100,,DCP Midstream LP,0,-8869,0,-370K,CLOSE,0%
N72482123,1QGEN.MI,QIAGEN NV,230552,-8249,10.38M,-371.46K,-3.5%,0.02%
12662P108,CVI,CVR ENERGY INC,0,-11687,0,-383K,CLOSE,0%
03076C106,AMP,Ameriprise Financial Inc,16159,-1160,5.37M,-385.28K,-6.7%,0.01%
77543R102,ROKU,Roku Inc,5685,-6113,364K,-391.4K,-51.8%,<.01%
103304101,BYD,Boyd Gaming Corp,22095,-5644,1.53M,-391.59K,-20.3%,<.01%
418056107,HAS,Hasbro Inc,3138,-6175,203K,-399.47K,-66.3%,<.01%
48123V102,ZD,j2 Global Inc,0,-5134,0,-401K,CLOSE,0%
224441105,CXT,Crane NXT Co,4451,-7166,251K,-404.1K,-61.7%,<.01%
30069T101,EE,Excelerate Energy Inc,509740,-20410,10.36M,-414.93K,-3.8%,0.02%
681919106,OMC,Omnicom Group Inc,26198,-4374,2.49M,-416.23K,-14.3%,<.01%
46655E100,DC,Dakota Gold Corp,2943207,-144760,8.59M,-422.69K,-4.7%,0.02%
801056102,SANM,Sanmina-SCI Corp,0,-6999,0,-427K,CLOSE,0%
G1757E113,CMCL,Caledonia Mining Corp PLC,641765,-36850,7.46M,-428.18K,-5.4%,0.02%
55405Y100,MTSI,MACOM Technology Solutions Holdings Inc,0,-6105,0,-432K,CLOSE,0%
29270J100,ERII,Energy Recovery Inc,83264,-15468,2.33M,-432.29K,-15.7%,<.01%
501889208,LKQ,LKQ Corp,0,-7655,0,-434K,CLOSE,0%
78454L100,SM,SM Energy Co,0,-15404,0,-434K,CLOSE,0%
13100M509,CALX,Calix Inc,0,-8200,0,-439K,CLOSE,0%
92189H763,,Vaneck Digital Asset Mining ETF,0,-40000,0,-451K,CLOSE,0%
09253X102,MUI,BlackRock Municipal Income Fund Inc,492308,-40460,5.63M,-462.86K,-7.6%,0.01%
09061G101,BMRN,BioMarin Pharmaceutical Inc,159488,-5349,13.82M,-463.64K,-3.2%,0.03%
723787107,,Pioneer Natural Resources Co,94579,-2238,19.59M,-463.67K,-2.3%,0.04%
09073M104,TECH,Bio-Techne Corp,158469,-5787,12.94M,-472.4K,-3.5%,0.03%
783754104,RYZ,Ryerson Holding Corp,39273,-10924,1.7M,-473.98K,-21.8%,<.01%
15234Q207,AXIAY,Centrais Eletricas Brasileiras SA,241534,-58278,2M,-481.84K,-19.4%,<.01%
957638109,WAL,Western Alliance Bancorp,0,-13644,0,-485K,CLOSE,0%
09075V102,BNTX,BioNTech SE,132007,-4639,14.25M,-500.67K,-3.4%,0.03%
80874P109,LNWO,Light & Wonder Inc,19611,-7340,1.35M,-504.53K,-27.2%,<.01%
98980G102,ZS,Zscaler Inc,499,-3450,73K,-504.71K,-87.4%,<.01%
20440W105,SID,Cia Siderurgica Nacional SA,1821484,-195835,4.72M,-507.25K,-9.7%,0.01%
18915M107,NET,Cloudflare Inc,7077,-7822,463K,-511.74K,-52.5%,<.01%
858119100,STLD,Steel Dynamics Inc,82423,-4730,8.98M,-515.22K,-5.4%,0.02%
92343X100,VRNT,Verint Systems Inc,0,-13961,0,-520K,CLOSE,0%
G4863A108,BRSL,International Game Technology PLC,34957,-16428,1.11M,-523.99K,-32%,<.01%
374689107,ROCK,Gibraltar Industries Inc,33391,-8389,2.1M,-527.85K,-20.1%,<.01%
410867105,THG,Hanover Insurance Group Inc/The,0,-4197,0,-539K,CLOSE,0%
37637Q105,GBCI,Glacier Bancorp Inc,0,-12844,0,-540K,CLOSE,0%
46434G848,PICK,iShares MSCI Global Metals & Mining Pro,54660,-13376,2.21M,-541.3K,-19.7%,<.01%
989701107,ZION,Zions Bancorporation,0,-18189,0,-544K,CLOSE,0%
92343E102,VRSN,VERISIGN INC,37254,-2442,8.42M,-551.8K,-6.2%,0.02%
98419M100,XYL,Xylem Inc/NY,3390,-4920,382K,-554.41K,-59.2%,<.01%
87161C501,SNV,Synovus Financial Corp,0,-18346,0,-566K,CLOSE,0%
92189F452,MORT,VanEck Mortgage REIT Income ETF,2556,-47681,31K,-578.29K,-94.9%,<.01%
057665200,BCPC,Balchem Corp,71734,-4301,9.67M,-579.79K,-5.7%,0.02%
56501R106,MFC,Manulife Financial Corp,192877,-31138,3.65M,-588.77K,-13.9%,<.01%
907818108,UNP,Union Pacific Corp,218764,-2882,44.76M,-589.72K,-1.3%,0.1%
37940X102,GPN,Global Payments Inc,5466,-6000,539K,-591.66K,-52.3%,<.01%
57778K105,,Maxar Technologies Inc,0,-11605,0,-593K,CLOSE,0%
92189H607,OIH,VanEck Oil Services ETF,11692,-2072,3.36M,-595.97K,-15.1%,<.01%
368036109,GATO,Gatos Silver Inc,1717561,-158459,6.49M,-598.94K,-8.4%,0.01%
143658300,CCL,Carnival Corp,46707,-32059,879K,-603.33K,-40.7%,<.01%
500688106,KOS,Kosmos Energy Ltd,3111443,-104504,18.64M,-625.99K,-3.2%,0.04%
617700109,MORN,Morningstar Inc,0,-3091,0,-628K,CLOSE,0%
02043Q107,ALNY,Alnylam Pharmaceuticals Inc,77968,-3313,14.81M,-629.3K,-4.1%,0.03%
922280102,VRNS,Varonis Systems Inc,0,-24336,0,-633K,CLOSE,0%
204409601,CIG,Cia Energetica de Minas Gerais,1781354,-246183,4.68M,-647.47K,-12.1%,0.01%
55306N104,MKSI,MKS Instruments Inc,0,-7361,0,-652K,CLOSE,0%
759916109,RGEN,Repligen Corp,56163,-4644,7.94M,-656.87K,-7.6%,0.02%
85859N102,,Stem Inc,1599256,-115720,9.15M,-661.94K,-6.7%,0.02%
82509L107,SHOP,Shopify Inc,64820,-10257,4.19M,-662.54K,-13.7%,<.01%
92189H201,ITM,VanEck Intermediate Muni ETF,637,-14872,29K,-677.06K,-95.9%,<.01%
92189H409,HYD,VanEck High Yield Muni ETF,565,-13368,29K,-686.15K,-95.9%,<.01%
78377T107,RHP,Ryman Hospitality Properties Inc,6486,-7432,603K,-690.95K,-53.4%,<.01%
82575P107,SBSW,Sibanye Stillwater Ltd,3015596,-112043,18.82M,-699.14K,-3.6%,0.04%
31847R102,FAF,First American Financial Corp,0,-12618,0,-702K,CLOSE,0%
144285103,CRS,Carpenter Technology Corp,53307,-12524,2.99M,-702.94K,-19%,<.01%
880890108,TX,Ternium SA,127514,-17749,5.06M,-703.76K,-12.2%,0.01%
37954Y673,PAVE,Global X US Infrastructure Development,93932,-22990,2.95M,-722.51K,-19.7%,<.01%
988498101,YUM,Yum! Brands Inc,56578,-5260,7.84M,-728.78K,-8.5%,0.02%
12769G100,CZR,Caesars Entertainment Inc,40019,-14309,2.04M,-729.41K,-26.3%,<.01%
31620M106,FIS,Fidelity National Information Services,1551,-13331,85K,-730.58K,-89.6%,<.01%
92189F205,SLX,VanEck Steel ETF,46694,-11438,2.99M,-731.69K,-19.7%,<.01%
983134107,WYNN,Wynn Resorts Ltd,22822,-6988,2.41M,-737.93K,-23.4%,<.01%
36467J108,GLPI,Gaming and Leisure Properties Inc,86449,-15342,4.19M,-743.42K,-15.1%,<.01%
03938L203,MT,ArcelorMittal SA,198800,-27284,5.43M,-745.92K,-12.1%,0.01%
28176E108,EW,Edwards Lifesciences Corp,127892,-7933,12.06M,-748.32K,-5.8%,0.03%
565849106,MRO,Marathon Oil Corp,907958,-32624,20.9M,-751K,-3.5%,0.05%
45778Q107,NSP,Insperity Inc,0,-6293,0,-765K,CLOSE,0%
45168D104,IDXX,IDEXX Laboratories Inc,13711,-1547,6.89M,-776.94K,-10.1%,0.02%
931142103,WMT,Walmart Inc,86165,-4995,13.54M,-785.09K,-5.5%,0.03%
92189F700,MOO,VanEck Agribusiness ETF,41364,-9805,3.38M,-801.44K,-19.2%,<.01%
78468R556,XOP,SPDR S&P Oil & Gas Exploration & Produc,34313,-6419,4.42M,-827.05K,-15.8%,<.01%
92189H862,MIG,VanEck Moody's Analytics IG Corporate B,244000,-40000,5.08M,-833.28K,-14.1%,0.01%
38071H106,GROY,Gold Royalty Corp,5425996,-471649,9.6M,-834.82K,-8%,0.02%
201723103,CMC,Commercial Metals Co,129776,-16034,6.83M,-844.35K,-11%,0.01%
81730H109,S,SentinelOne Inc,0,-51770,0,-847K,CLOSE,0%
01741R102,ATI,ATI Inc,131021,-19152,5.79M,-847.08K,-12.8%,0.01%
88080T104,WULF,Terawulf Inc,2364558,-486040,4.14M,-850.57K,-17.1%,<.01%
680223104,ORI,Old Republic International Corp,0,-34186,0,-854K,CLOSE,0%
L4135L100,,FREYR Battery SA,1126522,-92310,10.53M,-863.1K,-7.6%,0.02%
981811102,WOR,Worthington Industries Inc,54631,-12642,3.79M,-878.19K,-18.8%,<.01%
20854L108,CEIX,CONSOL Energy Inc,0,-15453,0,-900K,CLOSE,0%
171779309,CIEN,Ciena Corp,0,-17330,0,-910K,CLOSE,0%
963320106,WHR,WHIRLPOOL CORP,0,-6933,0,-915K,CLOSE,0%
867652406,,SunPower Corp,2305,-91917,23K,-917.18K,-97.6%,<.01%
064149107,BNS,Bank of Nova Scotia/The,157370,-18373,7.88M,-919.64K,-10.5%,0.02%
11284V105,BEPC.TO,Brookfield Renewable Corp,153982,-29301,4.85M,-922.9K,-16%,0.01%
020764106,AMR,Alpha Metallurgical Resources Inc,0,-6101,0,-952K,CLOSE,0%
925652109,VICI,VICI Properties Inc,466203,-30477,14.65M,-957.84K,-6.1%,0.03%
548661107,LOW,Lowe's Cos Inc,79898,-4255,18.03M,-960.35K,-5.1%,0.04%
74623V103,PCT,PureCycle Technologies Inc,284581,-91655,3.04M,-979.74K,-24.4%,<.01%
G7S00T104,PNR,Pentair PLC,6615,-15194,427K,-980.78K,-69.7%,<.01%
03940R107,ARCH,Arch Resources Inc,0,-7766,0,-1.02M,CLOSE,0%
093712107,BE,Bloom Energy Corp,704611,-63495,11.52M,-1.04M,-8.3%,0.03%
38149E101,GLDG,GoldMining Inc,8120507,-1178221,7.32M,-1.06M,-12.7%,0.02%
81369Y506,XLE,Energy Select Sector SPDR Fund,65877,-13239,5.35M,-1.07M,-16.7%,0.01%
25278X109,FANG,Diamondback Energy Inc,234218,-8261,30.77M,-1.09M,-3.4%,0.07%
64782A107,NEWP,New Pacific Metals Corp,4469316,-501042,9.79M,-1.1M,-10.1%,0.02%
574795100,MASI,Masimo Corp,0,-6059,0,-1.12M,CLOSE,0%
368736104,GNRC,Generac Holdings Inc,310,-7582,46K,-1.13M,-96.1%,<.01%
48020Q107,JLL,Jones Lang LaSalle Inc,0,-7751,0,-1.13M,CLOSE,0%
58155Q103,MCK,McKesson Corp,58421,-2674,24.96M,-1.14M,-4.4%,0.05%
337738108,FISV,Fiserv Inc,22450,-9134,2.83M,-1.15M,-28.9%,<.01%
189054109,CLX,Clorox Co/The,93407,-7258,14.86M,-1.15M,-7.2%,0.03%
57636Q104,MA,Mastercard Inc,140683,-2936,55.33M,-1.15M,-2%,0.12%
336433107,FSLR,First Solar Inc,52568,-6149,9.99M,-1.17M,-10.5%,0.02%
912909108,X,United States Steel Corp,220146,-47122,5.51M,-1.18M,-17.6%,0.01%
165167735,EXE,Chesapeake Energy Corp,372642,-14392,31.18M,-1.2M,-3.7%,0.07%
009158106,APD,Air Products and Chemicals Inc,32316,-4220,9.68M,-1.26M,-11.6%,0.02%
891160509,TD,Toronto-Dominion Bank/The,238781,-20388,14.81M,-1.26M,-7.9%,0.03%
29446M102,EQNR,Equinor ASA,1102350,-44260,32.2M,-1.29M,-3.9%,0.07%
29452E101,EQH,Equitable Holdings Inc,0,-51064,0,-1.3M,CLOSE,0%
33829M101,FIVE,Five Below Inc,0,-6331,0,-1.3M,CLOSE,0%
58039P305,MUX,McEwen Mining Inc,1997841,-182159,14.36M,-1.31M,-8.4%,0.03%
552953101,MGM,MGM Resorts International,70175,-29961,3.08M,-1.32M,-29.9%,<.01%
767204100,RIO,Rio Tinto PLC,191718,-20625,12.24M,-1.32M,-9.7%,0.03%
497266106,KEX,KIRBY CORP,429640,-17170,33.06M,-1.32M,-3.8%,0.07%
833635105,SQM,Sociedad Quimica y Minera de Chile SA,471123,-18239,34.21M,-1.32M,-3.7%,0.07%
92189H870,EINC,VanEck Energy Income ETF,87896,-20931,5.65M,-1.34M,-19.2%,0.01%
704551100,BTU,Peabody Energy Corp,0,-54705,0,-1.4M,CLOSE,0%
373737105,GGB,Gerdau SA,967510,-269901,5.05M,-1.41M,-21.8%,0.01%
670346105,NUE,Nucor Corp,88938,-8666,14.58M,-1.42M,-8.9%,0.03%
686688102,ORA,Ormat Technologies Inc,460598,-17751,37.06M,-1.43M,-3.7%,0.08%
82489T104,SWAV,Shockwave Medical Inc,4753,-5069,1.36M,-1.45M,-51.6%,<.01%
51655R101,LNZA,LanzaTech Global Inc,0,-375902,0,-1.46M,CLOSE,0%
04271T100,ARRY,Array Technologies Inc,1144537,-64769,25.87M,-1.46M,-5.4%,0.06%
26884L109,EQT,EQT Corp,966301,-36141,39.74M,-1.49M,-3.6%,0.09%
03073E105,COR,AmerisourceBergen Corp,114531,-7734,22.04M,-1.49M,-6.3%,0.05%
874054109,TTWO,Take-Two Interactive Software Inc,305069,-10149,44.89M,-1.49M,-3.2%,0.1%
001084102,AGCO,AGCO Corp,181325,-11405,23.83M,-1.5M,-5.9%,0.05%
675232102,OII,Oceaneering International Inc,2522651,-80625,47.17M,-1.51M,-3.1%,0.1%
16115Q308,GTLS,Chart Industries Inc,245614,-9830,39.25M,-1.57M,-3.8%,0.09%
046353108,AZN,AstraZeneca PLC,256435,-22554,18.35M,-1.61M,-8.1%,0.04%
G1144A105,BTBT,Bit Digital Inc,1199039,-397691,4.87M,-1.61M,-24.9%,0.01%
G0751N103,,Atlantica Sustainable Infrastructure PL,26588,-69917,623K,-1.64M,-72.4%,<.01%
09227Q100,BLKB,Blackbaud Inc,122994,-23903,8.76M,-1.7M,-16.3%,0.02%
74347M108,PUMP,ProPetro Holding Corp,2174597,-208711,17.92M,-1.72M,-8.8%,0.04%
74834L100,DGX,QUEST DIAGNOSTICS INC,2522,-12269,355K,-1.73M,-82.9%,<.01%
64440N103,NFGC,New Found Gold Corp,4462271,-347762,22.21M,-1.73M,-7.2%,0.05%
G54950103,LIN,Linde PLC,22752,-4550,8.67M,-1.73M,-16.7%,0.02%
150870103,CE,Celanese Corp,5177,-15034,599K,-1.74M,-74.4%,<.01%
90346E103,SLCA,US Silica Holdings Inc,1988556,-144764,24.12M,-1.76M,-6.8%,0.05%
125269100,CF,CF Industries Holdings Inc,449221,-26572,31.18M,-1.84M,-5.6%,0.07%
693483109,PKX,POSCO Holdings Inc,73657,-25435,5.45M,-1.88M,-25.7%,0.01%
04016X101,ARGX,Argenx SE,54587,-4845,21.27M,-1.89M,-8.2%,0.05%
517834107,LVS,Las Vegas Sands Corp,88579,-34005,5.14M,-1.97M,-27.7%,0.01%
86745K104,NOVAQ,Sunnova Energy International Inc,25645,-107655,470K,-1.97M,-80.8%,<.01%
42809H107,HES,Hess Corp,429143,-15236,58.34M,-2.07M,-3.4%,0.13%
302491303,FMC,FMC Corp,515562,-21059,53.79M,-2.2M,-3.9%,0.12%
42330P107,HLX,Helix Energy Solutions Group Inc,4026031,-299954,29.71M,-2.21M,-6.9%,0.07%
G9440A109,VSTA,Vasta Platform Ltd,0,-695171,0,-2.22M,CLOSE,0%
744320102,PRU,Prudential Financial Inc,8747,-25205,772K,-2.22M,-74.2%,<.01%
436440101,HOLX,HOLOGIC INC,11159,-28241,904K,-2.29M,-71.7%,<.01%
66987V109,NVS,Novartis AG,190857,-23920,19.26M,-2.41M,-11.1%,0.04%
565788106,MARA,Marathon Digital Holdings Inc,470560,-175213,6.52M,-2.43M,-27.1%,0.01%
12504L109,CBRE,CBRE Group Inc,30173,-31273,2.44M,-2.52M,-50.9%,<.01%
891092108,TTC,Toro Co/The,271193,-25152,27.57M,-2.56M,-8.5%,0.06%
30057T105,,Evoqua Water Technologies Corp,0,-51930,0,-2.58M,CLOSE,0%
92189F106,GDX,VanEck Gold Miners ETF/USA,209524,-85844,6.31M,-2.58M,-29.1%,0.01%
855244109,SBUX,Starbucks Corp,83452,-26709,8.27M,-2.65M,-24.2%,0.02%
26142V105,DKNG,DraftKings Inc,161669,-103176,4.3M,-2.74M,-39%,<.01%
68634K106,ORLA,Orla Mining Ltd,9766097,-656279,41.01M,-2.76M,-6.3%,0.09%
464288372,IGF,iShares Global Infrastructure ETF,264196,-62530,12.4M,-2.94M,-19.1%,0.03%
N53745100,LYB,LyondellBasell Industries NV,11883,-32500,1.09M,-2.98M,-73.2%,<.01%
853606101,SLI,Standard Lithium Ltd,2321237,-671978,10.45M,-3.02M,-22.5%,0.02%
66987E206,NG,Novagold Resources Inc,8310865,-758755,33.16M,-3.03M,-8.4%,0.07%
91347P105,OLED,Universal Display Corp,242411,-21035,34.94M,-3.03M,-8%,0.08%
91913Y100,VLO,Valero Energy Corp,678755,-26039,79.62M,-3.05M,-3.7%,0.17%
037833100,AAPL,Apple Inc,711727,-16246,138.05M,-3.15M,-2.2%,0.3%
11135B100,,Broadmark Realty Capital Inc,0,-713278,0,-3.35M,CLOSE,0%
N20944109,CNH,CNH Industrial NV,3070775,-232802,44.22M,-3.35M,-7%,0.1%
G9087Q102,TROX,Tronox Holdings PLC,1144524,-265527,14.55M,-3.37M,-18.8%,0.03%
640491106,NEOG,Neogen Corp,471982,-159497,10.27M,-3.47M,-25.3%,0.02%
91332U101,U,Unity Software Inc,1163107,-80127,50.5M,-3.48M,-6.4%,0.11%
237266101,DAR,Darling Ingredients Inc,754431,-55319,48.13M,-3.53M,-6.8%,0.11%
780087102,RY,Royal Bank of Canada,704,-37375,67K,-3.56M,-98.2%,<.01%
922908553,VNQ,Vanguard Real Estate ETF,56880,-43927,4.75M,-3.67M,-43.6%,0.01%
82835P103,SVM,Silvercorp Metals Inc,8441063,-1348418,23.8M,-3.8M,-13.8%,0.05%
670100205,NVO,Novo Nordisk A/S,119531,-24333,19.34M,-3.94M,-16.9%,0.04%
92532F100,VRTX,Vertex Pharmaceuticals Inc,164129,-11535,57.76M,-4.06M,-6.6%,0.13%
038169207,APLD,Applied Blockchain Inc,467297,-447708,4.37M,-4.19M,-48.9%,<.01%
921078101,OUNZ,VanEck Merk Gold Shares,1029024,-235932,19.14M,-4.39M,-18.7%,0.04%
92189H771,PIT,VanEck Commodity Strategy ETF,432180,-93065,20.44M,-4.4M,-17.7%,0.04%
968223206,WLY,John Wiley & Sons Inc,193520,-135549,6.58M,-4.61M,-41.2%,0.01%
25179M103,DVN,Devon Energy Corp,428727,-98449,20.73M,-4.76M,-18.7%,0.05%
842587107,SO,Southern Co/The,316187,-68291,22.21M,-4.8M,-17.8%,0.05%
G16962105,,Bunge Ltd,958441,-51439,90.43M,-4.85M,-5.1%,0.2%
902494103,TSN,Tyson Foods Inc,739112,-95995,37.72M,-4.9M,-11.5%,0.08%
26441C204,DUK,Duke Energy Corp,208507,-54943,18.71M,-4.93M,-20.9%,0.04%
74736K101,QRVO,Qorvo Inc,394768,-48617,40.28M,-4.96M,-11%,0.09%
92189F486,FLTR,VanEck IG Floating Rate ETF,295100,-200000,7.45M,-5.05M,-40.4%,0.02%
482480100,KLAC,KLA Corp,691606,-10561,335.44M,-5.12M,-1.5%,0.73%
928563402,,VMware Inc,0,-43344,0,-5.41M,CLOSE,0%
32076V103,AG,First Majestic Silver Corp,28552816,-958203,161.32M,-5.41M,-3.2%,0.35%
185899101,CLF,Cleveland-Cliffs Inc,324936,-330631,5.45M,-5.54M,-50.4%,0.01%
88160R101,TSLA,Tesla Inc,90248,-21224,23.62M,-5.56M,-19%,0.05%
29258Y103,EXK,Endeavour Silver Corp,19695192,-1973231,56.92M,-5.7M,-9.1%,0.12%
88031M109,TS,Tenaris SA,4023113,-191238,120.49M,-5.73M,-4.5%,0.26%
22160K105,COST,Costco Wholesale Corp,89387,-10675,48.12M,-5.75M,-10.7%,0.11%
53814L108,NUGN,Livent Corp,1451460,-212090,39.81M,-5.82M,-12.7%,0.09%
811916105,SA,Seabridge Gold Inc,3391704,-493352,40.87M,-5.94M,-12.7%,0.09%
72016P105,PLL,Piedmont Lithium Inc,553891,-103151,31.96M,-5.95M,-15.7%,0.07%
039483102,ADM,Archer-Daniels-Midland Co,869591,-82658,65.71M,-6.25M,-8.7%,0.14%
87612E106,TGT,Target Corp,54747,-47443,7.22M,-6.26M,-46.4%,0.02%
423452101,HP,Helmerich & Payne Inc,2331022,-179492,82.64M,-6.36M,-7.1%,0.18%
127387108,CDNS,Cadence Design Systems Inc,1366121,-27775,320.38M,-6.51M,-2%,0.7%
56585A102,MPC,Marathon Petroleum Corp,31181,-57312,3.64M,-6.68M,-64.8%,<.01%
19247G206,,Coherent Corp,0,-39122,0,-6.82M,CLOSE,0%
703481101,PTEN,Patterson-UTI Energy Inc,4972600,-581299,59.52M,-6.96M,-10.5%,0.13%
26152H301,DRD,DRDGOLD Ltd,5998583,-663606,63.7M,-7.05M,-10%,0.14%
02079K107,GOOG,Alphabet Inc,465216,-59763,56.28M,-7.23M,-11.4%,0.12%
83088M102,SWKS,Skyworks Solutions Inc,847557,-66395,93.82M,-7.35M,-7.3%,0.21%
609207105,MDLZ,Mondelez International Inc,156162,-105561,11.39M,-7.7M,-40.3%,0.02%
644535106,NGD,New Gold Inc,65096202,-7146424,70.3M,-7.72M,-9.9%,0.15%
78409V104,SPGI,S&P Global Inc,7097,-19741,2.85M,-7.91M,-73.6%,<.01%
478160104,JNJ,Johnson & Johnson,523724,-47963,86.69M,-7.94M,-8.4%,0.19%
53115L104,LBRT,Liberty Energy Inc,5461013,-598838,73.01M,-8.01M,-9.9%,0.16%
09260D107,BX,Blackstone Inc,7832,-86559,728K,-8.05M,-91.7%,<.01%
244199105,DE,Deere & Co,252213,-21156,102.19M,-8.57M,-7.7%,0.22%
826599102,SGML,Sigma Lithium Corp,782913,-212749,31.55M,-8.57M,-21.4%,0.07%
G9460G101,VAL,Valaris Ltd,1531577,-162971,96.38M,-10.26M,-9.6%,0.21%
615369105,MCO,Moody's Corp,20111,-29653,6.99M,-10.31M,-59.6%,0.02%
349915108,,Fortuna Silver Mines Inc,29899927,-3198988,96.88M,-10.36M,-9.7%,0.21%
15872M104,CHX,ChampionX Corp,4502956,-348565,139.77M,-10.82M,-7.2%,0.31%
29446Y502,EQX,Equinox Gold Corp,29748007,-2599258,136.25M,-11.9M,-8%,0.3%
98978V103,ZTS,Zoetis Inc,725210,-71920,124.89M,-12.39M,-9%,0.27%
02209S103,MO,Altria Group Inc,88856,-282376,4.03M,-12.79M,-76.1%,<.01%
284902509,EGO,Eldorado Gold Corp,19352335,-1278806,195.46M,-12.92M,-6.2%,0.43%
962879102,WPM,Wheaton Precious Metals Corp,19088972,-323972,825.02M,-14M,-1.7%,1.8%
69331C140,,PG&E Corp,192360,-94615,28.76M,-14.15M,-33%,0.06%
80013R206,SAND,Sandstorm Gold Ltd,28493796,-2886854,145.89M,-14.78M,-9.2%,0.32%
H8817H100,RIG,Transocean Ltd,14882428,-2130062,104.33M,-14.93M,-12.5%,0.23%
65290C105,,NexTier Oilfield Solutions Inc,4616186,-1742983,41.27M,-15.58M,-27.4%,0.09%
828363101,SILV,SilverCrest Metals Inc,14399895,-2665612,84.38M,-15.62M,-15.6%,0.18%
450913108,IAG,IAMGOLD Corp,44969988,-6204145,118.27M,-16.32M,-12.1%,0.26%
204448104,BVN,Cia de Minas Buenaventura SAA,25216574,-2220401,185.34M,-16.32M,-8.1%,0.41%
682189105,ON,ON Semiconductor Corp,1856873,-173352,175.62M,-16.4M,-8.5%,0.38%
N22717107,,Core Laboratories NV,0,-852347,0,-18.8M,CLOSE,0%
861012102,STM,STMicroelectronics NV,3492957,-392251,174.61M,-19.61M,-10.1%,0.38%
11135F101,AVGO,Broadcom Inc,763425,-24190,662.22M,-20.98M,-3.1%,1.4%
458140100,INTC,Intel Corp,14687714,-640011,491.16M,-21.4M,-4.2%,1.1%
351858105,FNV,Franco-Nevada Corp,8165779,-151031,1.16B,-21.54M,-1.8%,2.5%
090040106,BILI,Bilibili Inc,0,-919337,0,-21.6M,CLOSE,0%
101137206,,BOSTON SCIENTIFIC CORP,0,-180471,0,-21.84M,CLOSE,0%
G65431127,NE,Noble Corp PLC,2323843,-533958,96M,-22.06M,-18.7%,0.21%
05722G100,BKR,Baker Hughes Co,7044025,-699200,222.66M,-22.1M,-9%,0.49%
413216300,HMY,Harmony Gold Mining Co Ltd,53252997,-5374036,223.66M,-22.57M,-9.2%,0.49%
N6596X109,NXPI,NXP Semiconductors NV,1231521,-111803,252.07M,-22.88M,-8.3%,0.55%
651639106,NEM,Newmont Corp,33368384,-580864,1.42B,-24.78M,-1.7%,3.1%
69327R101,,PDC Energy Inc,1697,-350533,121K,-24.99M,-99.5%,<.01%
29355A107,ENPH,Enphase Energy Inc,63488,-157304,10.63M,-26.35M,-71.2%,0.02%
075887406,,Becton Dickinson & Co,0,-538077,0,-26.75M,CLOSE,0%
G87110105,FTI,TechnipFMC PLC,9214464,-1704748,153.15M,-28.33M,-15.6%,0.34%
067901108,B,Barrick Gold Corp,75221513,-1687778,1.27B,-28.57M,-2.2%,2.8%
784730103,SSRM,SSR Mining Inc,20997350,-2118552,297.7M,-30.04M,-9.2%,0.65%
422704106,HL,Hecla Mining Co,54913029,-5999168,282.8M,-30.9M,-9.8%,0.62%
573874104,MRVL,Marvell Technology Group Ltd,3642681,-553035,217.76M,-33.06M,-13.2%,0.48%
68827L101,OR,Osisko Gold Royalties Ltd,19253327,-2154355,295.92M,-33.11M,-10.1%,0.65%
595112103,MU,Micron Technology Inc,5294260,-583506,334.12M,-36.83M,-9.9%,0.73%
780287108,RGLD,Royal Gold Inc,4226227,-425548,485.09M,-48.84M,-9.1%,1.1%
406216101,HAL,Halliburton Co,8433375,-1551357,278.22M,-51.18M,-15.5%,0.61%
035128206,,AngloGold Ashanti Ltd,24517411,-2556471,517.07M,-53.92M,-9.4%,1.1%
83417M104,SEDG,SolarEdge Technologies Inc,50762,-235421,13.66M,-63.34M,-82.3%,0.03%
806857108,SLB,Schlumberger NV,9554249,-1313274,469.31M,-64.51M,-12.1%,1%
437076102,HD,Home Depot Inc/The,71745,-219703,22.29M,-68.25M,-75.4%,0.05%
25746U109,D,Dominion Energy Inc,203794,-1526228,10.55M,-79.04M,-88.2%,0.02%
959802109,WU,Western Union Co/The,534691,-6926783,6.27M,-81.25M,-92.8%,0.01%
857477103,STT,State Street Corp,213049,-1147194,15.59M,-83.95M,-84.3%,0.03%
007903107,AMD,Advanced Micro Devices Inc,5005080,-754245,570.13M,-85.92M,-13.1%,1.2%
98138H101,WDAY,Workday Inc,633449,-411497,143.09M,-92.95M,-39.4%,0.31%
81762P102,NOW,ServiceNow Inc,286498,-173781,161M,-97.66M,-37.8%,0.35%
34959E109,FTNT,Fortinet Inc,2042154,-1373888,154.37M,-103.85M,-40.2%,0.34%
097023105,BA,Boeing Co/The,8532,-484942,1.88M,-106.68M,-98.3%,<.01%
00724F101,ADBE,Adobe Inc,412639,-233469,201.78M,-114.16M,-36.1%,0.44%
773903109,ROK,Rockwell Automation Inc,67251,-347256,22.16M,-114.4M,-83.8%,0.05%
023135106,AMZN,Amazon.com Inc,1442924,-932273,188.1M,-121.53M,-39.3%,0.41%
58733R102,MELI,MercadoLibre Inc,53594,-106131,63.49M,-125.72M,-66.4%,0.14%
512807108,LRCX.MX,Lam Research Corp,958960,-199207,616.48M,-128.06M,-17.2%,1.3%
594918104,MSFT,Microsoft Corp,832679,-426352,283.56M,-145.19M,-33.9%,0.62%
609839105,MPWR,Monolithic Power Systems Inc,234861,-283670,126.88M,-153.25M,-54.7%,0.28%
30303M102,META,Meta Platforms Inc,885591,-715054,254.15M,-205.21M,-44.7%,0.56%
38059T106,GFI,Gold Fields Ltd,40104990,-17625999,554.65M,-243.77M,-30.5%,1.2%
98462Y100,,Yamana Gold Inc,0,-103116205,0,-603.22M,CLOSE,0%
Total,,,,,45.7B,515.24M,+1.2%,100%
