CUSIP,Ticker,Company,Shares,Delta_Shares,Value,Delta_Value,Delta,Portfolio%
482480100,KLAC,KLA CORP,15757363,14260954,4.75B,4.3B,+953%,2.9%
67066G104,NVDA,NVIDIA CORPORATION,75849721,19522304,15.18B,3.91B,+34.7%,9.2%
512807306,LRCX,LAM RESEARCH CORP,11089395,8922854,4.81B,3.87B,+411.8%,2.9%
N07059210,ASML,ASML HLDG NV,2459420,592125,4.89B,1.18B,+31.7%,3%
038222105,AMAT,APPLIED MATLS INC,7713599,1073879,5.58B,776.41M,+16.2%,3.4%
573874104,MRVL,MARVELL TECHNOLOGY INC,13129366,2383663,3.91B,710.07M,+22.2%,2.4%
032654105,ADI,ANALOG DEVICES INC,8422883,1670957,3.35B,663.65M,+24.7%,2%
747525103,QCOM,QUALCOMM INC,17202619,3179720,3.18B,587.58M,+22.7%,1.9%
675222400,OGC,OCEANAGOLD CORP,17678231,17678231,443.43M,443.43M,NEW,0.27%
127387108,CDNS,CADENCE DESIGN SYSTEM INC,4889765,874392,1.84B,328.18M,+21.8%,1.1%
609839105,MPWR,MONOLITHIC PWR SYS INC,746237,221666,1.03B,306.42M,+42.3%,0.63%
11135F101,AVGO,BROADCOM INC,14830051,772559,5.6B,291.83M,+5.5%,3.4%
F92124100,TTE,TOTALENERGIES SE,3760394,3696041,292.41M,287.41M,+5743.4%,0.18%
871607107,SNPS,SYNOPSYS INC,3457249,569687,1.54B,254.12M,+19.7%,0.94%
05466C109,AYA,AYA GOLD & SILVER INC,10226326,10226326,193.48M,193.48M,NEW,0.12%
032095101,APH,AMPHENOL CORP,1319610,1064681,232.67M,187.72M,+417.6%,0.14%
04626A103,ALAB,ASTERA LABS INC,2237961,373545,1.08B,180.43M,+20%,0.66%
861012102,STM,STMICROELECTRONICS N V,14039476,2381883,1.05B,178.38M,+20.4%,0.64%
426281101,JKHY,HENRY JACK & ASSOC INC,1308353,1243526,180.21M,171.28M,+1918.2%,0.11%
284902509,EGO,ELDORADO GOLD CORP NEW,18678256,5241277,580.74M,162.96M,+39%,0.35%
579780206,MKC,MCCORMICK & CO INC,3193567,3191878,161.02M,160.93M,+188980.3%,0.1%
58733R102,MELI,MERCADOLIBRE INC,97143,93856,164.89M,159.31M,+2855.4%,0.1%
892356106,TSCO,TRACTOR SUPPLY CO,5144955,4978105,162.63M,157.36M,+2983.6%,0.1%
92189K105,HODL,VANECK BITCOIN ETF,14800670,9101995,245.84M,151.18M,+159.7%,0.15%
40171V100,GWRE,GUIDEWIRE SOFTWARE INC,1215855,1215855,149.61M,149.61M,NEW,0.09%
808513105,SCHW,SCHWAB CHARLES CORP,3438308,1582063,317.25M,145.98M,+85.2%,0.19%
25754A201,DPZ,DOMINOS PIZZA INC,478019,477968,141.51M,141.5M,+937192.2%,0.09%
042068205,ARM,ARM HOLDINGS PLC,2600597,387713,922.09M,137.47M,+17.5%,0.56%
98386P102,XE,X-ENERGY INC,7121895,7121895,130.76M,130.76M,NEW,0.08%
303250104,FICO,FAIR ISAAC CORP,223798,109027,267.39M,130.26M,+95%,0.16%
217204106,CPRT,COPART INC,9059273,4482226,255.38M,126.35M,+97.9%,0.16%
02079K404,ABE2.F,ALPHABET INC,2458288,2458288,125.1M,125.1M,NEW,0.08%
02079K602,ABE1.F,ALPHABET INC,2458288,2458288,123.65M,123.65M,NEW,0.08%
83056P715,SKE,SKEENA RES LTD NEW,9017001,4501723,240.4M,120.02M,+99.7%,0.15%
615394202,MOGA,MOOG INC,395933,277977,167.81M,117.82M,+235.7%,0.1%
922475108,VEEV,VEEVA SYS INC,1752506,663396,311.02M,117.73M,+60.9%,0.19%
595017104,MCHP,MICROCHIP TECHNOLOGY INC.,8224808,1272838,750.1M,116.08M,+18.3%,0.46%
68389X204,ORCLPR,ORACLE CORP,2501676,2501676,112.45M,112.45M,NEW,0.07%
G06973112,AUGO,AURA MINERALS INC,2972225,1778489,187.1M,111.96M,+149%,0.11%
86800U500,SMCIP,SUPER MICRO COMPUTER INC,1873503,1873503,97.35M,97.35M,NEW,0.06%
00217D100,ASTS,AST SPACEMOBILE INC,2191222,1084014,194.71M,96.33M,+97.9%,0.12%
02156V109,OKLO,OKLO INC,7912353,1830836,414.05M,95.81M,+30.1%,0.25%
67079K100,SMR,NUSCALE PWR CORP,29311762,9278802,294M,93.07M,+46.3%,0.18%
82835P103,SVM,SILVERCORP METALS INC,15941612,8875001,161.03M,89.65M,+125.6%,0.1%
G25508105,CRH,CRH PLC,811243,811243,86.8M,86.8M,NEW,0.05%
805700101,DML1.MU,ELEVRA LITHIUM LTD,1240049,1240049,84.51M,84.51M,NEW,0.05%
65340P106,NXE,NEXGEN ENERGY LTD,39859017,8459150,374.26M,79.43M,+26.9%,0.23%
594918104,MSFT,MICROSOFT CORP,1590600,210915,593.33M,78.68M,+15.3%,0.36%
422704106,HL,HECLA MINING COMPANY,38174114,5053624,589.03M,77.98M,+15.3%,0.36%
15643U104,LEU,CENTRUS ENERGY CORP,1651915,441914,277.31M,74.18M,+36.5%,0.17%
92189H771,PIT,VANECK ETF TRUST,3323260,1083489,219.37M,71.52M,+48.4%,0.13%
92552V100,VSAT,VIASAT INC,2243040,777761,201.45M,69.85M,+53.1%,0.12%
682189105,ON,ON SEMICONDUCTOR CORP,5143343,731540,486.25M,69.16M,+16.6%,0.3%
278768106,ECHO,ECHOSTAR CORP,1369499,681352,139M,69.16M,+99%,0.08%
92343V104,VZ,VERIZON COMMUNICATIONS INC,10219648,1618118,432.7M,68.51M,+18.8%,0.26%
67077M108,NTR,NUTRIEN LTD,3360919,1039358,211.57M,65.43M,+44.8%,0.13%
921078101,OUNZ,VANECK MERK GOLD ETF,5469804,1652265,211.08M,63.76M,+43.3%,0.13%
55293N109,MDA,MDA SPACE LTD,3289261,1473571,135.77M,60.82M,+81.2%,0.08%
13321L108,CCJ,CAMECO CORP,7541479,596934,767.92M,60.78M,+8.6%,0.47%
880770102,TER,TERADYNE INC,2607914,123549,1.26B,59.78M,+5%,0.77%
136385101,CNQ,CANADIAN NAT RES LTD MED TER,2390830,1511659,94.51M,59.76M,+171.9%,0.06%
292671708,UUUU,ENERGY FUELS INC,19495526,3912973,282.75M,56.75M,+25.1%,0.17%
055622104,BP,BP PLC,2049151,1524048,75.72M,56.31M,+290.2%,0.05%
916896103,UEC,URANIUM ENERGY CORP,29034465,5191738,309.51M,55.34M,+21.8%,0.19%
65339F655,NEEXU,NEXTERA ENERGY INC,1150770,1150770,55.17M,55.17M,NEW,0.03%
72703X106,PL,PLANET LABS PBC,9915458,1633382,328.5M,54.11M,+19.7%,0.2%
25278X109,FANG,DIAMONDBACK ENERGY INC,539137,306172,94.77M,53.82M,+131.4%,0.06%
773121108,RKLB,ROCKET LAB CORP,1777325,527552,180.67M,53.63M,+42.2%,0.11%
218937100,CNR,CORE NATURAL RESOURCES INC,844230,665200,67.56M,53.23M,+371.6%,0.04%
75776W103,RDW,REDWIRE CORPORATION,6851228,4341424,83.79M,53.1M,+173%,0.05%
020398707,ALM,ALMONTY INDS INC,11773671,3199225,194.97M,52.98M,+37.3%,0.12%
882508104,TXN,TEXAS INSTRS INC,12149167,177511,3.62B,52.91M,+1.5%,2.2%
G0593M107,AZN,ASTRAZENECA PLC,558835,282474,104.49M,52.82M,+102.2%,0.06%
69047Q102,OVV,OVINTIV INC,1717400,935860,90.42M,49.27M,+119.7%,0.06%
248356107,DNN,DENISON MINES CORP,87521620,16013484,267.56M,48.95M,+22.4%,0.16%
09261X102,BXSL,BLACKSTONE SECD LENDING FD,4161539,2041061,98.67M,48.39M,+96.3%,0.06%
70202L102,PSN,PARSONS CORP DEL,1125767,895690,58.98M,46.93M,+389.3%,0.04%
04010L103,ARCC,ARES CAPITAL CORP,13306095,2418984,246.56M,44.82M,+22.2%,0.15%
165167735,EXE,EXPAND ENERGY CORPORATION,716674,478650,65.35M,43.65M,+201.1%,0.04%
46269C102,IRDM,IRIDIUM COMMUNICATIONS INC,2270799,766171,124.55M,42.02M,+50.9%,0.08%
49435R102,KRP,KIMBELL RTY PARTNERS LP,3627850,2783040,52.71M,40.44M,+329.4%,0.03%
958102105,WDC,WESTERN DIGITAL CORP,63141,62774,40.33M,40.1M,+17104.6%,0.02%
71424F105,PR,PERMIAN RESOURCES CORP,2871879,2005269,52.87M,36.92M,+231.4%,0.03%
378973507,GSAT,GLOBALSTAR INC,1427218,452931,116.02M,36.82M,+46.5%,0.07%
19260Q107,COIN,COINBASE GLOBAL INC,495075,246707,72.38M,36.07M,+99.3%,0.04%
72147K108,PPC,PILGRIMS PRIDE CORP,1365157,1199625,38.37M,33.72M,+724.7%,0.02%
92242T101,VVX,V2X INC,441391,441391,32.91M,32.91M,NEW,0.02%
264147109,DCO,DUCOMMUN INC DEL,427603,173616,79.2M,32.16M,+68.4%,0.05%
91688R108,URG,UR-ENERGY INC,23446633,23446633,31.87M,31.87M,NEW,0.02%
201723103,CMC,COMMERCIAL METALS CO,786142,505599,49.33M,31.73M,+180.2%,0.03%
952845105,WFG,WEST FRASER TIMBER CO LTD,736913,465694,49.84M,31.49M,+171.7%,0.03%
546347105,LPX,LOUISIANA PAC CORP,464995,399969,36.58M,31.46M,+615.1%,0.02%
92892B103,VOYG,VOYAGER TECHNOLOGIES INC,951677,951677,30.69M,30.69M,NEW,0.02%
443628102,HBM,HUDBAY MINERALS INC,3172033,1294482,74.9M,30.56M,+68.9%,0.05%
43849R105,HONA,HONEYWELL AEROSPACE INC,136199,136199,30.11M,30.11M,NEW,0.02%
023939101,AMTM,AMENTUM HOLDINGS INC,1988898,1441254,41.11M,29.79M,+263.2%,0.03%
025816109,AXP,AMERICAN EXPRESS CO,104452,85958,35.33M,29.08M,+464.8%,0.02%
704551100,BTU,PEABODY ENGR CORP,1556305,1236770,35.98M,28.59M,+387.1%,0.02%
69351T866,PPLC,PPL CORP,575385,575385,28.23M,28.23M,NEW,0.02%
31816X106,FLY,FIREFLY AEROSPACE INC,3048335,927804,89.62M,27.28M,+43.8%,0.05%
75644T100,RCAT,RED CAT HLDGS INC,2553337,2553337,27.19M,27.19M,NEW,0.02%
848560306,SPIR,SPIRE GLOBAL INC,1406777,1406777,26.17M,26.17M,NEW,0.02%
11133T103,BR,BROADRIDGE FINL SOLUTIONS IN,1875684,190301,256.87M,26.06M,+11.3%,0.16%
674215207,CHRD,CHORD ENERGY CORPORATION,309791,226270,35.41M,25.86M,+270.9%,0.02%
46125A100,LUNR,INTUITIVE MACHINES INC,3845950,1193006,82.26M,25.52M,+45%,0.05%
80401C100,SATL,SATELLOGIC INC,4252222,4252222,24.32M,24.32M,NEW,0.01%
771049103,RBLX,ROBLOX CORP,1125964,446270,61.23M,24.27M,+65.7%,0.04%
29446Y502,EQX,EQUINOX GOLD CORP,87435651,2355044,849.87M,22.89M,+2.8%,0.52%
03831W108,APP,APPLOVIN CORP,46943,43459,24.19M,22.39M,+1247.4%,0.01%
81369Y803,XLK,SELECT SECTOR SPDR TR,311827,117176,59.41M,22.32M,+60.2%,0.04%
46500E867,ISOU,ISOENERGY LTD,4566386,2222875,45.48M,22.14M,+94.9%,0.03%
98978V103,ZTS,ZOETIS INC,4252140,303395,305.56M,21.8M,+7.7%,0.19%
460146103,IP,INTERNATIONAL PAPER CO,1348956,571242,51.4M,21.76M,+73.5%,0.03%
012653101,ALB,ALBEMARLE CORP,2174797,158507,293.66M,21.4M,+7.9%,0.18%
N3144W105,XPRO,EXPRO GROUP HOLDINGS NV,1388087,1388087,20.5M,20.5M,NEW,0.01%
21037T109,CEG,CONSTELLATION ENERGY CORP,1369139,82290,340.05M,20.44M,+6.4%,0.21%
68390D106,OR,OR ROYALTIES INC.,11085785,614970,350.61M,19.45M,+5.9%,0.21%
26740W109,QBTS,D-WAVE QUANTUM INC,2339788,806835,56.13M,19.36M,+52.6%,0.03%
45676K103,INFQ,INFLEQTION INC,1391877,1391877,18.54M,18.54M,NEW,0.01%
G8267P108,SW,SMURFIT WESTROCK PLC,1171097,396918,54.17M,18.36M,+51.3%,0.03%
Q4982L109,IREN,IREN LIMITED,1376220,400534,62.93M,18.32M,+41.1%,0.04%
172573107,CRCL,CIRCLE INTERNET GROUP INC,782730,290535,49.02M,18.2M,+59%,0.03%
039653100,ACA,ARCOSA INC,196528,124410,28.55M,18.08M,+172.5%,0.02%
63010H108,NNE,NANO NUCLEAR ENERGY INC,3819847,810022,80.75M,17.12M,+26.9%,0.05%
744573106,PEG,PUBLIC SVC ENTERPRISE GROUP,3901675,208228,316.66M,16.9M,+5.6%,0.19%
N3167Y103,RACE,FERRARI N V,45102,45102,16.71M,16.71M,NEW,0.01%
30303M102,META,META PLATFORMS INC,749836,29098,422.38M,16.39M,+4%,0.26%
09175A206,BMNR,BITMINE IMMERSION TECHS INC,3611932,1192915,48.07M,15.88M,+49.3%,0.03%
G11448100,BTDR,BITDEER TECHNOLOGIES GROUP,2675289,991144,42.46M,15.73M,+58.9%,0.03%
450913108,IAG,IAMGOLD CORP,38110975,985939,603.74M,15.62M,+2.7%,0.37%
780259305,SHEL,SHELL PLC,643152,197551,49.87M,15.32M,+44.3%,0.03%
74762E102,PWR,QUANTA SVCS INC,21007,21007,15.13M,15.13M,NEW,<.01%
683344105,ONTO,ONTO INNOVATION INC,41588,39576,15.74M,14.98M,+1967%,<.01%
G48833118,WFRD,WEATHERFORD INTL PLC,1536883,183226,125.26M,14.93M,+13.5%,0.08%
25809K105,DASH,DOORDASH INC,84047,78741,15.51M,14.53M,+1484%,<.01%
013872106,AA,ALCOA CORP,982917,275797,51.25M,14.38M,+39%,0.03%
65345N106,NN,NEXTNAV INC,2730772,804865,48.69M,14.35M,+41.8%,0.03%
778296103,ROST,ROSS STORES INC,108275,63849,23.05M,13.59M,+143.7%,0.01%
83088M102,SWKS,SKYWORKS SOLUTIONS INC,2078291,198528,140.91M,13.46M,+10.6%,0.09%
867866105,SSMR,SUNSHINE SILVER MNG & REFNG,1011578,1011578,13.37M,13.37M,NEW,<.01%
918284209,VSECU,VSE CORP,230152,230152,13.27M,13.27M,NEW,<.01%
874054109,TTWO,TAKE-TWO INTERACTIVE SOFTWAR,244465,52494,61.11M,13.12M,+27.3%,0.04%
V7780T103,RCL,ROYAL CARIBBEAN GROUP,43454,40535,13.8M,12.87M,+1388.7%,<.01%
50212V100,LPLA,LPL FINL HLDGS INC,1048344,45367,295.3M,12.78M,+4.5%,0.18%
84615Q103,SPCX,SPACE EXPLORATION TECHN CORP,72864,72864,12.45M,12.45M,NEW,<.01%
349381103,FIGR,FIGURE TECHNOLOGY SOLUTIO,1578275,402032,48.47M,12.35M,+34.2%,0.03%
459200101,IBM,INTERNATIONAL BUSINESS MACHS,152995,42686,43.02M,12M,+38.7%,0.03%
095924106,OTF,BLUE OWL TECHNOLOGY FIN CORP,4423851,1152607,45.79M,11.93M,+35.2%,0.03%
76655K103,RGTI,RIGETTI COMPUTING INC,1890452,617177,36.52M,11.92M,+48.5%,0.02%
278865100,ECL,ECOLAB INC,70411,42713,19.62M,11.9M,+154.2%,0.01%
N4732M103,JBS,JBS N.V.,3740375,1002030,44.32M,11.87M,+36.6%,0.03%
654106103,NKE,NIKE INC,6257863,286395,256.89M,11.76M,+4.8%,0.16%
126408103,CSX,CSX CORP,863440,246473,41.04M,11.71M,+39.9%,0.03%
969457100,WMB,WILLIAMS COS INC,790281,156183,58.75M,11.61M,+24.6%,0.04%
949746101,WFC,WELLS FARGO & CO,481098,138966,39.76M,11.48M,+40.6%,0.02%
36266G107,GEHC,GE HEALTHCARE TECHNOLOGIES I,4482631,177028,286.93M,11.33M,+4.1%,0.17%
427096508,HTGC,HERCULES CAPITAL INC,3877634,713653,61.15M,11.25M,+22.6%,0.04%
89417E109,TRV,TRAVELERS COMPANIES INC,34056,34056,11.24M,11.24M,NEW,<.01%
G0403H108,AON,AON PLC,33007,33007,10.95M,10.95M,NEW,<.01%
896442308,TRIN,TRINITY CAP INC,2153437,607988,38.52M,10.88M,+39.3%,0.02%
060505104,BAC,BANK OF AMER CORP,767785,188908,43.75M,10.76M,+32.6%,0.03%
G16910120,BLSH,BULLISH,1249058,447191,29.27M,10.48M,+55.8%,0.02%
594972408,MSTR,STRATEGY INC,420290,118863,36.54M,10.33M,+39.4%,0.02%
H11356104,BG,BUNGE GLOBAL SA,757286,96670,80.83M,10.32M,+14.6%,0.05%
49456B101,KMI,KINDER MORGAN INC DEL,1363867,321924,43.6M,10.29M,+30.9%,0.03%
09263B207,BKSY,BLACKSKY TECHNOLOGY INC,1024892,363787,28.61M,10.16M,+55%,0.02%
963320205,WHR-PA,WHIRLPOOL CORP,287694,287694,10.1M,10.1M,NEW,<.01%
031100100,AME,AMETEK INC,41505,41505,10.04M,10.04M,NEW,<.01%
81369Y852,XLC,SELECT SECTOR SPDR TR,281840,92615,30.19M,9.92M,+48.9%,0.02%
125269100,CF,CF INDUSTRIES HOLD,705521,90713,76.38M,9.82M,+14.8%,0.05%
87612G101,TRGP,TARGA RES CORP,145133,36529,38.92M,9.79M,+33.6%,0.02%
859241101,STRL,STERLING INFRASTRUCTURE INC,36049,11533,30.26M,9.68M,+47%,0.02%
M53213100,ICL,ICL GROUP LTD,1937132,1937132,9.65M,9.65M,NEW,<.01%
140501107,CSWC,CAPITAL SOUTHWEST CORP,1526667,399106,36.29M,9.49M,+35.4%,0.02%
76131D103,QSR,RESTAURANT BRANDS INTL INC,439207,130422,31.82M,9.45M,+42.2%,0.02%
81369Y407,XLY,SELECT SECTOR SPDR TR,180400,76947,21.16M,9.02M,+74.4%,0.01%
D18190898,DB,DEUTSCHE BK AG,265167,265167,8.96M,8.96M,NEW,<.01%
83012A109,TSLX,SIXTH STREET SPECIALTY LENDI,2366266,519456,40.63M,8.92M,+28.1%,0.02%
H42097107,UBS,UBS GROUP AG,179747,179747,8.91M,8.91M,NEW,<.01%
962879102,WPM,WHEATON PRECIOUS METALS CORP,14411000,78618,1.62B,8.83M,+0.5%,0.99%
M4056D110,ENLT,ENLIGHT RENEWABLE ENERGY LTD,99678,99678,8.8M,8.8M,NEW,<.01%
61774A103,MSDL,MORGAN STANLEY DIRECT LENDIN,2014119,580142,30.45M,8.77M,+40.5%,0.02%
00123Q104,AGNC,AGNC INVT CORP,5190499,763109,56.58M,8.32M,+17.2%,0.03%
P5626F128,IFS,INTERCORP FINL SVCS INC,145914,145914,8.31M,8.31M,NEW,<.01%
74164F103,PRIM,PRIMORIS SVCS CORP,82962,82962,8.22M,8.22M,NEW,<.01%
025932104,AFG,AMERICAN FINANCIAL GROUP INC,57496,57496,8.05M,8.05M,NEW,<.01%
55405W104,MYRG,MYR GROUP INC,15534,15534,7.77M,7.77M,NEW,<.01%
144285103,CRS,CARPENTER TECHNOLOGY CORP,53096,12471,32.75M,7.69M,+30.7%,0.02%
M51474118,GILT,GILAT SATELLITE NETWORKS LTD,1799354,577479,23.95M,7.69M,+47.3%,0.01%
04280A100,ARWR,ARROWHEAD PHARMACEUTICALS IN,111500,92610,9.09M,7.55M,+490.3%,<.01%
87807B107,TRP,TC ENERGY CORP,636863,113055,42.22M,7.49M,+21.6%,0.03%
00766T100,ACM,AECOM,105816,105816,7.39M,7.39M,NEW,<.01%
G8994E103,TT,TRANE TECHNOLOGIES PLC,79963,14922,39.27M,7.33M,+22.9%,0.02%
09061G101,BMRN,BIOMARIN PHARMACEUTICAL INC,307103,125221,17.57M,7.17M,+68.8%,0.01%
025537101,AEP,AMERICAN ELEC PWR CO INC,274047,51621,37.49M,7.06M,+23.2%,0.02%
911363109,URI,UNITED RENTALS INC,8836,6128,10.01M,6.94M,+226.3%,<.01%
008252108,AMG,AFFILIATED MANAGERS GROUP,20250,20250,6.85M,6.85M,NEW,<.01%
717081103,PFE,PFIZER INC,16584797,283767,399.36M,6.83M,+1.7%,0.24%
44951W106,IESC,IES HOLDINGS INC,9292,9292,6.83M,6.83M,NEW,<.01%
443201108,HWM,HOWMET AEROSPACE INC,103514,25224,27.83M,6.78M,+32.2%,0.02%
21874C102,CNM,CORE & MAIN INC,272193,139942,13.13M,6.75M,+105.8%,<.01%
95040Q104,WELL,WELLTOWER INC,501172,29565,113.75M,6.71M,+6.3%,0.07%
302635206,FSK,FS KKR CAP CORP,5382748,636889,56.52M,6.69M,+13.4%,0.03%
929089100,VOYA,VOYA FINANCIAL INC,73795,73795,6.68M,6.68M,NEW,<.01%
729132100,PLXS,PLEXUS CORP,22100,22100,6.64M,6.64M,NEW,<.01%
36828A101,GEV,GE VERNOVA INC,13123,5593,15.42M,6.57M,+74.3%,<.01%
04010E109,AGX,ARGAN INC,22584,8131,18.03M,6.49M,+56.3%,0.01%
501147102,KRYS,KRYSTAL BIOTECH INC,17071,17071,6.34M,6.34M,NEW,<.01%
169656105,CMG,CHIPOTLE MEXICAN GRILL INC,5567087,184806,189.28M,6.28M,+3.4%,0.12%
G0692U109,AXS,AXIS CAP HLDGS LTD,57893,57893,6.22M,6.22M,NEW,<.01%
515098101,LSTR,LANDSTAR SYS INC,30042,30042,6.21M,6.21M,NEW,<.01%
03990B101,ARES,ARES MANAGEMENT CORPORATION,149756,54763,16.67M,6.1M,+57.6%,0.01%
913903100,UHS,UNIVERSAL HLTH SVCS INC,45389,40625,6.75M,6.04M,+852.7%,<.01%
74624M102,P,EVERPURE INC,76480,76480,6.03M,6.03M,NEW,<.01%
38173M102,GBDC,GOLUB CAP BDC INC,4710275,466249,60.67M,6.01M,+11%,0.04%
25746U109,D,DOMINION ENERGY INC,435621,87301,29.75M,5.96M,+25.1%,0.02%
576323109,MTZ,MASTEC INC,14242,14242,5.93M,5.93M,NEW,<.01%
852234103,XYZ,BLOCK INC,1197560,77952,91.01M,5.92M,+7%,0.06%
67401P405,OCSL,OAKTREE SPECIALTY LENDING,2195651,492070,26.22M,5.88M,+28.9%,0.02%
G51502105,JCI,JOHNSON CONTROLS INTERNATION,39975,39975,5.84M,5.84M,NEW,<.01%
98389B100,XEL,XCEL ENERGY INC,364155,72720,29.24M,5.84M,+25%,0.02%
38147U107,GSBD,GOLDMAN SACHS BDC INC,2676020,607997,25.37M,5.76M,+29.4%,0.02%
21077F100,CTGO,CONTANGO SILVER & GOLD INC,819087,364062,12.93M,5.75M,+80%,<.01%
88339J105,TTD,THE TRADE DESK INC,377386,316755,6.82M,5.73M,+522.4%,<.01%
09857L108,BKNG,BOOKING HOLDINGS INC,32491,31193,5.79M,5.56M,+2403.2%,<.01%
74348T102,PSEC,PROSPECT CAP CORP,9685724,2388990,22.37M,5.52M,+32.7%,0.01%
01741R102,ATI,ATI INC,27953,27953,5.51M,5.51M,NEW,<.01%
29364G103,ETR,ENTERGY CORP NEW,225675,47680,25.92M,5.48M,+26.8%,0.02%
91912E105,VALE,VALE S A,4565904,358581,68.67M,5.39M,+8.5%,0.04%
667746101,NWPX,NWPX INFRASTRUCTURE INC,35865,35865,5.38M,5.38M,NEW,<.01%
14316J108,CG,CARLYLE GROUP INC,370381,126441,15.6M,5.32M,+51.8%,<.01%
23345M107,DTM,DT MIDSTREAM INC,85504,36272,12.55M,5.32M,+73.7%,<.01%
G8060N102,ST,SENSATA TECHNOLOGIES HLDG PL,110182,110182,5.26M,5.26M,NEW,<.01%
11271J107,BN,BROOKFIELD CORP,629402,122353,26.81M,5.21M,+24.1%,0.02%
909907107,UBSI,UNITED BANKSHARES INC WEST V,110068,110068,5.04M,5.04M,NEW,<.01%
70806A106,PFLT,PENNANTPARK FLOATING RATE CA,2473706,668394,18.5M,5M,+37%,0.01%
70432V102,PAYC,PAYCOM SOFTWARE INC,38890,38890,4.89M,4.89M,NEW,<.01%
260003108,DOV,DOVER CORP,21503,21503,4.82M,4.82M,NEW,<.01%
26152H301,DRD,DRDGOLD LIMITED,1156605,224284,24.64M,4.78M,+24.1%,0.02%
G2004J103,CCL,CARNIVAL CORP LTD,166545,166545,4.76M,4.76M,NEW,<.01%
92537N108,VRT,VERTIV HOLDINGS CO,18136,14163,6.07M,4.74M,+356.5%,<.01%
H01301128,ALC,ALCON AG,70156,70156,4.74M,4.74M,NEW,<.01%
035710839,NLY,ANNALY CAPITAL MANAGEMENT IN,3098157,208506,69.27M,4.66M,+7.2%,0.04%
872280102,CGBD,CARLYLE SECURED LENDING INC,1748836,436365,18.42M,4.59M,+33.2%,0.01%
03957W106,AROC,ARCHROCK INC,192835,112002,7.85M,4.56M,+138.6%,<.01%
146869102,CVNA,CARVANA CO,89829,68263,5.91M,4.49M,+316.5%,<.01%
267475101,DY,DYCOM INDS INC,8838,8838,4.47M,4.47M,NEW,<.01%
N72482156,QGEN,QIAGEN NV,114087,114087,4.46M,4.46M,NEW,<.01%
50012A108,KGS,KODIAK GAS SVCS INC,98146,59062,7.37M,4.44M,+151.1%,<.01%
48251W104,KKR,KKR & CO INC,273872,47364,25.14M,4.35M,+20.9%,0.02%
739128106,POWL,POWELL INDS INC,15129,15129,4.33M,4.33M,NEW,<.01%
754730109,RJF,RAYMOND JAMES FINL INC,48307,28280,7.34M,4.3M,+141.2%,<.01%
655844108,NSC,NORFOLK SOUTHN CORP,88691,13603,27.9M,4.28M,+18.1%,0.02%
08265T208,BSY,BENTLEY SYS INC,150997,142965,4.51M,4.27M,+1779.9%,<.01%
925283103,VSNT,VERSANT MEDIA GROUP INC,116199,115937,4.18M,4.17M,+44250.8%,<.01%
06759L103,BBDC,BARINGS BDC INC,2309564,484649,19.68M,4.13M,+26.6%,0.01%
316500107,FDUS,FIDUS INVT CORP,929242,216180,17.72M,4.12M,+30.3%,0.01%
156431108,CENX,CENTURY ALUM CO,89352,89352,4.11M,4.11M,NEW,<.01%
670682103,NMZ,NUVEEN MUN HIGH INCOME OPPOR,1056439,382155,11.17M,4.04M,+56.7%,<.01%
701094104,PH,PARKER-HANNIFIN CORP,28200,4129,27.58M,4.04M,+17.2%,0.02%
24703L202,DELL,DELL TECHNOLOGIES INC,16393,9335,7.07M,4.03M,+132.3%,<.01%
N5505D105,MICC,MAGNUM ICE CREAM CO NV,221876,221876,3.86M,3.86M,NEW,<.01%
199908104,FIX,COMFORT SYS USA INC,10688,1933,21.18M,3.83M,+22.1%,0.01%
559663109,MGY,MAGNOLIA OIL & GAS CORP,149697,149697,3.83M,3.83M,NEW,<.01%
48241A105,KB,KB FINL GROUP INC,36334,36334,3.81M,3.81M,NEW,<.01%
45256X103,IBRX,IMMUNITYBIO INC,424191,424191,3.72M,3.72M,NEW,<.01%
82706C108,SIMO,SILICON MOTION TECHNOLOGY CO,33998,10961,11.33M,3.65M,+47.6%,<.01%
G0896C103,TBBB,BBB FOODS INC,154597,81277,6.44M,3.39M,+110.9%,<.01%
74766W108,QUBT,QUANTUM COMPUTING INC,1317352,345750,12.78M,3.35M,+35.6%,<.01%
92338C103,VLTO,VERALTO CORP,151370,37203,13.42M,3.3M,+32.6%,<.01%
376546107,GAIN,GLADSTONE INVT CORP,804098,212170,12.43M,3.28M,+35.8%,<.01%
125141101,CECO,CECO ENVIRONMENTAL CORP,35298,35298,3.2M,3.2M,NEW,<.01%
05684B107,BCSF,BAIN CAP SPECIALTY FIN INC,1378326,253902,17.26M,3.18M,+22.6%,0.01%
67090S108,NCDL,NUVEEN CHURCHILL DIRECT LEND,767952,254335,9.54M,3.16M,+49.5%,<.01%
88262P102,TPL,TEXAS PACIFIC LAND CORPORATI,21714,7002,9.5M,3.06M,+47.6%,<.01%
681919106,OMC,OMNICOM GROUP INC,117227,41466,8.54M,3.02M,+54.7%,<.01%
750917106,RMBS,RAMBUS INC DEL,167993,22742,22.3M,3.02M,+15.7%,0.01%
816850101,SMTC,SEMTECH CORP,61199,18648,9.91M,3.02M,+43.8%,<.01%
831865209,AOS,SMITH A O CORP,226561,47573,14.21M,2.98M,+26.6%,<.01%
03761U502,MFIC,MIDCAP FINANCIAL INVSTMNT CO,2104647,293478,21.21M,2.96M,+16.2%,0.01%
N3168P101,FER,FERROVIAL NV,42224,42224,2.89M,2.89M,NEW,<.01%
H50430232,LOGI,LOGITECH INTL S A,30530,30530,2.86M,2.86M,NEW,<.01%
85571B105,STWD,STARWOOD PPTY TR INC,1598413,174156,26.18M,2.85M,+12.2%,0.02%
55374X208,MSIF,MSC INCOME FUND INC,915670,241495,10.59M,2.79M,+35.8%,<.01%
09259E108,TCPC,BLACKROCK TCP CAPITAL CORP,2096604,829757,7.04M,2.79M,+65.5%,<.01%
G6700G107,NVT,NVENT ELEC PLC,16353,16353,2.77M,2.77M,NEW,<.01%
216648501,COO,COOPER COS INC,38397,38397,2.75M,2.75M,NEW,<.01%
82982T106,SITM,SITIME CORP,14990,3683,11.18M,2.75M,+32.6%,<.01%
98390R102,XNDU,XANADU QUANTUM TECHNOLO LTD,226735,226735,2.75M,2.75M,NEW,<.01%
89472Y107,TKO.TO,TREKOR METALS LTD,396290,396290,2.73M,2.73M,NEW,<.01%
92276F100,VTR,VENTAS INC,331350,30535,29.42M,2.71M,+10.2%,0.02%
83413U100,SLRC,SLR INVESTMENT CORP,1104114,219110,13.66M,2.71M,+24.8%,<.01%
85423L103,SARO,STANDARDAERO INC,90435,90435,2.7M,2.7M,NEW,<.01%
69370C100,PTC,PTC INC,27668,23012,3.14M,2.61M,+494.2%,<.01%
18270D106,CMTG,CLAROS MTG TR INC,1110156,1110156,2.61M,2.61M,NEW,<.01%
880779103,TEX,TEREX CORP NEW,35756,35756,2.59M,2.59M,NEW,<.01%
88033G407,THC,TENET HEALTHCARE CORP,16814,13749,3.15M,2.57M,+448.6%,<.01%
376535878,GLAD,GLADSTONE CAP CORP,456227,129881,8.86M,2.52M,+39.8%,<.01%
256677105,DG,DOLLAR GEN CORP,48500,21829,5.58M,2.51M,+81.8%,<.01%
671044105,OSIS,OSI SYSTEMS INC,199636,11456,43.66M,2.51M,+6.1%,0.03%
647551100,NMFC,NEW MTN FIN CORP,2145047,348872,15.38M,2.5M,+19.4%,<.01%
09581B103,OWL,BLUE OWL CAPITAL INC,897112,283373,7.85M,2.48M,+46.2%,<.01%
826919102,SLAB,SILICON LABORATORIES INC,26811,11092,5.86M,2.42M,+70.6%,<.01%
G9456A100,GLNG,GOLAR LNG LTD,48485,48485,2.42M,2.42M,NEW,<.01%
80004C200,SNDK,SANDISK CORP,1151,1059,2.62M,2.41M,+1151.1%,<.01%
291011104,EMR,EMERSON ELEC CO,37838,16688,5.42M,2.39M,+78.9%,<.01%
336433107,FSLR,FIRST SOLAR INC,63787,10118,15.05M,2.39M,+18.9%,<.01%
41068X100,HASI,HA SUSTAINABLE INFRA CAP INC,254241,60719,9.93M,2.37M,+31.4%,<.01%
77311W101,RKT,ROCKET COS INC,181531,150530,2.86M,2.37M,+485.6%,<.01%
941848103,WAT,WATERS CORP,29056,6222,10.9M,2.33M,+27.2%,<.01%
462222100,IONS,IONIS PHARMACEUTICALS INC,63396,28891,5.03M,2.29M,+83.7%,<.01%
03027X100,AMT,AMERICAN TOWER CORP,203505,13875,33.29M,2.27M,+7.3%,0.02%
440452100,HRL,HORMEL FOODS CORP,94841,91413,2.35M,2.27M,+2666.7%,<.01%
05329W102,AN,AUTONATION INC,12064,12064,2.24M,2.24M,NEW,<.01%
M7516K103,NVMI,NOVA LTD,12444,4238,6.58M,2.24M,+51.6%,<.01%
172755100,CRUS,CIRRUS LOGIC INC,90637,14938,13.46M,2.22M,+19.7%,<.01%
088606108,BHP,BHP BILLITON LIMITED,296980,26586,24.74M,2.21M,+9.8%,0.02%
N20944109,CNH,CNH INDL N V,2783765,195680,31.26M,2.2M,+7.6%,0.02%
13646K108,CP,CANADIAN PACIFIC KANSAS CITY,387458,25216,33.57M,2.18M,+7%,0.02%
67066V101,NAD,NUVEEN QUALITY MUNCP INCOME,1288803,178327,15.62M,2.16M,+16.1%,<.01%
G8068L108,SN,SHARKNINJA INC,14147,14147,2.15M,2.15M,NEW,<.01%
942622200,WSO,WATSCO INC,11875,5147,4.95M,2.14M,+76.5%,<.01%
22822V101,CCI,CROWN CASTLE INC,223758,28253,16.95M,2.14M,+14.5%,0.01%
84265V105,SCCO,SOUTHERN COPPER CORP,186890,12255,32.57M,2.14M,+7%,0.02%
150870103,CE,CELANESE CORP DEL,89406,46228,4.11M,2.13M,+107.1%,<.01%
816851109,SRE,SEMPRA,278599,22889,25.83M,2.12M,+9%,0.02%
277432100,EMN,EASTMAN CHEM CO,31282,31282,2.1M,2.1M,NEW,<.01%
670346105,NUE,NUCOR CORP,71337,9263,15.89M,2.06M,+14.9%,<.01%
N00985106,AER,AERCAP HOLDINGS NV,14054,14054,2.05M,2.05M,NEW,<.01%
92189H599,VEFA,VANECK ETF TRUST,25000,25000,2.01M,2.01M,NEW,<.01%
934550203,WMG,WARNER MUSIC GROUP CORP,153152,74036,4.15M,2M,+93.6%,<.01%
01749D105,ALGM,ALLEGRO MICROSYSTEMS INC,70504,28738,4.91M,2M,+68.8%,<.01%
G66721104,NCLH,NORWEGIAN CRUISE LINE HLDGS,226586,94557,4.78M,2M,+71.6%,<.01%
26441C204,DUK,DUKE ENERGY CORP NEW,337649,15695,42.74M,1.99M,+4.9%,0.03%
860630102,SF,STIFEL FINL CORP,175822,28137,12.27M,1.96M,+19.1%,<.01%
980745103,WWD,WOODWARD INC,52102,4560,22.17M,1.94M,+9.6%,0.01%
25401T603,DBRG,DIGITALBRIDGE GROUP INC,405367,122869,6.4M,1.94M,+43.5%,<.01%
552738106,MFM,ABERDEEN MUN INCOME FD,728998,337358,4.1M,1.9M,+86.1%,<.01%
21874A106,CORZ,CORE SCIENTIFIC INC NEW,1728660,72729,44.24M,1.86M,+4.4%,0.03%
882681109,TXRH,TEXAS ROADHOUSE INC,61904,9627,11.96M,1.86M,+18.4%,<.01%
023608102,AEE,AMEREN CORP,165613,16220,18.72M,1.83M,+10.9%,0.01%
016255101,ALGN,ALIGN TECHNOLOGY INC,81500,10853,13.75M,1.83M,+15.4%,<.01%
892672106,TW,TRADEWEB MKTS INC,18327,18327,1.83M,1.83M,NEW,<.01%
134429109,CPB,THE CAMPBELLS COMPANY,400186,80141,8.91M,1.78M,+25%,<.01%
68902V107,OTIS,OTIS WORLDWIDE CORP,3993011,24914,285.9M,1.78M,+0.6%,0.17%
64828T201,RITM,RITHM CAPITAL CORP,2671220,184430,25.08M,1.73M,+7.4%,0.02%
260557103,DOW,DOW HLDGS INC,128195,63256,3.51M,1.73M,+97.4%,<.01%
75886F107,REGN,REGENERON PHARMACEUTICALS,65332,2748,40.74M,1.71M,+4.4%,0.02%
G7997R103,STX,SEAGATE TECHNOLOGY HLDNGS PL,2082,1762,2.01M,1.7M,+550.6%,<.01%
858119100,STLD,STEEL DYNAMICS INC,272567,7306,62.54M,1.68M,+2.8%,0.04%
49271V100,KDP,KEURIG DR PEPPER INC,84452,51085,2.76M,1.67M,+153.1%,<.01%
17259U204,CION,CION INVT CORP,1236397,268242,7.7M,1.67M,+27.7%,<.01%
872540109,TJX,TJX COS INC NEW,340295,10969,51.55M,1.66M,+3.3%,0.03%
297178105,ESS,ESSEX PPTY TR INC,46426,5638,13.54M,1.64M,+13.8%,<.01%
21873S108,CRWV,COREWEAVE INC,16382,16382,1.63M,1.63M,NEW,<.01%
03769M106,APO,APOLLO GLOBAL MGMT INC,167147,13684,19.78M,1.62M,+8.9%,0.01%
G9723Y105,WSE,WISE GROUP PLC,134078,134078,1.61M,1.61M,NEW,<.01%
86800U302,SMCI,SUPER MICRO COMPUTER INC,150530,54339,4.42M,1.59M,+56.5%,<.01%
89679M104,TFPM,TRIPLE FLAG PRECIOUS METAL,2336139,53175,70.02M,1.59M,+2.3%,0.04%
681936100,OHI,OMEGA HEALTHCARE INVS INC,199170,33211,9.5M,1.58M,+20%,<.01%
65473P105,NI,NISOURCE INC,362972,32888,17.26M,1.56M,+10%,0.01%
29259W700,EU,ENCORE ENERGY CORP,15159056,1185057,19.86M,1.55M,+8.5%,0.01%
G6359F137,NBR,NABORS INDUSTRIES LTD,328541,18448,27.6M,1.55M,+5.9%,0.02%
759916109,RGEN,REPLIGEN CORP,17887,11354,2.44M,1.55M,+173.8%,<.01%
866674104,SUI,SUN CMNTYS INC,90302,12838,10.83M,1.54M,+16.6%,<.01%
518439104,EL,LAUDER ESTEE COS INC,3523987,19194,278.22M,1.52M,+0.5%,0.17%
842587107,SO,SOUTHERN CO,480883,15716,46.03M,1.5M,+3.4%,0.03%
243537107,DECK,DECKERS OUTDOOR CORP,58538,14675,5.81M,1.46M,+33.5%,<.01%
25179M103,DVN,DEVON ENERGY CORP NEW,188254,35191,7.78M,1.45M,+23%,<.01%
G037AX101,AMBA,AMBARELLA INC,45316,16634,3.89M,1.43M,+58%,<.01%
907818108,UNP,UNION PAC CORP,348942,5150,94.91M,1.4M,+1.5%,0.06%
14174T107,CTRE,CARETRUST REIT INC,159505,34134,6.44M,1.38M,+27.2%,<.01%
02043Q107,ALNY,ALNYLAM PHARMACEUTICALS INC,58666,4529,17.66M,1.36M,+8.4%,0.01%
30040W108,ES,EVERSOURCE ENERGY,170234,18294,12.3M,1.32M,+12%,<.01%
601137102,MRP,MILLROSE PPTYS INC,43612,43612,1.31M,1.31M,NEW,<.01%
903731107,ULS,UL SOLUTIONS INC,71190,12839,7.25M,1.31M,+22%,<.01%
055869101,BTQ,BTQ TECHNOLOGIES CORP,688752,234413,3.71M,1.26M,+51.6%,<.01%
370334104,GIS,GENERAL MILLS INC,36055,36055,1.25M,1.25M,NEW,<.01%
693483109,PKX,POSCO HOLDINGS INC,158971,24396,8.17M,1.25M,+18.1%,<.01%
35834F104,TE,T1 ENERGY INC,131168,131168,1.24M,1.24M,NEW,<.01%
56501R106,MFC,MANULIFE FINL CORP,1861023,30227,75.4M,1.22M,+1.7%,0.05%
45073V108,ITT,ITT INC,74860,6190,14.8M,1.22M,+9%,<.01%
Y4000A102,HQ,HORIZON QUANTUM HOLDINGS LTD,44038,44038,1.22M,1.22M,NEW,<.01%
209115104,ED,CONSOLIDATED EDISON INC,163899,11050,18.13M,1.22M,+7.2%,0.01%
36118L106,FUTU,FUTU HLDGS LTD,45644,12702,4.28M,1.19M,+38.6%,<.01%
25525P107,DHC,DIVERSIFIED HEALTHCARE TR,188837,126784,1.76M,1.18M,+204.3%,<.01%
879360105,TDY,TELEDYNE TECHNOLOGIES INC,5155,1742,3.44M,1.16M,+51%,<.01%
N53745100,LYB,LYONDELLBASELL INDUSTRIES NV,34797,22062,1.83M,1.16M,+173.2%,<.01%
30161N101,EXC,EXELON CORP,436660,24542,20.36M,1.14M,+6%,0.01%
637870106,NSA,NATIONAL STORAGE AFFILIATES,46263,25674,2.06M,1.14M,+124.7%,<.01%
00206R102,T,AT&T INC,554945,53796,11.49M,1.11M,+10.7%,<.01%
670657105,NEA,NUVEEN AMT FREE QLTY MUN INC,1413670,93741,16.6M,1.1M,+7.1%,0.01%
666807102,NOC,NORTHROP GRUMMAN CORP,306572,2116,156.14M,1.08M,+0.7%,0.1%
075887109,BDX,BECTON DICKINSON & CO,37144,6973,5.62M,1.06M,+23.1%,<.01%
030420103,AWK,AMERICAN WTR WKS CO INC NEW,89112,7990,11.73M,1.05M,+9.8%,<.01%
349553107,FTS,FORTIS INC,224393,18304,12.84M,1.05M,+8.9%,<.01%
74460D109,PSA,PUBLIC STORAGE,132352,3264,42.13M,1.04M,+2.5%,0.03%
85914M107,STEP,STEPSTONE GROUP INC,112120,24966,4.64M,1.03M,+28.6%,<.01%
09253N104,MHD,BLACKROCK MUNIHOLDINGS FD IN,1384845,86761,16.48M,1.03M,+6.7%,0.01%
09254J102,MUA,BLACKROCK MUNIASSETS FD INC,428231,90992,4.71M,1M,+27%,<.01%
62913M107,NGL,NGL ENERGY PARTNERS LP,100866,62166,1.61M,990.3K,+160.6%,<.01%
920253101,VMI,VALMONT INDS INC,18334,1703,10.59M,983.65K,+10.2%,<.01%
N82405106,STLA,STELLANTIS N.V,171153,171153,973.54K,973.54K,NEW,<.01%
48662X105,KBDC,KAYNE ANDERSON BDC INC,669889,71447,9.06M,966.68K,+11.9%,<.01%
72651A207,PAGP,PLAINS GP HLDGS L P,112237,38048,2.72M,923.42K,+51.3%,<.01%
N52A8C105,INIO,INNIO NV,23275,23275,920.53K,920.53K,NEW,<.01%
44332N106,HTHT,H WORLD GROUP LTD,57876,21803,2.41M,909.62K,+60.4%,<.01%
94106L109,WM,WASTE MGMT INC DEL,79805,3967,17.79M,884.16K,+5.2%,0.01%
125896100,CMS,CMS ENERGY CORP,190023,11454,14.54M,876.23K,+6.4%,<.01%
G0567U127,ARQQ,ARQIT QUANTUM INC,49487,29334,1.47M,871.81K,+145.6%,<.01%
739276103,POWI,POWER INTEGRATIONS INC,35988,10343,3.01M,866.33K,+40.3%,<.01%
486917107,KEEL,KEEL INFRASTRUCTURE CORP,212049,150551,1.22M,864.16K,+244.8%,<.01%
98850P109,YUMC,YUM CHINA HLDGS INC,251527,20791,10.28M,849.73K,+9%,<.01%
92189M101,VBNB,VANECK BNB ETF,40000,40000,848.8K,848.8K,NEW,<.01%
87151X101,SYM,SYMBOTIC INC,30329,18577,1.36M,835.04K,+158.1%,<.01%
37940X102,GPN,GLOBAL PMTS INC,43337,11381,3.14M,825.81K,+35.6%,<.01%
349942102,FSM,FORTUNA MNG CORP,20986066,97584,177.39M,824.84K,+0.5%,0.11%
64440N103,NFGC,NEW FOUND GOLD CORP,8142889,527903,12.56M,814.35K,+6.9%,<.01%
46131B704,IVR,INVESCO MORTGAGE CAPITAL INC,1073203,102772,8.48M,811.9K,+10.6%,<.01%
29444U700,EQIX,EQUINIX INC,34673,771,36.14M,803.68K,+2.3%,0.02%
98419M100,XYL,XYLEM INC,56675,6767,6.7M,799.93K,+13.6%,<.01%
72919P202,PLUG,PLUG PWR INC,5548968,293529,15.04M,795.46K,+5.6%,<.01%
624756102,MLI,MUELLER INDS INC,101422,6414,12.47M,788.47K,+6.8%,<.01%
14040H105,COF,CAPITAL ONE FINL CORP,41360,3888,8.3M,780.01K,+10.4%,<.01%
29250N105,ENB,ENBRIDGE INC,1045461,14315,56.67M,776.01K,+1.4%,0.03%
500754106,KHC,KRAFT HEINZ CO,302304,32490,7.14M,767.41K,+12%,<.01%
87157D109,SYNA,SYNAPTICS INC,21942,5993,2.73M,744.51K,+37.6%,<.01%
92345Y106,VRSK,VERISK ANALYTICS INC,4088,4088,733.92K,733.92K,NEW,<.01%
65290E101,NXT,NEXTPOWER INC,68522,6133,8.16M,730.69K,+9.8%,<.01%
03076C106,AMP,AMERIPRISE FINL INC,27501,1567,12.62M,718.88K,+6%,<.01%
68236H204,ONDS,ONDAS INC,10278737,86978,84.7M,716.7K,+0.9%,0.05%
82509L107,SHOP,SHOPIFY INC,74817,6261,8.54M,714.88K,+9.1%,<.01%
27579R104,EWBC,EAST WEST BANCORP INC,114604,5403,14.79M,697.47K,+4.9%,<.01%
393222104,GPRE,GREEN PLAINS INC,45142,45142,694.28K,694.28K,NEW,<.01%
69351T106,PPL,PPL CORP,325209,19076,11.82M,693.41K,+6.2%,<.01%
668771108,GEN,GEN DIGITAL INC,55348,27847,1.38M,693.11K,+101.3%,<.01%
Y46717107,KEN,KENON HLDGS LTD,10132,10132,684.42K,684.42K,NEW,<.01%
14149Y108,CAH,CARDINAL HEALTH INC,33353,2861,7.92M,679.66K,+9.4%,<.01%
74767K103,QNC,QUANTUM EMOTION CORP,1245282,217385,3.88M,676.81K,+21.1%,<.01%
15118V207,CELH,CELSIUS HLDGS INC,37773,22966,1.11M,672.44K,+155.1%,<.01%
48282T104,KAI,KADANT INC,4404,2106,1.38M,661.77K,+91.6%,<.01%
049560105,ATO,ATMOS ENERGY CORP,71024,3831,12.24M,659.97K,+5.7%,<.01%
68571X301,ORC,ORCHID IS CAP INC,2370898,94335,16.53M,657.51K,+4.1%,0.01%
35969L108,YMM,FULL TRUCK ALLIANCE CO LTD,476136,80200,3.87M,651.22K,+20.3%,<.01%
744320102,PRU,PRUDENTIAL FINL INC,22786,5991,2.46M,646.61K,+35.7%,<.01%
00217Y104,ATS,ATS CORPORATION,46507,22236,1.34M,639.98K,+91.6%,<.01%
G0250X149,AMCR,AMCOR PLC,130392,14712,5.65M,637.77K,+12.7%,<.01%
75734B100,RDDT,REDDIT INC,28373,3568,4.92M,619.33K,+14.4%,<.01%
G32089107,ETOR,ETORO GROUP LTD,30872,15482,1.22M,611.07K,+100.6%,<.01%
453204109,PI,IMPINJ INC,17637,4251,2.53M,608.87K,+31.8%,<.01%
09260D107,BX,BLACKSTONE INC,1770478,5103,208.33M,600.47K,+0.3%,0.13%
679295105,OKTA,OKTA INC,9190,4370,1.25M,596.29K,+90.7%,<.01%
833445109,SNOW,SNOWFLAKE INC,2340,2340,595.53K,595.53K,NEW,<.01%
136375102,CNI,CANADIAN NATL RY CO,273682,4878,32.62M,581.44K,+1.8%,0.02%
87266M107,TRTX,TPG RE FIN TR INC,816098,69463,6.83M,581.41K,+9.3%,<.01%
146280508,SILA,SILA REALTY TRUST INC,34647,18917,1.05M,574.32K,+120.3%,<.01%
30034W106,EVRG,EVERGY INC,134442,6637,11.62M,573.64K,+5.2%,<.01%
G3265R107,APTV,APTIV PLC,9130,9130,560.4K,560.4K,NEW,<.01%
872657101,TPG,TPG INC,147239,13801,5.97M,559.63K,+10.3%,<.01%
296006109,ERO,ERO COPPER CORP,111171,20698,2.97M,553.73K,+22.9%,<.01%
902653104,UDR,UDR INC,214134,13763,8.55M,549.42K,+6.9%,<.01%
650111107,NYT,NEW YORK TIMES CO MTN BE,143043,7803,10.01M,546.05K,+5.8%,<.01%
693475105,PNC,PNC FINL SVCS GROUP INC,41619,2180,10.25M,536.76K,+5.5%,<.01%
16119P108,CHTR,CHARTER COMMUNICATIONS INC,7171,3773,1.02M,536.56K,+111%,<.01%
533900106,LECO,LINCOLN ELEC HLDGS INC,60051,1961,15.94M,520.67K,+3.4%,<.01%
L0415A103,AUNA,AUNA S A,100607,100607,516.11K,516.11K,NEW,<.01%
83192D402,SMA,SMARTSTOP SELF STORAG REIT I,15701,15701,510.28K,510.28K,NEW,<.01%
83406F102,SOFI,SOFI TECHNOLOGIES INC,224032,28277,4.02M,507.01K,+14.4%,<.01%
40434L105,HPQ,HP INC,78839,22384,1.73M,491.11K,+39.6%,<.01%
863667101,SYK,STRYKER CORPORATION,22011,1555,6.93M,489.58K,+7.6%,<.01%
24665A103,DK,DELEK US HLDGS INC NEW,55647,9483,2.83M,481.83K,+20.5%,<.01%
55024U109,LITE,LUMENTUM HLDGS INC,678,559,581.76K,479.66K,+469.7%,<.01%
767204100,RIO,RIO TINTO PLC,190400,5025,18.07M,477.02K,+2.7%,0.01%
12532H104,GIB,CGI INC,48160,7040,3.11M,454.58K,+17.1%,<.01%
M85548101,SSYS,STRATASYS LTD,74627,52962,638.81K,453.35K,+244.5%,<.01%
15189T107,CNP,CENTERPOINT ENERGY INC,281725,10264,12.41M,452.03K,+3.8%,<.01%
67071L106,NVG,NUVEEN AMT FREE MUN CR INC F,1053650,35309,13.49M,451.96K,+3.5%,<.01%
46131M106,VGM,INVESCO TR INVT GRADE MUNS,355063,42019,3.76M,445.4K,+13.4%,<.01%
67000B104,NOVT,NOVANTA INC,8917,2710,1.45M,439.67K,+43.7%,<.01%
760759100,RSG,REPUBLIC SVCS INC,35473,2031,7.56M,432.77K,+6.1%,<.01%
88322Q108,TGTX,TG THERAPEUTICS INC,7856,7856,431.61K,431.61K,NEW,<.01%
38141G104,GS,GOLDMAN SACHS GROUP INC,7296,425,7.38M,429.83K,+6.2%,<.01%
M81873107,RDWR,RADWARE LTD,23797,13771,734.38K,424.97K,+137.4%,<.01%
46266C105,IQV,IQVIA HLDGS INC,117970,2171,22.79M,419.48K,+1.9%,0.01%
68375N103,OPK,OPKO HEALTH INC,438645,278549,657.97K,417.82K,+174%,<.01%
60741F104,MBLY,MOBILEYE GLOBAL INC,104240,42432,1.01M,410.74K,+68.7%,<.01%
M7S64L123,PGY,PAGAYA TECHNOLOGIES LTD,46448,22394,847.68K,408.69K,+93.1%,<.01%
290876101,EMA,EMERA INC,130088,7705,6.89M,408.3K,+6.3%,<.01%
66987E206,NG,NOVAGOLD RESOURCES INC,7723652,68278,46.11M,407.62K,+0.9%,0.03%
373737105,GGB,GERDAU SA,799999,99389,3.23M,401.53K,+14.2%,<.01%
M6372Q113,KRNT,KORNIT DIGITAL LTD,39432,24544,640.77K,398.84K,+164.9%,<.01%
M5425M103,INMD,INMODE LTD,53678,27162,784.77K,397.11K,+102.4%,<.01%
93627C101,HCC,WARRIOR MET COAL INC,53013,4869,4.3M,395.17K,+10.1%,<.01%
889478103,TOL,TOLL BROTHERS INC,80145,2393,13.2M,394.25K,+3.1%,<.01%
09257P105,BTT,BLACKROCK MUN TARGET TERM TR,507854,17170,11.55M,390.62K,+3.5%,<.01%
M8744T106,TBLA,TABOOLA.COM LTD,148166,76200,740.83K,381K,+105.9%,<.01%
76155X100,RVMD,REVOLUTION MEDICINES INC,111381,2016,20.86M,377.56K,+1.8%,0.01%
59156R108,MET,METLIFE INC,11203,4462,947.89K,377.53K,+66.2%,<.01%
46284V101,IRM,IRON MTN INC DEL,86504,2937,10.93M,370.97K,+3.5%,<.01%
099724106,BWA,BORGWARNER INC,164799,5512,10.94M,366K,+3.5%,<.01%
872590104,TMUS,T-MOBILE US INC,27437,2127,4.6M,356.76K,+8.4%,<.01%
446150104,HBAN,HUNTINGTON BANCSHARES INC,32372,20092,573.96K,356.23K,+163.6%,<.01%
G6674U108,NVCR,NOVOCURE LTD,48409,23166,733.4K,350.96K,+91.8%,<.01%
09254F100,MQY,BLACKROCK MUNIYILD QULT FD I,1194747,30234,13.86M,350.71K,+2.6%,<.01%
345370860,F,FORD MTR CO,207126,25167,2.88M,349.82K,+13.8%,<.01%
026874784,AIG,AMERICAN INTL GROUP INC,13906,4665,1.04M,347.68K,+50.5%,<.01%
723484101,PNW,PINNACLE WEST CAP CORP,51611,3193,5.52M,341.65K,+6.6%,<.01%
48251K100,KREF,KKR REAL ESTATE FIN TR INC,517167,49353,3.54M,337.57K,+10.5%,<.01%
78410G104,SBAC,SBA COMMUNICATIONS CORP,61543,1897,10.86M,334.74K,+3.2%,<.01%
81369Y605,XLF,SELECT SECTOR SPDR TR,6244,6244,334.74K,334.74K,NEW,<.01%
87612E106,TGT,TARGET CORP,56645,2537,7.4M,331.36K,+4.7%,<.01%
90137V108,THYP,21SHARES HYPERLIQUID ETF,8740,8740,330.9K,330.9K,NEW,<.01%
27826U108,EVN,EATON VANCE MUN INCOME TR,257911,29208,2.9M,328.88K,+12.8%,<.01%
636180101,NFG,NATIONAL FUEL GAS CO,71119,4227,5.49M,326.37K,+6.3%,<.01%
M2197Q107,CLBT,CELLEBRITE DI LTD,75550,21834,1.1M,318.78K,+40.6%,<.01%
68989M202,OUST,OUSTER INC,10809,5072,675.78K,317.1K,+88.4%,<.01%
72200W106,PML,PIMCO MUN INCOME FD II,1077922,41111,8.2M,312.85K,+4%,<.01%
233331107,DTE,DTE ENERGY CO,3458,2016,526.89K,307.18K,+139.8%,<.01%
34354P105,FLS,FLOWSERVE CORP,102497,4114,7.6M,305.09K,+4.2%,<.01%
94106B101,WCN,WASTE CONNECTIONS INC,42086,1812,7.02M,302.05K,+4.5%,<.01%
45826T509,ITRG,INTEGRA RES CORP,4916009,131947,11.15M,299.27K,+2.8%,<.01%
670928100,NUV,NUVEEN MUN VALUE FD INC,1098087,31841,10.12M,293.57K,+3%,<.01%
45784P101,PODD,INSULET CORP,18919,1858,2.88M,282.88K,+10.9%,<.01%
72348N109,PNFP,PINNACLE FINL PARTNERS INC,2753,2753,277.72K,277.72K,NEW,<.01%
192422103,CGNX,COGNEX CORP,146433,3808,10.6M,275.78K,+2.7%,<.01%
192446102,CTSH,COGNIZANT TECHNOLOGY SOLUTIO,130022,7092,5.04M,274.67K,+5.8%,<.01%
09254E103,MYI,BLACKROCK MUNIYIELD QUALITY,973208,24636,10.81M,273.71K,+2.6%,<.01%
05463X106,AXGN,AXOGEN INC,5889,5889,272.01K,272.01K,NEW,<.01%
29261A100,EHC,ENCOMPASS HEALTH CORP,87158,2641,8.81M,266.95K,+3.1%,<.01%
775109200,RCI,ROGERS COMMUNICATIONS INC,16102,8173,523.32K,265.63K,+103.1%,<.01%
101137107,BSX,BOSTON SCIENTIFIC CORP,94958,6185,4.05M,263.98K,+7%,<.01%
98422D105,XPEV,XPENG INC,161567,19906,2.14M,263.56K,+14.1%,<.01%
67070X101,NZF,NUVEEN MUN CR INCOME FD,949535,20601,12.04M,261.22K,+2.2%,<.01%
36168Q104,GFL,GFL ENVIRONMENTAL INC,125938,7032,4.63M,258.71K,+5.9%,<.01%
451107106,IDA,IDACORP INC,23590,1702,3.57M,257.51K,+7.8%,<.01%
70451X104,PAYO,PAYONEER GLOBAL INC,135047,36106,961.53K,257.07K,+36.5%,<.01%
37045V100,GM,GENERAL MTRS CO,50762,3308,3.91M,254.98K,+7%,<.01%
803866300,SSL,SASOL LTD,53552,25550,525.88K,250.9K,+91.2%,<.01%
746823103,PMM,PUTNAM MANAGED MUN INCOME TR,399438,38113,2.61M,249.26K,+10.5%,<.01%
69888T207,PARR,PAR PAC HOLDINGS INC,38227,4376,2.14M,245.41K,+12.9%,<.01%
04247X102,AWI,ARMSTRONG WORLD INDS INC NEW,44798,1520,7.19M,243.84K,+3.5%,<.01%
05338N101,AVAT,AVALANCHE TREAS CORP,484462,484462,242.23K,242.23K,NEW,<.01%
008492100,ADC,AGREE RLTY CORP,72562,3123,5.5M,236.54K,+4.5%,<.01%
67103H107,ORLY,OREILLY AUTOMOTIVE INC,121023,2562,11.15M,235.93K,+2.2%,<.01%
11276H106,BIPC,BROOKFIELD INFRASTRUCTURE CO,52507,5797,2.02M,223.32K,+12.4%,<.01%
101121101,BXP,BXP INC,102814,3264,6.82M,216.44K,+3.3%,<.01%
880890108,TX,TERNIUM SA,55229,4909,2.36M,209.61K,+9.8%,<.01%
629377508,NRG,NRG ENERGY INC,7015,1432,1.02M,209.16K,+25.6%,<.01%
29390K102,NVRI,ENVIRI CORP,9512,9512,208.79K,208.79K,NEW,<.01%
67059N108,NTNX,NUTANIX INC,4058,4058,206.8K,206.8K,NEW,<.01%
724078209,PIPR,PIPER SANDLER COMPANIES,66087,2855,4.78M,206.53K,+4.5%,<.01%
231021106,CMI,CUMMINS INC,34646,289,24.71M,206.12K,+0.8%,0.02%
Y2573F102,FLEX,FLEX LTD,1251,1251,202.75K,202.75K,NEW,<.01%
19247G107,COHR,COHERENT CORP,668,510,263.51K,201.18K,+322.8%,<.01%
G87052109,TEL,TE CONNECTIVITY PLC,997,997,201K,201K,NEW,<.01%
646025106,NJR,NEW JERSEY RES CORP,43536,3586,2.44M,200.96K,+9%,<.01%
M7S64H106,MNDY,MONDAY COM LTD,17454,2736,1.26M,198.06K,+18.6%,<.01%
171779309,CIEN,CIENA CORP,480,400,235.47K,196.22K,+500%,<.01%
461202103,INTU,INTUIT,74715,722,19.5M,188.44K,+1%,0.01%
87422Q109,TLN,TALEN ENERGY CORP,2825,490,1.09M,188.29K,+21%,<.01%
68235P108,OGS,ONE GAS INC,26524,2421,2.04M,186.59K,+10%,<.01%
715684106,TLK,TELEKOMUNIKASI IND,124359,13797,1.67M,185.29K,+12.5%,<.01%
536797103,LAD,LITHIA MTRS INC,7678,621,2.23M,180.39K,+8.8%,<.01%
131428104,CLMT,CALUMET INC,50802,4973,1.83M,179.13K,+10.9%,<.01%
69349H107,TXNM,TXNM ENERGY INC,43343,3113,2.46M,176.76K,+7.7%,<.01%
554382101,MAC,MACERICH CO,79493,6860,2M,172.8K,+9.4%,<.01%
337738108,FISV,FISERV INC,11369,3523,557.65K,172.8K,+44.9%,<.01%
88579Y101,MMM,3M CO,101945,1044,16.51M,169.03K,+1%,0.01%
G7S00T104,PNR,PENTAIR PLC,32189,2183,2.47M,167.35K,+7.3%,<.01%
252131107,DXCM,DEXCOM INC,137854,2479,9.28M,166.96K,+1.8%,<.01%
552690109,MDU,MDU RES GROUP INC,87018,7589,1.85M,160.96K,+9.6%,<.01%
204409601,CIG,CIA ENERGETICA DE MINAS GERA,393186,76300,825.69K,160.23K,+24.1%,<.01%
020764106,AMR,ALPHA METALLURGICAL RESOUR I,10723,969,1.77M,159.83K,+9.9%,<.01%
015857105,AQN,ALGONQUIN POWER & UTILITIES,327910,26967,1.93M,158.42K,+9%,<.01%
398182303,AHR,AMERICAN HEALTHCARE REIT INC,98802,3026,5.15M,157.81K,+3.2%,<.01%
29670E107,EPRT,ESSENTIAL PPTYS RLTY TR INC,61358,5254,1.83M,156.83K,+9.4%,<.01%
457187102,INGR,INGREDION INC,99984,1610,9.47M,152.48K,+1.6%,<.01%
680223104,ORI,OLD REP INTL CORP,186547,3697,7.63M,151.28K,+2%,<.01%
87165B103,SYF,SYNCHRONY FINANCIAL,16780,1989,1.28M,151.26K,+13.4%,<.01%
H1467J104,CB,CHUBB LIMITED,17805,434,6.07M,147.88K,+2.5%,<.01%
G1757E113,CMCL,CALEDONIA MNG CORP,425266,7741,8.12M,147.85K,+1.9%,<.01%
88162G103,TTEK,TETRA TECH INC NEW,352058,5085,10.17M,146.91K,+1.5%,<.01%
379577208,GMED,GLOBUS MED INC,103235,1839,8.16M,145.3K,+1.8%,<.01%
84857L101,SR,SPIRE INC,24642,1838,1.92M,143.53K,+8.1%,<.01%
253868103,DLR,DIGITAL RLTY TR INC,220451,782,39.59M,140.43K,+0.4%,0.02%
092113109,BKH,BLACK HILLS CORP,32336,1865,2.41M,138.76K,+6.1%,<.01%
504922105,LH,LABCORP HOLDINGS INC,10055,494,2.82M,138.32K,+5.2%,<.01%
83417M104,SEDG,SOLAREDGE TECHNOLOGIES INC,60738,2364,3.55M,138.15K,+4%,<.01%
04621X108,AIZ,ASSURANT INC,38356,502,10.3M,134.8K,+1.3%,<.01%
526057104,LEN,LENNAR CORP,7006,1480,633.97K,133.93K,+26.8%,<.01%
18539C204,CWEN,CLEARWAY ENERGY INC,54842,3851,1.87M,131.63K,+7.6%,<.01%
98983L108,ZWS,ZURN ELKAY WATER SOLNS CORP,120372,2596,6.08M,131.18K,+2.2%,<.01%
580135101,MCD,MCDONALDS CORP,22778,478,6.16M,129.21K,+2.1%,<.01%
257651109,DCI,DONALDSON INC,163837,1403,14.71M,125.95K,+0.9%,<.01%
49427F108,KRC,KILROY REALTY CORP,39695,3341,1.49M,125.19K,+9.2%,<.01%
89832Q109,TFC,TRUIST FINL CORP,19542,2511,973.58K,125.1K,+14.7%,<.01%
11285B108,BEPC,BROOKFIELD RENEWABLE CORP,93140,3368,3.46M,125.09K,+3.8%,<.01%
165303108,CPK,CHESAPEAKE UTILS CORP,10103,1015,1.24M,124.32K,+11.2%,<.01%
78409V104,SPGI,S&P GLOBAL INC,13258,300,5.4M,122.18K,+2.3%,<.01%
85254J102,STAG,STAG INDUSTRIAL INC,121148,3198,4.61M,121.72K,+2.7%,<.01%
30161Q104,EXEL,EXELIXIS INC,262281,2234,14.27M,121.55K,+0.9%,<.01%
670837103,OGE,OGE ENERGY CORP,87708,2423,4.27M,117.9K,+2.8%,<.01%
441593100,HLI,HOULIHAN LOKEY INC,51368,835,6.89M,112K,+1.7%,<.01%
20441B704,ELPC,COMPANHIA PARANAENSE DE ENER,117921,9400,1.37M,109.51K,+8.7%,<.01%
08862E109,BYND,BEYOND MEAT INC,141654,141654,106.24K,106.24K,NEW,<.01%
G4705A100,ICLR,ICON PUB LTD CO,43319,601,7.52M,104.4K,+1.4%,<.01%
185899101,CLF,CLEVELAND-CLIFFS INC NEW,299900,10938,2.82M,102.71K,+3.8%,<.01%
81369Y308,XLP,SELECT SECTOR SPDR TR,1206,1206,100.18K,100.18K,NEW,<.01%
228903100,AORT,ARTIVION INC,10749,4269,241.53K,95.92K,+65.9%,<.01%
37959E102,GL,GLOBE LIFE INC,66502,532,11.88M,95.06K,+0.8%,<.01%
21871X109,CRBG,COREBRIDGE FINL INC,8186,3274,234.37K,93.73K,+66.7%,<.01%
23331A109,DHI,D R HORTON INC,53984,575,8.79M,93.66K,+1.1%,<.01%
46132P108,IIM,INVESCO VALUE MUN INCOME TR,269300,7307,3.43M,93.02K,+2.8%,<.01%
200525103,CBSH,COMMERCE BANCSHARES INC,103960,1590,6M,91.82K,+1.6%,<.01%
029899101,AWR,AMER STATES WTR CO,16593,1074,1.37M,88.74K,+6.9%,<.01%
668074305,NWE,NORTHWESTERN ENERGY GROUP IN,26058,1230,1.87M,88.09K,+5%,<.01%
31946M103,FCNCA,FIRST CTZNS BANCSHARES INC D,112,42,233.05K,87.39K,+60%,<.01%
27829L105,EOT,EATON VANCE NATL MUN OPPORT,130733,4921,2.3M,86.71K,+3.9%,<.01%
982104101,WS,WORTHINGTON STL INC,19941,2575,669.62K,86.47K,+14.8%,<.01%
05379B107,AVA,AVISTA CORP,34898,2107,1.43M,86.2K,+6.4%,<.01%
784305104,HTO,H2O AMERICA,14725,1395,894.84K,84.77K,+10.5%,<.01%
037833100,AAPL,APPLE INC,1066225,292,308.52M,84.49K,+0%,0.19%
64119V303,NTST,NETSTREIT CORP,27569,3861,582.53K,81.58K,+16.3%,<.01%
G3223R108,EG,EVEREST GROUP LTD,1183,218,422.6K,77.88K,+22.6%,<.01%
780087102,RY,ROYAL BK CDA,37911,376,7.84M,77.78K,+1%,<.01%
89377M109,TMDX,TRANSMEDICS GROUP INC,3241,1169,215.27K,77.64K,+56.4%,<.01%
02081G201,ATEC,ALPHATEC HLDGS INC,28288,8934,244.69K,77.28K,+46.2%,<.01%
46133G107,IQI,INVESCO QUALITY MUN INCOME T,351096,7574,3.55M,76.65K,+2.2%,<.01%
670695105,NUW,NUVEEN AMT-FREE MUN VALUE FD,150849,5184,2.17M,74.55K,+3.6%,<.01%
057665200,BCPC,BALCHEM CORP,3947,427,666.85K,72.14K,+12.1%,<.01%
03820C105,AIT,APPLIED INDL TECHNOLOGIES IN,33719,206,11.4M,69.66K,+0.6%,<.01%
46132C107,VMO,INVESCO MUN OPPORTUNIT TR,451018,6915,4.45M,68.25K,+1.6%,<.01%
32054K103,FR,FIRST INDL RLTY TR INC,37578,1062,2.3M,65.11K,+2.9%,<.01%
225655109,CCAP,CRESCENT CAP BDC INC,165366,5936,1.81M,64.82K,+3.7%,<.01%
55277P104,MGEE,MGE ENERGY INC,15644,782,1.28M,63.76K,+5.3%,<.01%
46132X101,OIA,INVESCO MUNI INCOME OPP TRST,284491,10076,1.77M,62.57K,+3.7%,<.01%
00508Y102,AYI,ACUITY INC,40362,163,15.2M,61.4K,+0.4%,<.01%
18915M107,NET,CLOUDFLARE INC,11268,243,2.76M,59.6K,+2.2%,<.01%
130788102,CWT,CALIFORNIA WTR SVC GROUP,25289,1173,1.23M,57.07K,+4.9%,<.01%
09262G108,BMN,BLACKROCK 2037 MUNICIPAL TAR,36239,2154,931.34K,55.36K,+6.3%,<.01%
761624105,REX,REX AMERICAN RES CORP,18310,1224,826.7K,55.26K,+7.2%,<.01%
88146M101,TRNO,TERRENO RLTY CORP,29771,853,1.93M,55.25K,+2.9%,<.01%
896239100,TRMB,TRIMBLE INC,8084,1060,413.74K,54.25K,+15.1%,<.01%
20440W105,SID,COMPANHIA SIDERURGICA NACION,446203,57693,410.51K,53.08K,+14.8%,<.01%
66765N105,NWN,NORTHWEST NAT HLDG CO,17851,1068,875.77K,52.4K,+6.4%,<.01%
419870100,HE,HAWAIIAN ELEC INDS INC MTN B,69044,3727,934.16K,50.43K,+5.7%,<.01%
74767V109,QS,QUANTUMSCAPE CORP,125556,6583,949.2K,49.77K,+5.5%,<.01%
95766M105,MMU,WESTERN ASSET MANAGED MUNS F,460084,4545,4.79M,47.36K,+1%,<.01%
45867G101,IDCC,INTERDIGITAL INC,26558,163,7.52M,46.15K,+0.6%,<.01%
457730109,INSP,INSPIRE MED SYS INC,5267,1025,234.96K,45.73K,+24.2%,<.01%
L00849106,AGRO,ADECOAGRO S A,12882,4723,123.02K,45.1K,+57.9%,<.01%
74251V102,PFG,PRINCIPAL FINANCIAL GROUP IN,2835,412,305.56K,44.41K,+17%,<.01%
50202M102,LI,LI AUTO INC,156002,3695,1.83M,43.38K,+2.4%,<.01%
525558201,LMAT,LEMAITRE VASCULAR INC,2574,451,247K,43.28K,+21.2%,<.01%
09662E109,DSM,BNY MELLON STRATEGIC MUN BD,423652,6849,2.61M,42.12K,+1.6%,<.01%
27616P301,DEA,EASTERLY GOVT PPTYS INC,16821,1678,419.35K,41.83K,+11.1%,<.01%
343498101,FLO,FLOWERS FOODS INC,52028,5182,411.02K,40.94K,+11.1%,<.01%
38526M106,LOPE,GRAND CANYON ED INC,30240,286,4.33M,40.93K,+1%,<.01%
58506Q109,MEDP,MEDPACE HLDGS INC,24835,76,13.15M,40.25K,+0.3%,<.01%
75134P600,METC,RAMACO RES INC,38894,3028,514.57K,40.06K,+8.4%,<.01%
432705309,CNTN,CANTON STRATEGIC HOLDINGS IN,45704,14204,128.88K,40.06K,+45.1%,<.01%
559222401,MGA,MAGNA INTL INC,10156,597,667.16K,39.22K,+6.2%,<.01%
222795502,CUZ,COUSINS PPTYS INC,57667,1295,1.73M,38.82K,+2.3%,<.01%
05550J101,BJ,BJS WHSL CLUB HLDGS INC,109114,443,9.52M,38.64K,+0.4%,<.01%
78440X887,SLG,SL GREEN RLTY CORP,25264,713,1.31M,36.91K,+2.9%,<.01%
92189L103,ETHV,VANECK ETHEREUM TR,24020,1570,553.66K,36.19K,+7%,<.01%
25960P109,DEI,DOUGLAS EMMETT INC,57973,3064,684.08K,36.16K,+5.6%,<.01%
024013104,AAT,AMERICAN ASSETS TR INC,18501,1446,456.79K,35.7K,+8.5%,<.01%
86959K105,SUZ,SUZANO S A,92965,4545,721.41K,35.27K,+5.1%,<.01%
256746108,DLTR,DOLLAR TREE INC,19242,280,2.33M,33.87K,+1.5%,<.01%
736508847,POR,PORTLAND GEN ELEC CO,94984,638,4.92M,33.07K,+0.7%,<.01%
493267108,KEY,KEYCORP,10917,1405,251.64K,32.39K,+14.8%,<.01%
431284108,HIW,HIGHWOODS PPTYS INC,35955,1054,1.08M,31.79K,+3%,<.01%
374297109,GTY,GETTY RLTY CORP NEW,16202,946,540.5K,31.56K,+6.2%,<.01%
68373M107,OPRA,OPERA LTD,35713,1544,708.19K,30.62K,+4.5%,<.01%
G9451V109,VINP,VINCI COMPASS INVESTMENTS LT,19494,3028,189.68K,29.46K,+18.4%,<.01%
720190206,PDM,PIEDMONT REALTY TRUST INC,47701,2942,436.46K,26.92K,+6.6%,<.01%
105368203,BDN,BRANDYWINE RLTY TR,19792,8187,62.74K,25.95K,+70.5%,<.01%
35086T109,FCPT,FOUR CORNERS PPTY TR INC,30951,1043,759.85K,25.61K,+3.5%,<.01%
92200B100,VSOL,VANECK SOLANA TR,436643,2573,4.29M,25.29K,+0.6%,<.01%
M9T951109,ZIM,ZIM INTEGRATED SHIPPING SERV,50729,927,1.32M,24.1K,+1.9%,<.01%
746922103,PMO,PUTNAM MUN OPPORTUNITIES TR,256148,2189,2.7M,23.07K,+0.9%,<.01%
535555106,LNN,LINDSAY CORP,2211,183,273.72K,22.66K,+9%,<.01%
86771W105,RUN,SUNRUN INC,42838,1528,573.17K,20.44K,+3.7%,<.01%
62914V106,NIO,NIO INC,492784,4002,2.49M,20.25K,+0.8%,<.01%
502175102,LTC,LTC PPTYS INC,13829,508,531.73K,19.53K,+3.8%,<.01%
63633D104,NHI,NATIONAL HEALTH INVS INC,13512,231,1.03M,17.62K,+1.7%,<.01%
911163103,UNFI,UNITED NAT FOODS INC,13518,368,617.37K,16.81K,+2.8%,<.01%
004239109,AKR,ACADIA RLTY TR,37963,757,793.81K,15.83K,+2%,<.01%
24610T108,VFL,ABRDN NATL MUN INCOME FD,118409,1500,1.23M,15.55K,+1.3%,<.01%
871332102,SLVM,SYLVAMO CORP,13428,411,507.58K,15.54K,+3.2%,<.01%
922908629,VO,VANGUARD INDEX FDS,228,169,18.37K,13.62K,+286.4%,<.01%
64124P101,NBH,NEUBERGER MUN FD INC,281107,1251,2.97M,13.2K,+0.4%,<.01%
M5216V106,GLBE,GLOBAL E ONLINE LTD,48081,360,1.67M,12.5K,+0.8%,<.01%
891160509,TD,TORONTO DOMINION BK ONT,60071,96,7.3M,11.66K,+0.2%,<.01%
11135E203,BNL,BROADSTONE NET LEASE INC,54158,523,1.12M,10.81K,+1%,<.01%
464287440,IEF,ISHARES TR,1019,113,96.37K,10.69K,+12.5%,<.01%
45781V101,IIPR,INNOVATIVE INDL PPTYS INC,8013,171,496.65K,10.6K,+2.2%,<.01%
09662W109,DMB,BNY MELLON MUN BD INFRASTRUC,157883,920,1.74M,10.16K,+0.6%,<.01%
92763W103,VIPS,VIPSHOP HLDGS LTD,112922,492,1.5M,6.52K,+0.4%,<.01%
83175M205,SNN,SMITH & NEPHEW PLC,14723,222,424.17K,6.4K,+1.5%,<.01%
00138L108,RERE,ATRENEW INC,14273,1648,55.24K,6.38K,+13.1%,<.01%
78377T107,RHP,RYMAN HOSPITALITY PPTYS INC,17463,46,2.24M,5.91K,+0.3%,<.01%
105532105,BAK,BRASKEM SA,33002,2393,80.53K,5.84K,+7.8%,<.01%
G01125106,AFYA,AFYA LTD,11252,341,166.98K,5.06K,+3.1%,<.01%
292104106,ESRT,EMPIRE ST RLTY TR INC,50504,902,273.23K,4.88K,+1.8%,<.01%
55354G100,MSCI,MSCI INC,3946,8,2.21M,4.48K,+0.2%,<.01%
637417106,NNN,NNN REIT INC,53887,92,2.51M,4.28K,+0.2%,<.01%
29415F104,NVST,ENVISTA HOLDINGS CORPORATION,10595,159,279.18K,4.19K,+1.5%,<.01%
26884U109,EPR,EPR PPTYS,21322,71,1.24M,4.12K,+0.3%,<.01%
92189F130,RAAX,VANECK ETF TRUST,1015,101,40.27K,4.01K,+11.1%,<.01%
71844V201,PECO,PHILLIPS EDISON & CO INC,35787,82,1.49M,3.41K,+0.2%,<.01%
464287432,TLT,ISHARES TR,476,36,41.14K,3.11K,+8.2%,<.01%
03064D108,COLD,AMERICOLD REALTY TRUST INC,81396,193,1.28M,3.03K,+0.2%,<.01%
903002103,UMH,UMH PPTYS INC,22898,197,346.68K,2.98K,+0.9%,<.01%
464287457,SHY,ISHARES TR,514,32,42.2K,2.63K,+6.6%,<.01%
91704F104,UE,URBAN EDGE PPTYS,35973,110,823.06K,2.52K,+0.3%,<.01%
922908751,VB,VANGUARD INDEX FDS,42,7,12.73K,2.12K,+20%,<.01%
252784301,DRH,DIAMONDROCK HOSPITALITY CO,57538,154,700.81K,1.88K,+0.3%,<.01%
92189H649,GPZ,VANECK ETF TRUST,723,78,15.5K,1.67K,+12.1%,<.01%
92189H748,CLOI,VANECK ETF TRUST,562,30,29.76K,1.59K,+5.6%,<.01%
46124J201,IVT,INVENTRUST PPTYS CORP,22055,29,780.75K,1.03K,+0.1%,<.01%
23128Q101,CURB,CURBLINE PPTYS CORP,27534,13,837.03K,395.2,+0%,<.01%
92189F411,BIZD,VANECK ETF TRUST,274631,14,3.48M,177.24,+0%,<.01%
92189F437,ANGL,VANECK ETF TRUST,968,5,28.3K,146.2,+0.5%,<.01%
98149E303,GLDM,WORLD GOLD TR,671036,0,53.29M,0,NO CHANGE,0.03%
922908553,VNQ,VANGUARD INDEX FDS,141261,0,13.62M,0,NO CHANGE,<.01%
92203J407,BNDX,VANGUARD CHARLOTTE FDS,226076,0,10.95M,0,NO CHANGE,<.01%
92107P780,NODE,VANECK FDS,167000,0,7.23M,0,NO CHANGE,<.01%
G86652115,TLNCU,TALON CAP CORP,500000,0,5.28M,0,NO CHANGE,<.01%
184496107,CLH,CLEAN HARBORS INC,14906,0,4.45M,0,NO CHANGE,<.01%
92189F114,ESPO,VANECK ETF TRUST,46089,0,4.14M,0,NO CHANGE,<.01%
92189Y501,CMCI,VANECK ETF TRUST,60000,0,1.65M,0,NO CHANGE,<.01%
984245100,YPF,YPF SOCIEDAD ANONIMA,34308,0,1.56M,0,NO CHANGE,<.01%
92188R101,VAVX,VANECK AVALANCHE ETF,100000,0,1.37M,0,NO CHANGE,<.01%
92107P764,INDZ,VANECK FDS,40000,0,1.01M,0,NO CHANGE,<.01%
697660207,PAM,PAMPA ENERGIA SA,10056,0,825.9K,0,NO CHANGE,<.01%
05961W105,BMA,BANCO MACRO S A,6995,0,647.67K,0,NO CHANGE,<.01%
92189H821,DAPP,VANECK ETF TRUST,25000,0,484.5K,0,NO CHANGE,<.01%
464285204,IAU,ISHARES GOLD TR,6194,0,467.71K,0,NO CHANGE,<.01%
155038201,CEPU,CENTRAL PUERTO S A,30877,0,458.83K,0,NO CHANGE,<.01%
058934100,BBAR,BANCO BBVA ARGENTINA S A,16965,0,332.68K,0,NO CHANGE,<.01%
91531W106,TIGR,UP FINTECH HLDG LTD,74181,0,326.4K,0,NO CHANGE,<.01%
879273209,TEO,TELECOM ARGENTINA SA,24419,0,317.45K,0,NO CHANGE,<.01%
G4412G101,HLF,HERBALIFE LTD,20354,0,267.65K,0,NO CHANGE,<.01%
15202L107,CSR,CENTERSPACE,4763,0,267.63K,0,NO CHANGE,<.01%
893870204,TGS,TRANSPORTADORA DE GAS DEL SU,7325,0,217.77K,0,NO CHANGE,<.01%
54150E104,LOMA,LOMA NEGRA C I A S A MTN 14,15957,0,182.71K,0,NO CHANGE,<.01%
40054A108,SUPV,GRUPO SUPERVIELLE S.A.,18866,0,182.25K,0,NO CHANGE,<.01%
226406106,CRESY,CRESUD S A C I F Y A,12765,0,143.1K,0,NO CHANGE,<.01%
92189F486,FLTR,VANECK ETF TRUST,1112,0,28.48K,0,NO CHANGE,<.01%
37954Y632,AIQ,GLOBAL X FDS,356,0,23.36K,0,NO CHANGE,<.01%
92189F353,HYEM,VANECK ETF TRUST,864,0,17.38K,0,NO CHANGE,<.01%
92189H631,TRUT,VANECK ETF TRUST,478,0,15K,0,NO CHANGE,<.01%
464287721,IYW,ISHARES TR,56,0,14.12K,0,NO CHANGE,<.01%
464287291,IXN,ISHARES TR,67,0,9.68K,0,NO CHANGE,<.01%
464287549,IGM,ISHARES TR,53,0,8.67K,0,NO CHANGE,<.01%
92189F635,ISRA,VANECK ETF TRUST,58,0,3.76K,0,NO CHANGE,<.01%
37950E101,NORW,GLOBAL X FDS,78,0,2.49K,0,NO CHANGE,<.01%
92189F429,PFXF,VANECK ETF TRUST,95,0,1.7K,0,NO CHANGE,<.01%
92189H656,CLOB,VANECK ETF TRUST,26,0,1.31K,0,NO CHANGE,<.01%
78646V107,SAFE,SAFEHOLD INC,15812,-14,248.25K,-219.8,-0.1%,<.01%
464289438,IWY,ISHARES TR,32,-1,9.3K,-290.62,-3%,<.01%
464287598,IWD,ISHARES TR,16,-2,3.88K,-484.88,-11.1%,<.01%
399909100,GGAL,GRUPO FINANCIERO GALICIA S.A,26654,-11,1.33M,-550.33,-0%,<.01%
92189H664,SMHX,VANECK ETF TRUST,155,-11,9.9K,-702.79,-6.6%,<.01%
29358P101,ENSG,ENSIGN GROUP INC,3322,-5,532.52K,-801.5,-0.2%,<.01%
40637H109,HALO,HALOZYME THERAPEUTICS INC,10945,-14,856.66K,-1.1K,-0.1%,<.01%
35473P769,FLIN,Franklin FTSE India ETF,0,-61,0,-2K,CLOSE,0%
46137V357,RSP,Invesco S&P 500 Equal Weight ETF,0,-8,0,-2K,CLOSE,0%
464287184,FXI,iShares China Large-Cap ETF,0,-54,0,-2K,CLOSE,0%
464286772,EWY,iShares MSCI South Korea ETF,0,-24,0,-3K,CLOSE,0%
92189F767,GLIN,VanEck India Growth Leaders ETF,0,-65,0,-3K,CLOSE,0%
74965L101,RLJ,RLJ LODGING TR,34798,-268,412.36K,-3.18K,-0.8%,<.01%
700517105,PK,PARK HOTELS & RESORTS INC,52501,-230,748.14K,-3.28K,-0.4%,<.01%
922280102,VRNS,VARONIS SYS INC,40854,-86,1.71M,-3.61K,-0.2%,<.01%
464286764,EWP,iShares MSCI Spain Capped ETF,0,-66,0,-4K,CLOSE,0%
92189H730,SMOT,Vaneck Morningstar SMID Moat ETF,0,-124,0,-4K,CLOSE,0%
92204A884,VOX,Vanguard Communication Services ETF,0,-20,0,-4K,CLOSE,0%
97717W851,DXJ,WisdomTree Japan Hedged Equity Fund,0,-24,0,-4K,CLOSE,0%
58463J304,MPT,MEDICAL PROPERTIES TRUST INC,141808,-915,655.15K,-4.23K,-0.6%,<.01%
G9470A102,VTEX,VTEX,27009,-1147,108.04K,-4.59K,-4.1%,<.01%
70509V100,PEB,PEBBLEBROOK HOTEL TR,31555,-256,612.48K,-4.97K,-0.8%,<.01%
316092204,FDIS,Fidelity MSCI Consumer Discretionary In,0,-55,0,-5K,CLOSE,0%
92189F676,SMH,VANECK ETF TRUST,24030,-8,15.76M,-5.25K,-0%,<.01%
875465106,SKT,TANGER INC,31908,-135,1.26M,-5.33K,-0.4%,<.01%
867892101,SHO,SUNSTONE HOTEL INVS INC NEW,50783,-492,581.47K,-5.63K,-1%,<.01%
92189F643,MOAT,VANECK ETF TRUST,74,-55,7.69K,-5.72K,-42.6%,<.01%
04965N104,RNA,Atrium Therapeutics Inc,0,-472,0,-6K,CLOSE,0%
529043408,LXP,LXP INDUSTRIAL TRUST,16362,-123,881.59K,-6.63K,-0.7%,<.01%
46590V100,JBGS,JBG SMITH PPTYS,20334,-474,298.3K,-6.95K,-2.3%,<.01%
G16258108,BEP,BROOKFIELD RENEWABLE ENERGY,22291,-263,774.24K,-9.13K,-1.2%,<.01%
78573L106,SBRA,SABRA HEALTH CARE REIT INC,130550,-525,2.55M,-10.24K,-0.4%,<.01%
174610105,CFG,CITIZENS FINL GROUP INC,6285,-155,440.39K,-10.86K,-2.4%,<.01%
375916103,GIL,Gildan Activewear Inc,0,-224,0,-12K,CLOSE,0%
921910816,MGK,Vanguard Mega Cap Growth ETF,0,-32,0,-12K,CLOSE,0%
92204A702,VGT,Vanguard Information Technology ETF,0,-19,0,-13K,CLOSE,0%
372460105,GPC,Genuine Parts Co,0,-131,0,-14K,CLOSE,0%
984017103,XHR,XENIA HOTELS & RESORTS INC,26078,-704,530.95K,-14.33K,-2.6%,<.01%
45826H109,ITGR,INTEGER HLDGS CORP,2847,-158,266.05K,-14.77K,-5.3%,<.01%
49714P108,KNSL,KINSALE CAP GROUP INC,21716,-45,7.16M,-14.84K,-0.2%,<.01%
500631106,KEP,Korea Electric Power Corp,0,-1078,0,-15K,CLOSE,0%
194162103,CL,COLGATE PALMOLIVE CO,4099,-169,375.8K,-15.49K,-4%,<.01%
19239V302,CCOI,Cogent Communications Holdings Inc,0,-903,0,-16K,CLOSE,0%
53566V106,LINE,LINEAGE INC,19782,-393,855.57K,-17K,-1.9%,<.01%
921946794,VYMI,Vanguard International High Dividend Yi,0,-180,0,-17K,CLOSE,0%
922042858,VWO,Vanguard FTSE Emerging Markets ETF,0,-323,0,-17K,CLOSE,0%
45378A106,IRT,INDEPENDENCE RLTY TR INC,66763,-1077,1.11M,-17.98K,-1.6%,<.01%
46137V100,PPA,Invesco Aerospace & Defense ETF,0,-114,0,-19K,CLOSE,0%
379378201,GNL,GLOBAL NET LEASE INC,53804,-2141,481.01K,-19.14K,-3.8%,<.01%
674599105,OXY,OCCIDENTAL PETE CORP,16939,-398,822.73K,-19.33K,-2.3%,<.01%
929042109,VNO,VORNADO RLTY TR,112222,-504,4.41M,-19.81K,-0.4%,<.01%
056752108,BIDU,Baidu Inc,0,-177,0,-20K,CLOSE,0%
71944F106,PHR,Phreesia Inc,0,-2417,0,-20K,CLOSE,0%
921909768,VXUS,Vanguard Total International Stock ETF,0,-254,0,-20K,CLOSE,0%
369604301,GE,GE AEROSPACE,178618,-55,66.75M,-20.56K,-0%,0.04%
90278Q108,UFPI,UFP INDUSTRIES INC,6626,-242,601.24K,-21.96K,-3.5%,<.01%
444097406,HPP,Hudson Pacific Properties Inc,0,-3681,0,-22K,CLOSE,0%
74743L100,Q,Qnity Electronics Inc,0,-195,0,-22K,CLOSE,0%
751212101,RL,Ralph Lauren Corp,0,-63,0,-22K,CLOSE,0%
26922A420,QTUM,Defiance Quantum ETF,0,-217,0,-23K,CLOSE,0%
42226K105,HR,HEALTHCARE RLTY TR,214338,-1164,4.32M,-23.48K,-0.5%,<.01%
00215W100,ASX,ASE Technology Holding Co Ltd,0,-1101,0,-24K,CLOSE,0%
97651M109,WIT,Wipro Ltd,0,-11816,0,-25K,CLOSE,0%
G25457105,CRDO,Credo Technology Group Holding Ltd,0,-263,0,-25K,CLOSE,0%
122017106,BURL,Burlington Stores Inc,0,-76,0,-25K,CLOSE,0%
22788C105,CRWD,CROWDSTRIKE HLDGS INC,15656,-36,11.95M,-27.47K,-0.2%,<.01%
01864U106,AFB,ALLIANCEBERNSTEIN NATL MUN I,269068,-2561,3.07M,-29.22K,-0.9%,<.01%
64049M209,NEO,NeoGenomics Inc,0,-4019,0,-30K,CLOSE,0%
114340102,AZTA,Azenta Inc,0,-1579,0,-33K,CLOSE,0%
03784Y200,APLE,APPLE HOSPITALITY REIT INC,61153,-1985,1.03M,-33.37K,-3.1%,<.01%
548661107,LOW,LOWES COS INC,77535,-153,17.1M,-33.73K,-0.2%,0.01%
92343E102,VRSN,VERISIGN INC,0,-137,0,-34K,CLOSE,0%
36165L108,GDS,GDS Holdings Ltd,0,-896,0,-36K,CLOSE,0%
52567D107,LMND,LEMONADE INC,25045,-562,1.63M,-36.56K,-2.2%,<.01%
46132E103,VKI,INVESCO ADVANTAGE MUN INCOME,251179,-3904,2.38M,-37.01K,-1.5%,<.01%
829073105,SSD,SIMPSON MFG INC,35721,-180,7.48M,-37.68K,-0.5%,<.01%
400506101,PAC,Grupo Aeroportuario del Pacifico SAB de,0,-161,0,-40K,CLOSE,0%
532746104,LMNR,Limoneira Co,0,-3056,0,-41K,CLOSE,0%
942749102,WTS,WATTS WATER TECHNOLOGIES INC,24123,-112,9.44M,-43.84K,-0.5%,<.01%
09073N300,STEX,Streamex Corp,0,-39097,0,-44K,CLOSE,0%
G0457F107,ARCO,ARCOS DORADOS HLDGS INC,51653,-5472,416.32K,-44.1K,-9.6%,<.01%
71654V101,PBRA,PETROLEO BRASILEIRO S A,63945,-3054,936.15K,-44.71K,-4.6%,<.01%
44107P104,HST,HOST HOTELS & RESORTS INC,193432,-1889,4.59M,-44.79K,-1%,<.01%
256135203,RDY,Dr Reddy's Laboratories Ltd,0,-3220,0,-45K,CLOSE,0%
22002T108,CDP,COPT DEFENSE PROPERTIES,36609,-1239,1.33M,-45.09K,-3.3%,<.01%
20459V105,GPGI,GPGI INC,52365,-2866,829.99K,-45.43K,-5.2%,<.01%
014752109,ALX,Alexander's Inc,0,-194,0,-46K,CLOSE,0%
22266T109,CPNG,Coupang Inc,0,-2515,0,-47K,CLOSE,0%
87918A105,TDOC,Teladoc Health Inc,0,-8822,0,-48K,CLOSE,0%
300426103,ECG,EVERUS CONSTR GROUP,47613,-293,7.9M,-48.62K,-0.6%,<.01%
344419106,FMX,Fomento Economico Mexicano SAB de CV,0,-441,0,-49K,CLOSE,0%
377322102,GKOS,GLAUKOS CORP,2552,-359,356.67K,-50.17K,-12.3%,<.01%
824596100,SHG,Shinhan Financial Group Co Ltd,0,-845,0,-52K,CLOSE,0%
11120U105,BRX,BRIXMOR PPTY GROUP INC,191629,-1664,6.04M,-52.47K,-0.9%,<.01%
90364P105,PATH,UIPATH INC,151468,-4923,1.65M,-53.51K,-3.1%,<.01%
313745101,FRT,FEDERAL RLTY INVT TR NEW,51202,-438,6.32M,-54.07K,-0.8%,<.01%
M6158M104,ITRN,ITURAN LOCATION AND CONTROL,8588,-902,523.95K,-55.03K,-9.5%,<.01%
14448C104,CARR,CARRIER GLOBAL CORPORATION,37072,-760,2.72M,-55.75K,-2%,<.01%
875372203,TNDM,Tandem Diabetes Care Inc,0,-2918,0,-56K,CLOSE,0%
015271109,ARE,ALEXANDRIA REAL ESTATE EQ IN,101909,-1075,5.39M,-56.81K,-1%,<.01%
229899109,CFR,Cullen/Frost Bankers Inc,0,-422,0,-58K,CLOSE,0%
24664T103,DKL,Delek Logistics Partners LP,0,-1101,0,-58K,CLOSE,0%
45826J105,NTLA,Intellia Therapeutics Inc,0,-4622,0,-59K,CLOSE,0%
518613203,LAUR,Laureate Education Inc,0,-1757,0,-61K,CLOSE,0%
980228308,WDS,WOODSIDE ENERGY GROUP LTD,45456,-3236,878.21K,-62.52K,-6.6%,<.01%
277276101,EGP,EASTGROUP PPTYS INC,33185,-312,6.72M,-63.19K,-0.9%,<.01%
38071H106,GROY,GOLD ROYALTY CORP,5334227,-23122,14.72M,-63.82K,-0.4%,<.01%
229663109,CUBE,CUBESMART,133840,-1623,5.32M,-64.55K,-1.2%,<.01%
36315X101,LKFT,Galapagos NV,0,-2153,0,-65K,CLOSE,0%
68213N109,OMCL,Omnicell Inc,0,-1980,0,-66K,CLOSE,0%
29446M102,EQNR,EQUINOR ASA,27844,-2111,874.3K,-66.29K,-7%,<.01%
125523100,CI,THE CIGNA GROUP,24028,-243,6.62M,-66.99K,-1%,<.01%
70438V106,PCTY,PAYLOCITY HLDG CORP,40706,-647,4.25M,-67.63K,-1.6%,<.01%
46050R102,THM,INTERNATIONAL TOWER HILL MIN,252694,-34249,503.73K,-68.27K,-11.9%,<.01%
07373V105,BEAM,Beam Therapeutics Inc,0,-2884,0,-69K,CLOSE,0%
G491BT108,IVZ,Invesco Ltd,0,-2824,0,-69K,CLOSE,0%
80280U205,SCZM,SANTACRUZ SILVER MNG LTD,82960,-10676,538.2K,-69.26K,-11.4%,<.01%
465562106,ITUB,Itau Unibanco Holding SA,0,-8408,0,-70K,CLOSE,0%
571903202,MAR,Marriott International Inc/MD,0,-216,0,-71K,CLOSE,0%
90184D100,TWST,Twist Bioscience Corp,0,-1543,0,-73K,CLOSE,0%
46090E103,QQQ,Powershares QQQ Trust Series 1,0,-132,0,-76K,CLOSE,0%
00790R104,WMS,ADVANCED DRAIN SYS INC DEL,91657,-485,14.39M,-76.13K,-0.5%,<.01%
81663L200,WGS,GeneDx Holdings Corp,0,-1198,0,-77K,CLOSE,0%
758849103,REG,REGENCY CTRS CORP,108878,-968,8.68M,-77.19K,-0.9%,<.01%
28620K106,ELE,ELEMENTAL RTY CORP,33734,-4459,589.06K,-77.86K,-11.7%,<.01%
29244A102,EDN,Empresa Distribuidora Y Comercializador,0,-2668,0,-80K,CLOSE,0%
08862E112,BEYOND,Beyond Meat Inc,0,-116226,0,-82K,CLOSE,0%
88025U109,TXG,10X Genomics Inc,0,-3903,0,-83K,CLOSE,0%
733174700,BPOP,POPULAR INC,52375,-532,8.6M,-87.34K,-1%,<.01%
90400D108,RARE,Ultragenyx Pharmaceutical Inc,0,-4357,0,-91K,CLOSE,0%
15101Q207,CLS,CELESTICA INC,25974,-264,9.46M,-96.19K,-1%,<.01%
64782A107,NEWP,NEW PAC METALS CORP,95105,-25126,382.52K,-101.06K,-20.9%,<.01%
67421J207,OTLY,Oatly Group AB,0,-10079,0,-102K,CLOSE,0%
90138F102,TWLO,TWILIO INC,4882,-498,1.01M,-102.75K,-9.3%,<.01%
835495102,SON,SONOCO PRODS CO,12671,-1842,714.01K,-103.8K,-12.7%,<.01%
585464100,MLCO,Melco Resorts & Entertainment Ltd,0,-18241,0,-104K,CLOSE,0%
565788106,MARA,MARA HOLDINGS INC,3473797,-7678,48.25M,-106.65K,-0.2%,0.03%
29977A105,EVR,EVERCORE INC,35667,-322,12.18M,-109.94K,-0.9%,<.01%
29452E101,EQH,Equitable Holdings Inc,0,-2961,0,-110K,CLOSE,0%
63888U108,NGVC,Natural Grocers by Vitamin Cottage Inc,0,-4290,0,-111K,CLOSE,0%
49803T300,KRG,KITE REALTY GROUP TRUST,57536,-3972,1.63M,-112.73K,-6.5%,<.01%
26874R108,E,ENI SPA,32489,-2410,1.52M,-112.93K,-6.9%,<.01%
147528103,CASY,Casey's General Stores Inc,0,-166,0,-114K,CLOSE,0%
456788108,INFY,Infosys Ltd,0,-8717,0,-114K,CLOSE,0%
12503M108,CBOE,CBOE GLOBAL MKTS INC,19500,-473,4.73M,-114.78K,-2.4%,<.01%
95766N103,MHF,WESTERN ASSET MUN HIGH INCOM,128925,-16414,902.48K,-114.9K,-11.3%,<.01%
92847W103,VITL,Vital Farms Inc,0,-8174,0,-115K,CLOSE,0%
75574U101,RC,Ready Capital Corp,0,-76704,0,-116K,CLOSE,0%
02215L209,KNTK,KINETIK HOLDINGS INC,18513,-2422,894.92K,-117.08K,-11.6%,<.01%
128246105,CVGW,Calavo Growers Inc,0,-4624,0,-119K,CLOSE,0%
89531P105,TREX,TREX INC,12404,-2409,620.7K,-120.55K,-16.3%,<.01%
72815L107,PLTK,Playtika Holding Corp,0,-43457,0,-121K,CLOSE,0%
44916Y106,PURR,Hyperliquid Strategies Inc,0,-24000,0,-122K,CLOSE,0%
M4R82T106,FVRR,Fiverr International Ltd,0,-12270,0,-123K,CLOSE,0%
502431109,LHX,L3HARRIS TECHNOLOGIES INC,8032,-426,2.33M,-123.79K,-5%,<.01%
450047303,IRS,IRSA Inversiones y Representaciones SA,0,-7648,0,-124K,CLOSE,0%
64110D104,NTAP,NETAPP INC,48898,-814,7.57M,-125.97K,-1.6%,<.01%
76169C100,REXR,REXFORD INDL RLTY INC,143879,-3823,4.82M,-128.07K,-2.6%,<.01%
296315104,ESE,ESCO TECHNOLOGIES INC,20176,-373,7.06M,-130.56K,-1.8%,<.01%
17253J106,CIFR,CIPHER DIGITAL INC,2176393,-5459,53.32M,-133.75K,-0.3%,0.03%
G4863A108,BRSL,International Game Technology PLC,0,-10604,0,-135K,CLOSE,0%
371927104,GEL,GENESIS ENERGY L P,19228,-9729,272.46K,-137.86K,-33.6%,<.01%
817070501,SENEA,Seneca Foods Corp,0,-927,0,-140K,CLOSE,0%
81730H109,S,SENTINELONE INC,113181,-8356,1.92M,-141.8K,-6.9%,<.01%
707569109,PENN,Penn National Gaming Inc,0,-9593,0,-144K,CLOSE,0%
L1995B107,CAAP,Corp America Airports SA,0,-5679,0,-144K,CLOSE,0%
688239201,OSK,OSHKOSH CORP,17064,-965,2.62M,-148.11K,-5.4%,<.01%
G96115103,WYFI,WHITEFIBER INC,25699,-3827,998.41K,-148.68K,-13%,<.01%
46655E100,DC,DAKOTA GOLD CORP,3711362,-35008,15.81M,-149.13K,-0.9%,<.01%
29275Y102,ENS,ENERSYS,37173,-645,8.69M,-150.81K,-1.7%,<.01%
59522J103,MAA,MID-AMER APT CMNTYS INC,74225,-1107,10.31M,-153.81K,-1.5%,<.01%
65341D102,NXRT,NexPoint Residential Trust Inc,0,-6338,0,-158K,CLOSE,0%
8676EP108,STKL,SunOpta Inc,0,-25297,0,-164K,CLOSE,0%
450056106,IRTC,IRhythm Holdings Inc,0,-1407,0,-166K,CLOSE,0%
M7518J104,ODD,Oddity Tech Ltd,0,-12487,0,-167K,CLOSE,0%
147448104,CWST,CASELLA WASTE SYS INC,30282,-1731,2.94M,-167.86K,-5.4%,<.01%
74164M108,PRI,PRIMERICA INC,29684,-593,8.44M,-168.53K,-2%,<.01%
73278L105,POOL,POOL CORP,30490,-792,6.55M,-170.2K,-2.5%,<.01%
02665T306,AMH,AMERICAN HOMES 4 RENT,198319,-5088,6.65M,-170.55K,-2.5%,<.01%
43300A203,HLT,Hilton Worldwide Holdings Inc,0,-561,0,-171K,CLOSE,0%
910047109,UAL,United Airlines Holdings Inc,0,-1861,0,-171K,CLOSE,0%
247361702,DAL,DELTA AIR LINES INC,10071,-1918,943.25K,-179.64K,-16%,<.01%
03152W109,FOLD,Amicus Therapeutics Inc,0,-12573,0,-182K,CLOSE,0%
M20791105,CAMT,CAMTEK LTD,9738,-1127,1.59M,-183.84K,-10.4%,<.01%
69366J200,PTCT,PTC Therapeutics Inc,0,-2700,0,-184K,CLOSE,0%
354613101,BEN,Franklin Resources Inc,0,-7891,0,-186K,CLOSE,0%
49446R109,KIM,KIMCO REALTY CORP,415288,-7364,10.53M,-186.68K,-1.7%,<.01%
81725T100,SXT,SENSIENT TECHNOLOGIES CORP,5327,-1517,656.77K,-187.03K,-22.2%,<.01%
550021109,LULU,LULULEMON ATHLETICA INC,43800,-1650,5M,-188.4K,-3.6%,<.01%
43087N204,HSLV,HIGHLANDER SILVER CORP,121564,-40350,570.28K,-189.29K,-24.9%,<.01%
47215P106,JD,JD.COM INC,198932,-7629,5.07M,-194.39K,-3.7%,<.01%
443510607,HUBB,HUBBELL INC,10126,-375,5.3M,-196.2K,-3.6%,<.01%
H8088L103,SRAD,Sportradar Group AG,0,-11927,0,-200K,CLOSE,0%
29472R108,ELS,EQUITY LIFESTYLE PROPERTIES,118091,-3130,7.61M,-201.73K,-2.6%,<.01%
74276L105,PRCT,PROCEPT BioRobotics Corp,0,-8202,0,-205K,CLOSE,0%
562750109,MANH,MANHATTAN ASSOCIATES INC,65361,-1632,9.1M,-227.26K,-2.4%,<.01%
29355A107,ENPH,ENPHASE ENERGY INC,106763,-4627,5.26M,-227.83K,-4.2%,<.01%
233368109,KTF,DWS MUN INCOME TR,229982,-24815,2.12M,-228.3K,-9.7%,<.01%
775711104,ROL,ROLLINS INC,63235,-5485,2.64M,-228.94K,-8%,<.01%
988498101,YUM,Yum! Brands Inc,0,-1503,0,-234K,CLOSE,0%
G8588X103,SGHC,Super Group SGHC Ltd,0,-21793,0,-235K,CLOSE,0%
482497104,BEKE,KE HLDGS INC,271613,-16490,3.95M,-239.6K,-5.7%,<.01%
743315103,PGR,PROGRESSIVE CORP,135635,-1099,29.63M,-240.08K,-0.8%,0.02%
29530P102,ERIE,ERIE INDTY CO,4928,-1002,1.18M,-240.23K,-16.9%,<.01%
384109104,GGG,GRACO INC,30389,-3187,2.3M,-240.97K,-9.5%,<.01%
70931T103,PMT,PENNYMAC MTG INVT TR,734244,-21669,8.28M,-244.43K,-2.9%,<.01%
866966104,SUNB,Sunbelt Rentals Holdings Inc,0,-3928,0,-247K,CLOSE,0%
16411Q101,CQP,CHENIERE ENERGY PARTNERS L P,13220,-4062,805.76K,-247.58K,-23.5%,<.01%
801056102,SANM,SANMINA CORP,42625,-985,10.79M,-249.28K,-2.3%,<.01%
90384S303,ULTA,ULTA BEAUTY INC,16829,-553,7.59M,-249.39K,-3.2%,<.01%
617446448,MS,MORGAN STANLEY,37251,-1206,7.79M,-252.1K,-3.1%,<.01%
27827X101,EIM,EATON VANCE MUN BD FD,446988,-25687,4.45M,-255.84K,-5.4%,<.01%
071734107,BHC,BAUSCH HEALTH COS INC,185537,-52499,914.83K,-258.86K,-22.1%,<.01%
803607100,SRPT,Sarepta Therapeutics Inc,0,-12096,0,-263K,CLOSE,0%
G02602103,DOX,AMDOCS LTD,30496,-5245,1.54M,-265.08K,-14.7%,<.01%
82575P107,SBSW,SIBANYE STILLWATER LTD,103646,-31599,879.96K,-268.28K,-23.4%,<.01%
989207105,ZBRA,ZEBRA TECHNOLOGIES CORPORATI,9780,-1022,2.57M,-269.05K,-9.5%,<.01%
05588W108,LEO,BNY MELLON STRATEGIC MUNS IN,537717,-42218,3.47M,-272.73K,-7.3%,<.01%
42250P103,DOC,HEALTHPEAK PROPERTIES INC,433186,-12894,9.27M,-275.93K,-2.9%,<.01%
92919F103,VOXR,VOX ROYALTY CORP,1320750,-58470,6.25M,-276.77K,-4.2%,<.01%
857477103,STT,STATE STR CORP,8694,-1680,1.47M,-284.93K,-16.2%,<.01%
90291C201,USAU,U S GOLD CORP,368243,-18589,5.65M,-284.97K,-4.8%,<.01%
74736K101,QRVO,Qorvo Inc,0,-3640,0,-285K,CLOSE,0%
G2519Y108,BAP,CREDICORP LTD,65981,-734,25.7M,-285.95K,-1.1%,0.02%
98311A105,WH,Wyndham Hotels & Resorts Inc,0,-3785,0,-288K,CLOSE,0%
784117103,SEIC,SEI INVTS CO,102923,-3297,9.03M,-289.18K,-3.1%,<.01%
645827205,IDR,IDAHO STRATEGIC RESOURCES,375376,-8889,12.29M,-291.11K,-2.3%,<.01%
60937P106,MDB,MONGODB INC,2442,-917,820.27K,-308.02K,-27.3%,<.01%
V5633W109,MMYT,MAKEMYTRIP LIMITED MAURITIUS,29071,-5789,1.55M,-308.5K,-16.6%,<.01%
26969P108,EXP,EAGLE MATLS INC,28909,-1381,6.5M,-310.73K,-4.6%,<.01%
640491106,NEOG,NEOGEN CORP,522231,-34770,4.69M,-312.58K,-6.2%,<.01%
133131102,CPT,CAMDEN PPTY TR,63965,-2740,7.32M,-313.7K,-4.1%,<.01%
127097103,CTRA,Coterra Energy Inc,0,-8957,0,-315K,CLOSE,0%
G97822103,PRGO,PERRIGO CO PLC,54042,-30837,561.5K,-320.4K,-36.3%,<.01%
38149E101,GLDG,GOLDMINING INC,6122726,-354870,5.56M,-322.46K,-5.5%,<.01%
380237107,GDDY,GoDaddy Inc,0,-3915,0,-324K,CLOSE,0%
15234Q207,AXIAY,AXIA ENERGIA SA,421680,-30963,4.45M,-326.97K,-6.8%,<.01%
81141R100,SE,SEA LTD,61423,-3510,5.89M,-336.36K,-5.4%,<.01%
553498106,MSA,MSA SAFETY INC,28556,-1938,4.99M,-338.34K,-6.4%,<.01%
04013V108,ACRE,ARES COML REAL ESTATE CORP,599627,-75352,2.7M,-339.08K,-11.2%,<.01%
053484101,AVB,AVALONBAY CMNTYS INC,90230,-1807,17.03M,-340.96K,-2%,0.01%
67079X102,NDMO,NUVEEN DYNAMIC MUN OPPORTUNI,352107,-32947,3.67M,-342.98K,-8.6%,<.01%
48581R205,KSPI,KASPI KZ JSC,84122,-3969,7.29M,-343.87K,-4.5%,<.01%
M98068105,WIX,WIX COM LTD,12840,-7699,582.55K,-349.3K,-37.5%,<.01%
552848103,MTG,MGIC INVT CORP WIS,180553,-12408,5.09M,-349.91K,-6.4%,<.01%
G65163100,JOBY,Joby Aviation Inc,0,-42602,0,-352K,CLOSE,0%
G7500M104,RNW,ReNew Energy Global PLC,0,-79319,0,-363K,CLOSE,0%
12769G100,CZR,Caesars Entertainment Inc,0,-13889,0,-367K,CLOSE,0%
489398107,KW,Kennedy-Wilson Holdings Inc,0,-34101,0,-369K,CLOSE,0%
036752103,ELV,ELEVANCE HEALTH INC FORMERLY,16606,-957,6.42M,-370.1K,-5.4%,<.01%
526107107,LII,LENNOX INTL INC,7317,-649,4.19M,-371.84K,-8.1%,<.01%
67062F100,NXP,NUVEEN SELECT TAX-FREE INCOM,367456,-26524,5.26M,-379.56K,-6.7%,<.01%
09257W100,BXMT,BLACKSTONE MORTGAGE TRUST IN,935545,-22602,15.86M,-383.1K,-2.4%,<.01%
G4124C109,GRAB,GRAB HOLDINGS LIMITED,950577,-102260,3.58M,-385.52K,-9.7%,<.01%
10949T109,BRSP,BRIGHTSPIRE CAPITAL INC,1195175,-74010,6.51M,-403.35K,-5.8%,<.01%
682680103,OKE,ONEOK INC NEW,313731,-4692,27.28M,-407.92K,-1.5%,0.02%
74623V103,PCT,PureCycle Technologies Inc,0,-78679,0,-408K,CLOSE,0%
46187W107,INVH,INVITATION HOMES INC,344203,-13545,10.4M,-409.19K,-3.8%,<.01%
26817Q886,DX,DYNEX CAP INC,1485109,-31235,19.47M,-409.49K,-2.1%,0.01%
36352H100,GAU,GALIANO GOLD INC,4581447,-223687,8.55M,-417.54K,-4.7%,<.01%
303075105,FDS,FACTSET RESH SYS INC,34151,-1815,7.86M,-417.6K,-5%,<.01%
053611109,AVY,AVERY DENNISON CORP,12634,-2587,2.05M,-420K,-17%,<.01%
78709Y105,SAIA,SAIA INC,20844,-1003,8.78M,-422.42K,-4.6%,<.01%
554489104,VRE,VERIS RESIDENTIAL INC,0,-22448,0,-424K,CLOSE,0%
30212P303,EXPE,Expedia Group Inc,0,-1849,0,-427K,CLOSE,0%
770700102,HOOD,ROBINHOOD MKTS INC,278383,-4347,27.92M,-435.92K,-1.5%,0.02%
833034101,SNA,SNAP ON INC,9065,-1096,3.65M,-441.03K,-10.8%,<.01%
G3198U102,ESNT,ESSENT GROUP LTD,74197,-6926,4.77M,-445.2K,-8.5%,<.01%
237194105,DRI,DARDEN RESTAURANTS INC,19795,-2173,4.08M,-447.66K,-9.9%,<.01%
433921103,HIVE,HIVE DIGITAL TECHNOLOGIES LT,139886,-123953,509.42K,-451.4K,-47%,<.01%
683715106,OTEX,Open Text Corp,0,-20718,0,-462K,CLOSE,0%
19425C100,CNL,COLLECTIVE MINING LTD,1240264,-37797,15.24M,-464.58K,-3%,<.01%
607828100,MOD,MODINE MFG CO,39910,-1762,10.66M,-470.49K,-4.2%,<.01%
85208M102,SFM,SPROUTS FMRS MKT INC,99914,-5703,8.45M,-482.36K,-5.4%,<.01%
571748102,MRSH,MARSH & MCLENNAN COS INC,116011,-2925,19.34M,-487.51K,-2.5%,0.01%
40131M109,GH,GUARDANT HEALTH INC,3559,-3260,533.96K,-489.1K,-47.8%,<.01%
171340102,CHD,CHURCH & DWIGHT CO INC,38683,-5161,3.75M,-500K,-11.8%,<.01%
653656108,NICE,NICE LTD,21494,-5617,1.95M,-510.3K,-20.7%,<.01%
01973R101,ALSN,ALLISON TRANSMISSION HLDGS I,92427,-4555,10.42M,-513.53K,-4.7%,<.01%
038336103,ATR,APTARGROUP INC,66963,-4161,8.38M,-520.96K,-5.9%,<.01%
103304101,BYD,Boyd Gaming Corp,0,-6346,0,-522K,CLOSE,0%
60471A101,MIR,Mirion Technologies Inc,0,-28073,0,-522K,CLOSE,0%
428103105,HESM,HESS MIDSTREAM LP,21908,-13904,823.74K,-522.79K,-38.8%,<.01%
92189H854,MBBB,VANECK ETF TRUST,27000,-25000,577.53K,-534.75K,-48.1%,<.01%
44955L106,IAUX,I-80 GOLD CORP,21420973,-373491,30.78M,-536.69K,-1.7%,0.02%
88023B103,TEM,TEMPUS AI INC,73499,-9272,4.26M,-537.13K,-11.2%,<.01%
49457M205,NAKA,NAKAMOTO INC,111607,-138013,440.85K,-545.15K,-55.3%,<.01%
01609W102,BABA,ALIBABA GROUP HLDG LTD,94732,-5723,9.09M,-549.29K,-5.7%,<.01%
12514G108,CDW,CDW CORP,24706,-3929,3.47M,-552.57K,-13.7%,<.01%
315616102,FFIV,F5 INC,12512,-1339,5.2M,-556.97K,-9.7%,<.01%
92333F101,VG,VENTURE GLOBAL INC,100374,-50050,1.12M,-557.06K,-33.3%,<.01%
457669307,INSM,INSMED INC,99048,-5242,10.56M,-558.9K,-5%,<.01%
74340W103,PLD,PROLOGIS INC.,632716,-4174,85.71M,-565.45K,-0.7%,0.05%
693506107,PPG,PPG INDS INC,34759,-4695,4.22M,-569.46K,-11.9%,<.01%
302491303,FMC,FMC CORP,321744,-49612,3.7M,-570.54K,-13.4%,<.01%
758075402,RWT,REDWOOD TRUST INC,975636,-120612,4.62M,-571.7K,-11%,<.01%
117043109,BC,BRUNSWICK CORP,30077,-6835,2.53M,-575.78K,-18.5%,<.01%
651587107,NEU,NEWMARKET CORP,6735,-740,5.33M,-585.52K,-9.9%,<.01%
18452B209,CLSK,CLEANSPARK INC,2895831,-40914,42.13M,-595.3K,-1.4%,0.03%
756109104,O,REALTY INCOME CORP,589745,-9614,36.54M,-595.68K,-1.6%,0.02%
68622V106,OGN,ORGANON & CO,158117,-44559,2.14M,-603.33K,-22%,<.01%
042315705,ARR,ARMOUR RESIDENTIAL REIT INC,1013368,-34780,17.68M,-606.91K,-3.3%,0.01%
254687106,DIS,DISNEY WALT CO,1684465,-6309,162.13M,-607.24K,-0.4%,0.1%
552953101,MGM,MGM Resorts International,0,-16451,0,-609K,CLOSE,0%
74965L200,RLJPA,RLJ LODGING TR,322202,-24904,7.9M,-610.65K,-7.2%,<.01%
16934Q802,CIM,CHIMERA INVT CORP,798907,-45803,10.66M,-611.01K,-5.4%,<.01%
52476L109,LGN,Legence Corp,0,-10889,0,-615K,CLOSE,0%
30225T102,EXR,EXTRA SPACE STORAGE INC,131155,-4242,19.06M,-616.36K,-3.1%,0.01%
958669103,WES,WESTERN MIDSTREAM PARTNERS L,63189,-14114,2.77M,-617.63K,-18.3%,<.01%
171484108,CHDN,Churchill Downs Inc,0,-6926,0,-622K,CLOSE,0%
038923108,ABR,ARBOR REALTY TRUST INC,1837250,-115010,9.96M,-623.35K,-5.9%,<.01%
03062D803,USAS,AMERICAS GOLD AND SILVER COR,7711429,-133392,36.39M,-629.53K,-1.7%,0.02%
000360206,AAON,AAON INC,51691,-4971,6.56M,-630.62K,-8.8%,<.01%
98980G102,ZS,ZSCALER INC,5069,-4486,715.49K,-633.2K,-46.9%,<.01%
16359R103,CHE,CHEMED CORP NEW,13437,-1364,6.26M,-635.27K,-9.2%,<.01%
235851102,DHR,DANAHER CORP DEL,1625814,-3382,309.69M,-644.2K,-0.2%,0.19%
29476L107,EQR,EQUITY RESIDENTIAL,222785,-9502,15.13M,-645.47K,-4.1%,<.01%
M6191J100,FROG,JFROG LTD,38043,-7152,3.46M,-649.97K,-15.8%,<.01%
759509102,RS,RELIANCE INC,23285,-1745,8.7M,-651.93K,-7%,<.01%
89346D107,TAC,TransAlta Corp,0,-50020,0,-655K,CLOSE,0%
82489W107,SHLS,Shoals Technologies Group Inc,0,-100854,0,-664K,CLOSE,0%
513272104,LW,LAMB WESTON HLDGS INC,99439,-15406,4.29M,-665.23K,-13.4%,<.01%
68828E809,OGG,OSISKO DEVELOPMENT CORP,9712560,-271978,23.88M,-668.61K,-2.7%,0.01%
416515104,HIG,HARTFORD INSURANCE GROUP INC,46402,-5051,6.15M,-669.36K,-9.8%,<.01%
649604840,ADAM,ADAMAS TRUST INC.,880853,-71384,8.26M,-669.58K,-7.5%,<.01%
053332102,AZO,AUTOZONE INC,2348,-210,7.5M,-671.15K,-8.2%,<.01%
749660106,RES,RPC INC,3344057,-117903,19.5M,-687.37K,-3.4%,0.01%
83671M105,SOBO,SOUTH BOW CORP,158350,-19523,5.58M,-688K,-11%,<.01%
7591EP100,RF,REGIONS FINANCIAL CORP NEW,11258,-23013,339.99K,-694.99K,-67.2%,<.01%
407497106,HLNE,HAMILTON LANE INC,99827,-8969,7.87M,-707.03K,-8.2%,<.01%
12572Q105,CME,CME GROUP INC,79865,-3218,17.64M,-710.63K,-3.9%,0.01%
92936U109,WPC,WP CAREY INC,138020,-10093,9.87M,-721.65K,-6.8%,<.01%
592688105,MTD,Mettler-Toledo International Inc,0,-581,0,-733K,CLOSE,0%
46625H100,JPM,JPMORGAN CHASE & CO,19766,-2253,6.47M,-737.47K,-10.2%,<.01%
64110L106,NFLX,NETFLIX INC.,1123870,-10392,80.24M,-741.99K,-0.9%,0.05%
302130109,EXPD,EXPEDITORS INTL WASH INC,28384,-4559,4.63M,-743.03K,-13.8%,<.01%
62944T105,NVR,NVR INC,554,-114,3.77M,-776.73K,-17.1%,<.01%
828806109,SPG,SIMON PPTY GROUP INC NEW,204842,-3519,45.81M,-787.02K,-1.7%,0.03%
142339100,CSL,CARLISLE COS INC,7198,-2249,2.61M,-815.82K,-23.8%,<.01%
46131J103,VKQ,INVESCO MUNICIPAL TRUST,368154,-81334,3.7M,-816.59K,-18.1%,<.01%
704326107,PAYX,PAYCHEX INC,69442,-8568,6.83M,-842.49K,-11%,<.01%
G3643J108,FLUT,FLUTTER ENTMT PLC,3254,-8254,332.46K,-843.31K,-71.7%,<.01%
92189H862,MIG,VANECK ETF TRUST,2009,-39872,42.91K,-851.66K,-95.2%,<.01%
313855108,FSS,FEDERAL SIGNAL CORP,79392,-6714,10.2M,-862.68K,-7.8%,<.01%
969904101,WSM,WILLIAMS SONOMA INC,33906,-3702,7.9M,-862.94K,-9.8%,<.01%
437076102,HD,HOME DEPOT INC,57732,-2497,20.36M,-880.64K,-4.1%,0.01%
224408104,CR,CRANE COMPANY,37675,-3959,8.4M,-883.13K,-9.5%,<.01%
052800109,ALV,AUTOLIV INC,57115,-7662,6.64M,-890.09K,-11.8%,<.01%
58039P305,MUX,MCEWEN INC.,1519282,-49675,27.54M,-900.61K,-3.2%,0.02%
70975L107,PEN,PENUMBRA INC,2073,-2889,654.55K,-912.2K,-58.2%,<.01%
04271T100,ARRY,Array Technologies Inc,0,-126424,0,-914K,CLOSE,0%
21867A105,CLB,CORE LABORATORIES INC,393682,-78784,4.59M,-917.83K,-16.7%,<.01%
311900104,FAST,FASTENAL CO,408128,-19493,19.6M,-936.25K,-4.6%,0.01%
35243J101,FBRT,FRANKLIN BSP RLTY TR INC,706061,-116193,5.75M,-945.81K,-14.1%,<.01%
052769106,ADSK,AUTODESK INC,69930,-4874,13.6M,-947.6K,-6.5%,<.01%
745867101,PHM,PULTE GROUP INC,42711,-7036,5.86M,-965.41K,-14.1%,<.01%
83304A106,SNAP,SNAP INC,58236,-218998,258.57K,-972.35K,-79%,<.01%
15135B101,CNC,CENTENE CORP DEL,12520,-15162,803.66K,-973.25K,-54.8%,<.01%
11135E207,BNL,Broadstone Net Lease Inc,0,-53481,0,-977K,CLOSE,0%
31620M106,FIS,FIDELITY NATL INFORMATION SV,9972,-25144,387.71K,-977.6K,-71.6%,<.01%
172967424,C,CITIGROUP INC,79248,-7068,11.09M,-989.24K,-8.2%,<.01%
070830104,BBWI,Bath & Body Works Inc,0,-52089,0,-1.01M,CLOSE,0%
31488V107,FERG,FERGUSON ENTERPRISES INC,36383,-4283,8.63M,-1.02M,-10.5%,<.01%
G6683N103,NU,NU HLDGS LTD,434418,-76795,5.8M,-1.03M,-15%,<.01%
M87915274,TSEM,TOWER SEMICONDUCTOR LTD,26044,-4008,6.79M,-1.04M,-13.3%,<.01%
537008104,LFUS,LITTELFUSE INC,6998,-2312,3.19M,-1.05M,-24.8%,<.01%
82846H504,QXOB,QXO INC,287694,-22235,14.02M,-1.08M,-7.2%,<.01%
36467J108,GLPI,GAMING & LEISURE P,77540,-24411,3.45M,-1.09M,-23.9%,<.01%
26614N201,DD,DUPONT DE NEMOURS INC,33040,-8106,4.48M,-1.1M,-19.7%,<.01%
92532F100,VRTX,VERTEX PHARMACEUTICALS INC,143881,-2235,71.47M,-1.11M,-1.5%,0.04%
706327103,PBA,PEMBINA PIPELINE CORP,334019,-24005,15.45M,-1.11M,-6.7%,<.01%
45168D104,IDXX,IDEXX LABS INC,24601,-2109,12.95M,-1.11M,-7.9%,<.01%
16411R208,LNG,CHENIERE ENERGY INC,109965,-4770,26.28M,-1.14M,-4.2%,0.02%
65339F119,NEEPRT,NEXTERA ENERGY INC,750505,-23367,37.3M,-1.16M,-3%,0.02%
76954A103,RIVN,RIVIAN AUTOMOTIVE INC,310503,-68829,5.39M,-1.19M,-18.1%,<.01%
92859G608,VZLA,VIZSLA SILVER CORP,9763461,-367320,32.19M,-1.21M,-3.6%,0.02%
644535106,NGD,New Gold Inc,0,-133386,0,-1.21M,CLOSE,0%
053906103,ASM,AVINO SILVER & GOLD MINES LT,4822657,-191451,30.57M,-1.21M,-3.8%,0.02%
654902204,NOK,NOKIA CORP,2493189,-92727,33.11M,-1.23M,-3.6%,0.02%
28176E108,EW,EDWARDS LIFESCIENCES CORP,126258,-13722,11.42M,-1.24M,-9.8%,<.01%
02319V103,ABEV,AMBEV SA,1110738,-398036,3.49M,-1.25M,-26.4%,<.01%
02209S103,MO,ALTRIA GROUP INC,23546,-17406,1.69M,-1.25M,-42.5%,<.01%
679580100,ODFL,OLD DOMINION FREIGHT LINE IN,35617,-5864,7.71M,-1.27M,-14.1%,<.01%
824348106,SHW,SHERWIN WILLIAMS CO,45020,-3731,15.5M,-1.28M,-7.7%,<.01%
553368101,MP,MP MATERIALS CORP,4565313,-23214,255.7M,-1.3M,-0.5%,0.16%
42330P107,HLX,HELIX ENERGY SOLUTIONS GRP I,2725573,-149948,23.82M,-1.31M,-5.2%,0.01%
03676B102,AM,ANTERO MIDSTREAM CORP,121661,-57774,2.77M,-1.31M,-32.2%,<.01%
H2906T109,GRMN,GARMIN LTD,29378,-5602,6.98M,-1.33M,-16%,<.01%
26142V105,DKNG,DRAFTKINGS INC NEW,33164,-54070,837.72K,-1.37M,-62%,<.01%
55336V100,MPLX,MPLX LP,87746,-24255,4.94M,-1.37M,-21.7%,<.01%
084423102,WRB,BERKLEY W R CORP,35193,-19648,2.48M,-1.39M,-35.8%,<.01%
55272X607,MFA,MFA FINL INC,1034189,-144093,10.02M,-1.4M,-12.2%,<.01%
09259E111,BLK,BlackRock TCP Capital Corp,0,-387022,0,-1.4M,CLOSE,0%
384747101,GRAL,GRAIL Inc,0,-27811,0,-1.44M,CLOSE,0%
922908363,VOO,VANGUARD INDEX FDS,41160,-2126,28.27M,-1.46M,-4.9%,0.02%
90187B804,TWO,TWO HARBORS INVENTMENT CORPO,976899,-121880,12.12M,-1.51M,-11.1%,<.01%
28852N109,EFC,ELLINGTON FINANCIAL INC,1253122,-111539,17.05M,-1.52M,-8.2%,0.01%
369550108,GD,GENERAL DYNAMICS CORP,38081,-4384,13.49M,-1.55M,-10.3%,<.01%
29084Q100,EME,EMCOR GROUP INC,9286,-1894,7.71M,-1.57M,-16.9%,<.01%
M22465104,CHKP,CHECK POINT SOFTWARE TECH LT,45161,-11994,5.94M,-1.58M,-21%,<.01%
03762U105,ARI,APOLLO COML REAL ESTATE FIN,1086119,-150529,11.6M,-1.61M,-12.2%,<.01%
773903109,ROK,ROCKWELL AUTOMATION INC,27244,-3271,13.49M,-1.62M,-10.7%,<.01%
29273V100,ET,ENERGY TRANSFER L P,317813,-84828,6.08M,-1.62M,-21.1%,<.01%
67000B203,NOVTU,NOVANTA INC,316462,-24459,21.33M,-1.65M,-7.2%,0.01%
726503105,PAA,PLAINS ALL AMERN PIPELINE L,134897,-74198,3M,-1.65M,-35.5%,<.01%
59124U605,MTA,METALLA RTY & STREAMING LTD,2045408,-217478,15.56M,-1.65M,-9.6%,<.01%
65339F663,NEEPRS,NEXTERA ENERGY INC,1000670,-31157,53.18M,-1.66M,-3%,0.03%
64361Q101,VNOM,Viper Energy Inc,0,-35275,0,-1.66M,CLOSE,0%
128030202,CALM,CAL MAINE FOODS INC,131620,-20615,10.6M,-1.66M,-13.5%,<.01%
293792107,EPD,ENTERPRISE PRODS PARTNERS L,179039,-45581,6.58M,-1.68M,-20.3%,<.01%
714266103,PPTA,PERPETUA RESOURCES CORP,2622292,-81326,54.43M,-1.69M,-3%,0.03%
09073M104,TECH,BIO-TECHNE CORP,293165,-24033,20.71M,-1.7M,-7.6%,0.01%
031162100,AMGN,AMGEN INC,188288,-4827,68.18M,-1.75M,-2.5%,0.04%
218352102,CORT,CORCEPT THERAPEUTICS INC,139135,-20415,12.1M,-1.78M,-12.8%,<.01%
34964C106,FBIN,FORTUNE BRANDS INNOVATIONS I,56799,-32904,3.12M,-1.81M,-36.7%,<.01%
043436104,ABG,Asbury Automotive Group Inc,0,-9273,0,-1.81M,CLOSE,0%
44862P208,HYMC,HYCROFT MINING HOLDING CORP,1589898,-79129,37.2M,-1.85M,-4.7%,0.02%
86765K109,SUN,SUNOCO LP/SUNOCO FIN CORP,25709,-27515,1.74M,-1.86M,-51.7%,<.01%
594972887,STRK,STRATEGY INC,323540,-31750,19.03M,-1.87M,-8.9%,0.01%
053015103,ADP,AUTOMATIC DATA PROCESSING IN,134928,-8388,30.22M,-1.88M,-5.9%,0.02%
72352L106,PINS,Pinterest Inc,0,-102511,0,-1.88M,CLOSE,0%
45841N107,IBKR,INTERACTIVE BROKERS GROUP IN,13236,-21778,1.15M,-1.9M,-62.2%,<.01%
615369105,MCO,MOODYS CORP,33205,-4187,15.04M,-1.9M,-11.2%,<.01%
45337C102,INCY,INCYTE CORP,102973,-16814,11.67M,-1.91M,-14%,<.01%
281020107,EIX,EDISON INTL,180648,-25804,13.45M,-1.92M,-12.5%,<.01%
876030107,TPR,Tapestry Inc,0,-13690,0,-1.93M,CLOSE,0%
268150109,DT,Dynatrace Inc,0,-52290,0,-1.93M,CLOSE,0%
925652109,VICI,VICI PPTYS INC,677127,-72857,17.98M,-1.93M,-9.7%,0.01%
466313103,JBL,JABIL INC,21371,-5142,8.24M,-1.98M,-19.4%,<.01%
418056107,HAS,HASBRO INC,27735,-24028,2.29M,-1.98M,-46.4%,<.01%
46120E602,ISRG,INTUITIVE SURGICAL INC,77244,-4996,30.72M,-1.99M,-6.1%,0.02%
29670G102,WTRG,ESSENTIAL UTILS INC,120658,-52803,4.62M,-2.02M,-30.4%,<.01%
05464T104,AXSM,AXSOME THERAPEUTICS INC.,29309,-8364,7.17M,-2.05M,-22.2%,<.01%
45866F104,ICE,INTERCONTINENTAL EXCHANGE IN,35543,-16901,4.38M,-2.08M,-32.2%,<.01%
78467J100,SSNC,SS&C TECH HLDGS,13275,-33937,823.71K,-2.11M,-71.9%,<.01%
G7709Q104,RPRX,ROYALTY PHARMA PLC,101292,-37767,5.68M,-2.12M,-27.2%,<.01%
G29183103,ETN,EATON CORP PLC,70044,-4983,29.85M,-2.12M,-6.6%,0.02%
876511106,TGB,Taseko Mines Ltd,0,-329116,0,-2.13M,CLOSE,0%
98980L101,ZM,ZOOM COMMUNICATIONS INC,40372,-24787,3.48M,-2.14M,-38%,<.01%
505743104,LADR,LADDER CAP CORP,1123098,-217956,11.17M,-2.17M,-16.3%,<.01%
172908105,CTAS,CINTAS CORP,76889,-12872,13.08M,-2.19M,-14.3%,<.01%
30063P105,EXAS,EXACT SCIENCES CORP,0,-20917,0,-2.19M,CLOSE,0%
61174X109,MNST,MONSTER BEVERAGE CORP NEW,134187,-23192,12.9M,-2.23M,-14.7%,<.01%
110122108,BMY,BRISTOL-MYERS SQUIBB CO,10217590,-39625,588.74M,-2.28M,-0.4%,0.36%
001084102,AGCO,AGCO CORP,212223,-19237,25.4M,-2.3M,-8.3%,0.02%
761152107,RMD,RESMED INC,38969,-11821,7.59M,-2.3M,-23.3%,<.01%
494368103,KMB,Kimberly-Clark Corp,0,-24283,0,-2.34M,CLOSE,0%
46222L108,IONQ,IONQ INC,1203346,-44356,64.09M,-2.36M,-3.6%,0.04%
116794207,BRKRP,BRUKER CORP,69045,-5338,30.93M,-2.39M,-7.2%,0.02%
159864107,CRL,CHARLES RIV LABS INTL INC,26210,-10616,5.94M,-2.41M,-28.8%,<.01%
26622P107,DOCS,Doximity Inc,0,-103984,0,-2.42M,CLOSE,0%
874080104,TAL,TAL Education Group,0,-213547,0,-2.43M,CLOSE,0%
693718108,PCAR,PACCAR Inc,0,-21098,0,-2.44M,CLOSE,0%
253393102,DKS,Dick's Sporting Goods Inc,0,-12420,0,-2.46M,CLOSE,0%
093712107,BE,BLOOM ENERGY CORP,143444,-8205,43.42M,-2.48M,-5.4%,0.03%
632307104,NTRA,NATERA INC,74780,-9262,20.3M,-2.51M,-11%,0.01%
549498202,LCID,Lucid Group Inc,0,-267954,0,-2.55M,CLOSE,0%
69331C306,PCGPRX,PG&E CORP,805541,-62260,33.33M,-2.58M,-7.2%,0.02%
655663102,NDSN,Nordson Corp,0,-9682,0,-2.58M,CLOSE,0%
70450Y103,PYPL,PAYPAL HLDGS INC,168430,-61120,7.27M,-2.64M,-26.6%,<.01%
92939U106,WEC,WEC ENERGY GROUP INC,141115,-22685,16.48M,-2.65M,-13.8%,0.01%
167239102,REFI,Chicago Atlantic Real Estate Finance In,0,-236157,0,-2.67M,CLOSE,0%
452308109,ITW,ILLINOIS TOOL WKS INC,52706,-10049,14.26M,-2.72M,-16%,<.01%
N97284108,NBIS,NEBIUS GROUP N.V.,15630,-9974,4.32M,-2.75M,-39%,<.01%
501044101,KR,KROGER CO,69944,-50348,3.88M,-2.8M,-41.9%,<.01%
65339F101,NEE,NEXTERA ENERGY INC,1070011,-32051,93.91M,-2.81M,-2.9%,0.06%
465741106,ITRI,Itron Inc,0,-31620,0,-2.83M,CLOSE,0%
91307C102,UTHR,UNITED THERAPEUTICS CORP DEL,29023,-5264,15.73M,-2.85M,-15.4%,<.01%
G50871105,JAZZ,JAZZ PHARMACEUTICALS PLC,41906,-11973,10.1M,-2.89M,-22.2%,<.01%
366651107,IT,Gartner Inc,0,-18661,0,-2.96M,CLOSE,0%
66981J102,MNSO,MINISO Group Holding Ltd,0,-182841,0,-2.96M,CLOSE,0%
371901109,GNTX,GENTEX CORP,190941,-117864,4.83M,-2.98M,-38.2%,<.01%
086516101,BBY,BEST BUY INC,72216,-39255,5.48M,-2.98M,-35.2%,<.01%
74144T108,TROW,PRICE T ROWE GROUP INC,65738,-26459,7.47M,-3.01M,-28.7%,<.01%
00971T101,AKAM,AKAMAI TECHNOLOGIES INC,22973,-25459,2.72M,-3.01M,-52.6%,<.01%
058586108,BLDP,BALLARD PWR SYS INC NEW,1738171,-803569,6.76M,-3.12M,-31.6%,<.01%
10950A205,BTSGU,BRIGHTSPRING HEALTH SVCS INC,200132,-15471,40.43M,-3.13M,-7.2%,0.02%
26875P101,EOG,EOG RES INC,32311,-24348,4.19M,-3.16M,-43%,<.01%
705573103,PEGA,Pegasystems Inc,0,-74407,0,-3.17M,CLOSE,0%
40415F101,HDB,HDFC BANK LTD,134142,-122705,3.46M,-3.17M,-47.8%,<.01%
384802104,GWW,WW GRAINGER INC,10095,-2365,13.73M,-3.22M,-19%,<.01%
01921D204,AAUC,ALLIED GOLD CORP,2316109,-136209,55.08M,-3.24M,-5.6%,0.03%
09075V102,BNTX,BIONTECH SE,87426,-34822,8.13M,-3.24M,-28.5%,<.01%
60770K107,MRNA,MODERNA INC,200116,-46315,14.01M,-3.24M,-18.8%,<.01%
64125C109,NBIX,NEUROCRINE BIOSCIENCES INC,69482,-19577,11.71M,-3.3M,-22%,<.01%
577081102,MAT,Mattel Inc,0,-232013,0,-3.37M,CLOSE,0%
891092108,TTC,TORO CO,349082,-34715,34.01M,-3.38M,-9%,0.02%
237266101,DAR,DARLING INGREDIENTS INC,615370,-62811,33.61M,-3.43M,-9.3%,0.02%
444859102,HUM,HUMANA INC,3758,-8739,1.49M,-3.47M,-69.9%,<.01%
983134107,WYNN,WYNN RESORTS LTD,21257,-35909,2.06M,-3.49M,-62.8%,<.01%
009158106,APD,AIR PRODUCTS AND CHEMICALS I,68643,-11997,20.12M,-3.52M,-14.9%,0.01%
74758T303,QLYS,Qualys Inc,0,-41000,0,-3.6M,CLOSE,0%
457651107,INVX,INNOVEX INTERNATIONAL INC,879677,-148989,21.82M,-3.69M,-14.5%,0.01%
617700109,MORN,Morningstar Inc,0,-21956,0,-3.71M,CLOSE,0%
722304102,PDD,PDD Holdings Inc,0,-36376,0,-3.72M,CLOSE,0%
127203107,WHD,CACTUS INC,1244998,-72633,63.78M,-3.72M,-5.5%,0.04%
92556V106,VTRS,VIATRIS INC,644514,-236809,10.23M,-3.76M,-26.9%,<.01%
53115L104,LBRT,LIBERTY ENERGY INC,3159074,-143772,82.74M,-3.77M,-4.4%,0.05%
842587842,SOMN,SOUTHERN CO,1000670,-77343,49.77M,-3.85M,-7.2%,0.03%
91347P105,OLED,Universal Display Corp,0,-42760,0,-3.92M,CLOSE,0%
750940108,RAL,Ralliant Corp,0,-94420,0,-3.93M,CLOSE,0%
018802108,LNT,ALLIANT ENERGY CORP,111762,-51509,8.53M,-3.93M,-31.5%,<.01%
36467W109,GME,GAMESTOP CORP,1815676,-179647,40.09M,-3.97M,-9%,0.02%
09290D101,BLK,BLACKROCK INC,32576,-4212,31.32M,-4.05M,-11.4%,0.02%
H17182108,CRSP,CRISPR Therapeutics AG,0,-85294,0,-4.06M,CLOSE,0%
517834107,LVS,Las Vegas Sands Corp,0,-77419,0,-4.17M,CLOSE,0%
29605J106,ESAB,Esab Corp,0,-43544,0,-4.21M,CLOSE,0%
278642103,EBAY,EBAY INC.,18698,-37715,2.09M,-4.21M,-66.9%,<.01%
749607107,RLI,RLI Corp,0,-75079,0,-4.28M,CLOSE,0%
681116109,OLLI,Ollie's Bargain Outlet Holdings Inc,0,-46595,0,-4.29M,CLOSE,0%
040413205,ANET,ARISTA NETWORKS INC,273968,-25428,46.54M,-4.32M,-8.5%,0.03%
403949100,DINO,HF SINCLAIR CORP,95943,-62691,6.68M,-4.37M,-39.5%,<.01%
595017302,MCHPP,MICROCHIP TECHNOLOGY INC.,742999,-57426,57M,-4.41M,-7.2%,0.03%
88160R101,TSLA,TESLA INC,57461,-10514,24.17M,-4.42M,-15.5%,0.01%
302081104,EXLS,ExlService Holdings Inc,0,-145249,0,-4.42M,CLOSE,0%
368736104,GNRC,GENERAC HLDGS INC,47246,-15148,13.83M,-4.44M,-24.3%,<.01%
92189H672,MVAL,VanEck Morningstar Wide Moat Value ETF,0,-125000,0,-4.45M,CLOSE,0%
74347M108,PUMP,PROPETRO HLDG CORP,2443444,-315539,35.04M,-4.52M,-11.4%,0.02%
87724P106,TMHC,Taylor Morrison Home Corp,0,-79140,0,-4.61M,CLOSE,0%
55261F104,MTB,M & T BK CORP,2944,-19935,700.7K,-4.74M,-87.1%,<.01%
45780R101,IBP,INSTALLED BLDG PRODS INC,3538,-20747,813.17K,-4.77M,-85.4%,<.01%
08975B109,BBAI,BIGBEAR AI HLDGS INC,8178320,-1305704,30.01M,-4.79M,-13.8%,0.02%
012653200,ALBPA,ALBEMARLE CORP,1150770,-88944,63.7M,-4.92M,-7.2%,0.04%
871829107,SYY,SYSCO CORP,64024,-58996,5.35M,-4.93M,-48%,<.01%
G54950103,LIN,LINDE PLC,96228,-9619,49.94M,-4.99M,-9.1%,0.03%
388689101,GPK,Graphic Packaging Holding Co,0,-504920,0,-5.02M,CLOSE,0%
302941109,FCN,FTI CONSULTING INC,0,-28426,0,-5.03M,CLOSE,0%
928881101,VNT,VONTIER CORPORATION,55545,-175292,1.61M,-5.08M,-75.9%,<.01%
056525108,BMI,Badger Meter Inc,0,-33922,0,-5.17M,CLOSE,0%
G4474Y214,JHG,Janus Henderson Group PLC,0,-101601,0,-5.22M,CLOSE,0%
058498106,BALL,BALL CORP,42605,-85109,2.66M,-5.31M,-66.6%,<.01%
064149107,BNS,BANK NOVA SCOTIA B C,1578524,-62024,136.84M,-5.38M,-3.8%,0.08%
05605H100,BWXT,BWX TECHNOLOGIES INC,1556784,-27676,303.03M,-5.39M,-1.7%,0.18%
G3922B107,G,Genpact Ltd,0,-144826,0,-5.39M,CLOSE,0%
878742204,TECK,TECK RESOURCES LTD,517163,-90931,30.75M,-5.41M,-15%,0.02%
090572207,BIO,Bio-Rad Laboratories Inc,0,-19450,0,-5.42M,CLOSE,0%
337932107,FE,FIRSTENERGY CORP,238468,-114608,11.34M,-5.45M,-32.5%,<.01%
28414H103,ELAN,ELANCO ANIMAL HEALTH INC,707194,-224170,17.4M,-5.52M,-24.1%,0.01%
64110W102,NTES,NETEASE COM INC,543409,-43493,69.63M,-5.57M,-7.4%,0.04%
50077B207,KTOS,KRATOS DEFENSE & SEC SOLUTIO,2978610,-114723,148.51M,-5.72M,-3.7%,0.09%
57636Q104,MA,MASTERCARD INCORPORATED,177434,-11153,91.13M,-5.73M,-5.9%,0.06%
G9087Q102,TROX,TRONOX HOLDINGS PLC,8061905,-920588,50.79M,-5.8M,-10.2%,0.03%
452327109,ILMN,ILLUMINA INC,80373,-33102,14.13M,-5.82M,-29.2%,<.01%
03938L203,MT,ARCELORMITTAL SA LUXEMBOURG,473013,-96829,28.48M,-5.83M,-17%,0.02%
58155Q103,MCK,MCKESSON CORP,71464,-7777,54M,-5.88M,-9.8%,0.03%
G65431127,NE,NOBLE CORP PLC,2407216,-159178,89.79M,-5.94M,-6.2%,0.05%
92840M102,VST,VISTRA CORP,29891,-38368,4.74M,-6.09M,-56.2%,<.01%
29414B104,EPAM,EPAM Systems Inc,0,-47826,0,-6.47M,CLOSE,0%
88642R109,TDW,TIDEWATER INC NEW,764490,-97291,50.94M,-6.48M,-11.3%,0.03%
G9460G101,VAL,VALARIS LTD,1013193,-90177,73.56M,-6.55M,-8.2%,0.04%
113004105,BAM,BROOKFIELD ASSET MANAGMT LTD,230395,-146239,10.33M,-6.56M,-38.8%,<.01%
H8817H100,RIG,TRANSOCEAN LTD,19794432,-1342697,96.79M,-6.57M,-6.4%,0.06%
48242W106,KBR,KBR INC,1661519,-191082,57.37M,-6.6M,-10.3%,0.03%
60855R100,MOH,Molina Healthcare Inc,0,-49698,0,-6.62M,CLOSE,0%
42824C208,HPEC,HEWLETT PACKARD ENTERPRISE C,750505,-58006,86.8M,-6.71M,-7.2%,0.05%
866796105,SLF,SUN LIFE FINANCIAL INC.,654212,-86065,51.31M,-6.75M,-11.6%,0.03%
G1144A105,BTBT,Bit Digital Inc,0,-5191614,0,-6.8M,CLOSE,0%
115637209,BF.B,BROWN FORMAN CORP,12095293,-263238,322.34M,-7.02M,-2.1%,0.2%
853606101,SLI,STANDARD LITHIUM CORP,15935383,-2846967,43.78M,-7.82M,-15.2%,0.03%
00401E112,AGX,Argan Inc,0,-14453,0,-7.87M,CLOSE,0%
03073E105,COR,CENCORA INC,142944,-27987,40.45M,-7.92M,-16.4%,0.02%
88080T104,WULF,TERAWULF INC,2005207,-321335,49.53M,-7.94M,-13.8%,0.03%
65487K100,LASR,NLIGHT INC,929609,-118716,64.72M,-8.27M,-11.3%,0.04%
91332U101,U,UNITY SOFTWARE INC,1421247,-298036,40.62M,-8.52M,-17.3%,0.02%
675232102,OII,OCEANEERING INTL INC,1849926,-211561,74.96M,-8.57M,-10.3%,0.05%
52661A108,DRS,LEONARDO DRS INC,1536024,-201493,65.54M,-8.6M,-11.6%,0.04%
92189F106,GDX,VANECK ETF TRUST,128906,-115957,9.73M,-8.75M,-47.4%,<.01%
B9151N105,TTAM,Titan America SA,0,-590590,0,-8.85M,CLOSE,0%
91529Y106,UNM,Unum Group,0,-124604,0,-9.1M,CLOSE,0%
742718109,PG,PROCTER & GAMBLE CO,443697,-63704,65.06M,-9.34M,-12.6%,0.04%
874060205,TAK,TAKEDA PHARMACEUTICAL CO LTD,1674005,-586099,26.83M,-9.4M,-25.9%,0.02%
62955J103,NOV,NOV INC,4393205,-509581,81.49M,-9.45M,-10.4%,0.05%
690742101,OC,OWENS CORNING NEW,16835,-62182,2.68M,-9.88M,-78.7%,<.01%
92189F601,NLR,VANECK ETF TRUST,94386,-85454,10.95M,-9.91M,-47.5%,<.01%
92107P772,EMBX,VanEck Emerging Markets Bond ETF,0,-200000,0,-10.02M,CLOSE,0%
433000106,HIMS,HIMS & HERS HEALTH INC,6415,-290609,222.41K,-10.08M,-97.8%,<.01%
G1151C101,ACN,ACCENTURE PLC IRELAND,187029,-81644,23.27M,-10.16M,-30.4%,0.01%
36317J209,GLXY,GALAXY DIGITAL INC.,1453735,-374671,39.75M,-10.24M,-20.5%,0.02%
15135U109,CVE,CENOVUS ENERGY INC,81116,-413414,2.01M,-10.26M,-83.6%,<.01%
881624209,TEVA,TEVA PHARMACEUTICAL INDS LTD,1356009,-308449,45.94M,-10.45M,-18.5%,0.03%
89055F103,BLD,TopBuild Corp,0,-29837,0,-10.48M,CLOSE,0%
767292105,RIOT,RIOT PLATFORMS INC,2359375,-383949,64.6M,-10.51M,-14%,0.04%
589378108,MRCY,MERCURY SYS INC,762994,-88151,93.34M,-10.78M,-10.4%,0.06%
464288562,REZ,ISHARES TR,125647,-114176,11.9M,-10.81M,-47.6%,<.01%
69318G106,PBF,PBF ENERGY INC,82223,-237831,3.74M,-10.83M,-74.3%,<.01%
46435U713,IFRA,ISHARES TR,191398,-174032,12.07M,-10.97M,-47.6%,<.01%
22160N109,CSGP,COSTAR GROUP INC,3078903,-399823,87.19M,-11.32M,-11.5%,0.05%
53681J103,LAC,LITHIUM AMERS CORP NEW,22726067,-2998117,87.5M,-11.54M,-11.7%,0.05%
56035L104,MAIN,MAIN STR CAP CORP,1885274,-223648,97.81M,-11.6M,-10.6%,0.06%
81369Y886,XLU,SELECT SECTOR SPDR TR,283501,-257588,12.85M,-11.68M,-47.6%,<.01%
G6375R107,NESR,NATIONAL ENERGY SERVICES REU,27720,-399122,829.66K,-11.95M,-93.5%,<.01%
82846H405,QXO,QXO Inc,0,-618599,0,-12.01M,CLOSE,0%
81369Y100,XLB,SELECT SECTOR SPDR TR,261291,-237348,13.28M,-12.06M,-47.6%,<.01%
35671D857,FCX,FREEPORT MCMORAN INC,1709612,-195662,107.52M,-12.31M,-10.3%,0.07%
008073108,AVAV,AEROVIRONMENT INC,612915,-75062,101.17M,-12.39M,-10.9%,0.06%
931142103,WMT,WALMART INC,992586,-109742,112.42M,-12.43M,-10%,0.07%
81617J301,WTTR,SELECT WATER SOLUTIONS INC,2584256,-624052,51.63M,-12.47M,-19.5%,0.03%
244199105,DE,DEERE & CO,173693,-19661,110.18M,-12.47M,-10.2%,0.07%
191216100,KO,COCA COLA CO,817878,-154195,66.47M,-12.53M,-15.9%,0.04%
518415104,LSCC,LATTICE SEMICONDUCTOR CORP,82744,-82243,12.66M,-12.58M,-49.8%,<.01%
427866108,HSY,HERSHEY CO,917852,-71797,161.04M,-12.6M,-7.3%,0.1%
446413106,HII,HUNTINGTON INGALLS INDS INC,1027501,-46745,287.59M,-13.08M,-4.4%,0.18%
911549103,UAMY,UNITED STATES ANTIMONY CORP,8559868,-1809827,62.14M,-13.14M,-17.5%,0.04%
22160K105,COST,COSTCO WHOLESALE CORPORATION,114119,-14416,106.75M,-13.49M,-11.2%,0.07%
099502106,BAH,BOOZ ALLEN HAMILTON HLDG COR,1616764,-222464,98.09M,-13.5M,-12.1%,0.06%
464288729,EXI,ISHARES TR,75024,-68160,15.04M,-13.67M,-47.6%,<.01%
92189F841,HAP,VANECK ETF TRUST,222512,-202230,15.27M,-13.88M,-47.6%,<.01%
16115Q308,GTLS,Chart Industries Inc,0,-67329,0,-13.94M,CLOSE,0%
405552100,HLN,HALEON PLC,3095451,-1543986,28.88M,-14.41M,-33.3%,0.02%
37733W204,GSK,GSK PLC,787508,-279140,41.28M,-14.63M,-26.2%,0.03%
G3323L100,FN,FABRINET,6311,-26212,3.55M,-14.73M,-80.6%,<.01%
038169207,APLD,APPLIED DIGITAL CORP,1422868,-395721,53.07M,-14.76M,-21.8%,0.03%
H5012F103,LAR,LITHIUM ARGENTINA AG,9132037,-1800519,75.52M,-14.89M,-16.5%,0.05%
46578C108,IE,Ivanhoe Electric Inc / US,0,-1261470,0,-14.91M,CLOSE,0%
097023204,BAPA,BOEING CO,2876929,-221820,193.62M,-14.93M,-7.2%,0.12%
767292AB1,RIOT,Riot Platforms Inc,0,-13000000,0,-14.98M,CLOSE,0%
33737A108,GRID,FIRST TR EXCHANGE-TRADED FD,87050,-79058,16.69M,-15.16M,-47.6%,0.01%
07725L102,ONC,BEONE MEDICINES LTD,55002,-53303,15.67M,-15.19M,-49.2%,<.01%
808625107,SAIC,SCIENCE APPLICATIONS INTL CO,612776,-138039,67.66M,-15.24M,-18.4%,0.04%
04040Y109,ARIS,ARIS MINING CORPORATION,15117127,-1044114,225.43M,-15.57M,-6.5%,0.14%
05722G100,BKR,BAKER HUGHES COMPANY,4855051,-283001,269.46M,-15.71M,-5.5%,0.16%
56585A102,MPC,MARATHON PETE CORP,72414,-61635,18.51M,-15.76M,-46%,0.01%
294821608,ERIC,Telefonaktiebolaget LM Ericsson,0,-1399517,0,-15.77M,CLOSE,0%
11777Q209,BTG,B2GOLD CORP,91117587,-4251647,340.81M,-15.9M,-4.5%,0.21%
61945C103,MOS,MOSAIC CO,817822,-753180,17.33M,-15.96M,-47.9%,0.01%
00287Y109,ABBV,ABBVIE INC,195741,-63613,49.26M,-16.01M,-24.5%,0.03%
69121K104,OBDC,BLUE OWL CAPITAL CORPORATION,9840313,-1481269,106.96M,-16.1M,-13.1%,0.07%
703481101,PTEN,PATTERSON-UTI ENERGY INC,7132532,-1774461,65.48M,-16.29M,-19.9%,0.04%
962166104,WY,WEYERHAEUSER CO,200081,-683389,4.79M,-16.36M,-77.4%,<.01%
44916E100,IPX,IPERIONX LTD,1614261,-565828,47.99M,-16.82M,-26%,0.03%
04016X101,ARGX,ARGENX SE,22193,-18204,20.59M,-16.89M,-45.1%,0.01%
413216300,HMY,HARMONY GOLD MNG LTD,29806743,-1154226,453.36M,-17.56M,-3.7%,0.28%
833635105,SQM,SOCIEDAD QUIMICA Y MINERA DE,2656075,-237735,196.66M,-17.6M,-8.2%,0.12%
811927102,SA,SEABRIDGE GOLD INC,6506567,-689934,167.47M,-17.76M,-9.6%,0.1%
883556102,TMO,THERMO FISHER SCIENTIFIC INC,310006,-35746,155.42M,-17.92M,-10.3%,0.09%
80105N105,SNY,SANOFI SA,877020,-420694,37.41M,-17.95M,-32.4%,0.02%
826599102,SGML,SIGMA LITHIUM CORPORATION,4258725,-1424417,53.87M,-18.02M,-25.1%,0.03%
438516205,HON,HONEYWELL INTL INC,137595,-80651,30.81M,-18.06M,-37%,0.02%
023135106,AMZN,AMAZON COM INC,1096656,-75832,261.38M,-18.07M,-6.5%,0.16%
91913Y100,VLO,VALERO ENERGY CORP,185739,-70239,48.37M,-18.29M,-27.4%,0.03%
806857108,SLB,SLB LIMITED,10261541,-398423,477.06M,-18.52M,-3.7%,0.29%
697435105,PANW,PALO ALTO NETWORKS INC,1028476,-57155,350.73M,-19.49M,-5.3%,0.21%
42824C109,HPE,HEWLETT PACKARD ENTERPRISE C,125042,-448658,5.64M,-20.24M,-78.2%,<.01%
127190304,CACI,CACI INTL INC,328972,-43689,152.4M,-20.24M,-11.7%,0.09%
423452101,HP,HELMERICH & PAYNE INC,1798141,-624645,58.87M,-20.45M,-25.8%,0.04%
149123101,CAT,CATERPILLAR INC,97286,-20245,103.6M,-21.56M,-17.2%,0.06%
867224107,SU,SUNCOR ENERGY INC NEW,50556,-401811,2.71M,-21.57M,-88.8%,<.01%
81369Y506,XLE,SELECT SECTOR SPDR TR,453174,-412128,24.07M,-21.89M,-47.6%,0.01%
485924104,KRMN,KARMAN HLDGS INC,2447154,-438672,122.16M,-21.9M,-15.2%,0.07%
92826C839,V,VISA INC,454297,-64036,155.86M,-21.97M,-12.4%,0.09%
695156109,PKG,Packaging Corp of America,0,-103830,0,-22.04M,CLOSE,0%
98956P102,ZBH,ZIMMER BIOMET HOLDINGS INC,3501654,-262266,301.46M,-22.58M,-7%,0.18%
44812J104,HUT,HUT 8 CORP,430684,-195868,49.72M,-22.61M,-31.3%,0.03%
88031M109,TS,TENARIS S A,2478526,-414506,137.53M,-23M,-14.3%,0.08%
219350105,GLW,CORNING INC,2669,-90613,681.74K,-23.15M,-97.1%,<.01%
189054109,CLX,CLOROX CO DEL,2972952,-245427,283.74M,-23.42M,-7.6%,0.17%
478160104,JNJ,JOHNSON & JOHNSON,644520,-92308,163.69M,-23.44M,-12.5%,0.1%
26884L109,EQT,EQT CORP,31307,-455079,1.66M,-24.2M,-93.6%,<.01%
285512109,EA,ELECTRONIC ARTS INC,280980,-119578,57.61M,-24.52M,-29.9%,0.04%
686688102,ORA,ORMAT TECHNOLOGIES INC,25736,-226448,2.8M,-24.66M,-89.8%,<.01%
902494103,TSN,TYSON FOODS INC,792679,-439972,45.38M,-25.19M,-35.7%,0.03%
21036P108,STZ,CONSTELLATION BRANDS INC,2161462,-184459,300.64M,-25.66M,-7.9%,0.18%
68634K106,ORLA,ORLA MNG LTD NEW,17749074,-2720055,173.78M,-26.63M,-13.3%,0.11%
90353T100,UBER,UBER TECHNOLOGIES INC,104295,-380533,7.53M,-27.46M,-78.5%,<.01%
670100205,NVO,NOVO-NORDISK A S,1045885,-575596,50.14M,-27.59M,-35.5%,0.03%
17275R102,CSCO,CISCO SYS INC,776227,-236921,91.18M,-27.83M,-23.4%,0.06%
22052L104,CTVA,CORTEVA INC,1855204,-333887,157.12M,-28.28M,-15.3%,0.1%
525327102,LDOS,LEIDOS HOLDINGS INC,2018349,-277954,207.83M,-28.62M,-12.1%,0.13%
29258Y103,EXK,ENDEAVOUR SILVER CORP,20027313,-3524683,165.76M,-29.17M,-15%,0.1%
784730103,SSRM,SSR MINING IN,12617075,-1045275,356.81M,-29.56M,-7.7%,0.22%
497266106,KEX,KIRBY CORP,0,-224490,0,-29.83M,CLOSE,0%
92189H870,EINC,VANECK ETF TRUST,289614,-262052,34.52M,-31.24M,-47.5%,0.02%
620076307,MSI,MOTOROLA SOLUTIONS INC,381943,-76769,158.62M,-31.88M,-16.7%,0.1%
002824100,ABT,ABBOTT LABORATORIES,61246,-357608,5.56M,-32.45M,-85.4%,<.01%
G87110105,FTI,TECHNIPFMC PLC,2607901,-495115,172.9M,-32.83M,-16%,0.11%
38059T106,GFI,GOLD FIELDS LTD,33292015,-1027580,1.12B,-34.52M,-3%,0.68%
02079K107,GOOG,ALPHABET INC,347472,-98570,122.77M,-34.83M,-22.1%,0.07%
57060D108,MKTX,MARKETAXESS HLDGS INC,924617,-314668,104.93M,-35.71M,-25.4%,0.06%
718546104,PSX,PHILLIPS 66,90926,-215581,15.37M,-36.44M,-70.3%,<.01%
83418M103,SEI,SOLARIS ENERGY INFRAS INC,1478669,-475786,118.97M,-38.28M,-24.3%,0.07%
166764100,CVX,CHEVRON CORPORATION,104396,-232401,17.3M,-38.52M,-69%,0.01%
23804L103,DDOG,DATADOG INC,1184269,-148794,308.34M,-38.74M,-11.2%,0.19%
955306105,WST,WEST PHARMACEUTICAL SVSC INC,604754,-108825,217.11M,-39.07M,-15.3%,0.13%
29362U104,ENTG,ENTEGRIS INC,1357023,-217884,244.07M,-39.19M,-13.8%,0.15%
32076V103,AG,FIRST MAJESTIC SILVER CORP,35668213,-2344839,604.99M,-39.77M,-6.2%,0.37%
66987V109,NVS,NOVARTIS AG,633523,-258280,99.29M,-40.48M,-29%,0.06%
00846U101,A,AGILENT TECHNOLOGIES INC,1407227,-310807,186.92M,-41.28M,-18.1%,0.11%
37954Y673,PAVE,GLOBAL X FDS,782638,-711194,46.11M,-41.9M,-47.6%,0.03%
152006102,CGAU,CENTERRA GOLD INC,13337575,-2725493,211.57M,-43.23M,-17%,0.13%
49338L103,KEYS,KEYSIGHT TECHNOLOGIES INC,588,-128867,205.84K,-45.11M,-99.5%,<.01%
G0176J109,ALLE,ALLEGION PLC,82891,-322014,11.65M,-45.24M,-79.5%,<.01%
011532108,AGI,ALAMOS GOLD INC,35501925,-1721376,1.08B,-52.22M,-4.6%,0.66%
231561101,CW,CURTISS WRIGHT CORP,585598,-68972,443.74M,-52.26M,-10.5%,0.27%
609207105,MDLZ,MONDELEZ INTL INC,5178361,-903848,299.52M,-52.28M,-14.9%,0.18%
009066101,ABNB,AIRBNB INC,2291954,-372429,327.98M,-53.29M,-14%,0.2%
58933Y105,MRK,MERCK & CO INC,1370439,-422266,176.1M,-54.26M,-23.6%,0.11%
780287108,RGLD,ROYAL GOLD INC,2929665,-274201,584.79M,-54.73M,-8.6%,0.36%
M3760D101,ESLT,ELBIT SYS LTD,547687,-73988,415.54M,-56.14M,-11.9%,0.25%
G0378L100,AU,ANGLOGOLD ASHANTI PLC,18033983,-708255,1.46B,-57.29M,-3.8%,0.89%
039483102,ADM,ARCHER DANIELS MIDLAND CO,722220,-767370,55.18M,-58.63M,-51.5%,0.03%
406216101,HAL,HALLIBURTON CO,4588866,-1755845,155.79M,-59.61M,-27.7%,0.09%
375558103,GILD,GILEAD SCIENCES INC,716459,-488138,90.52M,-61.67M,-40.5%,0.06%
N6596X109,NXPI,NXP SEMICONDUCTORS N V,4154211,-224105,1.17B,-62.98M,-5.1%,0.71%
20030N101,CMCSA,COMCAST CORP NEW,8060300,-2748686,197.88M,-67.48M,-25.4%,0.12%
49177J102,KVUE,KENVUE INC,17014735,-3602447,325.15M,-68.84M,-17.5%,0.2%
91324P102,UNH,UNITEDHEALTH GROUP INC,22442,-170669,9.33M,-70.94M,-88.4%,<.01%
136069101,CM,Canadian Imperial Bank of Commerce,0,-859604,0,-81.44M,CLOSE,0%
902973304,USB,US BANCORP,3132345,-1468166,189.19M,-88.68M,-31.9%,0.12%
574599106,MAS,MASCO CORP,4705750,-1136733,382.91M,-92.5M,-19.5%,0.23%
81762P102,NOW,SERVICENOW INC,143778,-952099,14.27M,-94.52M,-86.9%,<.01%
79466L302,CRM,SALESFORCE INC,103414,-607651,16.2M,-95.19M,-85.5%,<.01%
459506101,IFF,INTERNATIONAL FLAVORS&FRAGRA,39719,-1225088,3.15M,-97.05M,-96.9%,<.01%
98138H101,WDAY,WORKDAY INC,35661,-795475,4.37M,-97.38M,-95.7%,<.01%
20825C104,COP,CONOCOPHILLIPS,665298,-955146,69.16M,-99.3M,-58.9%,0.04%
00724F101,ADBE,ADOBE INC,185683,-489132,38.07M,-100.28M,-72.5%,0.02%
68389X105,ORCL,ORACLE CORP,143456,-694462,21.02M,-101.77M,-82.9%,0.01%
69608A108,PLTR,PALANTIR TECHNOLOGIES INC,5007820,-914314,584.26M,-106.67M,-15.4%,0.36%
697900108,PAAS,PAN AMERN SILVER CORP,19066671,-2460257,854.04M,-110.2M,-11.4%,0.52%
351858105,FNV,FRANCO NEV CORP,7017409,-533687,1.46B,-111.24M,-7.1%,0.89%
46982L108,J,Jacobs Solutions Inc,0,-881525,0,-112.2M,CLOSE,0%
532457108,LLY,ELI LILLY & CO,344960,-94052,413.76M,-112.81M,-21.4%,0.25%
713448108,PEP,PEPSICO INC,3546901,-847006,480.25M,-114.68M,-19.3%,0.29%
902252105,TYL,TYLER TECHNOLOGIES INC,929654,-431430,271.89M,-126.18M,-31.7%,0.17%
204448104,BVN,COMPANIA DE MINAS BUENAVENTU,11914882,-4476247,348.99M,-131.11M,-27.3%,0.21%
776696106,ROP,ROPER TECHNOLOGIES INC,6456,-396185,2.18M,-134.07M,-98.4%,<.01%
02079K305,GOOGL,ALPHABET INC,570006,-380026,203.7M,-135.81M,-40%,0.12%
126650100,CVS,CVS HEALTH CORP,226203,-1334536,23.4M,-138.06M,-85.5%,0.01%
063671101,BMO,BANK MONTREAL MEDIUM,42505,-785678,7.51M,-138.73M,-94.9%,<.01%
911312106,UPS,UNITED PARCEL SVCS INC,190693,-1615869,20.5M,-173.71M,-89.4%,0.01%
45167R104,IEX,IDEX Corp,0,-936800,0,-177.57M,CLOSE,0%
008474108,AEM,AGNICO EAGLE MINES LTD,20012872,-1200404,3.1B,-186.22M,-5.7%,1.9%
G5960L103,MDT,MEDTRONIC PLC,112566,-2512360,8.81M,-196.54M,-95.7%,<.01%
097023105,BA,BOEING CO,2035,-917464,440.52K,-198.6M,-99.8%,<.01%
09062X103,BIIB,BIOGEN INC,98109,-981752,21.2M,-212.12M,-90.9%,0.01%
89400J107,TRU,TRANSUNION,2106382,-3132634,151.95M,-225.99M,-59.8%,0.09%
192108504,CDE,COEUR MNG INC,67029794,-13930074,1.09B,-227.34M,-17.2%,0.67%
855244109,SBUX,STARBUCKS CORP,66863,-2253230,6.83M,-230.26M,-97.1%,<.01%
69331C108,PCG,PG&E CORP,1042044,-14459716,17.53M,-243.21M,-93.3%,0.01%
294429105,EFX,EQUIFAX INC,35096,-1565290,5.57M,-248.44M,-97.8%,<.01%
06849F108,B,BARRICK MNG CORP,60032632,-6885817,2.2B,-252.89M,-10.3%,1.3%
539830109,LMT,LOCKHEED MARTIN CORP,35574,-511358,18.12M,-260.52M,-93.5%,0.01%
29786A106,ETSY,ETSY INC,162238,-3574390,12.22M,-269.26M,-95.7%,<.01%
651639106,NEM,NEWMONT CORP,32114698,-3883894,3B,-362.76M,-10.8%,1.8%
718172109,PM,PHILIP MORRIS INTL INC,10700,-2448223,1.94M,-442.91M,-99.6%,<.01%
75513E101,RTX,RTX CORPORATION,3396092,-2570317,644.34M,-487.67M,-43.1%,0.39%
30231G102,XOM,EXXON MOBIL CORP,183518,-3793895,25.09M,-518.7M,-95.4%,0.02%
12541W209,CHRW,C H ROBINSON WORLDWIDE IN,25682,-2999784,4.84M,-564.98M,-99.2%,<.01%
34959E109,FTNT,FORTINET INC,1992788,-5489574,306.13M,-843.31M,-73.4%,0.19%
874039100,TSM,TAIWAN SEMICONDUCTOR MANUFAC,17210604,-2051400,8.22B,-979.69M,-10.6%,5%
496902404,KGC,KINROSS GOLD CORP,54855608,-50376577,1.3B,-1.19B,-47.9%,0.79%
007903107,AMD,ADVANCED MICRO DEVICES INC,9486389,-2592368,5.51B,-1.51B,-21.5%,3.4%
458140100,INTC,INTEL CORP,34432990,-12400464,4.81B,-1.73B,-26.5%,2.9%
595112103,MU,MICRON TECHNOLOGY INC,4815648,-1608399,5.56B,-1.86B,-25%,3.4%
Total,,,,,164.1B,6.7B,+5%,100%
