CUSIP,Ticker,Company,Shares,Delta_Shares,Value,Delta_Value,Delta,Portfolio%
651639106,NEM,Newmont Corp,51290469,18664614,2.12B,772.53M,+57.2%,3.9%
49338L103,KEYS,Keysight Technologies Inc,2383143,1223694,379.13M,194.68M,+105.5%,0.69%
75513E101,RTX,RTX Corp,4061202,2294908,341.71M,193.09M,+129.9%,0.62%
110122108,BMY,Bristol-Myers Squibb Co,4030939,3579324,206.83M,183.66M,+792.6%,0.38%
883556102,TMO,THERMO FISHER SCIENTIFIC INC,352217,339013,186.95M,179.95M,+2567.5%,0.34%
446413106,HII,Huntington Ingalls Industries Inc,684235,672353,177.66M,174.57M,+5658.6%,0.32%
67066G104,NVDA,NVIDIA Corp,5325750,317082,2.64B,157.03M,+6.3%,4.8%
02209S103,MO,Altria Group Inc,3972259,3888907,160.24M,156.88M,+4665.6%,0.29%
134429109,CPB,Campbell Soup Co,7329256,3613495,316.84M,156.21M,+97.2%,0.58%
067901108,B,Barrick Gold Corp,80933517,7150142,1.46B,129.34M,+9.7%,2.7%
008474108,AEM,Agnico Eagle Mines Ltd,23059010,1995127,1.26B,109.43M,+9.5%,2.3%
880770102,TER,Teradyne Inc,4361091,923612,473.26M,100.23M,+26.9%,0.86%
871607107,SNPS,SYNOPSYS INC,929376,190330,478.55M,98M,+25.8%,0.87%
717081103,PFE,Pfizer Inc,12984150,3265276,373.81M,94.01M,+33.6%,0.68%
962879102,WPM,Wheaton Precious Metals Corp,20521065,1856031,1.01B,91.58M,+9.9%,1.8%
351858105,FNV,Franco-Nevada Corp,8778127,789070,972.71M,87.44M,+9.9%,1.8%
595112103,MU,Micron Technology Inc,5870696,951286,501M,81.18M,+19.3%,0.91%
697900108,PAAS,Pan American Silver Corp,45833375,4842547,748.46M,79.08M,+11.8%,1.4%
29786A106,ETSY,Etsy Inc,4616990,967777,374.21M,78.44M,+26.5%,0.68%
518439104,EL,Estee Lauder Cos Inc/The,2237975,502235,327.3M,73.45M,+28.9%,0.6%
127387108,CDNS,Cadence Design Systems Inc,1583529,265943,431.31M,72.43M,+20.2%,0.78%
482480100,KLAC,KLA Corp,820790,122886,477.12M,71.43M,+17.6%,0.87%
032654105,ADI,Analog Devices Inc,2890824,358697,574M,71.22M,+14.2%,1%
89400J107,TRU,TransUnion,4744770,1035634,326.01M,71.16M,+27.9%,0.59%
512807108,LRCX.MX,Lam Research Corp,776885,85102,608.5M,66.66M,+12.3%,1.1%
98956P102,ZBH,Zimmer Biomet Holdings Inc,2838558,543344,345.45M,66.12M,+23.7%,0.63%
595017104,MCHP,Microchip Technology Inc,5177014,714376,466.86M,64.42M,+16%,0.85%
922475108,VEEV,Veeva Systems Inc,1775065,327662,341.74M,63.08M,+22.6%,0.62%
09062X103,BIIB,Biogen Inc,1421196,231650,367.76M,59.94M,+19.5%,0.67%
H11356104,BG,Bunge Global SA,589331,589331,59.49M,59.49M,NEW,0.11%
882508104,TXN,Texas Instruments Inc,3634521,348014,619.54M,59.32M,+10.6%,1.1%
G0176J109,ALLE,Allegion PLC,3215649,441882,407.39M,55.98M,+15.9%,0.74%
294429105,EFX,Equifax Inc,1572846,206037,388.95M,50.95M,+15.1%,0.71%
038222105,AMAT,Applied Materials Inc,3838268,308579,622.07M,50.01M,+8.7%,1.1%
30231G102,XOM,Exxon Mobil Corp,556032,476983,55.59M,47.69M,+603.4%,0.1%
012653101,ALB,Albemarle Corp,332100,324836,47.98M,46.93M,+4471.9%,0.09%
742718109,PG,Procter & Gamble Co/The,337261,318748,49.42M,46.71M,+1721.8%,0.09%
G5960L103,MDT,Medtronic PLC,4139361,553173,341M,45.57M,+15.4%,0.62%
22052L104,CTVA,Corteva Inc,8528252,883161,408.67M,42.32M,+11.6%,0.74%
902252105,TYL,Tyler Technologies Inc,868016,100788,362.94M,42.14M,+13.1%,0.66%
N6596X109,NXPI,NXP Semiconductors NV,1319509,180999,303.06M,41.57M,+15.9%,0.55%
459506101,IFF,International Flavors & Fragrances Inc,4434301,507193,359.05M,41.07M,+12.9%,0.65%
375558103,GILD,Gilead Sciences Inc,4992415,457576,404.44M,37.07M,+10.1%,0.74%
573874104,MRVL,Marvell Technology Inc,3882696,610631,234.17M,36.83M,+18.7%,0.43%
654106103,NKE,NIKE Inc,3318959,332518,360.34M,36.1M,+11.1%,0.66%
767204100,RIO,Rio Tinto PLC,715829,470073,53.3M,35M,+191.3%,0.1%
11777Q209,BTG,B2Gold Corp,165894403,9971331,524.23M,31.51M,+6.4%,0.95%
278865100,ECL,Ecolab Inc,1855130,155151,367.96M,30.77M,+9.1%,0.67%
02079K305,GOOGL,Alphabet Inc,3117971,214420,435.55M,29.95M,+7.4%,0.79%
57060D108,MKTX,MarketAxess Holdings Inc,1367613,101829,400.51M,29.82M,+8%,0.73%
682189105,ON,ON Semiconductor Corp,2040468,344970,170.44M,28.82M,+20.3%,0.31%
458140100,INTC,Intel Corp,14883148,571966,747.88M,28.74M,+4%,1.4%
45866F104,ICE,Intercontinental Exchange Inc,2957966,203228,379.89M,26.1M,+7.4%,0.69%
20030N101,CMCSA,Comcast Corp,7890552,586449,346M,25.72M,+8%,0.63%
204448104,BVN,Cia de Minas Buenaventura SAA,27152986,1685253,413.81M,25.68M,+6.6%,0.75%
34959E109,FTNT,Fortinet Inc,2926924,438476,171.31M,25.66M,+17.6%,0.31%
413216300,HMY,Harmony Gold Mining Co Ltd,57717855,4163528,354.96M,25.61M,+7.8%,0.65%
254687106,DIS,Walt Disney Co/The,3808061,272591,343.83M,24.61M,+7.7%,0.63%
861012102,STM,STMicroelectronics NV,3735524,448978,187.26M,22.51M,+13.7%,0.34%
149123101,CAT,Caterpillar Inc,75101,75101,22.2M,22.2M,NEW,0.04%
00846U101,A,Agilent Technologies Inc,2749857,153630,382.31M,21.36M,+5.9%,0.7%
35671D857,FCX,Freeport-McMoRan Inc,2621704,414140,111.61M,17.63M,+18.8%,0.2%
574599106,MAS,MASCO CORP,5574976,254040,373.41M,17.02M,+4.8%,0.68%
04010L103,ARCC,Ares Capital Corp,8282079,840823,165.89M,16.84M,+11.3%,0.3%
G0378L100,AU,Anglogold Ashanti Plc,25798967,898196,482.18M,16.79M,+3.6%,0.88%
83088M102,SWKS,Skyworks Solutions Inc,960348,144357,107.96M,16.23M,+17.7%,0.2%
41068X100,HASI,Hannon Armstrong Sustainable Infrastruc,1883537,583665,51.95M,16.1M,+44.9%,0.09%
53681K100,,Lithium Americas Argentina Corp,2494286,2494286,15.76M,15.76M,NEW,0.03%
79466L302,CRM,Salesforce.com Inc,1439717,54809,378.85M,14.42M,+4%,0.69%
609839105,MPWR,Monolithic Power Systems Inc,246887,21832,155.73M,13.77M,+9.7%,0.28%
949746101,WFC,Wells Fargo & Co,7379417,276297,363.21M,13.6M,+3.9%,0.66%
86745K104,NOVAQ,Sunnova Energy International Inc,1563320,866705,23.84M,13.22M,+124.4%,0.04%
594918104,MSFT,Microsoft Corp,903831,34998,339.88M,13.16M,+4%,0.62%
53681J103,LAC,Lithium Americas Corp,2033397,2033397,13.02M,13.02M,NEW,0.02%
291011104,EMR,Emerson Electric Co,1972093,131173,191.94M,12.77M,+7.1%,0.35%
776696106,ROP,Roper Technologies Inc,333128,21539,181.61M,11.74M,+6.9%,0.33%
74736K101,QRVO,Qorvo Inc,503176,104215,56.66M,11.74M,+26.1%,0.1%
192108504,CDE,Coeur Mining Inc,36279058,3556959,118.27M,11.6M,+10.9%,0.22%
902973304,USB,US Bancorp,8941642,264264,386.99M,11.44M,+3%,0.7%
084670702,BRK.B,Berkshire Hathaway Inc,460524,31077,164.25M,11.08M,+7.2%,0.3%
13646K108,CP,Canadian Pacific Railway Ltd,251465,136805,19.84M,10.79M,+119.3%,0.04%
037833100,AAPL,Apple Inc,789248,53572,151.95M,10.31M,+7.3%,0.28%
H8817H100,RIG,Transocean Ltd,15908217,1616690,101.02M,10.27M,+11.3%,0.18%
723787107,,Pioneer Natural Resources Co,138404,45168,31.12M,10.16M,+48.4%,0.06%
302635206,FSK,FS KKR Capital Corp,5204830,494184,103.94M,9.87M,+10.5%,0.19%
92189H698,,Vaneck Ethereum Strategy Etf,450000,450000,9.59M,9.59M,NEW,0.02%
69121K104,OBDC,Blue Owl Capital Corp,6824256,644513,100.73M,9.51M,+10.4%,0.18%
44812J104,HUT,Hut 8 Corp,702102,702102,9.37M,9.37M,NEW,0.02%
71424F105,PR,Permian Resources Corp,1454734,688434,19.78M,9.36M,+89.8%,0.04%
126408103,CSX,CSX Corp,524906,265938,18.2M,9.22M,+102.7%,0.03%
349915108,,Fortuna Silver Mines Inc,32396826,2361636,125.05M,9.12M,+7.9%,0.23%
72147K108,PPC,Pilgrim's Pride Corp,1299313,328660,35.94M,9.09M,+33.9%,0.07%
284902509,EGO,Eldorado Gold Corp,22145722,699111,287.23M,9.07M,+3.3%,0.52%
035710839,NLY,Annaly Capital Management Inc,1785526,456639,34.59M,8.85M,+34.4%,0.06%
N72482149,QGEN,QIAGEN NV,202226,202226,8.78M,8.78M,NEW,0.02%
92532F100,VRTX,Vertex Pharmaceuticals Inc,174227,20466,70.89M,8.33M,+13.3%,0.13%
553368101,MP,MP Materials Corp,3122224,411771,61.98M,8.17M,+15.2%,0.11%
00123Q104,AGNC,AGNC INVESTMENT CORP,2567757,815713,25.19M,8M,+46.6%,0.05%
91347P105,OLED,Universal Display Corp,270184,41795,51.68M,7.99M,+18.3%,0.09%
91332U101,U,Unity Software Inc,1158279,193024,47.36M,7.89M,+20%,0.09%
74348T102,PSEC,Prospect Capital Corp,6161151,1276762,36.91M,7.65M,+26.1%,0.07%
09247X101,,BlackRock Inc,262951,9394,213.46M,7.63M,+3.7%,0.39%
46431W614,,iShares Gold Strategy ETF,145606,139032,7.92M,7.56M,+2114.9%,0.01%
G6683N103,NU,NU Holdings Ltd/Cayman Islands,900930,900930,7.5M,7.5M,NEW,0.01%
532457108,LLY,Eli Lilly & Co,222001,12447,129.41M,7.26M,+5.9%,0.24%
G11448100,BTDR,Bitdeer Technologies Group,1100178,728804,10.85M,7.19M,+196.2%,0.02%
023135106,AMZN,Amazon.com Inc,1382420,47109,210.04M,7.16M,+3.5%,0.38%
91912E105,VALE,Vale SA,7172389,447561,113.75M,7.1M,+6.7%,0.21%
713448108,PEP,PepsiCo Inc,274871,39718,46.68M,6.75M,+16.9%,0.08%
75886F107,REGN,Regeneron Pharmaceuticals Inc,64337,7509,56.51M,6.6M,+13.2%,0.1%
92338C103,VLTO,Veralto Corp,79627,79627,6.55M,6.55M,NEW,0.01%
68902V107,OTIS,Otis Worldwide Corp,72859,72859,6.52M,6.52M,NEW,0.01%
427096508,HTGC,Hercules Capital Inc,2414747,381318,40.25M,6.36M,+18.8%,0.07%
438516106,HON,Honeywell International Inc,917812,30183,192.47M,6.33M,+3.4%,0.35%
74340W103,PLD,Prologis Inc,399022,46779,53.19M,6.24M,+13.3%,0.1%
808513105,SCHW,Charles Schwab Corp/The,5387681,87395,370.67M,6.01M,+1.6%,0.67%
85571B105,STWD,Starwood Property Trust Inc,1142054,283114,24.01M,5.95M,+33%,0.04%
92189H607,OIH,VanEck Oil Services ETF,29844,19052,9.24M,5.9M,+176.5%,0.02%
988498101,YUM,Yum! Brands Inc,96436,44515,12.6M,5.82M,+85.7%,0.02%
478160104,JNJ,Johnson & Johnson,589516,35921,92.4M,5.63M,+6.5%,0.17%
703481101,PTEN,Patterson-UTI Energy Inc,8505551,519259,91.86M,5.61M,+6.5%,0.17%
30303M102,META,Meta Platforms Inc,319509,15491,113.09M,5.48M,+5.1%,0.21%
064058100,BNY,Bank of New York Mellon Corp/The,3646496,104558,189.8M,5.44M,+3%,0.35%
670100205,NVO,Novo Nordisk A/S,324737,51451,33.59M,5.32M,+18.8%,0.06%
388689101,GPK,Graphic Packaging Holding Co,223687,214230,5.51M,5.28M,+2265.3%,0.01%
13321L108,CCJ,Cameco Corp,625619,118950,26.98M,5.13M,+23.5%,0.05%
134748102,CAN,Canaan Inc,4550161,2175807,10.51M,5.03M,+91.6%,0.02%
422704106,HL,Hecla Mining Co,56686012,1044102,272.66M,5.02M,+1.9%,0.5%
852234103,XYZ,Block Inc,215372,64211,16.66M,4.97M,+42.5%,0.03%
88080T104,WULF,Terawulf Inc,4464309,2029641,10.71M,4.87M,+83.4%,0.02%
64828T201,RITM,Rithm Capital Corp,1848852,456026,19.75M,4.87M,+32.7%,0.04%
91324P102,UNH,UnitedHealth Group Inc,143228,9159,75.41M,4.82M,+6.8%,0.14%
62955J103,NOV,NOV Inc,5687556,231464,115.34M,4.69M,+4.2%,0.21%
36266G107,GEHC,GE HealthCare Technologies Inc,57881,57881,4.47M,4.47M,NEW,<.01%
29446Y502,EQX,Equinox Gold Corp,31940259,900084,156.18M,4.4M,+2.9%,0.28%
09261X102,BXSL,Blackstone Secured Lending Fund,1340394,159041,37.05M,4.4M,+13.5%,0.07%
32076V103,AG,First Majestic Silver Corp,30341845,709879,186.6M,4.37M,+2.4%,0.34%
60770K107,MRNA,Moderna Inc,270774,43646,26.93M,4.34M,+19.2%,0.05%
04271T100,ARRY,Array Technologies Inc,1378666,253692,23.16M,4.26M,+22.6%,0.04%
59124U605,MTA,Metalla Royalty & Streaming Ltd,3752100,1370491,11.56M,4.22M,+57.5%,0.02%
03073E105,COR,Cencora Inc,149871,19892,30.78M,4.09M,+15.3%,0.06%
72919P202,PLUG,Plug Power Inc,2684356,897431,12.08M,4.04M,+50.2%,0.02%
941848103,WAT,Waters Corp,562993,12247,185.35M,4.03M,+2.2%,0.34%
65339F713,NEEPRR,NextEra Energy Inc,1268335,102408,48.35M,3.9M,+8.8%,0.09%
92189H771,PIT,VanEck Commodity Strategy ETF,483527,84743,22.22M,3.89M,+21.3%,0.04%
878742204,TECK,Teck Resources Ltd,411499,89884,17.4M,3.8M,+27.9%,0.03%
92343V104,VZ,Verizon Communications Inc,818841,99403,30.87M,3.75M,+13.8%,0.06%
56035L104,MAIN,Main Street Capital Corp,886026,80963,38.3M,3.5M,+10.1%,0.07%
450913108,IAG,IAMGOLD Corp,48117785,1368491,121.74M,3.46M,+2.9%,0.22%
526107107,LII,Lennox International Inc,7674,7674,3.43M,3.43M,NEW,<.01%
83012A109,TSLX,Sixth Street Specialty Lending Inc,1604944,158746,34.67M,3.43M,+11%,0.06%
05605H100,BWXT,BWX Technologies Inc,181169,44388,13.9M,3.41M,+32.5%,0.03%
191216100,KO,Coca-Cola Co/The,686695,56759,40.47M,3.34M,+9%,0.07%
144285103,CRS,Carpenter Technology Corp,90204,47124,6.39M,3.34M,+109.4%,0.01%
80013R206,SAND,Sandstorm Gold Ltd,28838800,657177,145.06M,3.31M,+2.3%,0.26%
88023U101,SGI,Tempur-Pedic International Inc,64221,64221,3.27M,3.27M,NEW,<.01%
099502106,BAH,Booz Allen Hamilton Holding Corp,69914,25359,8.94M,3.24M,+56.9%,0.02%
G1151C101,ACN,Accenture PLC,123131,9195,43.21M,3.23M,+8.1%,0.08%
038169207,APLD,Applied Digital Corp,1263034,463172,8.51M,3.12M,+57.9%,0.02%
74460D109,PSA,PUBLIC STORAGE,92109,10025,28.09M,3.06M,+12.2%,0.05%
525327102,LDOS,Leidos Holdings Inc,80876,28062,8.75M,3.04M,+53.1%,0.02%
22160K105,COST,Costco Wholesale Corp,95517,4595,63.05M,3.03M,+5.1%,0.11%
02079K107,GOOG,Alphabet Inc,502536,21378,70.82M,3.01M,+4.4%,0.13%
231561101,CW,Curtiss-Wright Corp,36119,13425,8.05M,2.99M,+59.2%,0.01%
38173M102,GBDC,Golub Capital BDC Inc,2472926,197681,37.34M,2.98M,+8.7%,0.07%
69608A108,PLTR,Palantir Technologies Inc,617808,173419,10.61M,2.98M,+39%,0.02%
562750109,MANH,Manhattan Associates Inc,13669,13669,2.94M,2.94M,NEW,<.01%
68827L101,OR,Osisko Gold Royalties Ltd,20266313,202007,289.4M,2.88M,+1%,0.53%
95040Q104,WELL,Welltower Inc,216268,31968,19.5M,2.88M,+17.3%,0.04%
64110D104,NTAP,NETAPP INC,36236,32230,3.19M,2.84M,+804.5%,<.01%
67401P405,OCSL,Oaktree Specialty Lending Corp,1415358,137929,28.9M,2.82M,+10.8%,0.05%
565788106,MARA,Marathon Digital Holdings Inc,659783,119470,15.5M,2.81M,+22.1%,0.03%
780287108,RGLD,Royal Gold Inc,4303377,22701,520.54M,2.75M,+0.5%,0.95%
756109104,O,Realty Income Corp,282877,47252,16.24M,2.71M,+20.1%,0.03%
38147U107,GSBD,Goldman Sachs BDC Inc,1888203,180880,27.66M,2.65M,+10.6%,0.05%
060505104,BAC,Bank of America Corp,5315121,78408,178.96M,2.64M,+1.5%,0.33%
Q4982L109,IREN,Iris Energy Ltd,1485909,368140,10.62M,2.63M,+32.9%,0.02%
147528103,CASY,Casey's General Stores Inc,9547,9547,2.62M,2.62M,NEW,<.01%
67066V101,NAD,Nuveen Quality Municipal Income Fund,1684889,226860,19.29M,2.6M,+15.6%,0.04%
644535106,NGD,New Gold Inc,66886569,1775882,97.66M,2.59M,+2.7%,0.18%
89679M104,TFPM,Triple Flag Precious Metals Corp,3526726,194276,46.94M,2.59M,+5.8%,0.09%
92826C839,V,Visa Inc,316758,9618,82.47M,2.5M,+3.1%,0.15%
G6700G107,NVT,nVent Electric PLC,42317,42317,2.5M,2.5M,NEW,<.01%
17275R102,CSCO,Cisco Systems Inc,1158896,48755,58.55M,2.46M,+4.4%,0.11%
828806109,SPG,Simon Property Group Inc,134346,16897,19.16M,2.41M,+14.4%,0.03%
316500107,FDUS,Fidus Investment Corp,518813,122168,10.21M,2.41M,+30.8%,0.02%
69331C108,PCG,PG&E Corp,1117226,132803,20.14M,2.39M,+13.5%,0.04%
433921103,HIVE,Hive Blockchain Technologies Ltd,1843702,524613,8.35M,2.38M,+39.8%,0.02%
117043109,BC,Brunswick Corp/DE,55646,24501,5.38M,2.37M,+78.7%,<.01%
052800109,ALV,Autoliv Inc,21379,21379,2.36M,2.36M,NEW,<.01%
17253J106,CIFR,Cipher Mining Inc,1968505,564956,8.13M,2.33M,+40.3%,0.01%
670657105,NEA,Nuveen AMT-Free Quality Municipal Incom,1732147,211718,19.05M,2.33M,+13.9%,0.03%
03831W108,APP,AppLovin Corp,815786,57133,32.51M,2.28M,+7.5%,0.06%
86800U104,SUPER,Super Micro Computer Inc,9400,7873,2.67M,2.24M,+515.6%,<.01%
26856L103,ELF,elf Beauty Inc,15328,15328,2.21M,2.21M,NEW,<.01%
038923108,ABR,Arbor Realty Trust Inc,825457,145172,12.53M,2.2M,+21.3%,0.02%
750917106,RMBS,Rambus Inc,32126,32126,2.19M,2.19M,NEW,<.01%
65290E101,NXT,NEXTracker Inc,46448,46448,2.18M,2.18M,NEW,<.01%
253868103,DLR,Digital Realty Trust Inc,124622,16061,16.77M,2.16M,+14.8%,0.03%
457187102,INGR,Ingredion Inc,55511,19826,6.02M,2.15M,+55.6%,0.01%
18539C204,CWEN,Clearway Energy Inc,78850,77241,2.16M,2.12M,+4800.6%,<.01%
29444U700,EQIX,Equinix Inc,17299,2614,13.93M,2.11M,+17.8%,0.03%
681919106,OMC,Omnicom Group Inc,67551,24250,5.84M,2.1M,+56%,0.01%
09257W100,BXMT,Blackstone Mortgage Trust Inc,583215,98334,12.4M,2.09M,+20.3%,0.02%
05759B107,BKKT,Bakkt Holdings Inc,2901369,935567,6.47M,2.09M,+47.6%,0.01%
536797103,LAD,Lithia Motors Inc,10604,6330,3.49M,2.08M,+148.1%,<.01%
65340P106,NXE,NexGen Energy Ltd,1502338,292110,10.49M,2.04M,+24.1%,0.02%
67071L106,NVG,Nuveen AMT-Free Municipal Credit Income,1591560,171220,18.81M,2.02M,+12.1%,0.03%
647551100,NMFC,New Mountain Finance Corp,1562437,156652,19.88M,1.99M,+11.1%,0.04%
20440W105,SID,Cia Siderurgica Nacional SA,1703380,502993,6.69M,1.98M,+41.9%,0.01%
35969L108,YMM,Full Truck Alliance Co Ltd,1546136,281236,10.84M,1.97M,+22.2%,0.02%
464288372,IGF,iShares Global Infrastructure ETF,285600,41684,13.44M,1.96M,+17.1%,0.02%
368036109,GATO,Gatos Silver Inc,2027870,298425,13.26M,1.95M,+17.3%,0.02%
30212P303,EXPE,Expedia Group Inc,24626,12645,3.74M,1.92M,+105.5%,<.01%
83417M104,SEDG,SolarEdge Technologies Inc,139938,20356,13.1M,1.91M,+17%,0.02%
04016X101,ARGX,Argenx SE,46146,4973,17.55M,1.89M,+12.1%,0.03%
277432100,EMN,Eastman Chemical Co,36707,21006,3.3M,1.89M,+133.8%,<.01%
016255101,ALGN,Align Technology Inc,6869,6869,1.88M,1.88M,NEW,<.01%
594972408,MSTR,MicroStrategy Inc,22928,2975,14.48M,1.88M,+14.9%,0.03%
989207105,ZBRA,Zebra Technologies Corp,19028,6872,5.2M,1.88M,+56.5%,<.01%
143130102,KMX,CARMAX INC,40374,24450,3.1M,1.88M,+153.5%,<.01%
28176E108,EW,Edwards Lifesciences Corp,170094,24605,12.97M,1.88M,+16.9%,0.02%
256163106,DOCU,DocuSign Inc,31479,31479,1.87M,1.87M,NEW,<.01%
670682103,NMZ,Nuveen Municipal High Income Opportunit,795684,187601,7.86M,1.85M,+30.9%,0.01%
05329W102,AN,AutoNation Inc,18151,12291,2.73M,1.85M,+209.7%,<.01%
260557103,DOW,Dow Inc,57145,33489,3.13M,1.84M,+141.6%,<.01%
00130H204,,AES Corp/The,328121,24089,24.96M,1.83M,+7.9%,0.05%
81730H109,S,SentinelOne Inc,66729,66729,1.83M,1.83M,NEW,<.01%
55087P104,LYFT,Lyft Inc,122090,122090,1.83M,1.83M,NEW,<.01%
82835P103,SVM,Silvercorp Metals Inc,9106260,693952,23.95M,1.83M,+8.2%,0.04%
654110105,NKLA,Nikola Corp,6466358,2083089,5.66M,1.82M,+47.5%,0.01%
896288107,TNET,TriNet Group Inc,23683,15282,2.82M,1.82M,+181.9%,<.01%
15234Q207,AXIAY,Centrais Eletricas Brasileiras SA,447979,210327,3.86M,1.81M,+88.5%,<.01%
37940X102,GPN,Global Payments Inc,24323,14125,3.09M,1.79M,+138.5%,<.01%
67070X101,NZF,Nuveen Municipal Credit Income Fund,1447794,149822,17.11M,1.77M,+11.5%,0.03%
093712107,BE,Bloom Energy Corp,849579,119561,12.57M,1.77M,+16.4%,0.02%
36467W109,GME,GameStop Corp,1331536,100084,23.34M,1.75M,+8.1%,0.04%
09173B107,KEEL,Bitfarms Ltd/Canada,4179875,599506,12.16M,1.74M,+16.7%,0.02%
30225T102,EXR,Extra Space Storage Inc,86379,10822,13.85M,1.74M,+14.3%,0.03%
983134107,WYNN,Wynn Resorts Ltd,55787,19031,5.08M,1.73M,+51.8%,<.01%
064149107,BNS,Bank of Nova Scotia/The,211443,35549,10.3M,1.73M,+20.2%,0.02%
48020Q107,JLL,Jones Lang LaSalle Inc,9126,9126,1.72M,1.72M,NEW,<.01%
00724F101,ADBE,Adobe Inc,93886,2883,56.01M,1.72M,+3.2%,0.1%
45841N107,IBKR,Interactive Brokers Group Inc,34629,20719,2.87M,1.72M,+149%,<.01%
670928100,NUV,Nuveen Municipal Value Fund Inc,1469667,194096,12.64M,1.67M,+15.2%,0.02%
140501107,CSWC,Capital Southwest Corp,731498,70093,17.34M,1.66M,+10.6%,0.03%
767292105,RIOT,Riot Platforms Inc,641215,106065,9.92M,1.64M,+19.8%,0.02%
98980L101,ZM,Zoom Video Communications Inc,28567,22537,2.05M,1.62M,+373.7%,<.01%
19260Q107,COIN,Coinbase Global Inc,157321,9263,27.36M,1.61M,+6.3%,0.05%
93627C101,HCC,Warrior Met Coal Inc,101883,26184,6.21M,1.6M,+34.6%,0.01%
84265V105,SCCO,Southern Copper Corp,252030,18459,21.69M,1.59M,+7.9%,0.04%
03761U502,MFIC,MidCap Financial Investment Corp,1196306,114587,16.36M,1.57M,+10.6%,0.03%
37959E102,GL,Globe Life Inc,12837,12837,1.56M,1.56M,NEW,<.01%
75524B203,,RBC Bearings Inc,145858,11778,18.93M,1.53M,+8.8%,0.03%
521865204,LEA,Lear Corp,10763,10763,1.52M,1.52M,NEW,<.01%
517834107,LVS,Las Vegas Sands Corp,102518,30861,5.04M,1.52M,+43.1%,<.01%
48242W106,KBR,KBR Inc,71626,27255,3.97M,1.51M,+61.4%,<.01%
65473P105,NI,NiSource Inc,210410,56667,5.59M,1.5M,+36.9%,0.01%
896442308,TRIN,Trinity Capital Inc,796132,103476,11.57M,1.5M,+14.9%,0.02%
577081102,MAT,Mattel Inc,78579,78579,1.48M,1.48M,NEW,<.01%
44955L106,IAUX,i-80 Gold Corp,10901905,828832,19.19M,1.46M,+8.2%,0.03%
152006102,CGAU,Centerra Gold Inc,20482153,244155,122.34M,1.46M,+1.2%,0.22%
30034W106,EVRG,Evergy Inc,79181,27088,4.13M,1.41M,+52%,<.01%
127190304,CACI,CACI International Inc,12207,4357,3.95M,1.41M,+55.5%,<.01%
201723103,CMC,Commercial Metals Co,166423,27919,8.33M,1.4M,+20.2%,0.02%
056752108,BIDU,Baidu Inc,53137,11669,6.33M,1.39M,+28.1%,0.01%
811916105,SA,Seabridge Gold Inc,3501796,114331,42.48M,1.39M,+3.4%,0.08%
053484101,AVB,AvalonBay Communities Inc,58931,7397,11.03M,1.38M,+14.4%,0.02%
06759L103,BBDC,Barings BDC Inc,1691132,161127,14.51M,1.38M,+10.5%,0.03%
808625107,SAIC,Science Applications International Corp,27624,11072,3.43M,1.38M,+66.9%,<.01%
72200W106,PML,PIMCO Municipal Income Fund II,427109,163712,3.54M,1.36M,+62.2%,<.01%
254709108,DFS,Discover Financial Services,37117,12011,4.17M,1.35M,+47.8%,<.01%
872280102,CGBD,TCG BDC Inc,931241,89203,13.93M,1.33M,+10.6%,0.03%
81369Y506,XLE,Energy Select Sector SPDR Fund,76651,15826,6.43M,1.33M,+26%,0.01%
09257P105,BTT,BlackRock Municipal 2030 Target Term Tr,519693,63730,10.81M,1.33M,+14%,0.02%
66981J102,MNSO,MINISO Group Holding Ltd,615473,64373,12.56M,1.31M,+11.7%,0.02%
015857873,,Algonquin Power & Utilities Corp,729292,58871,16.24M,1.31M,+8.8%,0.03%
70806A106,PFLT,PennantPark Floating Rate Capital Ltd,1021521,107588,12.36M,1.3M,+11.8%,0.02%
95766M105,MMU,Western Asset Managed Municipals Fund I,414806,126510,4.22M,1.29M,+43.9%,<.01%
887389104,TKR,Timken Co/The,16018,16018,1.28M,1.28M,NEW,<.01%
459200101,IBM,International Business Machines Corp,138801,7837,22.7M,1.28M,+6%,0.04%
45168D104,IDXX,IDEXX Laboratories Inc,16293,2306,9.04M,1.28M,+16.5%,0.02%
00827B106,AFRM,Affirm Holdings Inc,25767,25767,1.27M,1.27M,NEW,<.01%
550021109,LULU,Lululemon Athletica Inc,35102,2473,17.95M,1.26M,+7.6%,0.03%
85208M102,SFM,Sprouts Farmers Market Inc,35565,25879,1.71M,1.25M,+267.2%,<.01%
136635109,CSIQ,Canadian Solar Inc,65081,47126,1.71M,1.24M,+262.5%,<.01%
456788108,INFY,Infosys Ltd,266245,67242,4.89M,1.24M,+33.8%,<.01%
64440N103,NFGC,New Found Gold Corp,4805915,348520,16.95M,1.23M,+7.8%,0.03%
83413U100,SLRC,SLR Investment Corp,849876,81394,12.77M,1.22M,+10.6%,0.02%
78468R556,XOP,SPDR S&P Oil & Gas Exploration & Produc,40354,8669,5.53M,1.19M,+27.4%,0.01%
46655E100,DC,Dakota Gold Corp,3484366,448961,9.13M,1.18M,+14.8%,0.02%
38149E101,GLDG,GoldMining Inc,9416018,1203876,9.17M,1.17M,+14.7%,0.02%
828363101,SILV,SilverCrest Metals Inc,14849037,178950,97.26M,1.17M,+1.2%,0.18%
919794107,VLY,Valley National Bancorp,107881,107881,1.17M,1.17M,NEW,<.01%
09259E108,TCPC,BlackRock TCP Capital Corp,1059142,101513,12.22M,1.17M,+10.6%,0.02%
169656105,CMG,Chipotle Mexican Grill Inc,4442,506,10.16M,1.16M,+12.9%,0.02%
867224107,SU,Suncor Energy Inc,224406,35980,7.2M,1.15M,+19.1%,0.01%
16115Q407,GTLSPB,Chart Industries Inc,255252,20595,14.19M,1.14M,+8.8%,0.03%
013872106,AA,Alcoa Corp,140002,33568,4.76M,1.14M,+31.5%,<.01%
053015103,ADP,Automatic Data Processing Inc,103761,4872,24.17M,1.14M,+4.9%,0.04%
29476L107,EQR,Equity Residential,146587,18556,8.96M,1.13M,+14.5%,0.02%
64782A107,NEWP,New Pacific Metals Corp,5016920,596861,9.51M,1.13M,+13.5%,0.02%
343498101,FLO,Flowers Foods Inc,62622,50117,1.41M,1.13M,+400.8%,<.01%
651587107,NEU,NEWMARKET CORP,2060,2060,1.12M,1.12M,NEW,<.01%
45780R101,IBP,Installed Building Products Inc,12670,6116,2.32M,1.12M,+93.3%,<.01%
G6359F137,NBR,Nabors Industries Ltd,214415,13552,17.5M,1.11M,+6.7%,0.03%
75574U101,RC,Ready Capital Corp,1013596,107501,10.39M,1.1M,+11.9%,0.02%
770700102,HOOD,Robinhood Markets Inc,150469,86288,1.92M,1.1M,+134.4%,<.01%
015271109,ARE,Alexandria Real Estate Equities Inc,65630,8420,8.32M,1.07M,+14.7%,0.02%
398905109,GPI,Group 1 Automotive Inc,3453,3453,1.05M,1.05M,NEW,<.01%
70202L102,PSN,Parsons Corp,38315,16756,2.4M,1.05M,+77.7%,<.01%
17259U204,CION,CION Investment Corp,993940,92882,11.24M,1.05M,+10.3%,0.02%
533900106,LECO,Lincoln Electric Holdings Inc,17397,4820,3.78M,1.05M,+38.3%,<.01%
537008104,LFUS,Littelfuse Inc,18271,3902,4.89M,1.04M,+27.2%,<.01%
64124P101,NBH,Neuberger Berman Municipal Fund Inc,225774,100607,2.34M,1.04M,+80.4%,<.01%
925652109,VICI,VICI Properties Inc,512608,32525,16.34M,1.04M,+6.8%,0.03%
92276F100,VTR,Ventas Inc,164838,20753,8.22M,1.03M,+14.4%,0.01%
040413106,,Arista Networks Inc,44786,4367,10.55M,1.03M,+10.8%,0.02%
46120E602,ISRG,Intuitive Surgical Inc,56513,3018,19.07M,1.02M,+5.6%,0.03%
929236107,WDFC,WD-40 Co,4229,4229,1.01M,1.01M,NEW,<.01%
46187W107,INVH,Invitation Homes Inc,238184,29565,8.12M,1.01M,+14.2%,0.01%
624756102,MLI,Mueller Industries Inc,34473,21175,1.62M,998.15K,+159.2%,<.01%
66987E206,NG,Novagold Resources Inc,9472929,263264,35.43M,984.61K,+2.9%,0.06%
28852N109,EFC,Ellington Financial Inc,504910,76839,6.42M,976.56K,+18%,0.01%
192422103,CGNX,Cognex Corp,46877,23353,1.96M,974.93K,+99.3%,<.01%
67079X102,NDMO,Nuveen Dynamic Municipal Opportunities,391904,97129,3.88M,962.61K,+33%,<.01%
12653C108,CNX,CNX Resources Corp,48017,48017,960K,960K,NEW,<.01%
063671101,BMO,Bank of Montreal,108370,9501,10.84M,950.71K,+9.6%,0.02%
615394202,MOGA,Moog Inc,15504,6501,2.25M,941.35K,+72.2%,<.01%
373737105,GGB,Gerdau SA,1292375,187764,6.27M,910.65K,+17%,0.01%
001055102,AFL,Aflac Inc,84668,10973,6.99M,905.26K,+14.9%,0.01%
89055F103,BLD,TopBuild Corp,8995,2408,3.37M,901.09K,+36.6%,<.01%
303075105,FDS,Factset Research Systems Inc,6589,1882,3.14M,897.73K,+40%,<.01%
726503105,PAA,Plains All American Pipeline LP,126951,58954,1.92M,893.01K,+86.7%,<.01%
371901109,GNTX,Gentex Corp,162104,27244,5.29M,889.74K,+20.2%,<.01%
008073108,AVAV,AeroVironment Inc,15416,7039,1.94M,887.18K,+84%,<.01%
51655R101,LNZA,LanzaTech Global Inc,510257,175290,2.57M,881.85K,+52.3%,<.01%
876030107,TPR,Tapestry Inc,92920,23760,3.42M,874.51K,+34.4%,<.01%
29084Q100,EME,EMCOR GROUP INC,13958,4031,3.01M,868.41K,+40.6%,<.01%
958669103,WES,Western Midstream Partners LP,58015,29637,1.7M,867.42K,+104.4%,<.01%
866674104,SUI,Sun Communities Inc,50905,6420,6.8M,857.98K,+14.4%,0.01%
146869102,CVNA,Carvana Co,16114,16114,853K,853K,NEW,<.01%
889478103,TOL,TOLL BROTHERS INC,29642,8194,3.05M,842.29K,+38.2%,<.01%
376546107,GAIN,Gladstone Investment Corp,618560,58934,8.75M,833.95K,+10.5%,0.02%
74965L200,RLJPA,RLJ Lodging Trust,408491,33169,10.23M,830.91K,+8.8%,0.02%
379577208,GMED,Globus Medical Inc,34380,15552,1.83M,828.72K,+82.6%,<.01%
59522J103,MAA,Mid-America Apartment Communities Inc,47699,6155,6.41M,827.65K,+14.8%,0.01%
872540109,TJX,TJX Cos Inc/The,266249,8755,24.98M,821.31K,+3.4%,0.05%
297178105,ESS,Essex Property Trust Inc,26190,3301,6.49M,818.51K,+14.4%,0.01%
172967424,C,Citigroup Inc,278329,15905,14.32M,818.2K,+6.1%,0.03%
78709Y105,SAIA,Saia Inc,7666,1866,3.36M,817.62K,+32.2%,<.01%
27579R104,EWBC,East West Bancorp Inc,41079,11332,2.96M,815.44K,+38.1%,<.01%
744573106,PEG,Public Service Enterprise Group Inc,283685,13312,17.35M,814.01K,+4.9%,0.03%
682680103,OKE,Oneok Inc,160034,11496,11.24M,807.21K,+7.7%,0.02%
92189H870,EINC,VanEck Energy Income ETF,92939,11763,6.37M,806.61K,+14.5%,0.01%
67098H104,OI,O-I Glass Inc,178954,49128,2.93M,804.64K,+37.8%,<.01%
89677Y100,TPVG,TriplePoint Venture Growth BDC Corp,661530,73924,7.18M,802.9K,+12.6%,0.01%
G8994E103,TT,Trane Technologies plc,40743,3265,9.94M,796.32K,+8.7%,0.02%
219350105,GLW,Corning Inc,121662,25408,3.7M,773.55K,+26.4%,<.01%
38071H106,GROY,Gold Royalty Corp,5898131,525594,8.67M,772.6K,+9.8%,0.02%
172908105,CTAS,Cintas Corp,15364,1264,9.26M,761.74K,+9%,0.02%
46982L108,J,Jacobs Solutions Inc,11405,5813,1.48M,754.34K,+104%,<.01%
374689107,ROCK,Gibraltar Industries Inc,36346,9515,2.87M,751.6K,+35.5%,<.01%
57636Q104,MA,Mastercard Inc,146108,1738,62.32M,741.27K,+1.2%,0.11%
248356107,DNN,Denison Mines Corp,4332728,413198,7.66M,730.22K,+10.5%,0.01%
099724106,BWA,BorgWarner Inc,83395,20361,2.99M,730.01K,+32.3%,<.01%
49714P108,KNSL,Kinsale Capital Group Inc,6754,2136,2.26M,715.37K,+46.3%,<.01%
50077B207,KTOS,Kratos Defense & Security Solutions Inc,85230,35217,1.73M,714.42K,+70.4%,<.01%
74758T303,QLYS,Qualys Inc,12887,3615,2.53M,709.42K,+39%,<.01%
27827X101,EIM,Eaton Vance Municipal Bond Fund,536903,69929,5.44M,708.4K,+15%,<.01%
020764106,AMR,Alpha Metallurgical Resources Inc,9037,2053,3.06M,695.84K,+29.4%,<.01%
58506Q109,MEDP,Medpace Holdings Inc,8205,2258,2.52M,692.12K,+38%,<.01%
49446R109,KIM,Kimco Realty Corp,250968,32323,5.35M,688.79K,+14.8%,<.01%
92936U109,WPC,WP Carey Inc,80786,10561,5.24M,684.49K,+15%,<.01%
571748102,MRSH,Marsh & McLennan Cos Inc,85834,3579,16.26M,678.11K,+4.4%,0.03%
50212V100,LPLA,LPL Financial Holdings Inc,20620,2946,4.69M,670.64K,+16.7%,<.01%
26884L109,EQT,EQT Corp,961200,17327,37.16M,669.86K,+1.8%,0.07%
17888H103,CIVI,Bonanza Creek Energy Inc,24187,9767,1.65M,667.9K,+67.7%,<.01%
192446102,CTSH,Cognizant Technology Solutions Corp,127655,8819,9.64M,666.11K,+7.4%,0.02%
980745103,WWD,Woodward Inc,14809,4839,2.02M,658.75K,+48.5%,<.01%
98419M100,XYL,Xylem Inc/NY,9422,5694,1.08M,651.47K,+152.7%,<.01%
874060205,TAK,Takeda Pharmaceutical Co Ltd,1323916,45616,18.89M,650.93K,+3.6%,0.03%
05684B107,BCSF,Bain Capital Specialty Finance Inc,782001,43011,11.79M,648.19K,+5.8%,0.02%
29472R108,ELS,Equity LifeStyle Properties Inc,71752,9169,5.06M,646.73K,+14.7%,<.01%
043436104,ABG,Asbury Automotive Group Inc,18202,2872,4.09M,646.13K,+18.7%,<.01%
922908553,VNQ,Vanguard Real Estate ETF,59619,7131,5.27M,630.1K,+13.6%,<.01%
29362U104,ENTG,Entegris Inc,54411,5234,6.52M,627.18K,+10.6%,0.01%
01741R102,ATI,ATI Inc,143050,13775,6.5M,626.3K,+10.7%,0.01%
902653104,UDR,UDR INC,128798,16289,4.93M,623.75K,+14.5%,<.01%
650111107,NYT,New York Times Co/The,40869,12717,2M,622.95K,+45.2%,<.01%
92189F205,SLX,VanEck Steel ETF,51510,8428,3.8M,621.59K,+19.6%,<.01%
89346D107,TAC,TransAlta Corp,74095,74095,616K,616K,NEW,<.01%
829073105,SSD,Simpson Manufacturing Co Inc,12164,3109,2.41M,615.46K,+34.3%,<.01%
15118V207,CELH,Celsius Holdings Inc,11257,11257,614K,614K,NEW,<.01%
09253X102,MUI,BlackRock Municipal Income Fund Inc,535712,52436,6.24M,610.39K,+10.9%,0.01%
76169C100,REXR,Rexford Industrial Realty Inc,79137,10828,4.44M,607.51K,+15.9%,<.01%
26969P108,EXP,EAGLE MATERIALS INC,10537,2993,2.14M,607.01K,+39.7%,<.01%
136375102,CNI,Canadian National Railway Co,151874,4789,19.1M,602.27K,+3.3%,0.03%
758849103,REG,Regency Centers Corp,69293,8927,4.64M,598.16K,+14.8%,<.01%
95082P105,WCC,WESCO International Inc,19297,3426,3.35M,595.65K,+21.6%,<.01%
03820C105,AIT,Applied Industrial Technologies Inc,11181,3424,1.93M,591.34K,+44.1%,<.01%
136069101,CM,Canadian Imperial Bank of Commerce,117218,12274,5.64M,590.99K,+11.7%,0.01%
02665T306,AMH,American Homes 4 Rent,127271,16405,4.58M,589.97K,+14.8%,<.01%
75281A109,RRC,Range Resources Corp,74507,19361,2.27M,589.35K,+35.1%,<.01%
101121101,BXP,BOSTON PROPERTIES INC,61800,8360,4.34M,586.55K,+15.6%,<.01%
46132C107,VMO,Invesco Municipal Opportunity Trust,508977,60219,4.89M,578.67K,+13.4%,<.01%
26152H301,DRD,DRDGOLD Ltd,6132581,72498,48.75M,576.36K,+1.2%,0.09%
515098101,LSTR,Landstar System Inc,11850,2942,2.29M,569.78K,+33%,<.01%
92189F700,MOO,VanEck Agribusiness ETF,45604,7420,3.47M,565.24K,+19.4%,<.01%
46132P108,IIM,Invesco Value Municipal Income Trust,353063,47938,4.14M,562.25K,+15.7%,<.01%
42250P103,DOC,Healthpeak Properties Inc,221402,28283,4.38M,560.03K,+14.6%,<.01%
53814L108,NUGN,Livent Corp,1461469,30235,26.28M,543.62K,+2.1%,0.05%
671044105,OSIS,OSI Systems Inc,9456,4190,1.22M,540.59K,+79.6%,<.01%
704326107,PAYX,Paychex Inc,70589,4528,8.41M,539.34K,+6.9%,0.02%
133131102,CPT,Camden Property Trust,43459,5423,4.32M,538.44K,+14.3%,<.01%
G3323L100,FN,Fabrinet,10472,2804,1.99M,533.65K,+36.6%,<.01%
199908104,FIX,Comfort Systems USA Inc,10152,2582,2.09M,531.05K,+34.1%,<.01%
61174X109,MNST,Monster Beverage Corp,116297,9201,6.7M,530.08K,+8.6%,0.01%
45765U103,NSIT,Insight Enterprises Inc,8540,2964,1.51M,525.12K,+53.2%,<.01%
46132X101,OIA,Invesco Municipal Income Opportunities,261713,81830,1.66M,519.66K,+45.5%,<.01%
00790R104,WMS,Advanced Drainage Systems Inc,18470,3693,2.6M,519.46K,+25%,<.01%
749607107,RLI,RLI Corp,13837,3892,1.84M,518.11K,+39.1%,<.01%
87256C101,TKO,TKO Group Holdings Inc,15555,6346,1.27M,517.72K,+68.9%,<.01%
911312106,UPS,United Parcel Service Inc,130821,3277,20.57M,515.24K,+2.6%,0.04%
09253N104,MHD,BlackRock MuniHoldings Fund Inc,392215,43173,4.67M,514.16K,+12.4%,<.01%
74164M108,PRI,Primerica Inc,9161,2494,1.89M,513.17K,+37.4%,<.01%
294600101,,Equitrans Midstream Corp,428940,50295,4.37M,512.05K,+13.3%,<.01%
46131J103,VKQ,Invesco Municipal Trust,418765,53370,3.99M,508.64K,+14.6%,<.01%
G3421J106,,Ferguson PLC,36048,2618,6.96M,505.47K,+7.8%,0.01%
67062F100,NXP,Nuveen Select Tax-Free Income Portfolio,257980,34173,3.81M,505.08K,+15.3%,<.01%
78463M107,SPSC,SPS Commerce Inc,9690,2600,1.88M,503.9K,+36.7%,<.01%
46131M106,VGM,Invesco Trust for Investment Grade Muni,409317,50318,4.05M,497.63K,+14%,<.01%
09254F100,MQY,BlackRock MuniYield Quality Fund Inc,516565,40638,6.3M,495.38K,+8.5%,0.01%
229663109,CUBE,CubeSmart,84635,10671,3.92M,494.62K,+14.4%,<.01%
278642103,EBAY,eBay Inc,68545,11121,2.99M,485.11K,+19.4%,<.01%
78467J100,SSNC,SS&C Technologies Holdings Inc,56017,7875,3.42M,481.21K,+16.4%,<.01%
46133G107,IQI,Invesco Quality Municipal Income Trust,402317,50599,3.83M,481.19K,+14.4%,<.01%
34959J108,FTV,Fortive Corp,41228,6517,3.04M,479.91K,+18.8%,<.01%
92556H305,,Paramount Global,317083,25609,5.93M,478.85K,+8.8%,0.01%
89531P105,TREX,Trex Co Inc,31823,5782,2.63M,478.76K,+22.2%,<.01%
88162G103,TTEK,Tetra Tech Inc,31275,2851,5.22M,475.85K,+10%,<.01%
16359R103,CHE,Chemed Corp,4363,811,2.55M,474.18K,+22.8%,<.01%
000360206,AAON,AAON INC,20586,6409,1.52M,473.53K,+45.2%,<.01%
538034109,LYV,Live Nation Entertainment Inc,35613,5020,3.33M,469.82K,+16.4%,<.01%
90278Q108,UFPI,UFP Industries Inc,17906,3739,2.25M,469.41K,+26.4%,<.01%
302941109,FCN,FTI CONSULTING INC,8868,2324,1.77M,462.81K,+35.5%,<.01%
042735100,ARW,Arrow Electronics Inc,14339,3783,1.75M,462.49K,+35.8%,<.01%
047649108,ATKR,Atkore Inc,11586,2884,1.85M,461.5K,+33.1%,<.01%
00508Y102,AYI,Acuity Brands Inc,8694,2234,1.78M,457.64K,+34.6%,<.01%
775711104,ROL,Rollins Inc,48836,10445,2.13M,456.2K,+27.2%,<.01%
09254E103,MYI,BlackRock MuniYield Quality Fund III In,485279,38977,5.65M,453.72K,+8.7%,0.01%
589378108,MRCY,Mercury Systems Inc,31449,12312,1.15M,450.21K,+64.3%,<.01%
840441109,SSB,SouthState Corp,19601,5263,1.66M,444.38K,+36.7%,<.01%
443628102,HBM,HudBay Minerals Inc,307103,80340,1.69M,442.9K,+35.4%,<.01%
860630102,SF,Stifel Financial Corp,25699,6306,1.78M,436.04K,+32.5%,<.01%
942749102,WTS,WATTS WATER TECHNOLOGIES INC,8173,2085,1.7M,434.45K,+34.2%,<.01%
62914V106,NIO,NIO Inc,536774,47773,4.87M,433.34K,+9.8%,<.01%
72200R107,PMF,PIMCO Municipal Income Fund,150393,46301,1.4M,431.94K,+44.5%,<.01%
35137L105,FOXA,Fox Corp,97107,14513,2.88M,430.58K,+17.6%,<.01%
26614N102,DD,DuPont de Nemours Inc,40644,5547,3.13M,426.77K,+15.8%,<.01%
46434G848,PICK,iShares MSCI Global Metals & Mining Pro,60292,9856,2.6M,424.53K,+19.5%,<.01%
59001A102,MTH,Meritage Homes Corp,10423,2411,1.82M,420.07K,+30.1%,<.01%
743606105,PB,Prosperity Bancshares Inc,22424,6161,1.52M,417.35K,+37.9%,<.01%
224408104,CR,Crane Co,12453,3528,1.47M,416.74K,+39.5%,<.01%
277276101,EGP,EastGroup Properties Inc,15854,2256,2.91M,414.09K,+16.6%,<.01%
816300107,SIGI,Selective Insurance Group Inc,14884,4157,1.48M,413.63K,+38.8%,<.01%
441593100,HLI,Houlihan Lokey Inc,14289,3439,1.71M,412.28K,+31.7%,<.01%
29270J100,ERII,Energy Recovery Inc,142555,21861,2.69M,411.9K,+18.1%,<.01%
243537107,DECK,DECKERS OUTDOOR CORP,4501,614,3.01M,410.47K,+15.8%,<.01%
G1144A105,BTBT,Bit Digital Inc,2138028,96733,9.04M,409.19K,+4.7%,0.02%
58039P305,MUX,McEwen Mining Inc,2030048,56698,14.64M,408.8K,+2.9%,0.03%
733174700,BPOP,Popular Inc,20609,4951,1.69M,406.24K,+31.6%,<.01%
302081104,EXLS,ExlService Holdings Inc,46437,13158,1.43M,406.04K,+39.5%,<.01%
665859104,NTRS,Northern Trust Corp,78080,4794,6.59M,404.49K,+6.5%,0.01%
06417N103,OZK,Bank OZK,28906,8087,1.44M,402.87K,+38.8%,<.01%
16115Q308,GTLS,Chart Industries Inc,242666,2952,33.08M,402.45K,+1.2%,0.06%
313745101,FRT,Federal Realty Investment Trust,30927,3892,3.19M,401.07K,+14.4%,<.01%
30214U102,EXPO,Exponent Inc,17247,4521,1.52M,397.92K,+35.5%,<.01%
217204106,CPRT,Copart Inc,133970,8113,6.57M,397.57K,+6.4%,0.01%
N53745100,LYB,LyondellBasell Industries NV,31112,4158,2.96M,395.33K,+15.4%,<.01%
82982L103,SITE,SiteOne Landscape Supply Inc,11053,2386,1.8M,387.7K,+27.5%,<.01%
09249N101,BLE,BlackRock Municipal Income Trust II,355815,36295,3.8M,387.62K,+11.4%,<.01%
29977A105,EVR,Evercore Inc,30726,2253,5.26M,385.4K,+7.9%,<.01%
197236102,COLB,Columbia Banking System Inc,51212,14395,1.37M,383.96K,+39.1%,<.01%
14040H105,COF,Capital One Financial Corp,32137,2925,4.21M,383.54K,+10%,<.01%
68571X301,ORC,Orchid Island Capital Inc,403659,45279,3.4M,381.72K,+12.6%,<.01%
427866108,HSY,Hershey Co/The,25389,2041,4.73M,380.56K,+8.7%,<.01%
86771W105,RUN,Sunrun Inc,263138,19288,5.17M,378.67K,+7.9%,<.01%
27826U108,EVN,Eaton Vance Municipal Income Trust,299130,38467,2.94M,377.69K,+14.8%,<.01%
681936100,OHI,Omega Healthcare Investors Inc,85918,12228,2.63M,374.88K,+16.6%,<.01%
054540208,ACLS,Axcelis Technologies Inc,10064,2877,1.3M,373.06K,+40%,<.01%
09253R105,MVF,BlackRock MuniVest Fund Inc,476969,52145,3.4M,371.27K,+12.3%,<.01%
784117103,SEIC,SEI Investments Co,66521,5798,4.23M,368.51K,+9.5%,<.01%
25659T107,DLB,Dolby Laboratories Inc,15360,4267,1.32M,367.81K,+38.5%,<.01%
85254J102,STAG,STAG Industrial Inc,73002,9367,2.87M,367.74K,+14.7%,<.01%
09253W104,MYD,BlackRock MuniYield Fund Inc,341421,33961,3.68M,366.15K,+11%,<.01%
46132E103,VKI,Invesco Advantage Municipal Income Trus,336894,43092,2.85M,364.16K,+14.7%,<.01%
92534K107,VRTX,Vertex Energy Inc,430699,107400,1.46M,364.07K,+33.2%,<.01%
783754104,RYZ,Ryerson Holding Corp,40807,10479,1.42M,363.36K,+34.6%,<.01%
116794108,BRKR,Bruker Corp,38315,4874,2.81M,358.09K,+14.6%,<.01%
72201A103,XPMQX,PIMCO Municipal Income Fund III,238955,48431,1.77M,357.93K,+25.4%,<.01%
311900104,FAST,Fastenal Co,101713,5509,6.59M,356.82K,+5.7%,0.01%
04247X102,AWI,Armstrong World Industries Inc,13176,3623,1.29M,356.09K,+37.9%,<.01%
38526M106,LOPE,Grand Canyon Education Inc,9982,2688,1.32M,354.92K,+36.9%,<.01%
11120U105,BRX,Brixmor Property Group Inc,121229,15103,2.82M,351.45K,+14.2%,<.01%
437076102,HD,Home Depot Inc/The,72662,1014,25.18M,351.4K,+1.4%,0.05%
262037104,DRQ,Dril-Quip Inc,565070,15099,13.15M,351.38K,+2.7%,0.02%
032095101,APH,Amphenol Corp,87129,3544,8.64M,351.31K,+4.2%,0.02%
05588W108,LEO,BNY Mellon Strategic Municipals Inc,476520,59775,2.79M,350.23K,+14.3%,<.01%
920253101,VMI,Valmont Industries Inc,5941,1486,1.39M,346.93K,+33.4%,<.01%
030420103,AWK,American Water Works Co Inc,52578,2602,6.94M,343.45K,+5.2%,0.01%
830830105,SKY,Skyline Champion Corp,16634,4600,1.24M,341.53K,+38.2%,<.01%
233368109,KTF,DWS Municipal Income Trust,299354,38393,2.66M,341.28K,+14.7%,<.01%
313855108,FSS,Federal Signal Corp,15894,4436,1.22M,340.5K,+38.7%,<.01%
666807102,NOC,Northrop Grumman Corp,20349,726,9.53M,339.86K,+3.7%,0.02%
G3198U102,ESNT,Essent Group Ltd,29010,6418,1.53M,338.49K,+28.4%,<.01%
257651109,DCI,Donaldson Co Inc,77430,5176,5.06M,338.25K,+7.2%,<.01%
56501R106,MFC,Manulife Financial Corp,233232,15280,5.16M,337.86K,+7%,<.01%
758075402,RWT,Redwood Trust Inc,708459,45534,5.25M,337.43K,+6.9%,<.01%
552848103,MTG,MGIC Investment Corp,76738,17490,1.48M,337.32K,+29.5%,<.01%
403949100,DINO,HF Sinclair Corp,86692,6012,4.82M,334.05K,+7.5%,<.01%
436893200,HOMB,Home Bancshares Inc/AR,47850,13174,1.21M,333.69K,+38%,<.01%
056525108,BMI,Badger Meter Inc,15244,2160,2.35M,333.41K,+16.5%,<.01%
637417106,NNN,National Retail Properties Inc,59050,7664,2.54M,330.31K,+14.9%,<.01%
880890108,TX,Ternium SA,150005,7680,6.37M,326.18K,+5.4%,0.01%
015658107,ASTL,Algoma Steel Group Inc,123721,32352,1.24M,324.51K,+35.4%,<.01%
746922103,PMO,Putnam Municipal Opportunities Trust,236283,31682,2.42M,324.08K,+15.5%,<.01%
67092P706,NURE,Nuveen Short-Term REIT ETF,110995,10433,3.43M,322.22K,+10.4%,<.01%
44107P104,HST,HOST HOTELS & RESORTS INC,99927,16430,1.95M,319.96K,+19.7%,<.01%
452308109,ITW,Illinois Tool Works Inc,44908,1220,11.76M,319.56K,+2.8%,0.02%
60937P106,MDB,MongoDB Inc,781,781,319K,319K,NEW,<.01%
09248F109,BFK,BlackRock Municipal Income Trust,325463,31552,3.28M,317.69K,+10.7%,<.01%
553530106,MSM,MSC Industrial Direct Co Inc,14276,3118,1.45M,315.82K,+27.9%,<.01%
01864U106,AFB,AllianceBernstein National Municipal In,219939,28935,2.38M,313.64K,+15.1%,<.01%
00206R102,T,AT&T Inc,317763,18684,5.33M,313.51K,+6.2%,<.01%
32054K103,FR,First Industrial Realty Trust Inc,46553,5947,2.45M,313.24K,+14.6%,<.01%
42226K105,HR,Healthcare Realty Trust Inc,143779,18127,2.48M,312.29K,+14.4%,<.01%
008492100,ADC,Agree Realty Corp,31487,4960,1.98M,312.22K,+18.7%,<.01%
48666K109,KBH,KB Home,20207,4990,1.26M,311.64K,+32.8%,<.01%
887399103,MTUS,TimkenSteel Corp,51534,13211,1.21M,309.68K,+34.5%,<.01%
26817Q886,DX,Dynex Capital Inc,404037,24210,5.06M,303.14K,+6.4%,<.01%
37954Y673,PAVE,Global X US Infrastructure Development,95421,8749,3.29M,301.47K,+10.1%,<.01%
04041L106,WES,Aris Water Solution Inc,187474,35870,1.57M,300.97K,+23.7%,<.01%
92556H206,PSKY,Paramount Global,69858,20322,1.03M,300.8K,+41%,<.01%
27829L105,EOT,Eaton Vance National Municipal Opportun,112019,17645,1.9M,298.5K,+18.7%,<.01%
750236101,RDN,Radian Group Inc,41001,10412,1.17M,297.37K,+34%,<.01%
443510607,HUBB,Hubbell Inc,7881,890,2.59M,292.71K,+12.7%,<.01%
751212101,RL,Ralph Lauren Corp,13062,2027,1.88M,292.36K,+18.4%,<.01%
928881101,VNT,Vontier Corp,49689,8321,1.72M,287.53K,+20.1%,<.01%
100557107,SAM,Boston Beer Co Inc/The,8166,827,2.82M,285.79K,+11.3%,<.01%
90364P105,PATH,UiPath Inc,11364,11364,282K,282K,NEW,<.01%
32020R109,FFIN,First Financial Bankshares Inc,35991,9266,1.09M,280.88K,+34.7%,<.01%
86722A103,SXC,SunCoke Energy Inc,100020,26154,1.07M,280.84K,+35.4%,<.01%
67058H102,,NuStar Energy LP,26641,14939,498K,279.25K,+127.7%,<.01%
384802104,GWW,WW Grainger Inc,9743,335,8.07M,277.61K,+3.6%,0.01%
09662E109,DSM,BNY Mellon Strategic Municipal Bond Fun,376578,48259,2.15M,275.53K,+14.7%,<.01%
H84989104,TEL,TE Connectivity Ltd,42465,1947,5.97M,273.54K,+4.8%,0.01%
353514102,FELE,Franklin Electric Co Inc,11235,2826,1.09M,273.17K,+33.6%,<.01%
172755100,CRUS,CIRRUS LOGIC INC,14662,3267,1.22M,271.84K,+28.7%,<.01%
929042109,VNO,Vornado Realty Trust,70024,9468,1.98M,267.45K,+15.6%,<.01%
513847103,MZTI,Lancaster Colony Corp,5599,1587,932K,264.17K,+39.6%,<.01%
11284V105,BEPC.TO,Brookfield Renewable Corp,168609,9134,4.86M,263.06K,+5.7%,<.01%
91688R108,URG,Ur-Energy Inc,1044167,167335,1.61M,257.69K,+19.1%,<.01%
09739D100,BCC,Boise Cascade Co,12532,1967,1.62M,254.43K,+18.6%,<.01%
866796105,SLF,Sun Life Financial Inc,68945,4889,3.58M,253.72K,+7.6%,<.01%
670695105,NUW,Nuveen AMT-Free Municipal Value Fund,131853,18491,1.8M,252.01K,+16.3%,<.01%
457790103,,Instructure Holdings Inc,9336,9336,252K,252K,NEW,<.01%
09662W109,DMB,BNY Mellon Municipal Bond Infrastructur,139279,24356,1.44M,251.12K,+21.2%,<.01%
09254J102,MUA,BlackRock MuniAssets Fund Inc,272517,23704,2.89M,251.03K,+9.5%,<.01%
674599105,OXY,Occidental Petroleum Corp,27240,4176,1.63M,249.43K,+18.1%,<.01%
296006109,ERO,ERO Copper Corp,113060,15688,1.79M,247.96K,+16.1%,<.01%
00217D100,ASTS,AST SpaceMobile Inc,40759,40759,246K,246K,NEW,<.01%
418056107,HAS,Hasbro Inc,25873,4784,1.32M,244.26K,+22.7%,<.01%
115637209,BF.B,Brown-Forman Corp,150656,4195,8.6M,239.52K,+2.9%,0.02%
48251W104,KKR,KKR & Co Inc,15077,2871,1.25M,237.84K,+23.5%,<.01%
746823103,PMM,Putnam Managed Municipal Income Trust,335394,38916,2.04M,236.59K,+13.1%,<.01%
092479104,BYM,BlackRock Municipal Income Quality Trus,194277,20913,2.18M,234.45K,+12.1%,<.01%
68162K106,ZEUS,Olympic Steel Inc,13294,3476,887K,231.93K,+35.4%,<.01%
97651M109,WIT,Wipro Ltd,77662,41411,433K,230.88K,+114.2%,<.01%
053807103,AVT,Avnet Inc,21529,4562,1.08M,229.91K,+26.9%,<.01%
09260D107,BX,Blackstone Inc,9044,1755,1.18M,229.76K,+24.1%,<.01%
460146103,IP,International Paper Co,17019,6333,615K,228.85K,+59.3%,<.01%
15677J108,DAY,Ceridian HCM Holding Inc,22469,3399,1.51M,228.12K,+17.8%,<.01%
92345Y106,VRSK,Verisk Analytics Inc,22174,955,5.3M,228.09K,+4.5%,<.01%
086516101,BBY,Best Buy Co Inc,97173,2891,7.61M,226.32K,+3.1%,0.01%
G1757E113,CMCL,Caledonia Mining Corp PLC,651728,18465,7.95M,225.27K,+2.9%,0.01%
03062D100,USAS,Americas Gold & Silver Corp,11179533,880213,2.84M,223.61K,+8.5%,<.01%
759509102,RS,Reliance Steel & Aluminum Co,31004,793,8.67M,221.78K,+2.6%,0.02%
739276103,POWI,Power Integrations Inc,15074,2644,1.24M,217.15K,+21.3%,<.01%
98954M200,Z,Zillow Group Inc,8346,3631,483K,210.13K,+77%,<.01%
55272X607,MFA,MFA Financial Inc,693137,18400,7.81M,207.38K,+2.7%,0.01%
150870103,CE,Celanese Corp,11552,1322,1.79M,205.42K,+12.9%,<.01%
01973R101,ALSN,Allison Transmission Holdings Inc,27476,3473,1.6M,201.99K,+14.5%,<.01%
723760104,MIO,Pioneer Municipal High Income Opportuni,130901,18715,1.38M,197.87K,+16.7%,<.01%
03769M106,APO,Apollo Global Management Inc,11002,2110,1.02M,196.58K,+23.7%,<.01%
03064D108,COLD,Americold Realty Trust,38160,6274,1.16M,189.9K,+19.7%,<.01%
723763108,MHI,Pioneer Municipal High Income Fund Trus,175272,21564,1.51M,186.15K,+14%,<.01%
09254G108,MQT,BlackRock MuniYield Quality Fund II Inc,165539,17898,1.71M,185.21K,+12.1%,<.01%
09253T101,MVT,BlackRock MuniVest Fund II Inc,157344,16996,1.7M,183.09K,+12.1%,<.01%
549498103,LCID,Lucid Group Inc,669471,43149,2.82M,181.63K,+6.9%,<.01%
55336V100,MPLX,MPLX LP,56045,4907,2.06M,180.19K,+9.6%,<.01%
371927104,GEL,Genesis Energy LP,27963,15472,324K,179.27K,+123.9%,<.01%
723762100,XPMAX,Pioneer Municipal High Income Advantage,182186,21421,1.46M,171.78K,+13.3%,<.01%
78440X887,SLG,SL Green Realty Corp,27517,3770,1.24M,170.3K,+15.9%,<.01%
09254C107,MUE,BlackRock MuniHoldings Quality Fund II,164372,16981,1.65M,170.15K,+11.5%,<.01%
552738106,MFM,MFS Municipal Income Trust,307338,32633,1.59M,168.72K,+11.9%,<.01%
70438V106,PCTY,Paylocity Holding Corp,7565,1017,1.25M,167.64K,+15.5%,<.01%
29414B104,EPAM,EPAM Systems Inc,8328,553,2.48M,164.41K,+7.1%,<.01%
12532H104,GIB,CGI Inc,28983,1526,3.11M,163.59K,+5.6%,<.01%
27829U105,ETX,Eaton Vance Municipal Income 2028 Term,76456,9281,1.33M,160.96K,+13.8%,<.01%
29355A107,ENPH,Enphase Energy Inc,66242,1189,8.75M,157.11K,+1.8%,0.02%
78377T107,RHP,Ryman Hospitality Properties Inc,8180,1414,900K,155.57K,+20.9%,<.01%
M5216V106,GLBE,Global-e Online Ltd,28810,3752,1.14M,148.73K,+15%,<.01%
49427F108,KRC,Kilroy Realty Corp,19393,3717,773K,148.16K,+23.7%,<.01%
M6191J100,FROG,JFrog Ltd,29580,4277,1.02M,148.06K,+16.9%,<.01%
03076C106,AMP,Ameriprise Financial Inc,17100,385,6.5M,146.23K,+2.3%,0.01%
84860W300,UNITDSPR,Spirit Realty Capital Inc,19909,3274,870K,143.07K,+19.7%,<.01%
384109104,GGG,Graco Inc,27434,1573,2.38M,136.46K,+6.1%,<.01%
45167R104,IEX,IDEX Corp,10457,627,2.27M,136.11K,+6.4%,<.01%
505743104,LADR,Ladder Capital Corp,821033,11802,9.45M,135.84K,+1.5%,0.02%
88146M101,TRNO,Terreno Realty Corp,15614,2126,979K,133.3K,+15.8%,<.01%
58463J304,MPT,Medical Properties Trust Inc,209110,26719,1.03M,131.22K,+14.6%,<.01%
90187B804,TWO,Two Harbors Investment Corp,526536,9383,7.33M,130.71K,+1.8%,0.01%
03762U105,ARI,Apollo Commercial Real Estate Finance I,762079,11102,8.95M,130.34K,+1.5%,0.02%
171340102,CHD,Church & Dwight Co Inc,31606,1378,2.99M,130.32K,+4.6%,<.01%
29530P102,ERIE,Erie Indemnity Co,4142,389,1.39M,130.26K,+10.4%,<.01%
833034101,SNA,Snap-On Inc,7772,447,2.25M,129.12K,+6.1%,<.01%
14316J108,CG,Carlyle Group Inc/The,15932,3115,648K,126.7K,+24.3%,<.01%
M98068105,WIX,Wix.com Ltd,15531,1028,1.91M,126.49K,+7.1%,<.01%
679580100,ODFL,Old Dominion Freight Line Inc,17874,311,7.25M,126.06K,+1.8%,0.01%
24610T108,VFL,abrdn National Municipal Income Fund,94482,12250,965K,125.12K,+14.9%,<.01%
05589T104,DMF,BNY Mellon Municipal Income Inc,157398,18905,1.02M,122.87K,+13.7%,<.01%
03990B101,ARES,Ares Management Corp,5262,1015,626K,120.75K,+23.9%,<.01%
09250B103,BTA,Blackrock Long-Term Municipal Advantage,84315,11729,863K,120.05K,+16.2%,<.01%
03750L109,AIRC,Apartment Income REIT Corp,21024,3457,730K,120.03K,+19.7%,<.01%
745867101,PHM,PulteGroup Inc,39433,1122,4.07M,115.81K,+2.9%,<.01%
036752103,ELV,Elevance Health Inc,11289,245,5.32M,115.52K,+2.2%,<.01%
49803T300,KRG,Kite Realty Group Trust,30518,5018,698K,114.77K,+19.7%,<.01%
460690100,IPG,Interpublic Group of Cos Inc/The,61894,3516,2.02M,114.75K,+6%,<.01%
222795502,CUZ,Cousins Properties Inc,24038,4676,586K,113.99K,+24.2%,<.01%
74144T108,TROW,T Rowe Price Group Inc,36261,1025,3.9M,110.38K,+2.9%,<.01%
09247D105,BKN,BlackRock Investment Quality Municipal,124320,9307,1.47M,110.35K,+8.1%,<.01%
428103105,HESM,Hess Midstream LP,18751,3399,593K,107.49K,+22.1%,<.01%
59318D104,CXE,MFS High Income Municipal Trust,238902,29936,848K,106.26K,+14.3%,<.01%
15643U104,LEU,USEC INC,59552,1937,3.24M,105.38K,+3.4%,<.01%
78409V104,SPGI,S&P Global Inc,7908,237,3.48M,104.41K,+3.1%,<.01%
649604840,ADAM,New York Mortgage Trust Inc,571613,12236,4.88M,104.38K,+2.2%,<.01%
247361702,DAL,Delta Air Lines Inc,2530,2530,102K,102K,NEW,<.01%
16934Q208,,Chimera Investment Corp,1391764,20300,6.95M,101.3K,+1.5%,0.01%
71844V201,PECO,Phillips Edison & Co Inc,16537,2719,603K,99.14K,+19.7%,<.01%
82575P107,SBSW,Sibanye Stillwater Ltd,109458,18012,594K,97.75K,+19.7%,<.01%
29336T100,ENLC,EnLink Midstream LLC,78636,7962,956K,96.8K,+11.3%,<.01%
70451X104,PAYO,Payoneer Global Inc,75905,18475,395K,96.14K,+32.2%,<.01%
101137107,BSX,BOSTON SCIENTIFIC CORP,52405,1659,3.03M,95.92K,+3.3%,<.01%
09857L108,BKNG,Booking Holdings Inc,1018,27,3.61M,95.77K,+2.7%,<.01%
H1467J104,CB,Chubb Ltd,13028,417,2.94M,94.23K,+3.3%,<.01%
292671708,UUUU,Energy Fuels Inc/Canada,806073,13091,5.79M,94.08K,+1.7%,0.01%
952845105,WFG,West Fraser Timber Co Ltd,2806,1094,240K,93.57K,+63.9%,<.01%
097023105,BA,Boeing Co/The,3426,357,893K,93.05K,+11.6%,<.01%
743315103,PGR,Progressive Corp/The,18645,578,2.97M,92.07K,+3.2%,<.01%
64110Y108,NLOP,NET Lease Office Properties,4993,4993,92K,92K,NEW,<.01%
29670E107,EPRT,Essential Properties Realty Trust Inc,21862,3595,559K,91.92K,+19.7%,<.01%
22002T108,CDP,COPT Defense Properties,18647,3580,478K,91.77K,+23.8%,<.01%
718546104,PSX,Phillips 66,28570,689,3.8M,91.74K,+2.5%,<.01%
831865209,AOS,A O Smith Corp,17751,1108,1.46M,91.32K,+6.7%,<.01%
872590104,TMUS,T-Mobile US Inc,18487,566,2.96M,90.75K,+3.2%,<.01%
171484108,CHDN,Churchill Downs Inc,12868,669,1.74M,90.25K,+5.5%,<.01%
42824C109,HPE,Hewlett Packard Enterprise Co,78789,5297,1.34M,89.95K,+7.2%,<.01%
15135B101,CNC,Centene Corp,10303,1204,765K,89.4K,+13.2%,<.01%
03676B102,AM,Antero Midstream Corp,101853,7131,1.28M,89.34K,+7.5%,<.01%
70931T103,PMT,PennyMac Mortgage Investment Trust,459810,5963,6.87M,89.14K,+1.3%,0.01%
773122106,RKLB,Rocket Lab USA Inc,95704,16115,529K,89.08K,+20.2%,<.01%
013091103,ACI,Albertsons Cos Inc,6064,3795,140K,87.62K,+167.3%,<.01%
03938L203,MT,ArcelorMittal SA,246001,3031,6.98M,86.05K,+1.2%,0.01%
174610105,CFG,Citizens Financial Group Inc,6468,2587,214K,85.59K,+66.7%,<.01%
35243J101,FBRT,Franklin BSP Realty Trust Inc,490114,6312,6.62M,85.27K,+1.3%,0.01%
617446448,MS,Morgan Stanley,28084,913,2.62M,85.14K,+3.4%,<.01%
76954A103,RIVN,Rivian Automotive Inc,236275,3597,5.54M,84.39K,+1.5%,0.01%
26884U109,EPR,EPR Properties,10487,1725,508K,83.56K,+19.7%,<.01%
91307C102,UTHR,United Therapeutics Corp,10064,379,2.21M,83.34K,+3.9%,<.01%
73939C106,PWSC,PowerSchool Holdings Inc,13708,3526,323K,83.08K,+34.6%,<.01%
962166104,WY,Weyerhaeuser Co,46959,2383,1.63M,82.87K,+5.3%,<.01%
G7709Q104,RPRX,Royalty Pharma PLC,6476,2944,182K,82.74K,+83.4%,<.01%
03784Y200,APLE,Apple Hospitality REIT Inc,30224,4970,502K,82.55K,+19.7%,<.01%
315616102,FFIV,F5 Inc,9720,461,1.74M,82.52K,+5%,<.01%
075887109,BDX,Becton Dickinson & Co,10832,337,2.64M,82.17K,+3.2%,<.01%
637870106,NSA,National Storage Affiliates Trust,11398,1974,473K,81.92K,+20.9%,<.01%
G0457F107,ARCO,Arcos Dorados Holdings Inc,793523,6384,10.07M,81.01K,+0.8%,0.02%
G8473T100,STE,STERIS PLC,12406,364,2.73M,80.01K,+3%,<.01%
29452E101,EQH,Equitable Holdings Inc,2401,2401,80K,80K,NEW,<.01%
387437114,,Granite Real Estate Investment Trust,8444,1389,486K,79.94K,+19.7%,<.01%
45378A106,IRT,Independence Realty Trust Inc,31627,5200,484K,79.58K,+19.7%,<.01%
955306105,WST,West Pharmaceutical Services Inc,10739,226,3.78M,79.57K,+2.1%,<.01%
942622200,WSO,watsco inc,5555,184,2.38M,78.83K,+3.4%,<.01%
36262G101,GXO,GXO Logistics Inc,5119,1274,313K,77.9K,+33.1%,<.01%
683715106,OTEX,Open Text Corp,17096,1850,719K,77.8K,+12.1%,<.01%
554382101,MAC,Macerich Co/The,30293,4981,467K,76.79K,+19.7%,<.01%
78573L106,SBRA,Sabra Health Care REIT Inc,32446,5335,463K,76.13K,+19.7%,<.01%
83175M205,SNN,Smith & Nephew PLC,9236,2790,252K,76.12K,+43.3%,<.01%
700517105,PK,Park Hotels & Resorts Inc,30173,4961,462K,75.96K,+19.7%,<.01%
293792107,EPD,Enterprise Products Partners LP,92145,2881,2.43M,75.91K,+3.2%,<.01%
29273V100,ET,Energy Transfer LP,200881,5420,2.77M,74.79K,+2.8%,<.01%
11135E203,BNL,Broadstone Net Lease Inc,26351,4333,454K,74.65K,+19.7%,<.01%
18270D106,CMTG,Claros Mortgage Trust Inc,322173,5465,4.39M,74.48K,+1.7%,<.01%
337738108,FISV,Fiserv Inc,24017,557,3.19M,73.98K,+2.4%,<.01%
431284108,HIW,Highwoods Properties Inc,16853,3189,387K,73.23K,+23.3%,<.01%
71943U104,,Physicians Realty Trust,33361,5485,444K,73K,+19.7%,<.01%
08265T208,BSY,Bentley Systems Inc,1375,1375,72K,72K,NEW,<.01%
92932M101,,WNS Holdings Ltd,2411,1118,152K,70.48K,+86.5%,<.01%
40434L105,HPQ,HP Inc,30151,2293,907K,68.98K,+8.2%,<.01%
655663102,NDSN,Nordson Corp,7172,257,1.9M,67.91K,+3.7%,<.01%
529043101,LXP,LXP Industrial Trust,40614,6678,403K,66.26K,+19.7%,<.01%
25960P109,DEI,Douglas Emmett Inc,26066,4564,378K,66.19K,+21.2%,<.01%
87165B103,SYF,Synchrony Financial,15426,1723,589K,65.79K,+12.6%,<.01%
875465106,SKT,Tanger Inc,14323,2355,397K,65.28K,+19.7%,<.01%
45781V101,IIPR,Innovative Industrial Properties Inc,3914,643,395K,64.89K,+19.7%,<.01%
35086T109,FCPT,Four Corners Property Trust Inc,12681,2531,321K,64.07K,+24.9%,<.01%
426281101,JKHY,Jack Henry & Associates Inc,11323,392,1.85M,64.05K,+3.6%,<.01%
48251K100,KREF,KKR Real Estate Finance Trust Inc,235703,4841,3.12M,64.04K,+2.1%,<.01%
526057104,LEN,LENNAR CORP,38044,418,5.67M,62.3K,+1.1%,0.01%
87241L109,TFII,TFI International Inc,10759,453,1.46M,61.64K,+4.4%,<.01%
82981J109,,SITE Centers Corp,26717,4393,364K,59.85K,+19.7%,<.01%
046353108,AZN,AstraZeneca PLC,322474,885,21.72M,59.61K,+0.3%,0.04%
462222100,IONS,Ionis Pharmaceuticals Inc,65831,1144,3.33M,57.89K,+1.8%,<.01%
546347105,LPX,Louisiana-Pacific Corp,17767,812,1.26M,57.49K,+4.8%,<.01%
90138F102,TWLO,Twilio Inc,2856,754,217K,57.29K,+35.9%,<.01%
63633D104,NHI,National Health Investors Inc,5851,962,327K,53.76K,+19.7%,<.01%
025932104,AFG,American Financial Group Inc/OH,9731,446,1.16M,53.03K,+4.8%,<.01%
92763W103,VIPS,Vipshop Holdings Ltd,30275,2973,538K,52.83K,+10.9%,<.01%
14174T107,CTRE,CareTrust REIT Inc,14039,2309,314K,51.64K,+19.7%,<.01%
867892101,SHO,Sunstone Hotel Investors Inc,29201,4802,313K,51.47K,+19.7%,<.01%
89612W102,,Tricon Residential Inc,34278,5636,312K,51.3K,+19.7%,<.01%
G9470A102,VTEX,VTEX,33226,7392,229K,50.95K,+28.6%,<.01%
91704F104,UE,Urban Edge Properties,16104,2648,295K,48.51K,+19.7%,<.01%
369550108,GD,General Dynamics Corp,32109,181,8.34M,47K,+0.6%,0.02%
252784301,DRH,DiamondRock Hospitality Co,29473,4846,277K,45.54K,+19.7%,<.01%
379378201,GNL,Global Net Lease Inc,27279,4485,271K,44.56K,+19.7%,<.01%
27616P103,DEA,Easterly Government Properties Inc,15876,3296,214K,44.43K,+26.2%,<.01%
832696405,SJM,J M Smucker Co/The,2976,337,376K,42.58K,+12.8%,<.01%
21037T109,CEG,Constellation Energy Corp,80301,363,9.39M,42.43K,+0.5%,0.02%
374297109,GTY,Getty Realty Corp,6690,1440,195K,41.97K,+27.4%,<.01%
292104106,ESRT,Empire State Realty Trust Inc,21602,4127,209K,39.93K,+23.6%,<.01%
76131N101,ROIC,Retail Opportunity Investments Corp,17253,2837,242K,39.79K,+19.7%,<.01%
78646V107,SAFE,iStar Inc,6819,1692,160K,39.7K,+33%,<.01%
74965L101,RLJ,RLJ Lodging Trust,21717,3379,255K,39.68K,+18.4%,<.01%
46124J201,IVT,InvenTrust Properties Corp,9529,1567,241K,39.63K,+19.7%,<.01%
444097109,HPP,Hudson Pacific Properties Inc,22398,4233,208K,39.31K,+23.3%,<.01%
70509V100,PEB,Pebblebrook Hotel Trust,16665,2438,266K,38.91K,+17.1%,<.01%
004239109,AKR,Acadia Realty Trust,13098,2154,223K,36.67K,+19.7%,<.01%
806407102,HSIC,Henry Schein Inc,17352,472,1.31M,35.74K,+2.8%,<.01%
489398107,KW,Kennedy-Wilson Holdings Inc,16773,2758,208K,34.2K,+19.7%,<.01%
253393102,DKS,Dick's Sporting Goods Inc,8818,232,1.3M,34.1K,+2.7%,<.01%
806882106,RDUS,Schnitzer Steel Industries Inc,82643,1118,2.49M,33.73K,+1.4%,<.01%
855244109,SBUX,Starbucks Corp,78931,343,7.58M,32.94K,+0.4%,0.01%
81761L102,SVC,Service Properties Trust,23113,3800,197K,32.39K,+19.7%,<.01%
125523100,CI,Cigna Group/The,14376,108,4.3M,32.34K,+0.8%,<.01%
64119V303,NTST,NETSTREIT Corp,9694,1796,173K,32.05K,+22.7%,<.01%
014491104,ALEX,Alexander & Baldwin Inc,10165,1672,193K,31.75K,+19.7%,<.01%
46590V100,JBGS,JBG SMITH Properties,15581,1845,265K,31.38K,+13.4%,<.01%
69924R108,PGRE,Paramount Group Inc,30707,5914,159K,30.62K,+23.9%,<.01%
502175102,LTC,LTC Properties Inc,5748,945,185K,30.41K,+19.7%,<.01%
530307305,LBRDK,Liberty Broadband Corp,1318,377,106K,30.32K,+40.1%,<.01%
98980G102,ZS,Zscaler Inc,957,135,212K,29.91K,+16.4%,<.01%
984017103,XHR,Xenia Hotels & Resorts Inc,15053,2184,205K,29.74K,+17%,<.01%
939653101,ELME,Elme Communities,12318,2025,180K,29.59K,+19.7%,<.01%
457730109,INSP,Inspire Medical Systems Inc,996,143,203K,29.15K,+16.8%,<.01%
493267108,KEY,KeyCorp,8463,2021,122K,29.13K,+31.4%,<.01%
554489104,VRE,VERIS RESIDENTIAL INC,11088,1823,174K,28.61K,+19.7%,<.01%
720190206,PDM,Piedmont Office Realty Trust Inc,20683,4012,147K,28.51K,+24.1%,<.01%
23345M107,DTM,DT Midstream Inc,30967,507,1.7M,27.78K,+1.7%,<.01%
105368203,BDN,Brandywine Realty Trust,27354,5131,148K,27.76K,+23.1%,<.01%
M6372Q113,KRNT,Kornit Digital Ltd,13099,1441,251K,27.61K,+12.4%,<.01%
024013104,AAT,American Assets Trust Inc,7706,1229,173K,27.59K,+19%,<.01%
98138H101,WDAY,Workday Inc,5230,98,1.44M,27.06K,+1.9%,<.01%
M4R82T106,FVRR,Fiverr International Ltd,11439,990,311K,26.92K,+9.5%,<.01%
36168Q104,GFL,GFL Environmental Inc,89648,775,3.09M,26.75K,+0.9%,<.01%
87151X101,SYM,Symbotic Inc,503,503,26K,26K,NEW,<.01%
88262P102,TPL,Texas Pacific Land Corp,1290,16,2.03M,25.15K,+1.3%,<.01%
03957W106,AROC,Archrock Inc,28113,1624,433K,25.01K,+6.1%,<.01%
559222401,MGA,Magna International Inc,3995,419,236K,24.75K,+11.7%,<.01%
03748R747,AIV,Apartment Investment and Management Co,20496,3127,160K,24.41K,+18%,<.01%
531229755,FWONK,Liberty Media Corp-Liberty Formula One,5833,378,368K,23.85K,+6.9%,<.01%
393222104,GPRE,Green Plains Inc,59192,944,1.49M,23.81K,+1.6%,<.01%
74971D101,,RPT Realty,11917,1853,153K,23.79K,+18.4%,<.01%
92766K106,SPCE.MX,Virgin Galactic Holdings Inc,142330,9533,349K,23.38K,+7.2%,<.01%
05278C107,ATHM,Autohome Inc,5124,831,144K,23.35K,+19.4%,<.01%
20451Q104,CODI,Compass Diversified Holdings,5118,1008,115K,22.65K,+24.5%,<.01%
45784P101,PODD,Insulet Corp,3718,103,807K,22.36K,+2.8%,<.01%
98422D105,XPEV,XPeng Inc,197640,1523,2.88M,22.22K,+0.8%,<.01%
88025U109,TXG,10X Genomics Inc,1908,362,107K,20.3K,+23.4%,<.01%
15202L107,CSR,Centerspace,2118,348,123K,20.21K,+19.7%,<.01%
20369C106,CHCT,Community Healthcare Trust Inc,3740,751,100K,20.08K,+25.1%,<.01%
88557W101,QFIN,360 DigiTech Inc,8548,1258,135K,19.87K,+17.3%,<.01%
60871R209,TAP,Molson Coors Beverage Co,9064,323,555K,19.78K,+3.7%,<.01%
294628102,EQC,Equity Commonwealth,3085,1008,59K,19.28K,+48.5%,<.01%
04208T108,AHRT,Armada Hoffler Properties Inc,9441,1552,117K,19.23K,+19.7%,<.01%
90400D108,RARE,Ultragenyx Pharmaceutical Inc,1578,400,75K,19.01K,+34%,<.01%
69370C100,PTC,PTC Inc,523,108,92K,19K,+26%,<.01%
29415F104,NVST,Envista Holdings Corp,5646,755,136K,18.19K,+15.4%,<.01%
G8232Y101,PENG,SMART Global Holdings Inc,20277,957,384K,18.12K,+5%,<.01%
65341D102,NXRT,NexPoint Residential Trust Inc,3163,520,109K,17.92K,+19.7%,<.01%
09627Y109,BPMC,Blueprint Medicines Corp,872,193,80K,17.71K,+28.4%,<.01%
72651A207,PAGP,Plains GP Holdings LP,60313,1083,962K,17.27K,+1.8%,<.01%
40131M109,GH,Guardant Health Inc,2702,614,73K,16.59K,+29.4%,<.01%
866082100,INN,Summit Hotel Properties Inc,14687,2415,99K,16.28K,+19.7%,<.01%
38046C109,GOGO,Gogo Inc,28332,1538,287K,15.58K,+5.7%,<.01%
48203R104,JNPR,Juniper Networks Inc,8723,522,257K,15.38K,+6.4%,<.01%
879360105,TDY,Teledyne Technologies Inc,181,34,81K,15.22K,+23.1%,<.01%
09263B108,BKSY,BlackSky Technology Inc,43346,10701,61K,15.06K,+32.8%,<.01%
736508847,POR,Portland General Electric Co,22856,321,991K,13.92K,+1.4%,<.01%
875372203,TNDM,Tandem Diabetes Care Inc,5900,467,175K,13.85K,+8.6%,<.01%
92189H862,MIG,VanEck Moody's Analytics IG Corporate B,224640,640,4.8M,13.68K,+0.3%,<.01%
04280A100,ARWR,Arrowhead Pharmaceuticals Inc,2395,447,73K,13.62K,+22.9%,<.01%
74051N102,PINC,Premier Inc,3289,601,74K,13.52K,+22.4%,<.01%
344419106,FMX,Fomento Economico Mexicano SAB de CV,318,104,41K,13.41K,+48.6%,<.01%
302130109,EXPD,Expeditors International of Washington,31481,105,4M,13.35K,+0.3%,<.01%
87918A105,TDOC,Teladoc Health Inc,3589,606,77K,13K,+20.3%,<.01%
91359E105,UHT,Universal Health Realty Income Trust,1803,296,78K,12.81K,+19.6%,<.01%
04013V108,ACRE,Ares Commercial Real Estate Corp,386179,1219,4M,12.63K,+0.3%,<.01%
03152W109,FOLD,Amicus Therapeutics Inc,4657,873,66K,12.37K,+23.1%,<.01%
518415104,LSCC,Lattice Semiconductor Corp,357,174,25K,12.18K,+95.1%,<.01%
00217Y104,ATS,ATS Corp,764,271,33K,11.71K,+55%,<.01%
77634L105,,R1 RCM Inc,6141,1044,65K,11.05K,+20.5%,<.01%
913903100,UHS,Universal Health Services Inc,1070,66,163K,10.05K,+6.6%,<.01%
92189F643,MOAT,VanEck Morningstar Wide Moat ETF,112,112,10K,10K,NEW,<.01%
45826J105,NTLA,Intellia Therapeutics Inc,1942,327,59K,9.93K,+20.2%,<.01%
69404D108,PACB,Pacific Biosciences of California Inc,4410,917,43K,8.94K,+26.3%,<.01%
24665A103,DK,Delek US Holdings Inc,13643,340,352K,8.77K,+2.6%,<.01%
02081G201,ATEC,Alphatec Holdings Inc,9273,570,140K,8.61K,+6.5%,<.01%
G45667105,,Hollysys Automation Technologies Ltd,1106,325,29K,8.52K,+41.6%,<.01%
02215L209,KNTK,Kinetik Holdings Inc,7366,245,246K,8.18K,+3.4%,<.01%
744320102,PRU,Prudential Financial Inc,9171,78,951K,8.09K,+0.9%,<.01%
92189F593,MOTI,VanEck Morningstar International Moat E,271,271,8K,8K,NEW,<.01%
127203107,WHD,Cactus Inc,1539782,176,69.91M,7.99K,+0%,0.13%
852312305,STAA,STAAR Surgical Co,3438,254,107K,7.91K,+8%,<.01%
36315X101,LKFT,Galapagos NV,1147,191,47K,7.83K,+20%,<.01%
30050B101,EVH,Evolent Health Inc,2317,222,77K,7.38K,+10.6%,<.01%
M5425M103,INMD,Inmode Ltd,26859,330,597K,7.33K,+1.2%,<.01%
37611X100,DNA.MX,Ginkgo Bioworks Holdings Inc,23737,4346,40K,7.32K,+22.4%,<.01%
71944F106,PHR,Phreesia Inc,1096,317,25K,7.23K,+40.7%,<.01%
058498106,BALL,Ball Corp,10904,124,627K,7.13K,+1.2%,<.01%
67000B104,NOVT,Novanta Inc,226,41,38K,6.89K,+22.2%,<.01%
518613203,LAUR,Laureate Education Inc,937,486,13K,6.74K,+107.8%,<.01%
7591EP100,RF,Regions Financial Corp,23708,333,459K,6.45K,+1.4%,<.01%
64049M209,NEO,NeoGenomics Inc,2374,402,38K,6.43K,+20.4%,<.01%
G037AX101,AMBA,Ambarella Inc,395,100,24K,6.08K,+33.9%,<.01%
92189H730,SMOT,Vaneck Morningstar SMID Moat ETF,200,200,6K,6K,NEW,<.01%
68213N109,OMCL,Omnicell Inc,944,156,36K,5.95K,+19.8%,<.01%
450056106,IRTC,iRhythm Technologies Inc,534,54,57K,5.76K,+11.2%,<.01%
683344105,ONTO,Onto Innovation Inc,157,37,24K,5.66K,+30.8%,<.01%
353469109,FC,Franklin Covey Co,6154,129,268K,5.62K,+2.1%,<.01%
72815L107,PLTK,Playtika Holding Corp,23997,640,209K,5.57K,+2.7%,<.01%
25809K105,DASH,DoorDash Inc,33710,49,3.33M,4.85K,+0.1%,<.01%
74767V109,QS,QuantumScape Corp,121428,690,844K,4.8K,+0.6%,<.01%
20440T300,LND,Cia Brasileira de Distribuicao,101665,5930,81K,4.72K,+6.2%,<.01%
90353T100,UBER,Uber Technologies Inc,11807,70,727K,4.31K,+0.6%,<.01%
021369103,ALTR,Altair Engineering Inc,331,49,28K,4.15K,+17.4%,<.01%
L44385109,GLOB,Globant SA,162,17,39K,4.09K,+11.7%,<.01%
464287432,TLT,iShares 20 plus Year Treasury Bond ETF,40,40,4K,4K,NEW,<.01%
811543107,SEB,Seaboard Corp,16,1,57K,3.56K,+6.7%,<.01%
67623C109,OPI,Office Properties Income Trust,1370,476,10K,3.47K,+53.2%,<.01%
92189F437,ANGL,VanEck Fallen Angel High Yield Bond ETF,5532,114,159K,3.28K,+2.1%,<.01%
844895102,SWX,Southwest Gas Holdings Inc,628,49,40K,3.12K,+8.5%,<.01%
65341B106,XIFR,NextEra Energy Partners LP,1550,99,47K,3K,+6.8%,<.01%
44332N106,HTHT,Huazhu Group Ltd,100,100,3K,3K,NEW,<.01%
464289438,IWY,iShares Russell Top 200 Growth ETF,16,16,3K,3K,NEW,<.01%
92189F486,FLTR,VanEck IG Floating Rate ETF,106,106,3K,3K,NEW,<.01%
92942W107,KLG,WK Kellogg Co,195,195,3K,3K,NEW,<.01%
92189H300,EMLC,VanEck J.P. Morgan EM Local Currency,1681,103,43K,2.63K,+6.5%,<.01%
92189F676,SMH,VanEck Semiconductor ETF,30,14,5K,2.33K,+87.5%,<.01%
256135203,RDY,Dr Reddy's Laboratories Ltd,337,33,23K,2.25K,+10.9%,<.01%
377322102,GKOS,Glaukos Corp,1961,27,156K,2.15K,+1.4%,<.01%
56600D107,MRVI,Maravai LifeSciences Holdings Inc,2324,318,15K,2.05K,+15.9%,<.01%
68629Y103,ONL,Orion Office REIT Inc,999,334,6K,2.01K,+50.2%,<.01%
464289420,IWX,iShares Russell Top 200 Value ETF,34,34,2K,2K,NEW,<.01%
465562106,ITUB,Itau Unibanco Holding SA,2407,242,17K,1.71K,+11.2%,<.01%
N2451R105,CVAC,CureVac NV,2760,377,12K,1.64K,+15.8%,<.01%
M70700105,NNOX,Nano-X Imaging Ltd,18664,255,119K,1.63K,+1.4%,<.01%
114340102,AZTA,Azenta Inc,1114,24,73K,1.57K,+2.2%,<.01%
07373V105,BEAM,Beam Therapeutics Inc,1145,57,31K,1.54K,+5.2%,<.01%
02005N100,ALLY,Ally Financial Inc,4073,42,142K,1.46K,+1%,<.01%
205826209,CMTL,Comtech Telecommunications Corp,11234,153,95K,1.29K,+1.4%,<.01%
405217100,HAIN,Hain Celestial Group Inc/The,8677,106,95K,1.16K,+1.2%,<.01%
03662Q105,ANSS,ANSYS Inc,268,3,97K,1.09K,+1.1%,<.01%
35952H601,FCEL,FuelCell Energy Inc,3954,662,6K,1K,+20.1%,<.01%
450047303,IRS,IRSA Inversiones y Representaciones SA,132,132,1K,1K,NEW,<.01%
92189F841,HAP,VanEck Natural Resources ETF,17,17,1K,1K,NEW,<.01%
864482104,SPH,Suburban Propane Partners LP,562,47,10K,836.3,+9.1%,<.01%
61218C103,MNTK,Montauk Renewables Inc,1260,94,11K,820.63,+8.1%,<.01%
02217A102,AMPS,Altus Power Inc,1395,105,10K,752.69,+8.1%,<.01%
502160104,LXU,LSB Industries Inc,2731,74,25K,677.41,+2.8%,<.01%
761624105,REX,REX American Resources Corp,154,13,7K,590.91,+9.2%,<.01%
92189F601,NLR,VanEck Uranium plus Nuclear Energy ETF,29,8,2K,551.72,+38.1%,<.01%
184499101,CLNE,Clean Energy Fuels Corp,1957,148,7K,529.38,+8.2%,<.01%
92189H409,HYD,VanEck High Yield Muni ETF,580,10,30K,517.24,+1.8%,<.01%
78397Q109,SES,SES AI Corp,2701,217,5K,401.7,+8.7%,<.01%
92189H201,ITM,VanEck Intermediate Muni ETF,645,5,30K,232.56,+0.8%,<.01%
92189F536,MLN,VanEck Long Muni ETF,1131,10,21K,185.68,+0.9%,<.01%
92189H102,DURA,VanEck Durable High Dividend ETF,154155,0,4.78M,0,NO CHANGE,<.01%
92189H821,DAPP,VanEck Digital Transformation ETF,375000,0,3.85M,0,NO CHANGE,<.01%
92189H813,SMI,VanEck HIP Sustainable Muni ETF,50000,0,2.32M,0,NO CHANGE,<.01%
92189Y105,MOTE,Vaneck Morningstar ESG Moat ETF,50000,0,1.28M,0,NO CHANGE,<.01%
36118L106,FUTU,Futu Holdings Ltd,18000,0,983K,0,NO CHANGE,<.01%
91531W106,TIGR,Up Fintech Holding Ltd,74181,0,328K,0,NO CHANGE,<.01%
98149E303,GLDM,SPDR Gold MiniShares Trust,5993,0,245K,0,NO CHANGE,<.01%
464285204,IAU,iShares Gold Trust,6254,0,244K,0,NO CHANGE,<.01%
896239100,TRMB,Trimble Inc,3532,0,188K,0,NO CHANGE,<.01%
92189F445,IHY,VanEck International High Yield Bond ET,4041,0,84K,0,NO CHANGE,<.01%
92189F429,PFXF,VanEck Preferred Securities ex Financia,3795,0,65K,0,NO CHANGE,<.01%
477839104,JBTM,John Bean Technologies Corp,642,0,64K,0,NO CHANGE,<.01%
92189F411,BIZD,VanEck BDC Income ETF,3996,0,64K,0,NO CHANGE,<.01%
423403104,MOMO,Hello Group Inc,7856,0,55K,0,NO CHANGE,<.01%
01609W102,BABA,Alibaba Group Holding Ltd,665,0,52K,0,NO CHANGE,<.01%
88830M102,TWI,Titan International Inc,3380,0,50K,0,NO CHANGE,<.01%
08579W103,BERY,Berry Plastics Group Inc,696,0,47K,0,NO CHANGE,<.01%
368736104,GNRC,Generac Holdings Inc,310,0,40K,0,NO CHANGE,<.01%
92189F353,HYEM,VanEck Emerging Markets High Yield Bond,2139,0,40K,0,NO CHANGE,<.01%
G16258108,BEP,Brookfield Renewable Partners LP,1200,0,32K,0,NO CHANGE,<.01%
92189F452,MORT,VanEck Mortgage REIT Income ETF,2556,0,30K,0,NO CHANGE,<.01%
92189F460,XMPT,VanEck CEF Muni Income ETF,742,0,16K,0,NO CHANGE,<.01%
92189Y402,IBOT,VanEck Robotics ETF,218,0,9K,0,NO CHANGE,<.01%
26922A420,QTUM,Defiance Quantum ETF,154,0,8K,0,NO CHANGE,<.01%
92189F502,SMOG,VanEck Low Carbon Energy ETF,59,0,7K,0,NO CHANGE,<.01%
26922A289,UFOX,Defiance Next Gen Connectivity ETF,161,0,6K,0,NO CHANGE,<.01%
37954Y780,SNSR,Global X Internet of Things ETF,136,0,5K,0,NO CHANGE,<.01%
92189F114,ESPO,VanEck Video Gaming and eSports ETF,84,0,5K,0,NO CHANGE,<.01%
92189F387,SHYD,VanEck Short High Yield MuniETF,232,0,5K,0,NO CHANGE,<.01%
92189F692,PPH,VanEck Pharmaceutical ETF,64,0,5K,0,NO CHANGE,<.01%
37954Y442,CLOU,Global X Cloud Computing ETF,163,0,4K,0,NO CHANGE,<.01%
92189H805,REMX,VanEck Rare Earth and Strategic Metals,62,0,4K,0,NO CHANGE,<.01%
37950E416,SOCL,Global X Social Media ETF,66,0,3K,0,NO CHANGE,<.01%
80880W106,SCLX,Scilex Holding Co,1610,0,3K,0,NO CHANGE,<.01%
92189F726,BBH,VanEck Biotech ETF,21,0,3K,0,NO CHANGE,<.01%
92189Y204,EMET,VanEck Green Metals ETF,137,0,3K,0,NO CHANGE,<.01%
37954Y285,,Global X Telemedicine & Digital Health,177,0,2K,0,NO CHANGE,<.01%
92189H797,,VanEck Future of Food ETF,151,0,2K,0,NO CHANGE,<.01%
53960E205,LOCL,Local Bounti Corp,427,0,1K,0,NO CHANGE,<.01%
39813G109,GDYN,Grid Dynamics Holdings Inc,301,-4,4K,-53.16,-1.3%,<.01%
G6674U108,NVCR,Novocure Ltd,15068,-5,225K,-74.66,-0%,<.01%
46269C102,IRDM,Iridium Communications Inc,37442,-3,1.54M,-123.47,-0%,<.01%
98980A105,ZTO,ZTO Express Cayman Inc,667,-16,14K,-335.83,-2.3%,<.01%
60855R100,MOH,Molina Healthcare Inc,11249,-2,4.06M,-722.55,-0%,<.01%
60510V108,AVO,Mission Produce Inc,2389,-87,24K,-874.01,-3.5%,<.01%
92847W103,VITL,Vital Farms Inc,1452,-56,23K,-887.05,-3.7%,<.01%
26622P107,DOCS,Doximity Inc,1876,-33,53K,-932.3,-1.7%,<.01%
02361E108,AMRC,Ameresco Inc,620,-29,20K,-935.48,-4.5%,<.01%
400506101,PAC,Grupo Aeroportuario del Pacifico SAB de,71,-7,12K,-1.18K,-9%,<.01%
126633205,UAN,CVR Partners LP,363,-18,24K,-1.19K,-4.7%,<.01%
39986L109,GRWG,GrowGeneration Corp,8273,-483,21K,-1.23K,-5.5%,<.01%
46591M109,JOYY,YY Inc,2936,-31,117K,-1.24K,-1%,<.01%
02376R102,AAL,American Airlines Group Inc,28068,-90,386K,-1.24K,-0.3%,<.01%
87266J104,TPICQ,TPI Composites Inc,2500,-345,10K,-1.38K,-12.1%,<.01%
226406106,CRESY,Cresud SACIF y A,3311,-162,31K,-1.52K,-4.7%,<.01%
143658300,CCL,Carnival Corp,30549,-94,566K,-1.74K,-0.3%,<.01%
46137V100,PPA,Invesco Aerospace & Defense ETF,51,-18,5K,-1.76K,-26.1%,<.01%
G27907107,DOLE,Dole PLC,3440,-147,42K,-1.79K,-4.1%,<.01%
374396406,GEVO,Gevo Inc,0,-1925,0,-2K,CLOSE,0%
31154R109,FPI,Farmland Partners Inc,2428,-164,30K,-2.03K,-6.3%,<.01%
69047Q102,OVV,Ovintiv Inc,6939,-49,304K,-2.15K,-0.7%,<.01%
G36738105,DMC,Fresh Del Monte Produce Inc,2109,-97,55K,-2.53K,-4.4%,<.01%
668074305,NWE,Northwestern Energy Group Inc,14396,-52,732K,-2.64K,-0.4%,<.01%
29109X106,AZPN,Aspen Technology Inc,169,-13,37K,-2.85K,-7.1%,<.01%
644393100,NFE,New Fortress Energy Inc,3546,-77,134K,-2.91K,-2.1%,<.01%
90184D100,TWST,Twist Bioscience Corp,546,-82,20K,-3K,-13.1%,<.01%
22266T109,CPNG,Coupang Inc,373,-190,6K,-3.06K,-33.7%,<.01%
817070501,SENEA,Seneca Foods Corp,596,-65,31K,-3.38K,-9.8%,<.01%
465741106,ITRI,Itron Inc,850,-45,64K,-3.39K,-5%,<.01%
67421J108,,Oatly Group AB,100818,-3110,119K,-3.67K,-3%,<.01%
63888U108,NGVC,Natural Grocers by Vitamin Cottage Inc,2154,-236,34K,-3.73K,-9.9%,<.01%
M8737E108,,Taro Pharmaceutical Industries Ltd,2844,-90,119K,-3.77K,-3.1%,<.01%
500754106,KHC,Kraft Heinz Co/The,50897,-104,1.88M,-3.85K,-0.2%,<.01%
29415B103,EVA,Enviva Inc,0,-550,0,-4K,CLOSE,0%
867652406,,SunPower Corp,1537,-888,7K,-4.04K,-36.6%,<.01%
G4412G101,HLF,Herbalife Nutrition Ltd,7456,-266,114K,-4.07K,-3.4%,<.01%
74167P108,PRMW,Primo Water Corp,1473,-325,22K,-4.85K,-18.1%,<.01%
034164103,ANDE,Andersons Inc/The,1779,-87,102K,-4.99K,-4.7%,<.01%
87968A104,TELL,Tellurian Inc,0,-4567,0,-5K,CLOSE,0%
911163103,UNFI,United Natural Foods Inc,5928,-332,96K,-5.38K,-5.3%,<.01%
8676EP108,STKL,SunOpta Inc,13789,-1033,75K,-5.62K,-7%,<.01%
810186106,SMG,Scotts Miracle-Gro Co/The,2344,-89,149K,-5.66K,-3.7%,<.01%
G7T16G103,SPNS,Sapiens International Corp NV,9584,-203,277K,-5.87K,-2.1%,<.01%
128246105,CVGW,Calavo Growers Inc,1772,-218,52K,-6.4K,-11%,<.01%
636180101,NFG,National Fuel Gas Co,1509,-128,76K,-6.45K,-7.8%,<.01%
157210105,CEVA,Ceva Inc,5267,-299,120K,-6.81K,-5.4%,<.01%
019770106,ALLO,Allogene Therapeutics Inc,0,-2337,0,-7K,CLOSE,0%
88554D205,DDD,3D Systems Corp,0,-1449,0,-7K,CLOSE,0%
082490103,,Benson Hill Inc,0,-21158,0,-7K,CLOSE,0%
015857105,AQN,Algonquin Power & Utilities Corp,6902,-1125,44K,-7.17K,-14%,<.01%
532746104,LMNR,Limoneira Co,2015,-353,42K,-7.36K,-14.9%,<.01%
05968L102,CIB,BanColombia SA,0,-310,0,-8K,CLOSE,0%
98887Q104,ZLAB,Zai Lab Ltd,0,-340,0,-8K,CLOSE,0%
91325V108,UNIT,Uniti Group Inc,46793,-1493,270K,-8.61K,-3.1%,<.01%
05379B107,AVA,Avista Corp,17241,-262,616K,-9.36K,-1.5%,<.01%
19247A100,CNS,Cohen & Steers Inc,357,-124,27K,-9.38K,-25.8%,<.01%
68389X105,ORCL,Oracle Corp,34940,-89,3.68M,-9.38K,-0.3%,<.01%
902681105,UGI,UGI Corp,3493,-389,86K,-9.58K,-10%,<.01%
00650F109,ADPT,Adaptive Biotechnologies Corp,0,-1787,0,-10K,CLOSE,0%
71880K101,PHIN,PHINIA INC,0,-380,0,-10K,CLOSE,0%
826919102,SLAB,Silicon Laboratories Inc,0,-82,0,-10K,CLOSE,0%
66765N105,NWN,Northwest Natural Holding Co,8073,-258,314K,-10.03K,-3.1%,<.01%
M9T951109,ZIM,ZIM Integrated Shipping Services Ltd,32663,-1023,322K,-10.08K,-3%,<.01%
871332102,SLVM,Sylvamo Corp,886,-207,44K,-10.28K,-18.9%,<.01%
G02602103,DOX,Amdocs Ltd,33158,-118,2.91M,-10.37K,-0.4%,<.01%
68989M202,OUST,Ouster Inc,0,-2281,0,-11K,CLOSE,0%
419870100,HE,Hawaiian Electric Industries Inc,24834,-793,352K,-11.24K,-3.1%,<.01%
44842L103,HCM,Hutchmed China Ltd,669,-665,12K,-11.93K,-49.9%,<.01%
03674X106,AR,Antero Resources Corp,4626,-543,105K,-12.32K,-10.5%,<.01%
M7516K103,NVMI,Nova Ltd,6132,-91,842K,-12.5K,-1.5%,<.01%
G0751N103,,Atlantica Sustainable Infrastructure PL,23464,-600,504K,-12.89K,-2.5%,<.01%
845467109,SWN,Southwestern Energy Co,17290,-2022,113K,-13.21K,-10.5%,<.01%
984245100,YPF,YPF SA,6548,-780,113K,-13.46K,-10.6%,<.01%
19239V302,CCOI,Cogent Communications Holdings Inc,8599,-177,654K,-13.46K,-2%,<.01%
626755102,MUSA,Murphy USA Inc,326,-38,116K,-13.52K,-10.4%,<.01%
70014A104,PKE,Park Aerospace Corp,6236,-917,92K,-13.53K,-12.8%,<.01%
626717102,MUR,Murphy Oil Corp,2444,-321,104K,-13.66K,-11.6%,<.01%
M20791105,CAMT,Camtek Ltd/Israel,8181,-200,568K,-13.89K,-2.4%,<.01%
674215207,CHRD,Oasis Petroleum Inc,663,-85,110K,-14.1K,-11.4%,<.01%
092113109,BKH,Black Hills Corp,15171,-290,818K,-15.64K,-1.9%,<.01%
74762E102,PWR,Quanta Services Inc,1776,-74,383K,-15.96K,-4%,<.01%
629377508,NRG,NRG ENERGY INC,3083,-317,159K,-16.35K,-9.3%,<.01%
G9451V109,VINP,Vinci Partners Investments Ltd,15390,-1507,169K,-16.55K,-8.9%,<.01%
05351W103,AGR,Avangrid Inc,17051,-513,553K,-16.64K,-2.9%,<.01%
20441A102,SBS,Cia de Saneamento Basico do Estado de S,6840,-1121,104K,-17.04K,-14.1%,<.01%
M7S64H106,MNDY,Monday.com Ltd,8373,-95,1.57M,-17.85K,-1.1%,<.01%
030371108,AVD,American Vanguard Corp,0,-1605,0,-18K,CLOSE,0%
784305104,HTO,SJW Group,7466,-276,488K,-18.04K,-3.6%,<.01%
260003108,DOV,Dover Corp,39226,-118,6.03M,-18.15K,-0.3%,0.01%
72703X106,PL,Planet Labs PBC,85274,-7573,211K,-18.74K,-8.2%,<.01%
33830Q109,FEAM,5E Advanced Materials Inc,314920,-13420,444K,-18.92K,-4.1%,<.01%
55277P104,MGEE,MGE Energy Inc,8203,-262,593K,-18.94K,-3.1%,<.01%
44951Y102,,Hyzon Motors Inc,524637,-21556,470K,-19.31K,-3.9%,<.01%
69318G106,PBF,PBF Energy Inc,24160,-461,1.06M,-20.26K,-1.9%,<.01%
81725T100,SXT,Sensient Technologies Corp,3632,-308,240K,-20.35K,-7.8%,<.01%
445658107,JBHT,JB Hunt Transport Services Inc,11863,-103,2.37M,-20.58K,-0.9%,<.01%
95058W100,WEN,Wendy's/Arby's Group Inc,2890,-1085,56K,-21.02K,-27.3%,<.01%
47759T100,JKS,JinkoSolar Holding Co Ltd,13789,-590,509K,-21.78K,-4.1%,<.01%
03743Q108,APA,APA Corp,5093,-615,183K,-22.1K,-10.8%,<.01%
84857L101,SR,Spire Inc,11588,-369,722K,-22.99K,-3.1%,<.01%
05465P101,AXNX,Axonics Inc,2192,-373,136K,-23.14K,-14.5%,<.01%
646025106,NJR,New Jersey Resources Corp,1421,-527,63K,-23.36K,-27.1%,<.01%
M51474118,GILT,Gilat Satellite Networks Ltd,36443,-4004,223K,-24.5K,-9.9%,<.01%
68235P108,OGS,ONE Gas Inc,12410,-396,791K,-25.24K,-3.1%,<.01%
018522300,ALE,ALLETE Inc,12994,-415,795K,-25.39K,-3.1%,<.01%
69349H107,TXNM,PNM Resources Inc,19275,-615,802K,-25.59K,-3.1%,<.01%
029899101,AWR,American States Water Co,8698,-325,700K,-26.16K,-3.6%,<.01%
130788102,CWT,California Water Service Group,13568,-507,704K,-26.31K,-3.6%,<.01%
535555106,LNN,Lindsay Corp,2423,-207,313K,-26.74K,-7.9%,<.01%
68375N103,OPK,Opko Health Inc,132935,-17836,201K,-26.97K,-11.8%,<.01%
754907103,RYN,RAYONIER INC,3741,-844,125K,-28.2K,-18.4%,<.01%
428291108,HXL,Hexcel Corp,4171,-385,308K,-28.43K,-8.5%,<.01%
803866300,SSL,Sasol Ltd,32696,-2931,325K,-29.13K,-8.2%,<.01%
136385101,CNQ,Canadian Natural Resources Ltd,61330,-449,4.01M,-29.33K,-0.7%,<.01%
83406F102,SOFI,SoFi Technologies Inc,191593,-2997,1.91M,-29.81K,-1.5%,<.01%
00857U107,AGL,agilon health Inc,1736,-2375,22K,-30.1K,-57.8%,<.01%
11275Q107,BIPC.TO,Brookfield Infrastructure Corp,26891,-858,949K,-30.28K,-3.1%,<.01%
M8744T106,TBLA,Taboola.com Ltd,62568,-7201,271K,-31.19K,-10.3%,<.01%
205887102,CAG,Conagra Brands Inc,24118,-1107,692K,-31.76K,-4.4%,<.01%
63008G203,NNDM,Nano Dimension Ltd,72775,-13529,175K,-32.53K,-15.7%,<.01%
451107106,IDA,IDACORP Inc,11887,-332,1.17M,-32.65K,-2.7%,<.01%
585464100,MLCO,Melco Resorts & Entertainment Ltd,46970,-3704,417K,-32.88K,-7.3%,<.01%
45826H109,ITGR,Integer Holdings Corp,1396,-337,138K,-33.31K,-19.4%,<.01%
009066101,ABNB,Airbnb Inc,2904,-246,395K,-33.46K,-7.8%,<.01%
92552V100,VSAT,Viasat Inc,14477,-1247,405K,-34.89K,-7.9%,<.01%
M85548101,SSYS,Stratasys Ltd,17841,-2465,255K,-35.23K,-12.1%,<.01%
453038408,IMO,Imperial Oil Ltd,2788,-625,159K,-35.64K,-18.3%,<.01%
235851102,DHR,Danaher Corp,13767,-157,3.19M,-36.32K,-1.1%,<.01%
128030202,CALM,Cal-Maine Foods Inc,7141,-634,410K,-36.4K,-8.2%,<.01%
934423104,WBD,Warner Bros Discovery Inc,55117,-3286,628K,-37.44K,-5.6%,<.01%
74834L100,DGX,QUEST DIAGNOSTICS INC,2272,-275,313K,-37.89K,-10.8%,<.01%
69888T207,PARR,Par Pacific Holdings Inc,12531,-1057,456K,-38.46K,-7.8%,<.01%
L00849106,AGRO,adecoagro sa,38062,-3498,422K,-38.78K,-8.4%,<.01%
440452100,HRL,Hormel Foods Corp,3330,-1247,107K,-40.07K,-27.2%,<.01%
690742101,OC,Owens Corning,39294,-272,5.83M,-40.32K,-0.7%,0.01%
89377M109,TMDX,TransMedics Group Inc,1588,-539,125K,-42.43K,-25.3%,<.01%
501044101,KR,Kroger Co/The,121699,-939,5.56M,-42.92K,-0.8%,0.01%
M81873107,RDWR,RADWARE Ltd,7521,-2584,125K,-42.95K,-25.6%,<.01%
24703L202,DELL,Dell Technologies Inc,7404,-565,566K,-43.19K,-7.1%,<.01%
89484T104,NEXN,Tremor International Ltd,0,-12416,0,-44K,CLOSE,0%
66979W842,NMG,Nouveau Monde Graphite Inc,404163,-17040,1.05M,-44.48K,-4%,<.01%
M78673114,PERI,Perion Network Ltd,14398,-1449,444K,-44.68K,-9.1%,<.01%
770323103,RHI,Robert Half Inc,37579,-516,3.3M,-45.37K,-1.4%,<.01%
278768106,ECHO,EchoStar Corp,9411,-2764,156K,-45.82K,-22.7%,<.01%
54975P102,,Lufax Holding Ltd,0,-45030,0,-48K,CLOSE,0%
88105P103,,Terran Orbital Corp,0,-57621,0,-48K,CLOSE,0%
279158109,EC,Ecopetrol SA,34302,-4073,409K,-48.56K,-10.6%,<.01%
M3760D101,ESLT,Elbit Systems Ltd,7796,-228,1.66M,-48.61K,-2.8%,<.01%
049560105,ATO,Atmos Energy Corp,36047,-434,4.18M,-50.3K,-1.2%,<.01%
863667101,SYK,Stryker Corp,13341,-174,4M,-52.1K,-1.3%,<.01%
10949T109,BRSP,BrightSpire Capital Inc,797790,-7144,5.94M,-53.16K,-0.9%,0.01%
89455T109,TMCI,Treace Medical Concepts Inc,0,-4093,0,-54K,CLOSE,0%
693475105,PNC,PNC Financial Services Group Inc/The,67480,-357,10.45M,-55.28K,-0.5%,0.02%
10552T107,BRFS,BRF SA,46013,-20509,128K,-57.05K,-30.8%,<.01%
354613101,BEN,Franklin Resources Inc,5107,-1929,152K,-57.41K,-27.4%,<.01%
833445109,SNOW,Snowflake Inc,2880,-290,573K,-57.7K,-9.1%,<.01%
26875P101,EOG,EOG Resources Inc,33146,-482,4.01M,-58.3K,-1.4%,<.01%
G04553106,,Arco Platform Ltd,0,-4293,0,-59K,CLOSE,0%
70450Y103,PYPL,PayPal Holdings Inc,57798,-965,3.55M,-59.25K,-1.6%,<.01%
707569109,PENN,Penn National Gaming Inc,23175,-2284,603K,-59.43K,-9%,<.01%
16955F107,FUTU,Chindata Group Holdings Ltd,0,-7195,0,-60K,CLOSE,0%
G491BT108,IVZ,Invesco Ltd,8967,-3386,160K,-60.42K,-27.4%,<.01%
G01125106,AFYA,Afya Ltd,13369,-2770,293K,-60.71K,-17.2%,<.01%
36467J108,GLPI,Gaming and Leisure Properties Inc,78442,-1248,3.87M,-61.59K,-1.6%,<.01%
M2682V108,CYBR,CyberArk Software Ltd,13646,-283,2.99M,-61.99K,-2%,<.01%
65342K105,NEXT,NextDecade Corp,30464,-13319,145K,-63.39K,-30.4%,<.01%
499049104,KNX,Swift Transportation Co,0,-1276,0,-64K,CLOSE,0%
87612G101,TRGP,Targa Resources Corp,68614,-755,5.96M,-65.58K,-1.1%,0.01%
68404L201,OPCH,OPTION CARE HEALTH INC,32315,-1976,1.09M,-66.59K,-5.8%,<.01%
443201108,HWM,Howmet Aerospace Inc,8265,-1265,447K,-68.42K,-13.3%,<.01%
16679L109,CHWY,Chewy Inc,17572,-2937,415K,-69.36K,-14.3%,<.01%
29275Y102,ENS,EnerSys,11417,-690,1.15M,-69.68K,-5.7%,<.01%
142339100,CSL,Carlisle Cos Inc,6608,-228,2.06M,-71.25K,-3.3%,<.01%
05501U106,AZULQ,Azul SA,69183,-7548,670K,-73.1K,-9.8%,<.01%
000380204,,Abcam PLC,0,-3377,0,-76K,CLOSE,0%
G7500M104,RNW,ReNew Energy Global PLC,1206581,-9975,9.24M,-76.41K,-0.8%,0.02%
264147109,DCO,Ducommun Inc,5057,-1537,263K,-79.93K,-23.3%,<.01%
378973408,GSAT,Globalstar Inc,247379,-42215,480K,-81.91K,-14.6%,<.01%
G4863A108,BRSL,International Game Technology PLC,28348,-3031,777K,-83.08K,-9.7%,<.01%
23703Q203,DQ,Daqo New Energy Corp,22675,-3413,603K,-90.76K,-13.1%,<.01%
02319V103,ABEV,AMBEV SA,433628,-32444,1.21M,-90.83K,-7%,<.01%
62944T105,NVR,NVR Inc,637,-13,4.46M,-91K,-2%,<.01%
90384S303,ULTA,Ulta Beauty Inc,13646,-188,6.69M,-92.11K,-1.4%,0.01%
52567D107,LMND,Lemonade Inc,15150,-6053,244K,-97.49K,-28.5%,<.01%
M87915274,TSEM,Tower Semiconductor Ltd,33814,-3280,1.03M,-100.11K,-8.8%,<.01%
49271V100,KDP,Keurig Dr Pepper Inc,8015,-3014,267K,-100.4K,-27.3%,<.01%
G2519Y108,BAP,Credicorp Ltd,96399,-675,14.45M,-101.2K,-0.7%,0.03%
82489T104,SWAV,Shockwave Medical Inc,3135,-532,597K,-101.31K,-14.5%,<.01%
670837103,OGE,OGE Energy Corp,49208,-2934,1.72M,-102.49K,-5.6%,<.01%
695156109,PKG,Packaging Corp of America,14372,-638,2.34M,-103.92K,-4.3%,<.01%
M6158M104,ITRN,Ituran Location and Control Ltd,3814,-3847,104K,-104.9K,-50.2%,<.01%
058586108,BLDP,Ballard Power Systems Inc,1781851,-28918,6.59M,-107K,-1.6%,0.01%
98980F104,GTM,ZoomInfo Technologies Inc,0,-6515,0,-107K,CLOSE,0%
T9224W109,STVN,Stevanato Group SpA,23384,-3967,638K,-108.23K,-14.5%,<.01%
539830109,LMT,Lockheed Martin Corp,40937,-245,18.55M,-111.04K,-0.6%,0.03%
548661107,LOW,Lowe's Cos Inc,79871,-500,17.77M,-111.27K,-0.6%,0.03%
723484101,PNW,Pinnacle West Capital Corp,27700,-1593,1.99M,-114.44K,-5.4%,<.01%
40637H109,HALO,Halozyme Therapeutics Inc,18362,-3115,679K,-115.19K,-14.5%,<.01%
435763107,,Holly Energy Partners LP,0,-5292,0,-116K,CLOSE,0%
444859102,HUM,HUMANA INC,1512,-256,692K,-117.16K,-14.5%,<.01%
71654V408,PBR,Petroleo Brasileiro SA,62003,-7370,990K,-117.68K,-10.6%,<.01%
40412C101,HCA,HCA Healthcare Inc,2585,-438,700K,-118.61K,-14.5%,<.01%
88033G407,THC,Tenet Healthcare Corp,9462,-1606,715K,-121.36K,-14.5%,<.01%
29670G102,WTRG,Essential Utilities Inc,60862,-3281,2.27M,-122.53K,-5.1%,<.01%
653656108,NICE,Nice Ltd,16989,-621,3.39M,-123.88K,-3.5%,<.01%
233331107,DTE,DTE Energy Co,2987,-1147,329K,-126.34K,-27.7%,<.01%
615111101,ONT,Montrose Environmental Group Inc,82064,-3983,2.64M,-127.99K,-4.6%,<.01%
V7780T103,RCL,Royal Caribbean Cruises Ltd,1859,-990,241K,-128.34K,-34.7%,<.01%
12769G100,CZR,Caesars Entertainment Inc,32941,-2809,1.54M,-131.66K,-7.9%,<.01%
V5633W109,MMYT,MakeMyTrip Ltd,14788,-2804,695K,-131.78K,-15.9%,<.01%
80874P109,LNWO,Light & Wonder Inc,15279,-1610,1.25M,-132.24K,-9.5%,<.01%
M22465104,CHKP,Check Point Software Technologies Ltd,45652,-883,6.97M,-134.91K,-1.9%,0.01%
00287Y109,ABBV,AbbVie Inc,168013,-893,26.04M,-138.39K,-0.5%,0.05%
349553107,FTS,Fortis Inc/Canada,110026,-3509,4.53M,-144.41K,-3.1%,<.01%
64125C109,NBIX,Neurocrine Biosciences Inc,6471,-1098,853K,-144.74K,-14.5%,<.01%
103304101,BYD,Boyd Gaming Corp,16051,-2438,1M,-152.65K,-13.2%,<.01%
89417E109,TRV,Travelers Cos Inc/The,2141,-806,408K,-153.6K,-27.3%,<.01%
29364G103,ETR,Entergy Corp,47995,-1531,4.86M,-154.93K,-3.1%,<.01%
30040W108,ES,Eversource Energy,79045,-2521,4.88M,-155.61K,-3.1%,<.01%
502431109,LHX,L3Harris Technologies Inc,1990,-744,419K,-156.65K,-27.2%,<.01%
778296103,ROST,Ross Stores Inc,33928,-1149,4.7M,-159K,-3.3%,<.01%
46266C105,IQV,IQVIA Holdings Inc,117423,-690,27.17M,-159.65K,-0.6%,0.05%
018802108,LNT,Alliant Energy Corp,60523,-3153,3.1M,-161.76K,-5%,<.01%
706327103,PBA,Pembina Pipeline Corp,178690,-4706,6.15M,-161.99K,-2.6%,0.01%
026874784,AIG,American International Group Inc,14800,-2454,1M,-166.14K,-14.2%,<.01%
78410G104,SBAC,SBA Communications Corp,21277,-679,5.4M,-172.26K,-3.1%,<.01%
871829107,SYY,Sysco Corp,62316,-2394,4.56M,-175.07K,-3.7%,<.01%
194162103,CL,Colgate-Palmolive Co,47240,-2247,3.77M,-179.08K,-4.5%,<.01%
81617J301,WTTR,Select Energy Services Inc,2481310,-23809,18.83M,-180.71K,-1%,0.03%
90346E103,SLCA,US Silica Holdings Inc,1582476,-16511,17.9M,-186.74K,-1%,0.03%
64110L106,NFLX,Netflix Inc,10661,-389,5.19M,-189.41K,-3.5%,<.01%
370334104,GIS,General Mills Inc,7789,-2921,507K,-190.13K,-27.3%,<.01%
256746108,DLTR,Dollar Tree Inc,18627,-1370,2.65M,-194.61K,-6.9%,<.01%
281020107,EIX,Edison International,85712,-2734,6.13M,-195.47K,-3.1%,0.01%
73278L105,POOL,Pool Corp,6821,-506,2.72M,-201.78K,-6.9%,<.01%
15189T107,CNP,CenterPoint Energy Inc,149884,-7138,4.28M,-203.92K,-4.5%,<.01%
184496107,CLH,Clean Harbors Inc,15821,-1194,2.76M,-208.37K,-7%,<.01%
125896100,CMS,CMS Energy Corp,69966,-3622,4.06M,-210.28K,-4.9%,<.01%
552953101,MGM,MGM Resorts International,50698,-4862,2.27M,-217.22K,-8.8%,<.01%
147448104,CWST,Casella Waste Systems Inc,34189,-2607,2.92M,-222.81K,-7.1%,<.01%
12008R107,BLDR,Builders FirstSource Inc,21803,-1336,3.64M,-223.04K,-5.8%,<.01%
22822V101,CCI,Crown Castle Inc,115958,-1956,13.36M,-225.31K,-1.7%,0.02%
14149Y108,CAH,Cardinal Health Inc,22718,-2237,2.29M,-225.49K,-9%,<.01%
023608102,AEE,Ameren Corp,62621,-3118,4.53M,-225.56K,-4.7%,<.01%
494368103,KMB,Kimberly-Clark Corp,4880,-1860,593K,-226.02K,-27.6%,<.01%
57667L107,MTCH,Match Group Inc,0,-5828,0,-228K,CLOSE,0%
209115104,ED,Consolidated Edison Inc,78690,-2510,7.16M,-228.32K,-3.1%,0.01%
15961R105,CHPT,ChargePoint Holdings Inc,3159,-105076,7K,-232.84K,-97.1%,<.01%
96145D105,,Westrock Co,6440,-5703,267K,-236.44K,-47%,<.01%
23331A109,DHI,DR Horton Inc,48801,-1634,7.42M,-248.34K,-3.2%,0.01%
715684106,TLK,Telkom Indonesia Persero Tbk PT,72569,-9661,1.87M,-248.82K,-11.7%,<.01%
87807B107,TRP,TC Energy Corp,290600,-6379,11.36M,-249.34K,-2.1%,0.02%
655844108,NSC,Norfolk Southern Corp,34590,-1069,8.18M,-252.68K,-3%,0.01%
77543R102,ROKU,Roku Inc,4914,-2794,450K,-255.86K,-36.2%,<.01%
20441B605,ELP,Cia Paranaense de Energia,0,-29347,0,-257K,CLOSE,0%
69351T106,PPL,PPL Corp,178384,-9500,4.83M,-257.44K,-5.1%,<.01%
921078101,OUNZ,VanEck Merk Gold Shares,914963,-12946,18.26M,-258.41K,-1.4%,0.03%
82489W107,SHLS,Shoals Technologies Group Inc,162641,-16867,2.53M,-262.17K,-9.4%,<.01%
858912108,SRCL,Stericycle Inc,83988,-5410,4.16M,-268.09K,-6.1%,<.01%
969457100,WMB,Williams Cos Inc/The,340273,-7870,11.85M,-274.12K,-2.3%,0.02%
337932107,FE,FirstEnergy Corp,132974,-7519,4.88M,-275.66K,-5.4%,<.01%
22788C105,CRWD,Crowdstrike Holdings Inc,2681,-1096,685K,-280.03K,-29%,<.01%
50202P105,,Li-Cycle Holdings Corp,2760,-388903,2K,-281.81K,-99.3%,<.01%
25746U109,D,Dominion Energy Inc,189604,-6048,8.91M,-284.24K,-3.1%,0.02%
025537101,AEP,American Electric Power Co Inc,116831,-3726,9.49M,-302.63K,-3.1%,0.02%
H17182108,CRSP,CRISPR Therapeutics AG,67841,-4989,4.25M,-312.32K,-6.9%,<.01%
30069T101,EE,Excelerate Energy Inc,488310,-20364,7.55M,-314.82K,-4%,0.01%
G7S00T104,PNR,Pentair PLC,2640,-4375,192K,-318.18K,-62.4%,<.01%
25179M103,DVN,Devon Energy Corp,93457,-7211,4.23M,-326.61K,-7.2%,<.01%
252131107,DXCM,DexCom Inc,17959,-2674,2.23M,-331.89K,-13%,<.01%
92939U106,WEC,WEC Energy Group Inc,76198,-4025,6.41M,-338.75K,-5%,0.01%
226344208,,Crestwood Equity Partners LP,0,-12119,0,-354K,CLOSE,0%
053332102,AZO,AutoZone Inc,1696,-138,4.38M,-356.8K,-7.5%,<.01%
892356106,TSCO,Tractor Supply Co,34087,-1681,7.33M,-361.48K,-4.7%,0.01%
83304A106,SNAP,Snap Inc,35874,-21431,607K,-362.62K,-37.4%,<.01%
33813J106,FSRNQ,Fisker Inc,0,-57411,0,-369K,CLOSE,0%
80105N105,SNY,Sanofi SA/France,401374,-7633,19.96M,-379.58K,-1.9%,0.04%
56585A102,MPC,Marathon Petroleum Corp,22546,-2562,3.35M,-380.11K,-10.2%,<.01%
60741F104,MBLY,Mobileye Global Inc,8789,-8902,381K,-385.9K,-50.3%,<.01%
38141G104,GS,Goldman Sachs Group Inc/The,0,-1232,0,-399K,CLOSE,0%
03753U106,APLS,APELLIS PHARMACEUTICALS INC,0,-10601,0,-403K,CLOSE,0%
83422N105,SLDP,Solid Power Inc,0,-204770,0,-414K,CLOSE,0%
916896103,UEC,Uranium Energy Corp,1355172,-66030,8.67M,-422.59K,-4.6%,0.02%
98389B100,XEL,Xcel Energy Inc,132728,-6907,8.22M,-427.6K,-4.9%,0.01%
85859N102,,Stem Inc,1413576,-113380,5.49M,-439.94K,-7.4%,<.01%
29250N105,ENB,Enbridge Inc,547203,-12271,19.77M,-443.41K,-2.2%,0.04%
30161N101,EXC,Exelon Corp,239333,-12438,8.59M,-446.52K,-4.9%,0.02%
37045V100,GM,General Motors Co,36846,-12611,1.32M,-453.16K,-25.5%,<.01%
000957100,ABM,ABM Industries Inc,57461,-10124,2.58M,-453.86K,-15%,<.01%
66987V109,NVS,Novartis AG,215298,-4811,21.74M,-485.77K,-2.2%,0.04%
693483109,PKX,POSCO Holdings Inc,74705,-5154,7.11M,-490.18K,-6.5%,0.01%
675232102,OII,Oceaneering International Inc,2065927,-23700,43.96M,-504.34K,-1.1%,0.08%
931427108,WBA,Walgreens Boots Alliance Inc,109683,-19508,2.86M,-509.39K,-15.1%,<.01%
04040Y109,ARIS,Aris Mining Corp,6712500,-158515,22.15M,-523.07K,-2.3%,0.04%
231021106,CMI,Cummins Inc,19371,-2262,4.64M,-541.94K,-10.5%,<.01%
189054109,CLX,Clorox Co/The,84769,-3806,12.09M,-542.69K,-4.3%,0.02%
336433107,FSLR,First Solar Inc,47402,-3200,8.17M,-551.27K,-6.3%,0.01%
67103H107,ORLY,O'Reilly Automotive Inc,6718,-585,6.38M,-555.83K,-8%,0.01%
44980X109,IPGP,IPG Photonics Corp,0,-5598,0,-568K,CLOSE,0%
958102105,WDC,Western Digital Corp,0,-12516,0,-571K,CLOSE,0%
125141101,CECO,Ceco Environmental Corp,73242,-28357,1.49M,-574.95K,-27.9%,<.01%
816851109,SRE,Sempra,151206,-7696,11.3M,-575.14K,-4.8%,0.02%
853606101,SLI,Standard Lithium Ltd,2364820,-295606,4.78M,-597.13K,-11.1%,<.01%
580135101,MCD,McDonald's Corp,15682,-2090,4.65M,-619.72K,-11.8%,<.01%
92343E102,VRSN,VERISIGN INC,30742,-3012,6.33M,-620.29K,-8.9%,0.01%
880345103,TNC,Tennant Co,29137,-6752,2.7M,-625.91K,-18.8%,<.01%
928298108,VSH,VISHAY INTERTECHNOLOGY INC,0,-25439,0,-629K,CLOSE,0%
314211103,FHI,Federated Hermes Inc,1052,-18411,36K,-630.03K,-94.6%,<.01%
G4474Y214,JHG,Janus Henderson Group PLC,0,-24770,0,-640K,CLOSE,0%
500688106,KOS,Kosmos Energy Ltd,2926866,-97372,19.64M,-653.36K,-3.2%,0.04%
30063P105,EXAS,EXACT SCIENCES CORP,140390,-9078,10.39M,-671.59K,-6.1%,0.02%
74623V103,PCT,PureCycle Technologies Inc,297842,-167264,1.21M,-677.27K,-36%,<.01%
858119100,STLD,Steel Dynamics Inc,79426,-5769,9.38M,-681.3K,-6.8%,0.02%
703395103,PDCO,Patterson Cos Inc,87775,-24330,2.5M,-692.13K,-21.7%,<.01%
773903109,ROK,Rockwell Automation Inc,63724,-2231,19.79M,-692.68K,-3.4%,0.04%
74347M108,PUMP,ProPetro Holding Corp,1417471,-83222,11.88M,-697.44K,-5.5%,0.02%
03027X100,AMT,American Tower Corp,105515,-3233,22.78M,-697.95K,-3%,0.04%
256677105,DG,Dollar General Corp,20817,-5192,2.83M,-705.83K,-20%,<.01%
254543101,DIOD,Diodes Inc,0,-9040,0,-713K,CLOSE,0%
292562105,WIRE,Encore Wire Corp,0,-3934,0,-718K,CLOSE,0%
737630103,PCH,PotlatchDeltic Corp,1969,-14678,97K,-723.09K,-88.2%,<.01%
00402L107,ASO,Academy Sports & Outdoors Inc,0,-15447,0,-730K,CLOSE,0%
007973100,AEIS,Advanced Energy Industries Inc,0,-7139,0,-736K,CLOSE,0%
34964C106,FBIN,Fortune Brands Innovations Inc,26194,-9693,1.99M,-737.87K,-27%,<.01%
482497104,BEKE,KE Holdings Inc,1097679,-45533,17.79M,-738.07K,-4%,0.03%
009158106,APD,Air Products and Chemicals Inc,27885,-2706,7.63M,-740.91K,-8.8%,0.01%
423452101,HP,Helmerich & Payne Inc,1887117,-20611,68.35M,-746.54K,-1.1%,0.12%
001744101,AMN,AMN Healthcare Services Inc,0,-8820,0,-751K,CLOSE,0%
70432V102,PAYC,Paycom Software Inc,8454,-3670,1.75M,-758.83K,-30.3%,<.01%
81141R100,SE,Sea Ltd,933175,-18765,37.79M,-759.99K,-2%,0.07%
26142V105,DKNG,DraftKings Inc,105896,-21941,3.73M,-773.45K,-17.2%,<.01%
49456B101,KMI,Kinder Morgan Inc,598657,-43872,10.56M,-773.88K,-6.8%,0.02%
67079K100,SMR,NuScale Power Corp,0,-158470,0,-777K,CLOSE,0%
98585X104,YETI,YETI Holdings Inc,0,-16171,0,-780K,CLOSE,0%
82509L107,SHOP,Shopify Inc,65951,-10221,5.14M,-796.28K,-13.4%,<.01%
057665200,BCPC,Balchem Corp,65897,-5567,9.8M,-828.08K,-7.8%,0.02%
68622V106,OGN,Organon & Co,245591,-57588,3.54M,-830.32K,-19%,<.01%
931142103,WMT,Walmart Inc,84667,-5276,13.35M,-831.78K,-5.9%,0.02%
21036P108,STZ,Constellation Brands Inc,59211,-3517,14.31M,-850.28K,-5.6%,0.03%
35138V102,FOXF,Fox Factory Holding Corp,0,-8629,0,-855K,CLOSE,0%
22576C101,,Crescent Point Energy Corp,0,-104980,0,-871K,CLOSE,0%
47215P106,JD,JD.com Inc,168001,-30240,4.85M,-873.71K,-15.3%,<.01%
G97822103,PRGO,Perrigo Co PLC,137532,-27613,4.43M,-888.63K,-16.7%,<.01%
50202M102,LI,Li Auto Inc,212674,-23788,7.96M,-890.34K,-10.1%,0.01%
565849106,MRO,Marathon Oil Corp,848955,-37002,20.51M,-893.98K,-4.2%,0.04%
885160101,THO,Thor Industries Inc,0,-9614,0,-915K,CLOSE,0%
G50871105,JAZZ,Jazz Pharmaceuticals PLC,78008,-7514,9.6M,-924.22K,-8.8%,0.02%
609207105,MDLZ,Mondelez International Inc,137430,-12978,9.95M,-939.99K,-8.6%,0.02%
83056P715,SKE,Skeena Resources Ltd,4516925,-193780,22M,-943.82K,-4.1%,0.04%
632307104,NTRA,Natera Inc,98601,-15277,6.18M,-956.89K,-13.4%,0.01%
071734107,BHC,Bausch Health Cos Inc,385484,-119773,3.09M,-960.71K,-23.7%,<.01%
45073V108,ITT,ITT Inc,22490,-8231,2.68M,-982.3K,-26.8%,<.01%
761152107,RMD,ResMed Inc,25849,-5713,4.45M,-982.85K,-18.1%,<.01%
G6095L109,,Aptiv PLC,14556,-11019,1.31M,-988.65K,-43.1%,<.01%
87612E106,TGT,Target Corp,47207,-7131,6.72M,-1.02M,-13.1%,0.01%
G0084W101,ADNT,Adient plc,38851,-28116,1.41M,-1.02M,-42%,<.01%
969904101,WSM,Williams-Sonoma Inc,29527,-5121,5.96M,-1.03M,-14.8%,0.01%
26441C204,DUK,Duke Energy Corp,188848,-10856,18.33M,-1.05M,-5.4%,0.03%
025816109,AXP,American Express Co,53111,-5657,9.95M,-1.06M,-9.6%,0.02%
81762P102,NOW,ServiceNow Inc,17108,-1512,12.09M,-1.07M,-8.1%,0.02%
23918K108,DVA,DaVita Inc,16620,-10596,1.74M,-1.11M,-38.9%,<.01%
94106B101,WCN,Waste Connections Inc,54237,-7472,8.1M,-1.12M,-12.1%,0.01%
640491106,NEOG,Neogen Corp,417199,-55889,8.39M,-1.12M,-11.8%,0.02%
165167735,EXE,Chesapeake Energy Corp,349534,-14640,26.89M,-1.13M,-4%,0.05%
88160R101,TSLA,Tesla Inc,72334,-4666,17.97M,-1.16M,-6.1%,0.03%
122017106,BURL,Burlington Stores Inc,0,-8606,0,-1.16M,CLOSE,0%
842587107,SO,Southern Co/The,283206,-16791,19.86M,-1.18M,-5.6%,0.04%
686688102,ORA,Ormat Technologies Inc,436974,-15849,33.12M,-1.2M,-3.5%,0.06%
576485205,MTDR,Matador Resources Co,1828,-21212,104K,-1.21M,-92.1%,<.01%
126650100,CVS,CVS Health Corp,159434,-15495,12.59M,-1.22M,-8.9%,0.02%
907818108,UNP,Union Pacific Corp,144377,-5028,35.46M,-1.23M,-3.4%,0.06%
H2906T109,GRMN,Garmin Ltd,37525,-9795,4.82M,-1.26M,-20.7%,<.01%
50540R409,,Laboratory Corp of America Holdings,1254,-5550,285K,-1.26M,-81.6%,<.01%
125269100,CF,CF Industries Holdings Inc,875273,-15943,69.58M,-1.27M,-1.8%,0.13%
718172109,PM,Philip Morris International Inc,41257,-13544,3.88M,-1.27M,-24.7%,<.01%
159864107,CRL,Charles River Laboratories Internationa,57679,-5418,13.63M,-1.28M,-8.6%,0.02%
16411R208,LNG,Cheniere Energy Inc,112763,-7518,19.25M,-1.28M,-6.3%,0.04%
31620R303,FNF,Fidelity National Financial Inc,0,-31196,0,-1.29M,CLOSE,0%
070830104,BBWI,Bath & Body Works Inc,57003,-30833,2.46M,-1.33M,-35.1%,<.01%
001084102,AGCO,AGCO Corp,169412,-11181,20.57M,-1.36M,-6.2%,0.04%
G9087Q102,TROX,Tronox Holdings PLC,979081,-98159,13.86M,-1.39M,-9.1%,0.03%
29446M102,EQNR,Equinor ASA,1032260,-44180,32.66M,-1.4M,-4.1%,0.06%
803607100,SRPT,Sarepta Therapeutics Inc,81955,-14510,7.9M,-1.4M,-15%,0.01%
497266106,KEX,KIRBY CORP,401440,-17840,31.5M,-1.4M,-4.3%,0.06%
934550203,WMG,Warner Music Group Corp,46684,-39239,1.67M,-1.4M,-45.7%,<.01%
912909108,X,United States Steel Corp,157066,-29492,7.64M,-1.43M,-15.8%,0.01%
72016P105,PLL,Piedmont Lithium Inc,539065,-50842,15.22M,-1.44M,-8.6%,0.03%
759916109,RGEN,Repligen Corp,46536,-8016,8.37M,-1.44M,-14.7%,0.02%
12504L109,CBRE,CBRE Group Inc,18721,-15584,1.74M,-1.45M,-45.4%,<.01%
11133T103,BR,Broadridge Financial Solutions Inc,0,-8167,0,-1.46M,CLOSE,0%
461202103,INTU,Intuit Inc,27644,-2345,17.28M,-1.47M,-7.8%,0.03%
72352L106,PINS,Pinterest Inc,59055,-41136,2.19M,-1.52M,-41.1%,<.01%
055622104,BP,BP PLC,1025800,-43360,36.31M,-1.53M,-4.1%,0.07%
185899101,CLF,Cleveland-Cliffs Inc,339379,-79348,6.93M,-1.62M,-18.9%,0.01%
405552100,HLN,Haleon PLC,2272830,-197465,18.7M,-1.63M,-8%,0.03%
08862E109,BYND,Beyond Meat Inc,9361,-184161,83K,-1.63M,-95.2%,<.01%
46625H100,JPM,JPMorgan Chase & Co,24168,-9616,4.11M,-1.64M,-28.5%,<.01%
760759100,RSG,Republic Services Inc,49387,-10180,8.14M,-1.68M,-17.1%,0.01%
94106L109,WM,Waste Management Inc,45570,-9631,8.16M,-1.72M,-17.4%,0.01%
09073M104,TECH,Bio-Techne Corp,142901,-22664,11.03M,-1.75M,-13.7%,0.02%
237266101,DAR,Darling Ingredients Inc,444095,-36274,22.13M,-1.81M,-7.6%,0.04%
G54950103,LIN,Linde PLC,16890,-4411,6.94M,-1.81M,-20.7%,0.01%
09075V102,BNTX,BioNTech SE,108696,-17318,11.47M,-1.83M,-13.7%,0.02%
25278X109,FANG,Diamondback Energy Inc,220714,-11892,34.23M,-1.84M,-5.1%,0.06%
452327109,ILMN,Illumina Inc,128151,-13416,17.84M,-1.87M,-9.5%,0.03%
02043Q107,ALNY,Alnylam Pharmaceuticals Inc,61233,-9853,11.72M,-1.89M,-13.9%,0.02%
053611109,AVY,Avery Dennison Corp,0,-10931,0,-2M,CLOSE,0%
09061G101,BMRN,BioMarin Pharmaceutical Inc,134096,-20975,12.93M,-2.02M,-13.5%,0.02%
148806102,CTLT,Catalent Inc,129298,-45401,5.81M,-2.04M,-26%,0.01%
05577W200,DOO,BRP Inc,13948,-28744,999K,-2.06M,-67.3%,<.01%
37733W204,GSK,GSK PLC,529588,-56593,19.63M,-2.1M,-9.7%,0.04%
668771108,GEN,Gen Digital Inc,12543,-93549,286K,-2.13M,-88.2%,<.01%
21867A105,CLB,Core Laboratories Inc,586432,-121436,10.36M,-2.14M,-17.2%,0.02%
92189H854,MBBB,Vaneck Moody's Analytics BBB Corporate,227000,-100000,4.87M,-2.14M,-30.6%,<.01%
166764100,CVX,Chevron Corp,174094,-14684,25.97M,-2.19M,-7.8%,0.05%
722304102,PDD,PDD Holdings Inc,16115,-15222,2.36M,-2.23M,-48.6%,<.01%
891160509,TD,Toronto-Dominion Bank/The,225581,-35189,14.58M,-2.27M,-13.5%,0.03%
G4705A100,ICLR,ICON PLC,73703,-8069,20.86M,-2.28M,-9.9%,0.04%
052769106,ADSK,Autodesk Inc,64757,-9754,15.77M,-2.37M,-13.1%,0.03%
45337C102,INCY,Incyte Corp,156540,-37941,9.83M,-2.38M,-19.5%,0.02%
92189F775,AFK,VanEck Egypt Index ETF,175000,-100000,4.24M,-2.42M,-36.4%,<.01%
30052F100,EVGO,EVgo Inc,909,-742451,3K,-2.45M,-99.9%,<.01%
204409601,CIG,Cia Energetica de Minas Gerais,408842,-1063901,949K,-2.47M,-72.2%,<.01%
74251V102,PFG,Principal Financial Group Inc,0,-34468,0,-2.48M,CLOSE,0%
65339F101,NEE,NextEra Energy Inc,614097,-40996,37.3M,-2.49M,-6.3%,0.07%
412822108,HOG,Harley-Davidson Inc,240190,-67835,8.85M,-2.5M,-22%,0.02%
68634K106,ORLA,Orla Mining Ltd,9053841,-784465,29.53M,-2.56M,-8%,0.05%
12572Q105,CME,CME Group Inc,84345,-12176,17.76M,-2.56M,-12.6%,0.03%
127097103,CTRA,Coterra Energy Inc,12313,-101086,314K,-2.58M,-89.1%,<.01%
780259305,SHEL,Shell PLC,932050,-39410,61.33M,-2.59M,-4.1%,0.11%
891092108,TTC,Toro Co/The,236321,-27790,22.68M,-2.67M,-10.5%,0.04%
749660106,RES,RPC Inc,2978703,-369927,21.68M,-2.69M,-11%,0.04%
981811102,WOR,Worthington Industries Inc,0,-44070,0,-2.72M,CLOSE,0%
42330P107,HLX,Helix Energy Solutions Group Inc,2906609,-267219,29.88M,-2.75M,-8.4%,0.05%
42726M106,,Heritage-Crystal Clean Inc,0,-60868,0,-2.76M,CLOSE,0%
07725L102,ONC,BeiGene Ltd,82696,-15454,14.91M,-2.79M,-15.7%,0.03%
18452B209,CLSK,Cleanspark Inc,937907,-262269,10.35M,-2.89M,-21.9%,0.02%
98850P109,YUMC,Yum China Holdings Inc,226081,-68830,9.61M,-2.93M,-23.3%,0.02%
922908363,VOO,Vanguard S&P 500 ETF,55104,-7056,24.07M,-3.08M,-11.4%,0.04%
40415F101,HDB,HDFC Bank Ltd,385235,-48280,25.85M,-3.24M,-11.1%,0.05%
15135U109,CVE,Cenovus Energy Inc,22405,-196489,374K,-3.28M,-89.8%,<.01%
881624209,TEVA,Teva Pharmaceutical Industries Ltd,1942442,-323647,20.28M,-3.38M,-14.3%,0.04%
92189F106,GDX,VanEck Gold Miners ETF/USA,85240,-110692,2.64M,-3.43M,-56.5%,<.01%
039483102,ADM,Archer-Daniels-Midland Co,755647,-50385,54.57M,-3.64M,-6.3%,0.1%
28414H103,ELAN,Elanco Animal Health Inc,1371039,-249603,20.43M,-3.72M,-15.4%,0.04%
58155Q103,MCK,McKesson Corp,54910,-8202,25.42M,-3.8M,-13%,0.05%
302491303,FMC,FMC Corp,276782,-64824,17.45M,-4.09M,-19%,0.03%
67077M108,NTR,Nutrien Ltd,1625840,-74106,91.58M,-4.17M,-4.4%,0.17%
959802109,WU,Western Union Co/The,252689,-354139,3.01M,-4.22M,-58.4%,<.01%
N20944109,CNH,CNH Industrial NV,2668832,-350283,32.51M,-4.27M,-11.6%,0.06%
44812T102,,Hut 8 Mining Corp,0,-2198471,0,-4.29M,CLOSE,0%
55903Q104,MAG,MAG Silver Corp,9285460,-460941,96.66M,-4.8M,-4.7%,0.18%
902494103,TSN,Tyson Foods Inc,689497,-89525,37.06M,-4.81M,-11.5%,0.07%
G65431127,NE,Noble Corp PLC,2144755,-101574,103.29M,-4.89M,-4.5%,0.19%
64110W102,NTES,NetEase Inc,468772,-55132,43.67M,-5.14M,-10.5%,0.08%
92556V106,VTRS,Viatris Inc,1249370,-475169,13.53M,-5.15M,-27.6%,0.02%
L4135L100,,FREYR Battery SA,0,-1068822,0,-5.23M,CLOSE,0%
826599102,SGML,Sigma Lithium Corp,719536,-168007,22.69M,-5.3M,-18.9%,0.04%
874054109,TTWO,Take-Two Interactive Software Inc,258550,-34478,41.61M,-5.55M,-11.8%,0.08%
G9460G101,VAL,Valaris Ltd,1620071,-84286,111.09M,-5.78M,-4.9%,0.2%
285512109,EA,Electronic Arts Inc,342298,-42410,46.83M,-5.8M,-11%,0.09%
89832Q109,TFC,Truist Financial Corp,97035,-158822,3.58M,-5.86M,-62.1%,<.01%
61945C103,MOS,Mosaic Co/The,1403505,-166826,50.15M,-5.96M,-10.6%,0.09%
12541W209,CHRW,CH Robinson Worldwide Inc,19318,-69831,1.67M,-6.03M,-78.3%,<.01%
968223206,WLY,John Wiley & Sons Inc,0,-166258,0,-6.18M,CLOSE,0%
615369105,MCO,Moody's Corp,0,-20805,0,-6.58M,CLOSE,0%
670346105,NUE,Nucor Corp,59136,-38949,10.29M,-6.78M,-39.7%,0.02%
14448C104,CARR,Carrier Global Corp,0,-129063,0,-7.12M,CLOSE,0%
784730103,SSRM,SSR Mining Inc,20509777,-668258,220.68M,-7.19M,-3.2%,0.4%
244199105,DE,Deere & Co,210365,-18567,84.12M,-7.42M,-8.1%,0.15%
857477103,STT,State Street Corp,107856,-98912,8.35M,-7.66M,-47.8%,0.02%
09227Q100,BLKB,Blackbaud Inc,0,-110768,0,-7.79M,CLOSE,0%
N72482123,1QGEN.MI,QIAGEN NV,0,-223490,0,-9.05M,CLOSE,0%
05722G100,BKR,Baker Hughes Co,6935252,-278913,237.05M,-9.53M,-3.9%,0.43%
345370860,F,Ford Motor Co,349494,-915344,4.26M,-11.16M,-72.4%,<.01%
697435105,PANW,Palo Alto Networks Inc,11781,-44323,3.47M,-13.07M,-79%,<.01%
G66721104,NCLH,Norwegian Cruise Line Holdings Ltd,12556,-689280,252K,-13.83M,-98.2%,<.01%
806857108,SLB,Schlumberger NV,9043289,-273826,470.61M,-14.25M,-2.9%,0.86%
15872M104,CHX,ChampionX Corp,3429572,-509408,100.18M,-14.88M,-12.9%,0.18%
92189Y303,,Vaneck Bitcoin Strategy ETF,117,-350024,5K,-14.96M,-100%,<.01%
98978V103,ZTS,Zoetis Inc,576118,-76470,113.71M,-15.09M,-11.7%,0.21%
771049103,RBLX,ROBLOX Corp,949755,-385121,43.42M,-17.61M,-28.9%,0.08%
53115L104,LBRT,Liberty Energy Inc,2886347,-1003475,52.36M,-18.2M,-25.8%,0.1%
G48833118,WFRD,Weatherford International PLC,1073304,-193496,105M,-18.93M,-15.3%,0.19%
58733R102,MELI,MercadoLibre Inc,37020,-12151,58.18M,-19.1M,-24.7%,0.11%
007903107,AMD,Advanced Micro Devices Inc,5756287,-129933,848.53M,-19.15M,-2.2%,1.5%
29258Y103,EXK,Endeavour Silver Corp,9572679,-10090865,18.86M,-19.88M,-51.3%,0.03%
042315705,ARR,ARMOUR Residential REIT Inc,406372,-1048655,7.85M,-20.26M,-72.1%,0.01%
81181C104,,SeaGen Inc,0,-103373,0,-21.93M,CLOSE,0%
00507V109,ATVI,Activision Blizzard Inc,0,-241891,0,-22.65M,CLOSE,0%
833635105,SQM,Sociedad Quimica y Minera de Chile SA,665655,-405196,40.09M,-24.4M,-37.8%,0.07%
65473P121,,NiSource Inc,0,-251413,0,-24.5M,CLOSE,0%
002824100,ABT,Abbott Laboratories,41503,-229700,4.57M,-25.28M,-84.7%,<.01%
38059T106,GFI,Gold Fields Ltd,44306559,-1852426,640.67M,-26.79M,-4%,1.2%
20825C104,COP,ConocoPhillips,595515,-232824,69.12M,-27.02M,-28.1%,0.13%
53680Q207,,Lithium Americas Argentina Corp,0,-1663518,0,-28.3M,CLOSE,0%
011532108,AGI,Alamos Gold Inc,48388265,-2102824,651.78M,-28.32M,-4.2%,1.2%
91913Y100,VLO,Valero Energy Corp,423739,-235928,55.09M,-30.67M,-35.8%,0.1%
496902404,KGC,Kinross Gold Corp,137860292,-5125353,834.06M,-31.01M,-3.6%,1.5%
406216101,HAL,Halliburton Co,7113403,-893181,257.15M,-32.29M,-11.2%,0.47%
88031M109,TS,Tenaris SA,3273569,-1006091,113.79M,-34.97M,-23.5%,0.21%
747525103,QCOM,QUALCOMM Inc,4370412,-304090,632.09M,-43.98M,-6.5%,1.2%
58933Y105,MRK,Merck & Co Inc,233123,-406270,25.41M,-44.29M,-63.5%,0.05%
G87110105,FTI,TechnipFMC PLC,6811668,-2246521,137.19M,-45.24M,-24.8%,0.25%
42809H107,HES,Hess Corp,70012,-348848,10.09M,-50.29M,-83.3%,0.02%
G16962105,,Bunge Ltd,0,-609837,0,-66.02M,CLOSE,0%
11135F101,AVGO,Broadcom Inc,833128,-93993,929.98M,-104.92M,-10.1%,1.7%
N07059210,ASML,ASML Holding NV,917214,-150199,694.26M,-113.69M,-14.1%,1.3%
487836108,K,Kellanova,2728164,-2162788,152.53M,-120.92M,-44.2%,0.28%
731068102,PII,POLARIS INC,91488,-1297328,8.67M,-122.94M,-93.4%,0.02%
88579Y101,MMM,3M Co,1663464,-1280671,181.85M,-140M,-43.5%,0.33%
031162100,AMGN,Amgen Inc,323817,-599315,93.27M,-172.62M,-64.9%,0.17%
25754A201,DPZ,Domino's Pizza Inc,559,-448981,230K,-184.73M,-99.9%,<.01%
892672106,TW,Tradeweb Markets Inc,92387,-2107073,8.4M,-191.51M,-95.8%,0.02%
40171V100,GWRE,Guidewire Software Inc,91616,-2024378,9.99M,-220.74M,-95.7%,0.02%
874039100,TSM,Taiwan Semiconductor Manufacturing Co L,11355683,-3439899,1.18B,-357.75M,-23.2%,2.1%
Total,,,,,54.96B,3.17B,+7%,100%
